_path_key,true_idx_effnet,pred_idx_effnet,true_idx_convnext,pred_idx_convnext,true_idx_trustseg,pred_idx_trustseg,correct_effnet,correct_convnext,correct_trustseg
d:\brain_tumor\🧠 brain tumor mri dataset\classification_task\test\glioma\brisc2025_test_00001_gl_ax_t1.jpg,0,0,0,0,0,0,True,True,True
d:\brain_tumor\🧠 brain tumor mri dataset\classification_task\test\glioma\brisc2025_test_00002_gl_ax_t1.jpg,0,0,0,0,0,0,True,True,True
d:\brain_tumor\🧠 brain tumor mri dataset\classification_task\test\glioma\brisc2025_test_00003_gl_ax_t1.jpg,0,0,0,0,0,0,True,True,True
d:\brain_tumor\🧠 brain tumor mri dataset\classification_task\test\glioma\brisc2025_test_00004_gl_ax_t1.jpg,0,0,0,1,0,0,True,False,True
d:\brain_tumor\🧠 brain tumor mri dataset\classification_task\test\glioma\brisc2025_test_00005_gl_ax_t1.jpg,0,0,0,1,0,0,True,False,True
d:\brain_tumor\🧠 brain tumor mri dataset\classification_task\test\glioma\brisc2025_test_00006_gl_ax_t1.jpg,0,0,0,0,0,0,True,True,True
d:\brain_tumor\🧠 brain tumor mri dataset\classification_task\test\glioma\brisc2025_test_00007_gl_ax_t1.jpg,0,0,0,0,0,0,True,True,True
d:\brain_tumor\🧠 brain tumor mri dataset\classification_task\test\glioma\brisc2025_test_00008_gl_ax_t1.jpg,0,0,0,0,0,0,True,True,True
d:\brain_tumor\🧠 brain tumor mri dataset\classification_task\test\glioma\brisc2025_test_00009_gl_ax_t1.jpg,0,0,0,0,0,0,True,True,True
d:\brain_tumor\🧠 brain tumor mri dataset\classification_task\test\glioma\brisc2025_test_00010_gl_ax_t1.jpg,0,0,0,0,0,0,True,True,True
d:\brain_tumor\🧠 brain tumor mri dataset\classification_task\test\glioma\brisc2025_test_00011_gl_ax_t1.jpg,0,0,0,0,0,0,True,True,True
d:\brain_tumor\🧠 brain tumor mri dataset\classification_task\test\glioma\brisc2025_test_00012_gl_ax_t1.jpg,0,0,0,0,0,0,True,True,True
d:\brain_tumor\🧠 brain tumor mri dataset\classification_task\test\glioma\brisc2025_test_00013_gl_ax_t1.jpg,0,0,0,0,0,0,True,True,True
d:\brain_tumor\🧠 brain tumor mri dataset\classification_task\test\glioma\brisc2025_test_00014_gl_ax_t1.jpg,0,0,0,0,0,0,True,True,True
d:\brain_tumor\🧠 brain tumor mri dataset\classification_task\test\glioma\brisc2025_test_00015_gl_ax_t1.jpg,0,0,0,0,0,0,True,True,True
d:\brain_tumor\🧠 brain tumor mri dataset\classification_task\test\glioma\brisc2025_test_00016_gl_ax_t1.jpg,0,0,0,0,0,0,True,True,True
d:\brain_tumor\🧠 brain tumor mri dataset\classification_task\test\glioma\brisc2025_test_00017_gl_ax_t1.jpg,0,0,0,0,0,0,True,True,True
d:\brain_tumor\🧠 brain tumor mri dataset\classification_task\test\glioma\brisc2025_test_00018_gl_ax_t1.jpg,0,0,0,0,0,0,True,True,True
d:\brain_tumor\🧠 brain tumor mri dataset\classification_task\test\glioma\brisc2025_test_00019_gl_ax_t1.jpg,0,0,0,0,0,0,True,True,True
d:\brain_tumor\🧠 brain tumor mri dataset\classification_task\test\glioma\brisc2025_test_00020_gl_ax_t1.jpg,0,0,0,0,0,0,True,True,True
d:\brain_tumor\🧠 brain tumor mri dataset\classification_task\test\glioma\brisc2025_test_00021_gl_ax_t1.jpg,0,0,0,0,0,0,True,True,True
d:\brain_tumor\🧠 brain tumor mri dataset\classification_task\test\glioma\brisc2025_test_00022_gl_ax_t1.jpg,0,0,0,0,0,0,True,True,True
d:\brain_tumor\🧠 brain tumor mri dataset\classification_task\test\glioma\brisc2025_test_00023_gl_ax_t1.jpg,0,0,0,0,0,0,True,True,True
d:\brain_tumor\🧠 brain tumor mri dataset\classification_task\test\glioma\brisc2025_test_00024_gl_ax_t1.jpg,0,0,0,0,0,0,True,True,True
d:\brain_tumor\🧠 brain tumor mri dataset\classification_task\test\glioma\brisc2025_test_00025_gl_ax_t1.jpg,0,0,0,0,0,0,True,True,True
d:\brain_tumor\🧠 brain tumor mri dataset\classification_task\test\glioma\brisc2025_test_00026_gl_ax_t1.jpg,0,0,0,0,0,0,True,True,True
d:\brain_tumor\🧠 brain tumor mri dataset\classification_task\test\glioma\brisc2025_test_00027_gl_ax_t1.jpg,0,0,0,0,0,0,True,True,True
d:\brain_tumor\🧠 brain tumor mri dataset\classification_task\test\glioma\brisc2025_test_00028_gl_ax_t1.jpg,0,0,0,0,0,0,True,True,True
d:\brain_tumor\🧠 brain tumor mri dataset\classification_task\test\glioma\brisc2025_test_00029_gl_ax_t1.jpg,0,0,0,0,0,0,True,True,True
d:\brain_tumor\🧠 brain tumor mri dataset\classification_task\test\glioma\brisc2025_test_00030_gl_ax_t1.jpg,0,0,0,0,0,0,True,True,True
d:\brain_tumor\🧠 brain tumor mri dataset\classification_task\test\glioma\brisc2025_test_00031_gl_ax_t1.jpg,0,0,0,0,0,0,True,True,True
d:\brain_tumor\🧠 brain tumor mri dataset\classification_task\test\glioma\brisc2025_test_00032_gl_ax_t1.jpg,0,0,0,0,0,0,True,True,True
d:\brain_tumor\🧠 brain tumor mri dataset\classification_task\test\glioma\brisc2025_test_00033_gl_ax_t1.jpg,0,0,0,0,0,0,True,True,True
d:\brain_tumor\🧠 brain tumor mri dataset\classification_task\test\glioma\brisc2025_test_00034_gl_ax_t1.jpg,0,0,0,0,0,0,True,True,True
d:\brain_tumor\🧠 brain tumor mri dataset\classification_task\test\glioma\brisc2025_test_00035_gl_ax_t1.jpg,0,0,0,0,0,0,True,True,True
d:\brain_tumor\🧠 brain tumor mri dataset\classification_task\test\glioma\brisc2025_test_00036_gl_ax_t1.jpg,0,0,0,0,0,0,True,True,True
d:\brain_tumor\🧠 brain tumor mri dataset\classification_task\test\glioma\brisc2025_test_00037_gl_ax_t1.jpg,0,0,0,0,0,0,True,True,True
d:\brain_tumor\🧠 brain tumor mri dataset\classification_task\test\glioma\brisc2025_test_00038_gl_ax_t1.jpg,0,0,0,0,0,0,True,True,True
d:\brain_tumor\🧠 brain tumor mri dataset\classification_task\test\glioma\brisc2025_test_00039_gl_ax_t1.jpg,0,0,0,0,0,0,True,True,True
d:\brain_tumor\🧠 brain tumor mri dataset\classification_task\test\glioma\brisc2025_test_00040_gl_ax_t1.jpg,0,0,0,0,0,0,True,True,True
d:\brain_tumor\🧠 brain tumor mri dataset\classification_task\test\glioma\brisc2025_test_00041_gl_ax_t1.jpg,0,0,0,0,0,0,True,True,True
d:\brain_tumor\🧠 brain tumor mri dataset\classification_task\test\glioma\brisc2025_test_00042_gl_ax_t1.jpg,0,0,0,0,0,0,True,True,True
d:\brain_tumor\🧠 brain tumor mri dataset\classification_task\test\glioma\brisc2025_test_00043_gl_ax_t1.jpg,0,0,0,0,0,0,True,True,True
d:\brain_tumor\🧠 brain tumor mri dataset\classification_task\test\glioma\brisc2025_test_00044_gl_ax_t1.jpg,0,0,0,0,0,0,True,True,True
d:\brain_tumor\🧠 brain tumor mri dataset\classification_task\test\glioma\brisc2025_test_00045_gl_ax_t1.jpg,0,0,0,2,0,0,True,False,True
d:\brain_tumor\🧠 brain tumor mri dataset\classification_task\test\glioma\brisc2025_test_00046_gl_ax_t1.jpg,0,0,0,0,0,0,True,True,True
d:\brain_tumor\🧠 brain tumor mri dataset\classification_task\test\glioma\brisc2025_test_00047_gl_ax_t1.jpg,0,0,0,0,0,0,True,True,True
d:\brain_tumor\🧠 brain tumor mri dataset\classification_task\test\glioma\brisc2025_test_00048_gl_ax_t1.jpg,0,0,0,0,0,0,True,True,True
d:\brain_tumor\🧠 brain tumor mri dataset\classification_task\test\glioma\brisc2025_test_00049_gl_ax_t1.jpg,0,0,0,0,0,0,True,True,True
d:\brain_tumor\🧠 brain tumor mri dataset\classification_task\test\glioma\brisc2025_test_00050_gl_ax_t1.jpg,0,0,0,1,0,0,True,False,True
d:\brain_tumor\🧠 brain tumor mri dataset\classification_task\test\glioma\brisc2025_test_00051_gl_ax_t1.jpg,0,0,0,0,0,0,True,True,True
d:\brain_tumor\🧠 brain tumor mri dataset\classification_task\test\glioma\brisc2025_test_00052_gl_ax_t1.jpg,0,0,0,0,0,0,True,True,True
d:\brain_tumor\🧠 brain tumor mri dataset\classification_task\test\glioma\brisc2025_test_00053_gl_ax_t1.jpg,0,0,0,0,0,0,True,True,True
d:\brain_tumor\🧠 brain tumor mri dataset\classification_task\test\glioma\brisc2025_test_00054_gl_ax_t1.jpg,0,0,0,0,0,0,True,True,True
d:\brain_tumor\🧠 brain tumor mri dataset\classification_task\test\glioma\brisc2025_test_00055_gl_ax_t1.jpg,0,0,0,0,0,0,True,True,True
d:\brain_tumor\🧠 brain tumor mri dataset\classification_task\test\glioma\brisc2025_test_00056_gl_ax_t1.jpg,0,0,0,0,0,0,True,True,True
d:\brain_tumor\🧠 brain tumor mri dataset\classification_task\test\glioma\brisc2025_test_00057_gl_ax_t1.jpg,0,0,0,0,0,0,True,True,True
d:\brain_tumor\🧠 brain tumor mri dataset\classification_task\test\glioma\brisc2025_test_00058_gl_ax_t1.jpg,0,0,0,0,0,0,True,True,True
d:\brain_tumor\🧠 brain tumor mri dataset\classification_task\test\glioma\brisc2025_test_00059_gl_ax_t1.jpg,0,0,0,0,0,0,True,True,True
d:\brain_tumor\🧠 brain tumor mri dataset\classification_task\test\glioma\brisc2025_test_00060_gl_ax_t1.jpg,0,0,0,2,0,2,True,False,False
d:\brain_tumor\🧠 brain tumor mri dataset\classification_task\test\glioma\brisc2025_test_00061_gl_ax_t1.jpg,0,0,0,0,0,0,True,True,True
d:\brain_tumor\🧠 brain tumor mri dataset\classification_task\test\glioma\brisc2025_test_00062_gl_ax_t1.jpg,0,0,0,0,0,0,True,True,True
d:\brain_tumor\🧠 brain tumor mri dataset\classification_task\test\glioma\brisc2025_test_00063_gl_ax_t1.jpg,0,0,0,0,0,0,True,True,True
d:\brain_tumor\🧠 brain tumor mri dataset\classification_task\test\glioma\brisc2025_test_00064_gl_ax_t1.jpg,0,0,0,0,0,0,True,True,True
d:\brain_tumor\🧠 brain tumor mri dataset\classification_task\test\glioma\brisc2025_test_00065_gl_ax_t1.jpg,0,0,0,0,0,0,True,True,True
d:\brain_tumor\🧠 brain tumor mri dataset\classification_task\test\glioma\brisc2025_test_00066_gl_ax_t1.jpg,0,0,0,0,0,0,True,True,True
d:\brain_tumor\🧠 brain tumor mri dataset\classification_task\test\glioma\brisc2025_test_00067_gl_ax_t1.jpg,0,0,0,0,0,0,True,True,True
d:\brain_tumor\🧠 brain tumor mri dataset\classification_task\test\glioma\brisc2025_test_00068_gl_ax_t1.jpg,0,0,0,0,0,0,True,True,True
d:\brain_tumor\🧠 brain tumor mri dataset\classification_task\test\glioma\brisc2025_test_00069_gl_ax_t1.jpg,0,0,0,0,0,0,True,True,True
d:\brain_tumor\🧠 brain tumor mri dataset\classification_task\test\glioma\brisc2025_test_00070_gl_ax_t1.jpg,0,0,0,0,0,0,True,True,True
d:\brain_tumor\🧠 brain tumor mri dataset\classification_task\test\glioma\brisc2025_test_00071_gl_ax_t1.jpg,0,0,0,0,0,0,True,True,True
d:\brain_tumor\🧠 brain tumor mri dataset\classification_task\test\glioma\brisc2025_test_00072_gl_ax_t1.jpg,0,0,0,0,0,0,True,True,True
d:\brain_tumor\🧠 brain tumor mri dataset\classification_task\test\glioma\brisc2025_test_00073_gl_ax_t1.jpg,0,0,0,0,0,0,True,True,True
d:\brain_tumor\🧠 brain tumor mri dataset\classification_task\test\glioma\brisc2025_test_00074_gl_ax_t1.jpg,0,0,0,0,0,0,True,True,True
d:\brain_tumor\🧠 brain tumor mri dataset\classification_task\test\glioma\brisc2025_test_00075_gl_ax_t1.jpg,0,0,0,0,0,0,True,True,True
d:\brain_tumor\🧠 brain tumor mri dataset\classification_task\test\glioma\brisc2025_test_00076_gl_ax_t1.jpg,0,0,0,0,0,0,True,True,True
d:\brain_tumor\🧠 brain tumor mri dataset\classification_task\test\glioma\brisc2025_test_00077_gl_ax_t1.jpg,0,0,0,0,0,0,True,True,True
d:\brain_tumor\🧠 brain tumor mri dataset\classification_task\test\glioma\brisc2025_test_00078_gl_ax_t1.jpg,0,0,0,0,0,0,True,True,True
d:\brain_tumor\🧠 brain tumor mri dataset\classification_task\test\glioma\brisc2025_test_00079_gl_ax_t1.jpg,0,0,0,0,0,0,True,True,True
d:\brain_tumor\🧠 brain tumor mri dataset\classification_task\test\glioma\brisc2025_test_00080_gl_ax_t1.jpg,0,0,0,0,0,0,True,True,True
d:\brain_tumor\🧠 brain tumor mri dataset\classification_task\test\glioma\brisc2025_test_00081_gl_ax_t1.jpg,0,0,0,0,0,0,True,True,True
d:\brain_tumor\🧠 brain tumor mri dataset\classification_task\test\glioma\brisc2025_test_00082_gl_ax_t1.jpg,0,0,0,0,0,0,True,True,True
d:\brain_tumor\🧠 brain tumor mri dataset\classification_task\test\glioma\brisc2025_test_00083_gl_ax_t1.jpg,0,0,0,0,0,0,True,True,True
d:\brain_tumor\🧠 brain tumor mri dataset\classification_task\test\glioma\brisc2025_test_00084_gl_ax_t1.jpg,0,0,0,0,0,0,True,True,True
d:\brain_tumor\🧠 brain tumor mri dataset\classification_task\test\glioma\brisc2025_test_00085_gl_ax_t1.jpg,0,0,0,0,0,0,True,True,True
d:\brain_tumor\🧠 brain tumor mri dataset\classification_task\test\glioma\brisc2025_test_00086_gl_co_t1.jpg,0,0,0,0,0,0,True,True,True
d:\brain_tumor\🧠 brain tumor mri dataset\classification_task\test\glioma\brisc2025_test_00087_gl_co_t1.jpg,0,0,0,0,0,0,True,True,True
d:\brain_tumor\🧠 brain tumor mri dataset\classification_task\test\glioma\brisc2025_test_00088_gl_co_t1.jpg,0,0,0,0,0,0,True,True,True
d:\brain_tumor\🧠 brain tumor mri dataset\classification_task\test\glioma\brisc2025_test_00089_gl_co_t1.jpg,0,0,0,0,0,0,True,True,True
d:\brain_tumor\🧠 brain tumor mri dataset\classification_task\test\glioma\brisc2025_test_00090_gl_co_t1.jpg,0,0,0,0,0,0,True,True,True
d:\brain_tumor\🧠 brain tumor mri dataset\classification_task\test\glioma\brisc2025_test_00091_gl_co_t1.jpg,0,0,0,0,0,0,True,True,True
d:\brain_tumor\🧠 brain tumor mri dataset\classification_task\test\glioma\brisc2025_test_00092_gl_co_t1.jpg,0,0,0,0,0,0,True,True,True
d:\brain_tumor\🧠 brain tumor mri dataset\classification_task\test\glioma\brisc2025_test_00093_gl_co_t1.jpg,0,0,0,0,0,0,True,True,True
d:\brain_tumor\🧠 brain tumor mri dataset\classification_task\test\glioma\brisc2025_test_00094_gl_co_t1.jpg,0,0,0,0,0,0,True,True,True
d:\brain_tumor\🧠 brain tumor mri dataset\classification_task\test\glioma\brisc2025_test_00095_gl_co_t1.jpg,0,0,0,0,0,0,True,True,True
d:\brain_tumor\🧠 brain tumor mri dataset\classification_task\test\glioma\brisc2025_test_00096_gl_co_t1.jpg,0,0,0,2,0,0,True,False,True
d:\brain_tumor\🧠 brain tumor mri dataset\classification_task\test\glioma\brisc2025_test_00097_gl_co_t1.jpg,0,0,0,0,0,0,True,True,True
d:\brain_tumor\🧠 brain tumor mri dataset\classification_task\test\glioma\brisc2025_test_00098_gl_co_t1.jpg,0,0,0,0,0,0,True,True,True
d:\brain_tumor\🧠 brain tumor mri dataset\classification_task\test\glioma\brisc2025_test_00099_gl_co_t1.jpg,0,0,0,0,0,0,True,True,True
d:\brain_tumor\🧠 brain tumor mri dataset\classification_task\test\glioma\brisc2025_test_00100_gl_co_t1.jpg,0,0,0,0,0,0,True,True,True
d:\brain_tumor\🧠 brain tumor mri dataset\classification_task\test\glioma\brisc2025_test_00101_gl_co_t1.jpg,0,0,0,0,0,0,True,True,True
d:\brain_tumor\🧠 brain tumor mri dataset\classification_task\test\glioma\brisc2025_test_00102_gl_co_t1.jpg,0,0,0,0,0,0,True,True,True
d:\brain_tumor\🧠 brain tumor mri dataset\classification_task\test\glioma\brisc2025_test_00103_gl_co_t1.jpg,0,0,0,0,0,0,True,True,True
d:\brain_tumor\🧠 brain tumor mri dataset\classification_task\test\glioma\brisc2025_test_00104_gl_co_t1.jpg,0,0,0,0,0,0,True,True,True
d:\brain_tumor\🧠 brain tumor mri dataset\classification_task\test\glioma\brisc2025_test_00105_gl_co_t1.jpg,0,0,0,0,0,0,True,True,True
d:\brain_tumor\🧠 brain tumor mri dataset\classification_task\test\glioma\brisc2025_test_00106_gl_co_t1.jpg,0,0,0,0,0,0,True,True,True
d:\brain_tumor\🧠 brain tumor mri dataset\classification_task\test\glioma\brisc2025_test_00107_gl_co_t1.jpg,0,0,0,0,0,0,True,True,True
d:\brain_tumor\🧠 brain tumor mri dataset\classification_task\test\glioma\brisc2025_test_00108_gl_co_t1.jpg,0,0,0,0,0,0,True,True,True
d:\brain_tumor\🧠 brain tumor mri dataset\classification_task\test\glioma\brisc2025_test_00109_gl_co_t1.jpg,0,0,0,0,0,0,True,True,True
d:\brain_tumor\🧠 brain tumor mri dataset\classification_task\test\glioma\brisc2025_test_00110_gl_co_t1.jpg,0,0,0,0,0,0,True,True,True
d:\brain_tumor\🧠 brain tumor mri dataset\classification_task\test\glioma\brisc2025_test_00111_gl_co_t1.jpg,0,0,0,0,0,0,True,True,True
d:\brain_tumor\🧠 brain tumor mri dataset\classification_task\test\glioma\brisc2025_test_00112_gl_co_t1.jpg,0,0,0,0,0,0,True,True,True
d:\brain_tumor\🧠 brain tumor mri dataset\classification_task\test\glioma\brisc2025_test_00113_gl_co_t1.jpg,0,0,0,0,0,0,True,True,True
d:\brain_tumor\🧠 brain tumor mri dataset\classification_task\test\glioma\brisc2025_test_00114_gl_co_t1.jpg,0,0,0,0,0,0,True,True,True
d:\brain_tumor\🧠 brain tumor mri dataset\classification_task\test\glioma\brisc2025_test_00115_gl_co_t1.jpg,0,0,0,0,0,0,True,True,True
d:\brain_tumor\🧠 brain tumor mri dataset\classification_task\test\glioma\brisc2025_test_00116_gl_co_t1.jpg,0,0,0,0,0,0,True,True,True
d:\brain_tumor\🧠 brain tumor mri dataset\classification_task\test\glioma\brisc2025_test_00117_gl_co_t1.jpg,0,0,0,0,0,0,True,True,True
d:\brain_tumor\🧠 brain tumor mri dataset\classification_task\test\glioma\brisc2025_test_00118_gl_co_t1.jpg,0,0,0,0,0,0,True,True,True
d:\brain_tumor\🧠 brain tumor mri dataset\classification_task\test\glioma\brisc2025_test_00119_gl_co_t1.jpg,0,0,0,0,0,0,True,True,True
d:\brain_tumor\🧠 brain tumor mri dataset\classification_task\test\glioma\brisc2025_test_00120_gl_co_t1.jpg,0,0,0,0,0,0,True,True,True
d:\brain_tumor\🧠 brain tumor mri dataset\classification_task\test\glioma\brisc2025_test_00121_gl_co_t1.jpg,0,0,0,0,0,0,True,True,True
d:\brain_tumor\🧠 brain tumor mri dataset\classification_task\test\glioma\brisc2025_test_00122_gl_co_t1.jpg,0,0,0,0,0,0,True,True,True
d:\brain_tumor\🧠 brain tumor mri dataset\classification_task\test\glioma\brisc2025_test_00123_gl_co_t1.jpg,0,0,0,0,0,0,True,True,True
d:\brain_tumor\🧠 brain tumor mri dataset\classification_task\test\glioma\brisc2025_test_00124_gl_co_t1.jpg,0,0,0,0,0,0,True,True,True
d:\brain_tumor\🧠 brain tumor mri dataset\classification_task\test\glioma\brisc2025_test_00125_gl_co_t1.jpg,0,0,0,0,0,0,True,True,True
d:\brain_tumor\🧠 brain tumor mri dataset\classification_task\test\glioma\brisc2025_test_00126_gl_co_t1.jpg,0,0,0,0,0,0,True,True,True
d:\brain_tumor\🧠 brain tumor mri dataset\classification_task\test\glioma\brisc2025_test_00127_gl_co_t1.jpg,0,0,0,0,0,0,True,True,True
d:\brain_tumor\🧠 brain tumor mri dataset\classification_task\test\glioma\brisc2025_test_00128_gl_co_t1.jpg,0,0,0,0,0,0,True,True,True
d:\brain_tumor\🧠 brain tumor mri dataset\classification_task\test\glioma\brisc2025_test_00129_gl_co_t1.jpg,0,0,0,0,0,0,True,True,True
d:\brain_tumor\🧠 brain tumor mri dataset\classification_task\test\glioma\brisc2025_test_00130_gl_co_t1.jpg,0,0,0,0,0,0,True,True,True
d:\brain_tumor\🧠 brain tumor mri dataset\classification_task\test\glioma\brisc2025_test_00131_gl_co_t1.jpg,0,0,0,0,0,0,True,True,True
d:\brain_tumor\🧠 brain tumor mri dataset\classification_task\test\glioma\brisc2025_test_00132_gl_co_t1.jpg,0,0,0,0,0,0,True,True,True
d:\brain_tumor\🧠 brain tumor mri dataset\classification_task\test\glioma\brisc2025_test_00133_gl_co_t1.jpg,0,0,0,0,0,0,True,True,True
d:\brain_tumor\🧠 brain tumor mri dataset\classification_task\test\glioma\brisc2025_test_00134_gl_co_t1.jpg,0,0,0,0,0,0,True,True,True
d:\brain_tumor\🧠 brain tumor mri dataset\classification_task\test\glioma\brisc2025_test_00135_gl_co_t1.jpg,0,0,0,0,0,0,True,True,True
d:\brain_tumor\🧠 brain tumor mri dataset\classification_task\test\glioma\brisc2025_test_00136_gl_co_t1.jpg,0,0,0,0,0,0,True,True,True
d:\brain_tumor\🧠 brain tumor mri dataset\classification_task\test\glioma\brisc2025_test_00137_gl_co_t1.jpg,0,0,0,0,0,0,True,True,True
d:\brain_tumor\🧠 brain tumor mri dataset\classification_task\test\glioma\brisc2025_test_00138_gl_co_t1.jpg,0,0,0,0,0,0,True,True,True
d:\brain_tumor\🧠 brain tumor mri dataset\classification_task\test\glioma\brisc2025_test_00139_gl_co_t1.jpg,0,0,0,0,0,0,True,True,True
d:\brain_tumor\🧠 brain tumor mri dataset\classification_task\test\glioma\brisc2025_test_00140_gl_co_t1.jpg,0,0,0,0,0,0,True,True,True
d:\brain_tumor\🧠 brain tumor mri dataset\classification_task\test\glioma\brisc2025_test_00141_gl_co_t1.jpg,0,0,0,0,0,0,True,True,True
d:\brain_tumor\🧠 brain tumor mri dataset\classification_task\test\glioma\brisc2025_test_00142_gl_co_t1.jpg,0,0,0,0,0,0,True,True,True
d:\brain_tumor\🧠 brain tumor mri dataset\classification_task\test\glioma\brisc2025_test_00143_gl_co_t1.jpg,0,0,0,0,0,0,True,True,True
d:\brain_tumor\🧠 brain tumor mri dataset\classification_task\test\glioma\brisc2025_test_00144_gl_co_t1.jpg,0,0,0,0,0,0,True,True,True
d:\brain_tumor\🧠 brain tumor mri dataset\classification_task\test\glioma\brisc2025_test_00145_gl_co_t1.jpg,0,0,0,0,0,0,True,True,True
d:\brain_tumor\🧠 brain tumor mri dataset\classification_task\test\glioma\brisc2025_test_00146_gl_co_t1.jpg,0,0,0,1,0,0,True,False,True
d:\brain_tumor\🧠 brain tumor mri dataset\classification_task\test\glioma\brisc2025_test_00147_gl_co_t1.jpg,0,0,0,0,0,0,True,True,True
d:\brain_tumor\🧠 brain tumor mri dataset\classification_task\test\glioma\brisc2025_test_00148_gl_co_t1.jpg,0,0,0,0,0,0,True,True,True
d:\brain_tumor\🧠 brain tumor mri dataset\classification_task\test\glioma\brisc2025_test_00149_gl_co_t1.jpg,0,0,0,0,0,0,True,True,True
d:\brain_tumor\🧠 brain tumor mri dataset\classification_task\test\glioma\brisc2025_test_00150_gl_co_t1.jpg,0,0,0,0,0,0,True,True,True
d:\brain_tumor\🧠 brain tumor mri dataset\classification_task\test\glioma\brisc2025_test_00151_gl_co_t1.jpg,0,0,0,0,0,0,True,True,True
d:\brain_tumor\🧠 brain tumor mri dataset\classification_task\test\glioma\brisc2025_test_00152_gl_co_t1.jpg,0,0,0,0,0,0,True,True,True
d:\brain_tumor\🧠 brain tumor mri dataset\classification_task\test\glioma\brisc2025_test_00153_gl_co_t1.jpg,0,0,0,0,0,0,True,True,True
d:\brain_tumor\🧠 brain tumor mri dataset\classification_task\test\glioma\brisc2025_test_00154_gl_co_t1.jpg,0,0,0,0,0,0,True,True,True
d:\brain_tumor\🧠 brain tumor mri dataset\classification_task\test\glioma\brisc2025_test_00155_gl_co_t1.jpg,0,0,0,0,0,0,True,True,True
d:\brain_tumor\🧠 brain tumor mri dataset\classification_task\test\glioma\brisc2025_test_00156_gl_co_t1.jpg,0,0,0,0,0,0,True,True,True
d:\brain_tumor\🧠 brain tumor mri dataset\classification_task\test\glioma\brisc2025_test_00157_gl_co_t1.jpg,0,0,0,0,0,0,True,True,True
d:\brain_tumor\🧠 brain tumor mri dataset\classification_task\test\glioma\brisc2025_test_00158_gl_co_t1.jpg,0,0,0,0,0,0,True,True,True
d:\brain_tumor\🧠 brain tumor mri dataset\classification_task\test\glioma\brisc2025_test_00159_gl_co_t1.jpg,0,0,0,0,0,0,True,True,True
d:\brain_tumor\🧠 brain tumor mri dataset\classification_task\test\glioma\brisc2025_test_00160_gl_co_t1.jpg,0,0,0,0,0,0,True,True,True
d:\brain_tumor\🧠 brain tumor mri dataset\classification_task\test\glioma\brisc2025_test_00161_gl_co_t1.jpg,0,0,0,0,0,0,True,True,True
d:\brain_tumor\🧠 brain tumor mri dataset\classification_task\test\glioma\brisc2025_test_00162_gl_co_t1.jpg,0,0,0,0,0,0,True,True,True
d:\brain_tumor\🧠 brain tumor mri dataset\classification_task\test\glioma\brisc2025_test_00163_gl_co_t1.jpg,0,0,0,0,0,0,True,True,True
d:\brain_tumor\🧠 brain tumor mri dataset\classification_task\test\glioma\brisc2025_test_00164_gl_co_t1.jpg,0,0,0,0,0,0,True,True,True
d:\brain_tumor\🧠 brain tumor mri dataset\classification_task\test\glioma\brisc2025_test_00165_gl_co_t1.jpg,0,0,0,0,0,0,True,True,True
d:\brain_tumor\🧠 brain tumor mri dataset\classification_task\test\glioma\brisc2025_test_00166_gl_co_t1.jpg,0,0,0,0,0,0,True,True,True
d:\brain_tumor\🧠 brain tumor mri dataset\classification_task\test\glioma\brisc2025_test_00167_gl_sa_t1.jpg,0,0,0,0,0,0,True,True,True
d:\brain_tumor\🧠 brain tumor mri dataset\classification_task\test\glioma\brisc2025_test_00168_gl_sa_t1.jpg,0,0,0,0,0,0,True,True,True
d:\brain_tumor\🧠 brain tumor mri dataset\classification_task\test\glioma\brisc2025_test_00169_gl_sa_t1.jpg,0,0,0,0,0,0,True,True,True
d:\brain_tumor\🧠 brain tumor mri dataset\classification_task\test\glioma\brisc2025_test_00170_gl_sa_t1.jpg,0,0,0,0,0,0,True,True,True
d:\brain_tumor\🧠 brain tumor mri dataset\classification_task\test\glioma\brisc2025_test_00171_gl_sa_t1.jpg,0,0,0,0,0,0,True,True,True
d:\brain_tumor\🧠 brain tumor mri dataset\classification_task\test\glioma\brisc2025_test_00172_gl_sa_t1.jpg,0,0,0,0,0,0,True,True,True
d:\brain_tumor\🧠 brain tumor mri dataset\classification_task\test\glioma\brisc2025_test_00173_gl_sa_t1.jpg,0,0,0,0,0,0,True,True,True
d:\brain_tumor\🧠 brain tumor mri dataset\classification_task\test\glioma\brisc2025_test_00174_gl_sa_t1.jpg,0,0,0,0,0,0,True,True,True
d:\brain_tumor\🧠 brain tumor mri dataset\classification_task\test\glioma\brisc2025_test_00175_gl_sa_t1.jpg,0,0,0,0,0,0,True,True,True
d:\brain_tumor\🧠 brain tumor mri dataset\classification_task\test\glioma\brisc2025_test_00176_gl_sa_t1.jpg,0,0,0,0,0,0,True,True,True
d:\brain_tumor\🧠 brain tumor mri dataset\classification_task\test\glioma\brisc2025_test_00177_gl_sa_t1.jpg,0,0,0,0,0,0,True,True,True
d:\brain_tumor\🧠 brain tumor mri dataset\classification_task\test\glioma\brisc2025_test_00178_gl_sa_t1.jpg,0,0,0,0,0,0,True,True,True
d:\brain_tumor\🧠 brain tumor mri dataset\classification_task\test\glioma\brisc2025_test_00179_gl_sa_t1.jpg,0,0,0,0,0,0,True,True,True
d:\brain_tumor\🧠 brain tumor mri dataset\classification_task\test\glioma\brisc2025_test_00180_gl_sa_t1.jpg,0,0,0,0,0,0,True,True,True
d:\brain_tumor\🧠 brain tumor mri dataset\classification_task\test\glioma\brisc2025_test_00181_gl_sa_t1.jpg,0,0,0,0,0,0,True,True,True
d:\brain_tumor\🧠 brain tumor mri dataset\classification_task\test\glioma\brisc2025_test_00182_gl_sa_t1.jpg,0,0,0,0,0,0,True,True,True
d:\brain_tumor\🧠 brain tumor mri dataset\classification_task\test\glioma\brisc2025_test_00183_gl_sa_t1.jpg,0,0,0,0,0,0,True,True,True
d:\brain_tumor\🧠 brain tumor mri dataset\classification_task\test\glioma\brisc2025_test_00184_gl_sa_t1.jpg,0,0,0,0,0,0,True,True,True
d:\brain_tumor\🧠 brain tumor mri dataset\classification_task\test\glioma\brisc2025_test_00185_gl_sa_t1.jpg,0,0,0,0,0,0,True,True,True
d:\brain_tumor\🧠 brain tumor mri dataset\classification_task\test\glioma\brisc2025_test_00186_gl_sa_t1.jpg,0,0,0,0,0,0,True,True,True
d:\brain_tumor\🧠 brain tumor mri dataset\classification_task\test\glioma\brisc2025_test_00187_gl_sa_t1.jpg,0,0,0,0,0,0,True,True,True
d:\brain_tumor\🧠 brain tumor mri dataset\classification_task\test\glioma\brisc2025_test_00188_gl_sa_t1.jpg,0,0,0,0,0,0,True,True,True
d:\brain_tumor\🧠 brain tumor mri dataset\classification_task\test\glioma\brisc2025_test_00189_gl_sa_t1.jpg,0,0,0,0,0,0,True,True,True
d:\brain_tumor\🧠 brain tumor mri dataset\classification_task\test\glioma\brisc2025_test_00190_gl_sa_t1.jpg,0,0,0,0,0,0,True,True,True
d:\brain_tumor\🧠 brain tumor mri dataset\classification_task\test\glioma\brisc2025_test_00191_gl_sa_t1.jpg,0,0,0,0,0,0,True,True,True
d:\brain_tumor\🧠 brain tumor mri dataset\classification_task\test\glioma\brisc2025_test_00192_gl_sa_t1.jpg,0,0,0,0,0,0,True,True,True
d:\brain_tumor\🧠 brain tumor mri dataset\classification_task\test\glioma\brisc2025_test_00193_gl_sa_t1.jpg,0,0,0,0,0,0,True,True,True
d:\brain_tumor\🧠 brain tumor mri dataset\classification_task\test\glioma\brisc2025_test_00194_gl_sa_t1.jpg,0,0,0,0,0,0,True,True,True
d:\brain_tumor\🧠 brain tumor mri dataset\classification_task\test\glioma\brisc2025_test_00195_gl_sa_t1.jpg,0,0,0,0,0,0,True,True,True
d:\brain_tumor\🧠 brain tumor mri dataset\classification_task\test\glioma\brisc2025_test_00196_gl_sa_t1.jpg,0,0,0,0,0,0,True,True,True
d:\brain_tumor\🧠 brain tumor mri dataset\classification_task\test\glioma\brisc2025_test_00197_gl_sa_t1.jpg,0,0,0,0,0,0,True,True,True
d:\brain_tumor\🧠 brain tumor mri dataset\classification_task\test\glioma\brisc2025_test_00198_gl_sa_t1.jpg,0,0,0,0,0,0,True,True,True
d:\brain_tumor\🧠 brain tumor mri dataset\classification_task\test\glioma\brisc2025_test_00199_gl_sa_t1.jpg,0,0,0,0,0,0,True,True,True
d:\brain_tumor\🧠 brain tumor mri dataset\classification_task\test\glioma\brisc2025_test_00200_gl_sa_t1.jpg,0,0,0,0,0,0,True,True,True
d:\brain_tumor\🧠 brain tumor mri dataset\classification_task\test\glioma\brisc2025_test_00201_gl_sa_t1.jpg,0,0,0,0,0,0,True,True,True
d:\brain_tumor\🧠 brain tumor mri dataset\classification_task\test\glioma\brisc2025_test_00202_gl_sa_t1.jpg,0,0,0,0,0,0,True,True,True
d:\brain_tumor\🧠 brain tumor mri dataset\classification_task\test\glioma\brisc2025_test_00203_gl_sa_t1.jpg,0,0,0,0,0,0,True,True,True
d:\brain_tumor\🧠 brain tumor mri dataset\classification_task\test\glioma\brisc2025_test_00204_gl_sa_t1.jpg,0,0,0,0,0,0,True,True,True
d:\brain_tumor\🧠 brain tumor mri dataset\classification_task\test\glioma\brisc2025_test_00205_gl_sa_t1.jpg,0,0,0,0,0,0,True,True,True
d:\brain_tumor\🧠 brain tumor mri dataset\classification_task\test\glioma\brisc2025_test_00206_gl_sa_t1.jpg,0,0,0,0,0,0,True,True,True
d:\brain_tumor\🧠 brain tumor mri dataset\classification_task\test\glioma\brisc2025_test_00207_gl_sa_t1.jpg,0,0,0,0,0,0,True,True,True
d:\brain_tumor\🧠 brain tumor mri dataset\classification_task\test\glioma\brisc2025_test_00208_gl_sa_t1.jpg,0,0,0,0,0,0,True,True,True
d:\brain_tumor\🧠 brain tumor mri dataset\classification_task\test\glioma\brisc2025_test_00209_gl_sa_t1.jpg,0,0,0,0,0,0,True,True,True
d:\brain_tumor\🧠 brain tumor mri dataset\classification_task\test\glioma\brisc2025_test_00210_gl_sa_t1.jpg,0,0,0,0,0,0,True,True,True
d:\brain_tumor\🧠 brain tumor mri dataset\classification_task\test\glioma\brisc2025_test_00211_gl_sa_t1.jpg,0,0,0,0,0,0,True,True,True
d:\brain_tumor\🧠 brain tumor mri dataset\classification_task\test\glioma\brisc2025_test_00212_gl_sa_t1.jpg,0,0,0,0,0,0,True,True,True
d:\brain_tumor\🧠 brain tumor mri dataset\classification_task\test\glioma\brisc2025_test_00213_gl_sa_t1.jpg,0,0,0,0,0,0,True,True,True
d:\brain_tumor\🧠 brain tumor mri dataset\classification_task\test\glioma\brisc2025_test_00214_gl_sa_t1.jpg,0,0,0,0,0,0,True,True,True
d:\brain_tumor\🧠 brain tumor mri dataset\classification_task\test\glioma\brisc2025_test_00215_gl_sa_t1.jpg,0,0,0,0,0,0,True,True,True
d:\brain_tumor\🧠 brain tumor mri dataset\classification_task\test\glioma\brisc2025_test_00216_gl_sa_t1.jpg,0,0,0,0,0,0,True,True,True
d:\brain_tumor\🧠 brain tumor mri dataset\classification_task\test\glioma\brisc2025_test_00217_gl_sa_t1.jpg,0,0,0,0,0,0,True,True,True
d:\brain_tumor\🧠 brain tumor mri dataset\classification_task\test\glioma\brisc2025_test_00218_gl_sa_t1.jpg,0,0,0,0,0,0,True,True,True
d:\brain_tumor\🧠 brain tumor mri dataset\classification_task\test\glioma\brisc2025_test_00219_gl_sa_t1.jpg,0,0,0,0,0,0,True,True,True
d:\brain_tumor\🧠 brain tumor mri dataset\classification_task\test\glioma\brisc2025_test_00220_gl_sa_t1.jpg,0,0,0,0,0,0,True,True,True
d:\brain_tumor\🧠 brain tumor mri dataset\classification_task\test\glioma\brisc2025_test_00221_gl_sa_t1.jpg,0,0,0,0,0,0,True,True,True
d:\brain_tumor\🧠 brain tumor mri dataset\classification_task\test\glioma\brisc2025_test_00222_gl_sa_t1.jpg,0,0,0,0,0,0,True,True,True
d:\brain_tumor\🧠 brain tumor mri dataset\classification_task\test\glioma\brisc2025_test_00223_gl_sa_t1.jpg,0,0,0,0,0,0,True,True,True
d:\brain_tumor\🧠 brain tumor mri dataset\classification_task\test\glioma\brisc2025_test_00224_gl_sa_t1.jpg,0,0,0,0,0,0,True,True,True
d:\brain_tumor\🧠 brain tumor mri dataset\classification_task\test\glioma\brisc2025_test_00225_gl_sa_t1.jpg,0,0,0,0,0,0,True,True,True
d:\brain_tumor\🧠 brain tumor mri dataset\classification_task\test\glioma\brisc2025_test_00226_gl_sa_t1.jpg,0,0,0,0,0,0,True,True,True
d:\brain_tumor\🧠 brain tumor mri dataset\classification_task\test\glioma\brisc2025_test_00227_gl_sa_t1.jpg,0,0,0,0,0,0,True,True,True
d:\brain_tumor\🧠 brain tumor mri dataset\classification_task\test\glioma\brisc2025_test_00228_gl_sa_t1.jpg,0,0,0,0,0,0,True,True,True
d:\brain_tumor\🧠 brain tumor mri dataset\classification_task\test\glioma\brisc2025_test_00229_gl_sa_t1.jpg,0,0,0,1,0,1,True,False,False
d:\brain_tumor\🧠 brain tumor mri dataset\classification_task\test\glioma\brisc2025_test_00230_gl_sa_t1.jpg,0,0,0,0,0,0,True,True,True
d:\brain_tumor\🧠 brain tumor mri dataset\classification_task\test\glioma\brisc2025_test_00231_gl_sa_t1.jpg,0,0,0,0,0,0,True,True,True
d:\brain_tumor\🧠 brain tumor mri dataset\classification_task\test\glioma\brisc2025_test_00232_gl_sa_t1.jpg,0,0,0,0,0,0,True,True,True
d:\brain_tumor\🧠 brain tumor mri dataset\classification_task\test\glioma\brisc2025_test_00233_gl_sa_t1.jpg,0,0,0,0,0,0,True,True,True
d:\brain_tumor\🧠 brain tumor mri dataset\classification_task\test\glioma\brisc2025_test_00234_gl_sa_t1.jpg,0,0,0,0,0,0,True,True,True
d:\brain_tumor\🧠 brain tumor mri dataset\classification_task\test\glioma\brisc2025_test_00235_gl_sa_t1.jpg,0,0,0,0,0,0,True,True,True
d:\brain_tumor\🧠 brain tumor mri dataset\classification_task\test\glioma\brisc2025_test_00236_gl_sa_t1.jpg,0,0,0,0,0,0,True,True,True
d:\brain_tumor\🧠 brain tumor mri dataset\classification_task\test\glioma\brisc2025_test_00237_gl_sa_t1.jpg,0,0,0,0,0,0,True,True,True
d:\brain_tumor\🧠 brain tumor mri dataset\classification_task\test\glioma\brisc2025_test_00238_gl_sa_t1.jpg,0,0,0,0,0,0,True,True,True
d:\brain_tumor\🧠 brain tumor mri dataset\classification_task\test\glioma\brisc2025_test_00239_gl_sa_t1.jpg,0,0,0,0,0,0,True,True,True
d:\brain_tumor\🧠 brain tumor mri dataset\classification_task\test\glioma\brisc2025_test_00240_gl_sa_t1.jpg,0,0,0,0,0,0,True,True,True
d:\brain_tumor\🧠 brain tumor mri dataset\classification_task\test\glioma\brisc2025_test_00241_gl_sa_t1.jpg,0,0,0,0,0,0,True,True,True
d:\brain_tumor\🧠 brain tumor mri dataset\classification_task\test\glioma\brisc2025_test_00242_gl_sa_t1.jpg,0,0,0,0,0,0,True,True,True
d:\brain_tumor\🧠 brain tumor mri dataset\classification_task\test\glioma\brisc2025_test_00243_gl_sa_t1.jpg,0,0,0,0,0,0,True,True,True
d:\brain_tumor\🧠 brain tumor mri dataset\classification_task\test\glioma\brisc2025_test_00244_gl_sa_t1.jpg,0,0,0,0,0,0,True,True,True
d:\brain_tumor\🧠 brain tumor mri dataset\classification_task\test\glioma\brisc2025_test_00245_gl_sa_t1.jpg,0,0,0,0,0,0,True,True,True
d:\brain_tumor\🧠 brain tumor mri dataset\classification_task\test\glioma\brisc2025_test_00246_gl_sa_t1.jpg,0,0,0,0,0,0,True,True,True
d:\brain_tumor\🧠 brain tumor mri dataset\classification_task\test\glioma\brisc2025_test_00247_gl_sa_t1.jpg,0,0,0,0,0,0,True,True,True
d:\brain_tumor\🧠 brain tumor mri dataset\classification_task\test\glioma\brisc2025_test_00248_gl_sa_t1.jpg,0,0,0,0,0,0,True,True,True
d:\brain_tumor\🧠 brain tumor mri dataset\classification_task\test\glioma\brisc2025_test_00249_gl_sa_t1.jpg,0,0,0,0,0,0,True,True,True
d:\brain_tumor\🧠 brain tumor mri dataset\classification_task\test\glioma\brisc2025_test_00250_gl_sa_t1.jpg,0,0,0,0,0,0,True,True,True
d:\brain_tumor\🧠 brain tumor mri dataset\classification_task\test\glioma\brisc2025_test_00251_gl_sa_t1.jpg,0,0,0,0,0,0,True,True,True
d:\brain_tumor\🧠 brain tumor mri dataset\classification_task\test\glioma\brisc2025_test_00252_gl_sa_t1.jpg,0,0,0,0,0,0,True,True,True
d:\brain_tumor\🧠 brain tumor mri dataset\classification_task\test\glioma\brisc2025_test_00253_gl_sa_t1.jpg,0,0,0,0,0,0,True,True,True
d:\brain_tumor\🧠 brain tumor mri dataset\classification_task\test\glioma\brisc2025_test_00254_gl_sa_t1.jpg,0,0,0,0,0,0,True,True,True
d:\brain_tumor\🧠 brain tumor mri dataset\classification_task\test\meningioma\brisc2025_test_00255_me_ax_t1.jpg,1,1,1,1,1,1,True,True,True
d:\brain_tumor\🧠 brain tumor mri dataset\classification_task\test\meningioma\brisc2025_test_00256_me_ax_t1.jpg,1,1,1,1,1,1,True,True,True
d:\brain_tumor\🧠 brain tumor mri dataset\classification_task\test\meningioma\brisc2025_test_00257_me_ax_t1.jpg,1,1,1,1,1,1,True,True,True
d:\brain_tumor\🧠 brain tumor mri dataset\classification_task\test\meningioma\brisc2025_test_00258_me_ax_t1.jpg,1,1,1,1,1,1,True,True,True
d:\brain_tumor\🧠 brain tumor mri dataset\classification_task\test\meningioma\brisc2025_test_00259_me_ax_t1.jpg,1,1,1,1,1,1,True,True,True
d:\brain_tumor\🧠 brain tumor mri dataset\classification_task\test\meningioma\brisc2025_test_00260_me_ax_t1.jpg,1,1,1,1,1,1,True,True,True
d:\brain_tumor\🧠 brain tumor mri dataset\classification_task\test\meningioma\brisc2025_test_00261_me_ax_t1.jpg,1,1,1,1,1,1,True,True,True
d:\brain_tumor\🧠 brain tumor mri dataset\classification_task\test\meningioma\brisc2025_test_00262_me_ax_t1.jpg,1,1,1,1,1,1,True,True,True
d:\brain_tumor\🧠 brain tumor mri dataset\classification_task\test\meningioma\brisc2025_test_00263_me_ax_t1.jpg,1,1,1,1,1,1,True,True,True
d:\brain_tumor\🧠 brain tumor mri dataset\classification_task\test\meningioma\brisc2025_test_00264_me_ax_t1.jpg,1,1,1,1,1,1,True,True,True
d:\brain_tumor\🧠 brain tumor mri dataset\classification_task\test\meningioma\brisc2025_test_00265_me_ax_t1.jpg,1,1,1,1,1,1,True,True,True
d:\brain_tumor\🧠 brain tumor mri dataset\classification_task\test\meningioma\brisc2025_test_00266_me_ax_t1.jpg,1,1,1,1,1,1,True,True,True
d:\brain_tumor\🧠 brain tumor mri dataset\classification_task\test\meningioma\brisc2025_test_00267_me_ax_t1.jpg,1,1,1,1,1,1,True,True,True
d:\brain_tumor\🧠 brain tumor mri dataset\classification_task\test\meningioma\brisc2025_test_00268_me_ax_t1.jpg,1,1,1,1,1,1,True,True,True
d:\brain_tumor\🧠 brain tumor mri dataset\classification_task\test\meningioma\brisc2025_test_00269_me_ax_t1.jpg,1,1,1,1,1,1,True,True,True
d:\brain_tumor\🧠 brain tumor mri dataset\classification_task\test\meningioma\brisc2025_test_00270_me_ax_t1.jpg,1,1,1,1,1,1,True,True,True
d:\brain_tumor\🧠 brain tumor mri dataset\classification_task\test\meningioma\brisc2025_test_00271_me_ax_t1.jpg,1,1,1,1,1,1,True,True,True
d:\brain_tumor\🧠 brain tumor mri dataset\classification_task\test\meningioma\brisc2025_test_00272_me_ax_t1.jpg,1,1,1,1,1,1,True,True,True
d:\brain_tumor\🧠 brain tumor mri dataset\classification_task\test\meningioma\brisc2025_test_00273_me_ax_t1.jpg,1,1,1,1,1,1,True,True,True
d:\brain_tumor\🧠 brain tumor mri dataset\classification_task\test\meningioma\brisc2025_test_00274_me_ax_t1.jpg,1,1,1,1,1,1,True,True,True
d:\brain_tumor\🧠 brain tumor mri dataset\classification_task\test\meningioma\brisc2025_test_00275_me_ax_t1.jpg,1,1,1,1,1,1,True,True,True
d:\brain_tumor\🧠 brain tumor mri dataset\classification_task\test\meningioma\brisc2025_test_00276_me_ax_t1.jpg,1,1,1,1,1,1,True,True,True
d:\brain_tumor\🧠 brain tumor mri dataset\classification_task\test\meningioma\brisc2025_test_00277_me_ax_t1.jpg,1,1,1,1,1,1,True,True,True
d:\brain_tumor\🧠 brain tumor mri dataset\classification_task\test\meningioma\brisc2025_test_00278_me_ax_t1.jpg,1,1,1,1,1,1,True,True,True
d:\brain_tumor\🧠 brain tumor mri dataset\classification_task\test\meningioma\brisc2025_test_00279_me_ax_t1.jpg,1,1,1,1,1,1,True,True,True
d:\brain_tumor\🧠 brain tumor mri dataset\classification_task\test\meningioma\brisc2025_test_00280_me_ax_t1.jpg,1,1,1,1,1,1,True,True,True
d:\brain_tumor\🧠 brain tumor mri dataset\classification_task\test\meningioma\brisc2025_test_00281_me_ax_t1.jpg,1,0,1,0,1,1,False,False,True
d:\brain_tumor\🧠 brain tumor mri dataset\classification_task\test\meningioma\brisc2025_test_00282_me_ax_t1.jpg,1,1,1,1,1,1,True,True,True
d:\brain_tumor\🧠 brain tumor mri dataset\classification_task\test\meningioma\brisc2025_test_00283_me_ax_t1.jpg,1,1,1,1,1,1,True,True,True
d:\brain_tumor\🧠 brain tumor mri dataset\classification_task\test\meningioma\brisc2025_test_00284_me_ax_t1.jpg,1,1,1,1,1,1,True,True,True
d:\brain_tumor\🧠 brain tumor mri dataset\classification_task\test\meningioma\brisc2025_test_00285_me_ax_t1.jpg,1,1,1,1,1,3,True,True,False
d:\brain_tumor\🧠 brain tumor mri dataset\classification_task\test\meningioma\brisc2025_test_00286_me_ax_t1.jpg,1,1,1,1,1,1,True,True,True
d:\brain_tumor\🧠 brain tumor mri dataset\classification_task\test\meningioma\brisc2025_test_00287_me_ax_t1.jpg,1,1,1,1,1,1,True,True,True
d:\brain_tumor\🧠 brain tumor mri dataset\classification_task\test\meningioma\brisc2025_test_00288_me_ax_t1.jpg,1,1,1,1,1,1,True,True,True
d:\brain_tumor\🧠 brain tumor mri dataset\classification_task\test\meningioma\brisc2025_test_00289_me_ax_t1.jpg,1,1,1,1,1,1,True,True,True
d:\brain_tumor\🧠 brain tumor mri dataset\classification_task\test\meningioma\brisc2025_test_00290_me_ax_t1.jpg,1,1,1,1,1,1,True,True,True
d:\brain_tumor\🧠 brain tumor mri dataset\classification_task\test\meningioma\brisc2025_test_00291_me_ax_t1.jpg,1,1,1,1,1,1,True,True,True
d:\brain_tumor\🧠 brain tumor mri dataset\classification_task\test\meningioma\brisc2025_test_00292_me_ax_t1.jpg,1,1,1,1,1,1,True,True,True
d:\brain_tumor\🧠 brain tumor mri dataset\classification_task\test\meningioma\brisc2025_test_00293_me_ax_t1.jpg,1,1,1,1,1,1,True,True,True
d:\brain_tumor\🧠 brain tumor mri dataset\classification_task\test\meningioma\brisc2025_test_00294_me_ax_t1.jpg,1,1,1,1,1,1,True,True,True
d:\brain_tumor\🧠 brain tumor mri dataset\classification_task\test\meningioma\brisc2025_test_00295_me_ax_t1.jpg,1,1,1,1,1,1,True,True,True
d:\brain_tumor\🧠 brain tumor mri dataset\classification_task\test\meningioma\brisc2025_test_00296_me_ax_t1.jpg,1,1,1,1,1,1,True,True,True
d:\brain_tumor\🧠 brain tumor mri dataset\classification_task\test\meningioma\brisc2025_test_00297_me_ax_t1.jpg,1,1,1,1,1,1,True,True,True
d:\brain_tumor\🧠 brain tumor mri dataset\classification_task\test\meningioma\brisc2025_test_00298_me_ax_t1.jpg,1,1,1,1,1,1,True,True,True
d:\brain_tumor\🧠 brain tumor mri dataset\classification_task\test\meningioma\brisc2025_test_00299_me_ax_t1.jpg,1,1,1,1,1,1,True,True,True
d:\brain_tumor\🧠 brain tumor mri dataset\classification_task\test\meningioma\brisc2025_test_00300_me_ax_t1.jpg,1,1,1,1,1,1,True,True,True
d:\brain_tumor\🧠 brain tumor mri dataset\classification_task\test\meningioma\brisc2025_test_00301_me_ax_t1.jpg,1,1,1,1,1,1,True,True,True
d:\brain_tumor\🧠 brain tumor mri dataset\classification_task\test\meningioma\brisc2025_test_00302_me_ax_t1.jpg,1,1,1,1,1,1,True,True,True
d:\brain_tumor\🧠 brain tumor mri dataset\classification_task\test\meningioma\brisc2025_test_00303_me_ax_t1.jpg,1,1,1,1,1,1,True,True,True
d:\brain_tumor\🧠 brain tumor mri dataset\classification_task\test\meningioma\brisc2025_test_00304_me_ax_t1.jpg,1,1,1,1,1,1,True,True,True
d:\brain_tumor\🧠 brain tumor mri dataset\classification_task\test\meningioma\brisc2025_test_00305_me_ax_t1.jpg,1,1,1,1,1,1,True,True,True
d:\brain_tumor\🧠 brain tumor mri dataset\classification_task\test\meningioma\brisc2025_test_00306_me_ax_t1.jpg,1,1,1,1,1,1,True,True,True
d:\brain_tumor\🧠 brain tumor mri dataset\classification_task\test\meningioma\brisc2025_test_00307_me_ax_t1.jpg,1,1,1,1,1,1,True,True,True
d:\brain_tumor\🧠 brain tumor mri dataset\classification_task\test\meningioma\brisc2025_test_00308_me_ax_t1.jpg,1,1,1,1,1,1,True,True,True
d:\brain_tumor\🧠 brain tumor mri dataset\classification_task\test\meningioma\brisc2025_test_00309_me_ax_t1.jpg,1,1,1,1,1,1,True,True,True
d:\brain_tumor\🧠 brain tumor mri dataset\classification_task\test\meningioma\brisc2025_test_00310_me_ax_t1.jpg,1,1,1,1,1,1,True,True,True
d:\brain_tumor\🧠 brain tumor mri dataset\classification_task\test\meningioma\brisc2025_test_00311_me_ax_t1.jpg,1,1,1,1,1,1,True,True,True
d:\brain_tumor\🧠 brain tumor mri dataset\classification_task\test\meningioma\brisc2025_test_00312_me_ax_t1.jpg,1,1,1,1,1,1,True,True,True
d:\brain_tumor\🧠 brain tumor mri dataset\classification_task\test\meningioma\brisc2025_test_00313_me_ax_t1.jpg,1,1,1,1,1,1,True,True,True
d:\brain_tumor\🧠 brain tumor mri dataset\classification_task\test\meningioma\brisc2025_test_00314_me_ax_t1.jpg,1,1,1,1,1,1,True,True,True
d:\brain_tumor\🧠 brain tumor mri dataset\classification_task\test\meningioma\brisc2025_test_00315_me_ax_t1.jpg,1,1,1,1,1,1,True,True,True
d:\brain_tumor\🧠 brain tumor mri dataset\classification_task\test\meningioma\brisc2025_test_00316_me_ax_t1.jpg,1,1,1,1,1,1,True,True,True
d:\brain_tumor\🧠 brain tumor mri dataset\classification_task\test\meningioma\brisc2025_test_00317_me_ax_t1.jpg,1,1,1,1,1,1,True,True,True
d:\brain_tumor\🧠 brain tumor mri dataset\classification_task\test\meningioma\brisc2025_test_00318_me_ax_t1.jpg,1,1,1,1,1,1,True,True,True
d:\brain_tumor\🧠 brain tumor mri dataset\classification_task\test\meningioma\brisc2025_test_00319_me_ax_t1.jpg,1,1,1,1,1,1,True,True,True
d:\brain_tumor\🧠 brain tumor mri dataset\classification_task\test\meningioma\brisc2025_test_00320_me_ax_t1.jpg,1,1,1,1,1,1,True,True,True
d:\brain_tumor\🧠 brain tumor mri dataset\classification_task\test\meningioma\brisc2025_test_00321_me_ax_t1.jpg,1,1,1,1,1,1,True,True,True
d:\brain_tumor\🧠 brain tumor mri dataset\classification_task\test\meningioma\brisc2025_test_00322_me_ax_t1.jpg,1,1,1,1,1,1,True,True,True
d:\brain_tumor\🧠 brain tumor mri dataset\classification_task\test\meningioma\brisc2025_test_00323_me_ax_t1.jpg,1,1,1,1,1,1,True,True,True
d:\brain_tumor\🧠 brain tumor mri dataset\classification_task\test\meningioma\brisc2025_test_00324_me_ax_t1.jpg,1,1,1,1,1,1,True,True,True
d:\brain_tumor\🧠 brain tumor mri dataset\classification_task\test\meningioma\brisc2025_test_00325_me_ax_t1.jpg,1,1,1,1,1,1,True,True,True
d:\brain_tumor\🧠 brain tumor mri dataset\classification_task\test\meningioma\brisc2025_test_00326_me_ax_t1.jpg,1,1,1,1,1,1,True,True,True
d:\brain_tumor\🧠 brain tumor mri dataset\classification_task\test\meningioma\brisc2025_test_00327_me_ax_t1.jpg,1,1,1,1,1,1,True,True,True
d:\brain_tumor\🧠 brain tumor mri dataset\classification_task\test\meningioma\brisc2025_test_00328_me_ax_t1.jpg,1,1,1,1,1,1,True,True,True
d:\brain_tumor\🧠 brain tumor mri dataset\classification_task\test\meningioma\brisc2025_test_00329_me_ax_t1.jpg,1,1,1,1,1,1,True,True,True
d:\brain_tumor\🧠 brain tumor mri dataset\classification_task\test\meningioma\brisc2025_test_00330_me_ax_t1.jpg,1,1,1,1,1,1,True,True,True
d:\brain_tumor\🧠 brain tumor mri dataset\classification_task\test\meningioma\brisc2025_test_00331_me_ax_t1.jpg,1,1,1,1,1,1,True,True,True
d:\brain_tumor\🧠 brain tumor mri dataset\classification_task\test\meningioma\brisc2025_test_00332_me_ax_t1.jpg,1,1,1,1,1,1,True,True,True
d:\brain_tumor\🧠 brain tumor mri dataset\classification_task\test\meningioma\brisc2025_test_00333_me_ax_t1.jpg,1,1,1,1,1,1,True,True,True
d:\brain_tumor\🧠 brain tumor mri dataset\classification_task\test\meningioma\brisc2025_test_00334_me_ax_t1.jpg,1,1,1,1,1,1,True,True,True
d:\brain_tumor\🧠 brain tumor mri dataset\classification_task\test\meningioma\brisc2025_test_00335_me_ax_t1.jpg,1,1,1,1,1,1,True,True,True
d:\brain_tumor\🧠 brain tumor mri dataset\classification_task\test\meningioma\brisc2025_test_00336_me_ax_t1.jpg,1,1,1,1,1,1,True,True,True
d:\brain_tumor\🧠 brain tumor mri dataset\classification_task\test\meningioma\brisc2025_test_00337_me_ax_t1.jpg,1,1,1,1,1,1,True,True,True
d:\brain_tumor\🧠 brain tumor mri dataset\classification_task\test\meningioma\brisc2025_test_00338_me_ax_t1.jpg,1,1,1,1,1,1,True,True,True
d:\brain_tumor\🧠 brain tumor mri dataset\classification_task\test\meningioma\brisc2025_test_00339_me_ax_t1.jpg,1,1,1,1,1,1,True,True,True
d:\brain_tumor\🧠 brain tumor mri dataset\classification_task\test\meningioma\brisc2025_test_00340_me_ax_t1.jpg,1,1,1,1,1,1,True,True,True
d:\brain_tumor\🧠 brain tumor mri dataset\classification_task\test\meningioma\brisc2025_test_00341_me_ax_t1.jpg,1,1,1,1,1,1,True,True,True
d:\brain_tumor\🧠 brain tumor mri dataset\classification_task\test\meningioma\brisc2025_test_00342_me_ax_t1.jpg,1,1,1,1,1,1,True,True,True
d:\brain_tumor\🧠 brain tumor mri dataset\classification_task\test\meningioma\brisc2025_test_00343_me_ax_t1.jpg,1,1,1,1,1,1,True,True,True
d:\brain_tumor\🧠 brain tumor mri dataset\classification_task\test\meningioma\brisc2025_test_00344_me_ax_t1.jpg,1,1,1,1,1,1,True,True,True
d:\brain_tumor\🧠 brain tumor mri dataset\classification_task\test\meningioma\brisc2025_test_00345_me_ax_t1.jpg,1,1,1,1,1,1,True,True,True
d:\brain_tumor\🧠 brain tumor mri dataset\classification_task\test\meningioma\brisc2025_test_00346_me_ax_t1.jpg,1,1,1,1,1,1,True,True,True
d:\brain_tumor\🧠 brain tumor mri dataset\classification_task\test\meningioma\brisc2025_test_00347_me_ax_t1.jpg,1,1,1,1,1,1,True,True,True
d:\brain_tumor\🧠 brain tumor mri dataset\classification_task\test\meningioma\brisc2025_test_00348_me_ax_t1.jpg,1,1,1,1,1,1,True,True,True
d:\brain_tumor\🧠 brain tumor mri dataset\classification_task\test\meningioma\brisc2025_test_00349_me_ax_t1.jpg,1,1,1,1,1,1,True,True,True
d:\brain_tumor\🧠 brain tumor mri dataset\classification_task\test\meningioma\brisc2025_test_00350_me_ax_t1.jpg,1,1,1,1,1,1,True,True,True
d:\brain_tumor\🧠 brain tumor mri dataset\classification_task\test\meningioma\brisc2025_test_00351_me_ax_t1.jpg,1,1,1,1,1,1,True,True,True
d:\brain_tumor\🧠 brain tumor mri dataset\classification_task\test\meningioma\brisc2025_test_00352_me_ax_t1.jpg,1,1,1,1,1,1,True,True,True
d:\brain_tumor\🧠 brain tumor mri dataset\classification_task\test\meningioma\brisc2025_test_00353_me_ax_t1.jpg,1,1,1,1,1,1,True,True,True
d:\brain_tumor\🧠 brain tumor mri dataset\classification_task\test\meningioma\brisc2025_test_00354_me_ax_t1.jpg,1,1,1,1,1,1,True,True,True
d:\brain_tumor\🧠 brain tumor mri dataset\classification_task\test\meningioma\brisc2025_test_00355_me_ax_t1.jpg,1,1,1,1,1,1,True,True,True
d:\brain_tumor\🧠 brain tumor mri dataset\classification_task\test\meningioma\brisc2025_test_00356_me_ax_t1.jpg,1,1,1,1,1,1,True,True,True
d:\brain_tumor\🧠 brain tumor mri dataset\classification_task\test\meningioma\brisc2025_test_00357_me_ax_t1.jpg,1,1,1,1,1,1,True,True,True
d:\brain_tumor\🧠 brain tumor mri dataset\classification_task\test\meningioma\brisc2025_test_00358_me_ax_t1.jpg,1,1,1,1,1,1,True,True,True
d:\brain_tumor\🧠 brain tumor mri dataset\classification_task\test\meningioma\brisc2025_test_00359_me_ax_t1.jpg,1,1,1,1,1,1,True,True,True
d:\brain_tumor\🧠 brain tumor mri dataset\classification_task\test\meningioma\brisc2025_test_00360_me_ax_t1.jpg,1,1,1,1,1,1,True,True,True
d:\brain_tumor\🧠 brain tumor mri dataset\classification_task\test\meningioma\brisc2025_test_00361_me_ax_t1.jpg,1,1,1,1,1,1,True,True,True
d:\brain_tumor\🧠 brain tumor mri dataset\classification_task\test\meningioma\brisc2025_test_00362_me_ax_t1.jpg,1,1,1,1,1,1,True,True,True
d:\brain_tumor\🧠 brain tumor mri dataset\classification_task\test\meningioma\brisc2025_test_00363_me_ax_t1.jpg,1,1,1,1,1,1,True,True,True
d:\brain_tumor\🧠 brain tumor mri dataset\classification_task\test\meningioma\brisc2025_test_00364_me_ax_t1.jpg,1,1,1,1,1,1,True,True,True
d:\brain_tumor\🧠 brain tumor mri dataset\classification_task\test\meningioma\brisc2025_test_00365_me_ax_t1.jpg,1,2,1,2,1,2,False,False,False
d:\brain_tumor\🧠 brain tumor mri dataset\classification_task\test\meningioma\brisc2025_test_00366_me_ax_t1.jpg,1,1,1,1,1,1,True,True,True
d:\brain_tumor\🧠 brain tumor mri dataset\classification_task\test\meningioma\brisc2025_test_00367_me_ax_t1.jpg,1,1,1,1,1,2,True,True,False
d:\brain_tumor\🧠 brain tumor mri dataset\classification_task\test\meningioma\brisc2025_test_00368_me_ax_t1.jpg,1,1,1,1,1,1,True,True,True
d:\brain_tumor\🧠 brain tumor mri dataset\classification_task\test\meningioma\brisc2025_test_00369_me_ax_t1.jpg,1,1,1,1,1,1,True,True,True
d:\brain_tumor\🧠 brain tumor mri dataset\classification_task\test\meningioma\brisc2025_test_00370_me_ax_t1.jpg,1,1,1,1,1,1,True,True,True
d:\brain_tumor\🧠 brain tumor mri dataset\classification_task\test\meningioma\brisc2025_test_00371_me_ax_t1.jpg,1,1,1,1,1,1,True,True,True
d:\brain_tumor\🧠 brain tumor mri dataset\classification_task\test\meningioma\brisc2025_test_00372_me_ax_t1.jpg,1,1,1,1,1,1,True,True,True
d:\brain_tumor\🧠 brain tumor mri dataset\classification_task\test\meningioma\brisc2025_test_00373_me_ax_t1.jpg,1,1,1,1,1,1,True,True,True
d:\brain_tumor\🧠 brain tumor mri dataset\classification_task\test\meningioma\brisc2025_test_00374_me_ax_t1.jpg,1,1,1,1,1,1,True,True,True
d:\brain_tumor\🧠 brain tumor mri dataset\classification_task\test\meningioma\brisc2025_test_00375_me_ax_t1.jpg,1,1,1,1,1,1,True,True,True
d:\brain_tumor\🧠 brain tumor mri dataset\classification_task\test\meningioma\brisc2025_test_00376_me_ax_t1.jpg,1,1,1,1,1,1,True,True,True
d:\brain_tumor\🧠 brain tumor mri dataset\classification_task\test\meningioma\brisc2025_test_00377_me_ax_t1.jpg,1,1,1,1,1,1,True,True,True
d:\brain_tumor\🧠 brain tumor mri dataset\classification_task\test\meningioma\brisc2025_test_00378_me_ax_t1.jpg,1,1,1,1,1,1,True,True,True
d:\brain_tumor\🧠 brain tumor mri dataset\classification_task\test\meningioma\brisc2025_test_00379_me_ax_t1.jpg,1,1,1,1,1,1,True,True,True
d:\brain_tumor\🧠 brain tumor mri dataset\classification_task\test\meningioma\brisc2025_test_00380_me_ax_t1.jpg,1,1,1,1,1,1,True,True,True
d:\brain_tumor\🧠 brain tumor mri dataset\classification_task\test\meningioma\brisc2025_test_00381_me_ax_t1.jpg,1,1,1,1,1,1,True,True,True
d:\brain_tumor\🧠 brain tumor mri dataset\classification_task\test\meningioma\brisc2025_test_00382_me_ax_t1.jpg,1,1,1,1,1,1,True,True,True
d:\brain_tumor\🧠 brain tumor mri dataset\classification_task\test\meningioma\brisc2025_test_00383_me_ax_t1.jpg,1,1,1,1,1,1,True,True,True
d:\brain_tumor\🧠 brain tumor mri dataset\classification_task\test\meningioma\brisc2025_test_00384_me_ax_t1.jpg,1,1,1,1,1,1,True,True,True
d:\brain_tumor\🧠 brain tumor mri dataset\classification_task\test\meningioma\brisc2025_test_00385_me_ax_t1.jpg,1,1,1,1,1,1,True,True,True
d:\brain_tumor\🧠 brain tumor mri dataset\classification_task\test\meningioma\brisc2025_test_00386_me_ax_t1.jpg,1,1,1,1,1,1,True,True,True
d:\brain_tumor\🧠 brain tumor mri dataset\classification_task\test\meningioma\brisc2025_test_00387_me_ax_t1.jpg,1,1,1,1,1,1,True,True,True
d:\brain_tumor\🧠 brain tumor mri dataset\classification_task\test\meningioma\brisc2025_test_00388_me_ax_t1.jpg,1,1,1,1,1,1,True,True,True
d:\brain_tumor\🧠 brain tumor mri dataset\classification_task\test\meningioma\brisc2025_test_00389_me_ax_t1.jpg,1,1,1,1,1,1,True,True,True
d:\brain_tumor\🧠 brain tumor mri dataset\classification_task\test\meningioma\brisc2025_test_00390_me_ax_t1.jpg,1,1,1,1,1,1,True,True,True
d:\brain_tumor\🧠 brain tumor mri dataset\classification_task\test\meningioma\brisc2025_test_00391_me_ax_t1.jpg,1,1,1,1,1,1,True,True,True
d:\brain_tumor\🧠 brain tumor mri dataset\classification_task\test\meningioma\brisc2025_test_00392_me_co_t1.jpg,1,1,1,1,1,1,True,True,True
d:\brain_tumor\🧠 brain tumor mri dataset\classification_task\test\meningioma\brisc2025_test_00393_me_co_t1.jpg,1,1,1,1,1,1,True,True,True
d:\brain_tumor\🧠 brain tumor mri dataset\classification_task\test\meningioma\brisc2025_test_00394_me_co_t1.jpg,1,1,1,1,1,1,True,True,True
d:\brain_tumor\🧠 brain tumor mri dataset\classification_task\test\meningioma\brisc2025_test_00395_me_co_t1.jpg,1,1,1,1,1,1,True,True,True
d:\brain_tumor\🧠 brain tumor mri dataset\classification_task\test\meningioma\brisc2025_test_00396_me_co_t1.jpg,1,1,1,1,1,1,True,True,True
d:\brain_tumor\🧠 brain tumor mri dataset\classification_task\test\meningioma\brisc2025_test_00397_me_co_t1.jpg,1,1,1,1,1,1,True,True,True
d:\brain_tumor\🧠 brain tumor mri dataset\classification_task\test\meningioma\brisc2025_test_00398_me_co_t1.jpg,1,1,1,1,1,1,True,True,True
d:\brain_tumor\🧠 brain tumor mri dataset\classification_task\test\meningioma\brisc2025_test_00399_me_co_t1.jpg,1,1,1,1,1,1,True,True,True
d:\brain_tumor\🧠 brain tumor mri dataset\classification_task\test\meningioma\brisc2025_test_00400_me_co_t1.jpg,1,1,1,1,1,1,True,True,True
d:\brain_tumor\🧠 brain tumor mri dataset\classification_task\test\meningioma\brisc2025_test_00401_me_co_t1.jpg,1,1,1,1,1,1,True,True,True
d:\brain_tumor\🧠 brain tumor mri dataset\classification_task\test\meningioma\brisc2025_test_00402_me_co_t1.jpg,1,1,1,1,1,1,True,True,True
d:\brain_tumor\🧠 brain tumor mri dataset\classification_task\test\meningioma\brisc2025_test_00403_me_co_t1.jpg,1,1,1,1,1,1,True,True,True
d:\brain_tumor\🧠 brain tumor mri dataset\classification_task\test\meningioma\brisc2025_test_00404_me_co_t1.jpg,1,1,1,1,1,1,True,True,True
d:\brain_tumor\🧠 brain tumor mri dataset\classification_task\test\meningioma\brisc2025_test_00405_me_co_t1.jpg,1,1,1,1,1,1,True,True,True
d:\brain_tumor\🧠 brain tumor mri dataset\classification_task\test\meningioma\brisc2025_test_00406_me_co_t1.jpg,1,1,1,1,1,1,True,True,True
d:\brain_tumor\🧠 brain tumor mri dataset\classification_task\test\meningioma\brisc2025_test_00407_me_co_t1.jpg,1,1,1,1,1,1,True,True,True
d:\brain_tumor\🧠 brain tumor mri dataset\classification_task\test\meningioma\brisc2025_test_00408_me_co_t1.jpg,1,1,1,1,1,1,True,True,True
d:\brain_tumor\🧠 brain tumor mri dataset\classification_task\test\meningioma\brisc2025_test_00409_me_co_t1.jpg,1,1,1,1,1,1,True,True,True
d:\brain_tumor\🧠 brain tumor mri dataset\classification_task\test\meningioma\brisc2025_test_00410_me_co_t1.jpg,1,1,1,3,1,1,True,False,True
d:\brain_tumor\🧠 brain tumor mri dataset\classification_task\test\meningioma\brisc2025_test_00411_me_co_t1.jpg,1,1,1,1,1,1,True,True,True
d:\brain_tumor\🧠 brain tumor mri dataset\classification_task\test\meningioma\brisc2025_test_00412_me_co_t1.jpg,1,1,1,1,1,1,True,True,True
d:\brain_tumor\🧠 brain tumor mri dataset\classification_task\test\meningioma\brisc2025_test_00413_me_co_t1.jpg,1,1,1,1,1,1,True,True,True
d:\brain_tumor\🧠 brain tumor mri dataset\classification_task\test\meningioma\brisc2025_test_00414_me_co_t1.jpg,1,1,1,1,1,1,True,True,True
d:\brain_tumor\🧠 brain tumor mri dataset\classification_task\test\meningioma\brisc2025_test_00415_me_co_t1.jpg,1,1,1,1,1,1,True,True,True
d:\brain_tumor\🧠 brain tumor mri dataset\classification_task\test\meningioma\brisc2025_test_00416_me_co_t1.jpg,1,1,1,1,1,1,True,True,True
d:\brain_tumor\🧠 brain tumor mri dataset\classification_task\test\meningioma\brisc2025_test_00417_me_co_t1.jpg,1,1,1,1,1,1,True,True,True
d:\brain_tumor\🧠 brain tumor mri dataset\classification_task\test\meningioma\brisc2025_test_00418_me_co_t1.jpg,1,1,1,1,1,1,True,True,True
d:\brain_tumor\🧠 brain tumor mri dataset\classification_task\test\meningioma\brisc2025_test_00419_me_co_t1.jpg,1,1,1,1,1,1,True,True,True
d:\brain_tumor\🧠 brain tumor mri dataset\classification_task\test\meningioma\brisc2025_test_00420_me_co_t1.jpg,1,1,1,1,1,1,True,True,True
d:\brain_tumor\🧠 brain tumor mri dataset\classification_task\test\meningioma\brisc2025_test_00421_me_co_t1.jpg,1,1,1,1,1,1,True,True,True
d:\brain_tumor\🧠 brain tumor mri dataset\classification_task\test\meningioma\brisc2025_test_00422_me_co_t1.jpg,1,1,1,1,1,1,True,True,True
d:\brain_tumor\🧠 brain tumor mri dataset\classification_task\test\meningioma\brisc2025_test_00423_me_co_t1.jpg,1,1,1,1,1,1,True,True,True
d:\brain_tumor\🧠 brain tumor mri dataset\classification_task\test\meningioma\brisc2025_test_00424_me_co_t1.jpg,1,1,1,1,1,1,True,True,True
d:\brain_tumor\🧠 brain tumor mri dataset\classification_task\test\meningioma\brisc2025_test_00425_me_co_t1.jpg,1,1,1,1,1,1,True,True,True
d:\brain_tumor\🧠 brain tumor mri dataset\classification_task\test\meningioma\brisc2025_test_00426_me_co_t1.jpg,1,2,1,1,1,1,False,True,True
d:\brain_tumor\🧠 brain tumor mri dataset\classification_task\test\meningioma\brisc2025_test_00427_me_co_t1.jpg,1,1,1,1,1,1,True,True,True
d:\brain_tumor\🧠 brain tumor mri dataset\classification_task\test\meningioma\brisc2025_test_00428_me_co_t1.jpg,1,1,1,1,1,1,True,True,True
d:\brain_tumor\🧠 brain tumor mri dataset\classification_task\test\meningioma\brisc2025_test_00429_me_co_t1.jpg,1,1,1,1,1,1,True,True,True
d:\brain_tumor\🧠 brain tumor mri dataset\classification_task\test\meningioma\brisc2025_test_00430_me_co_t1.jpg,1,1,1,1,1,1,True,True,True
d:\brain_tumor\🧠 brain tumor mri dataset\classification_task\test\meningioma\brisc2025_test_00431_me_co_t1.jpg,1,1,1,1,1,1,True,True,True
d:\brain_tumor\🧠 brain tumor mri dataset\classification_task\test\meningioma\brisc2025_test_00432_me_co_t1.jpg,1,1,1,1,1,1,True,True,True
d:\brain_tumor\🧠 brain tumor mri dataset\classification_task\test\meningioma\brisc2025_test_00433_me_co_t1.jpg,1,1,1,1,1,2,True,True,False
d:\brain_tumor\🧠 brain tumor mri dataset\classification_task\test\meningioma\brisc2025_test_00434_me_co_t1.jpg,1,1,1,1,1,1,True,True,True
d:\brain_tumor\🧠 brain tumor mri dataset\classification_task\test\meningioma\brisc2025_test_00435_me_co_t1.jpg,1,1,1,1,1,1,True,True,True
d:\brain_tumor\🧠 brain tumor mri dataset\classification_task\test\meningioma\brisc2025_test_00436_me_co_t1.jpg,1,1,1,1,1,1,True,True,True
d:\brain_tumor\🧠 brain tumor mri dataset\classification_task\test\meningioma\brisc2025_test_00437_me_co_t1.jpg,1,1,1,1,1,1,True,True,True
d:\brain_tumor\🧠 brain tumor mri dataset\classification_task\test\meningioma\brisc2025_test_00438_me_co_t1.jpg,1,1,1,1,1,1,True,True,True
d:\brain_tumor\🧠 brain tumor mri dataset\classification_task\test\meningioma\brisc2025_test_00439_me_co_t1.jpg,1,1,1,1,1,1,True,True,True
d:\brain_tumor\🧠 brain tumor mri dataset\classification_task\test\meningioma\brisc2025_test_00440_me_co_t1.jpg,1,1,1,1,1,1,True,True,True
d:\brain_tumor\🧠 brain tumor mri dataset\classification_task\test\meningioma\brisc2025_test_00441_me_co_t1.jpg,1,1,1,1,1,1,True,True,True
d:\brain_tumor\🧠 brain tumor mri dataset\classification_task\test\meningioma\brisc2025_test_00442_me_co_t1.jpg,1,1,1,1,1,1,True,True,True
d:\brain_tumor\🧠 brain tumor mri dataset\classification_task\test\meningioma\brisc2025_test_00443_me_co_t1.jpg,1,1,1,1,1,1,True,True,True
d:\brain_tumor\🧠 brain tumor mri dataset\classification_task\test\meningioma\brisc2025_test_00444_me_co_t1.jpg,1,1,1,1,1,1,True,True,True
d:\brain_tumor\🧠 brain tumor mri dataset\classification_task\test\meningioma\brisc2025_test_00445_me_co_t1.jpg,1,1,1,1,1,1,True,True,True
d:\brain_tumor\🧠 brain tumor mri dataset\classification_task\test\meningioma\brisc2025_test_00446_me_co_t1.jpg,1,1,1,1,1,1,True,True,True
d:\brain_tumor\🧠 brain tumor mri dataset\classification_task\test\meningioma\brisc2025_test_00447_me_co_t1.jpg,1,1,1,1,1,1,True,True,True
d:\brain_tumor\🧠 brain tumor mri dataset\classification_task\test\meningioma\brisc2025_test_00448_me_co_t1.jpg,1,1,1,1,1,1,True,True,True
d:\brain_tumor\🧠 brain tumor mri dataset\classification_task\test\meningioma\brisc2025_test_00449_me_co_t1.jpg,1,1,1,1,1,1,True,True,True
d:\brain_tumor\🧠 brain tumor mri dataset\classification_task\test\meningioma\brisc2025_test_00450_me_co_t1.jpg,1,1,1,1,1,1,True,True,True
d:\brain_tumor\🧠 brain tumor mri dataset\classification_task\test\meningioma\brisc2025_test_00451_me_co_t1.jpg,1,1,1,1,1,1,True,True,True
d:\brain_tumor\🧠 brain tumor mri dataset\classification_task\test\meningioma\brisc2025_test_00452_me_co_t1.jpg,1,1,1,1,1,1,True,True,True
d:\brain_tumor\🧠 brain tumor mri dataset\classification_task\test\meningioma\brisc2025_test_00453_me_co_t1.jpg,1,1,1,1,1,1,True,True,True
d:\brain_tumor\🧠 brain tumor mri dataset\classification_task\test\meningioma\brisc2025_test_00454_me_co_t1.jpg,1,1,1,1,1,1,True,True,True
d:\brain_tumor\🧠 brain tumor mri dataset\classification_task\test\meningioma\brisc2025_test_00455_me_co_t1.jpg,1,1,1,1,1,1,True,True,True
d:\brain_tumor\🧠 brain tumor mri dataset\classification_task\test\meningioma\brisc2025_test_00456_me_co_t1.jpg,1,1,1,1,1,1,True,True,True
d:\brain_tumor\🧠 brain tumor mri dataset\classification_task\test\meningioma\brisc2025_test_00457_me_co_t1.jpg,1,1,1,1,1,1,True,True,True
d:\brain_tumor\🧠 brain tumor mri dataset\classification_task\test\meningioma\brisc2025_test_00458_me_co_t1.jpg,1,1,1,1,1,1,True,True,True
d:\brain_tumor\🧠 brain tumor mri dataset\classification_task\test\meningioma\brisc2025_test_00459_me_co_t1.jpg,1,1,1,1,1,1,True,True,True
d:\brain_tumor\🧠 brain tumor mri dataset\classification_task\test\meningioma\brisc2025_test_00460_me_co_t1.jpg,1,1,1,1,1,1,True,True,True
d:\brain_tumor\🧠 brain tumor mri dataset\classification_task\test\meningioma\brisc2025_test_00461_me_co_t1.jpg,1,1,1,1,1,1,True,True,True
d:\brain_tumor\🧠 brain tumor mri dataset\classification_task\test\meningioma\brisc2025_test_00462_me_co_t1.jpg,1,1,1,1,1,1,True,True,True
d:\brain_tumor\🧠 brain tumor mri dataset\classification_task\test\meningioma\brisc2025_test_00463_me_co_t1.jpg,1,1,1,1,1,1,True,True,True
d:\brain_tumor\🧠 brain tumor mri dataset\classification_task\test\meningioma\brisc2025_test_00464_me_co_t1.jpg,1,1,1,1,1,1,True,True,True
d:\brain_tumor\🧠 brain tumor mri dataset\classification_task\test\meningioma\brisc2025_test_00465_me_co_t1.jpg,1,1,1,1,1,1,True,True,True
d:\brain_tumor\🧠 brain tumor mri dataset\classification_task\test\meningioma\brisc2025_test_00466_me_co_t1.jpg,1,1,1,1,1,1,True,True,True
d:\brain_tumor\🧠 brain tumor mri dataset\classification_task\test\meningioma\brisc2025_test_00467_me_co_t1.jpg,1,1,1,1,1,1,True,True,True
d:\brain_tumor\🧠 brain tumor mri dataset\classification_task\test\meningioma\brisc2025_test_00468_me_co_t1.jpg,1,1,1,1,1,1,True,True,True
d:\brain_tumor\🧠 brain tumor mri dataset\classification_task\test\meningioma\brisc2025_test_00469_me_co_t1.jpg,1,1,1,1,1,1,True,True,True
d:\brain_tumor\🧠 brain tumor mri dataset\classification_task\test\meningioma\brisc2025_test_00470_me_co_t1.jpg,1,1,1,1,1,1,True,True,True
d:\brain_tumor\🧠 brain tumor mri dataset\classification_task\test\meningioma\brisc2025_test_00471_me_co_t1.jpg,1,1,1,1,1,1,True,True,True
d:\brain_tumor\🧠 brain tumor mri dataset\classification_task\test\meningioma\brisc2025_test_00472_me_co_t1.jpg,1,1,1,1,1,1,True,True,True
d:\brain_tumor\🧠 brain tumor mri dataset\classification_task\test\meningioma\brisc2025_test_00473_me_co_t1.jpg,1,1,1,1,1,1,True,True,True
d:\brain_tumor\🧠 brain tumor mri dataset\classification_task\test\meningioma\brisc2025_test_00474_me_co_t1.jpg,1,1,1,1,1,1,True,True,True
d:\brain_tumor\🧠 brain tumor mri dataset\classification_task\test\meningioma\brisc2025_test_00475_me_co_t1.jpg,1,1,1,1,1,1,True,True,True
d:\brain_tumor\🧠 brain tumor mri dataset\classification_task\test\meningioma\brisc2025_test_00476_me_co_t1.jpg,1,1,1,1,1,1,True,True,True
d:\brain_tumor\🧠 brain tumor mri dataset\classification_task\test\meningioma\brisc2025_test_00477_me_co_t1.jpg,1,1,1,1,1,1,True,True,True
d:\brain_tumor\🧠 brain tumor mri dataset\classification_task\test\meningioma\brisc2025_test_00478_me_sa_t1.jpg,1,1,1,1,1,1,True,True,True
d:\brain_tumor\🧠 brain tumor mri dataset\classification_task\test\meningioma\brisc2025_test_00479_me_sa_t1.jpg,1,1,1,1,1,1,True,True,True
d:\brain_tumor\🧠 brain tumor mri dataset\classification_task\test\meningioma\brisc2025_test_00480_me_sa_t1.jpg,1,1,1,1,1,1,True,True,True
d:\brain_tumor\🧠 brain tumor mri dataset\classification_task\test\meningioma\brisc2025_test_00481_me_sa_t1.jpg,1,1,1,1,1,1,True,True,True
d:\brain_tumor\🧠 brain tumor mri dataset\classification_task\test\meningioma\brisc2025_test_00482_me_sa_t1.jpg,1,1,1,1,1,1,True,True,True
d:\brain_tumor\🧠 brain tumor mri dataset\classification_task\test\meningioma\brisc2025_test_00483_me_sa_t1.jpg,1,1,1,1,1,1,True,True,True
d:\brain_tumor\🧠 brain tumor mri dataset\classification_task\test\meningioma\brisc2025_test_00484_me_sa_t1.jpg,1,1,1,1,1,1,True,True,True
d:\brain_tumor\🧠 brain tumor mri dataset\classification_task\test\meningioma\brisc2025_test_00485_me_sa_t1.jpg,1,1,1,1,1,1,True,True,True
d:\brain_tumor\🧠 brain tumor mri dataset\classification_task\test\meningioma\brisc2025_test_00486_me_sa_t1.jpg,1,1,1,1,1,1,True,True,True
d:\brain_tumor\🧠 brain tumor mri dataset\classification_task\test\meningioma\brisc2025_test_00487_me_sa_t1.jpg,1,1,1,1,1,1,True,True,True
d:\brain_tumor\🧠 brain tumor mri dataset\classification_task\test\meningioma\brisc2025_test_00488_me_sa_t1.jpg,1,1,1,1,1,1,True,True,True
d:\brain_tumor\🧠 brain tumor mri dataset\classification_task\test\meningioma\brisc2025_test_00489_me_sa_t1.jpg,1,1,1,1,1,1,True,True,True
d:\brain_tumor\🧠 brain tumor mri dataset\classification_task\test\meningioma\brisc2025_test_00490_me_sa_t1.jpg,1,1,1,1,1,1,True,True,True
d:\brain_tumor\🧠 brain tumor mri dataset\classification_task\test\meningioma\brisc2025_test_00491_me_sa_t1.jpg,1,1,1,1,1,1,True,True,True
d:\brain_tumor\🧠 brain tumor mri dataset\classification_task\test\meningioma\brisc2025_test_00492_me_sa_t1.jpg,1,1,1,1,1,1,True,True,True
d:\brain_tumor\🧠 brain tumor mri dataset\classification_task\test\meningioma\brisc2025_test_00493_me_sa_t1.jpg,1,1,1,1,1,1,True,True,True
d:\brain_tumor\🧠 brain tumor mri dataset\classification_task\test\meningioma\brisc2025_test_00494_me_sa_t1.jpg,1,1,1,1,1,1,True,True,True
d:\brain_tumor\🧠 brain tumor mri dataset\classification_task\test\meningioma\brisc2025_test_00495_me_sa_t1.jpg,1,1,1,1,1,1,True,True,True
d:\brain_tumor\🧠 brain tumor mri dataset\classification_task\test\meningioma\brisc2025_test_00496_me_sa_t1.jpg,1,1,1,1,1,1,True,True,True
d:\brain_tumor\🧠 brain tumor mri dataset\classification_task\test\meningioma\brisc2025_test_00497_me_sa_t1.jpg,1,1,1,1,1,1,True,True,True
d:\brain_tumor\🧠 brain tumor mri dataset\classification_task\test\meningioma\brisc2025_test_00498_me_sa_t1.jpg,1,1,1,1,1,1,True,True,True
d:\brain_tumor\🧠 brain tumor mri dataset\classification_task\test\meningioma\brisc2025_test_00499_me_sa_t1.jpg,1,1,1,1,1,1,True,True,True
d:\brain_tumor\🧠 brain tumor mri dataset\classification_task\test\meningioma\brisc2025_test_00500_me_sa_t1.jpg,1,1,1,1,1,1,True,True,True
d:\brain_tumor\🧠 brain tumor mri dataset\classification_task\test\meningioma\brisc2025_test_00501_me_sa_t1.jpg,1,1,1,1,1,1,True,True,True
d:\brain_tumor\🧠 brain tumor mri dataset\classification_task\test\meningioma\brisc2025_test_00502_me_sa_t1.jpg,1,1,1,1,1,1,True,True,True
d:\brain_tumor\🧠 brain tumor mri dataset\classification_task\test\meningioma\brisc2025_test_00503_me_sa_t1.jpg,1,1,1,1,1,1,True,True,True
d:\brain_tumor\🧠 brain tumor mri dataset\classification_task\test\meningioma\brisc2025_test_00504_me_sa_t1.jpg,1,1,1,1,1,1,True,True,True
d:\brain_tumor\🧠 brain tumor mri dataset\classification_task\test\meningioma\brisc2025_test_00505_me_sa_t1.jpg,1,1,1,1,1,1,True,True,True
d:\brain_tumor\🧠 brain tumor mri dataset\classification_task\test\meningioma\brisc2025_test_00506_me_sa_t1.jpg,1,1,1,1,1,1,True,True,True
d:\brain_tumor\🧠 brain tumor mri dataset\classification_task\test\meningioma\brisc2025_test_00507_me_sa_t1.jpg,1,1,1,1,1,1,True,True,True
d:\brain_tumor\🧠 brain tumor mri dataset\classification_task\test\meningioma\brisc2025_test_00508_me_sa_t1.jpg,1,1,1,1,1,1,True,True,True
d:\brain_tumor\🧠 brain tumor mri dataset\classification_task\test\meningioma\brisc2025_test_00509_me_sa_t1.jpg,1,1,1,1,1,1,True,True,True
d:\brain_tumor\🧠 brain tumor mri dataset\classification_task\test\meningioma\brisc2025_test_00510_me_sa_t1.jpg,1,1,1,1,1,1,True,True,True
d:\brain_tumor\🧠 brain tumor mri dataset\classification_task\test\meningioma\brisc2025_test_00511_me_sa_t1.jpg,1,1,1,1,1,1,True,True,True
d:\brain_tumor\🧠 brain tumor mri dataset\classification_task\test\meningioma\brisc2025_test_00512_me_sa_t1.jpg,1,1,1,1,1,1,True,True,True
d:\brain_tumor\🧠 brain tumor mri dataset\classification_task\test\meningioma\brisc2025_test_00513_me_sa_t1.jpg,1,1,1,1,1,1,True,True,True
d:\brain_tumor\🧠 brain tumor mri dataset\classification_task\test\meningioma\brisc2025_test_00514_me_sa_t1.jpg,1,1,1,1,1,1,True,True,True
d:\brain_tumor\🧠 brain tumor mri dataset\classification_task\test\meningioma\brisc2025_test_00515_me_sa_t1.jpg,1,1,1,1,1,1,True,True,True
d:\brain_tumor\🧠 brain tumor mri dataset\classification_task\test\meningioma\brisc2025_test_00516_me_sa_t1.jpg,1,1,1,1,1,1,True,True,True
d:\brain_tumor\🧠 brain tumor mri dataset\classification_task\test\meningioma\brisc2025_test_00517_me_sa_t1.jpg,1,1,1,1,1,1,True,True,True
d:\brain_tumor\🧠 brain tumor mri dataset\classification_task\test\meningioma\brisc2025_test_00518_me_sa_t1.jpg,1,1,1,1,1,1,True,True,True
d:\brain_tumor\🧠 brain tumor mri dataset\classification_task\test\meningioma\brisc2025_test_00519_me_sa_t1.jpg,1,1,1,1,1,1,True,True,True
d:\brain_tumor\🧠 brain tumor mri dataset\classification_task\test\meningioma\brisc2025_test_00520_me_sa_t1.jpg,1,1,1,1,1,1,True,True,True
d:\brain_tumor\🧠 brain tumor mri dataset\classification_task\test\meningioma\brisc2025_test_00521_me_sa_t1.jpg,1,1,1,1,1,1,True,True,True
d:\brain_tumor\🧠 brain tumor mri dataset\classification_task\test\meningioma\brisc2025_test_00522_me_sa_t1.jpg,1,1,1,1,1,1,True,True,True
d:\brain_tumor\🧠 brain tumor mri dataset\classification_task\test\meningioma\brisc2025_test_00523_me_sa_t1.jpg,1,1,1,1,1,1,True,True,True
d:\brain_tumor\🧠 brain tumor mri dataset\classification_task\test\meningioma\brisc2025_test_00524_me_sa_t1.jpg,1,1,1,1,1,1,True,True,True
d:\brain_tumor\🧠 brain tumor mri dataset\classification_task\test\meningioma\brisc2025_test_00525_me_sa_t1.jpg,1,1,1,1,1,1,True,True,True
d:\brain_tumor\🧠 brain tumor mri dataset\classification_task\test\meningioma\brisc2025_test_00526_me_sa_t1.jpg,1,1,1,2,1,1,True,False,True
d:\brain_tumor\🧠 brain tumor mri dataset\classification_task\test\meningioma\brisc2025_test_00527_me_sa_t1.jpg,1,1,1,1,1,1,True,True,True
d:\brain_tumor\🧠 brain tumor mri dataset\classification_task\test\meningioma\brisc2025_test_00528_me_sa_t1.jpg,1,1,1,1,1,1,True,True,True
d:\brain_tumor\🧠 brain tumor mri dataset\classification_task\test\meningioma\brisc2025_test_00529_me_sa_t1.jpg,1,1,1,1,1,1,True,True,True
d:\brain_tumor\🧠 brain tumor mri dataset\classification_task\test\meningioma\brisc2025_test_00530_me_sa_t1.jpg,1,1,1,1,1,1,True,True,True
d:\brain_tumor\🧠 brain tumor mri dataset\classification_task\test\meningioma\brisc2025_test_00531_me_sa_t1.jpg,1,1,1,1,1,1,True,True,True
d:\brain_tumor\🧠 brain tumor mri dataset\classification_task\test\meningioma\brisc2025_test_00532_me_sa_t1.jpg,1,1,1,1,1,1,True,True,True
d:\brain_tumor\🧠 brain tumor mri dataset\classification_task\test\meningioma\brisc2025_test_00533_me_sa_t1.jpg,1,1,1,1,1,0,True,True,False
d:\brain_tumor\🧠 brain tumor mri dataset\classification_task\test\meningioma\brisc2025_test_00534_me_sa_t1.jpg,1,1,1,1,1,1,True,True,True
d:\brain_tumor\🧠 brain tumor mri dataset\classification_task\test\meningioma\brisc2025_test_00535_me_sa_t1.jpg,1,1,1,1,1,1,True,True,True
d:\brain_tumor\🧠 brain tumor mri dataset\classification_task\test\meningioma\brisc2025_test_00536_me_sa_t1.jpg,1,1,1,1,1,1,True,True,True
d:\brain_tumor\🧠 brain tumor mri dataset\classification_task\test\meningioma\brisc2025_test_00537_me_sa_t1.jpg,1,1,1,1,1,1,True,True,True
d:\brain_tumor\🧠 brain tumor mri dataset\classification_task\test\meningioma\brisc2025_test_00538_me_sa_t1.jpg,1,0,1,1,1,1,False,True,True
d:\brain_tumor\🧠 brain tumor mri dataset\classification_task\test\meningioma\brisc2025_test_00539_me_sa_t1.jpg,1,1,1,1,1,1,True,True,True
d:\brain_tumor\🧠 brain tumor mri dataset\classification_task\test\meningioma\brisc2025_test_00540_me_sa_t1.jpg,1,1,1,1,1,1,True,True,True
d:\brain_tumor\🧠 brain tumor mri dataset\classification_task\test\meningioma\brisc2025_test_00541_me_sa_t1.jpg,1,1,1,1,1,1,True,True,True
d:\brain_tumor\🧠 brain tumor mri dataset\classification_task\test\meningioma\brisc2025_test_00542_me_sa_t1.jpg,1,1,1,1,1,1,True,True,True
d:\brain_tumor\🧠 brain tumor mri dataset\classification_task\test\meningioma\brisc2025_test_00543_me_sa_t1.jpg,1,1,1,1,1,1,True,True,True
d:\brain_tumor\🧠 brain tumor mri dataset\classification_task\test\meningioma\brisc2025_test_00544_me_sa_t1.jpg,1,1,1,1,1,1,True,True,True
d:\brain_tumor\🧠 brain tumor mri dataset\classification_task\test\meningioma\brisc2025_test_00545_me_sa_t1.jpg,1,1,1,1,1,1,True,True,True
d:\brain_tumor\🧠 brain tumor mri dataset\classification_task\test\meningioma\brisc2025_test_00546_me_sa_t1.jpg,1,1,1,1,1,1,True,True,True
d:\brain_tumor\🧠 brain tumor mri dataset\classification_task\test\meningioma\brisc2025_test_00547_me_sa_t1.jpg,1,1,1,1,1,1,True,True,True
d:\brain_tumor\🧠 brain tumor mri dataset\classification_task\test\meningioma\brisc2025_test_00548_me_sa_t1.jpg,1,1,1,1,1,1,True,True,True
d:\brain_tumor\🧠 brain tumor mri dataset\classification_task\test\meningioma\brisc2025_test_00549_me_sa_t1.jpg,1,1,1,1,1,1,True,True,True
d:\brain_tumor\🧠 brain tumor mri dataset\classification_task\test\meningioma\brisc2025_test_00550_me_sa_t1.jpg,1,1,1,1,1,1,True,True,True
d:\brain_tumor\🧠 brain tumor mri dataset\classification_task\test\meningioma\brisc2025_test_00551_me_sa_t1.jpg,1,1,1,1,1,1,True,True,True
d:\brain_tumor\🧠 brain tumor mri dataset\classification_task\test\meningioma\brisc2025_test_00552_me_sa_t1.jpg,1,1,1,2,1,1,True,False,True
d:\brain_tumor\🧠 brain tumor mri dataset\classification_task\test\meningioma\brisc2025_test_00553_me_sa_t1.jpg,1,1,1,1,1,1,True,True,True
d:\brain_tumor\🧠 brain tumor mri dataset\classification_task\test\meningioma\brisc2025_test_00554_me_sa_t1.jpg,1,1,1,1,1,1,True,True,True
d:\brain_tumor\🧠 brain tumor mri dataset\classification_task\test\meningioma\brisc2025_test_00555_me_sa_t1.jpg,1,1,1,1,1,1,True,True,True
d:\brain_tumor\🧠 brain tumor mri dataset\classification_task\test\meningioma\brisc2025_test_00556_me_sa_t1.jpg,1,1,1,1,1,1,True,True,True
d:\brain_tumor\🧠 brain tumor mri dataset\classification_task\test\meningioma\brisc2025_test_00557_me_sa_t1.jpg,1,1,1,1,1,1,True,True,True
d:\brain_tumor\🧠 brain tumor mri dataset\classification_task\test\meningioma\brisc2025_test_00558_me_sa_t1.jpg,1,1,1,1,1,1,True,True,True
d:\brain_tumor\🧠 brain tumor mri dataset\classification_task\test\meningioma\brisc2025_test_00559_me_sa_t1.jpg,1,1,1,1,1,1,True,True,True
d:\brain_tumor\🧠 brain tumor mri dataset\classification_task\test\meningioma\brisc2025_test_00560_me_sa_t1.jpg,1,1,1,1,1,1,True,True,True
d:\brain_tumor\🧠 brain tumor mri dataset\classification_task\test\no_tumor\brisc2025_test_00561_no_ax_t1.jpg,3,3,3,3,3,3,True,True,True
d:\brain_tumor\🧠 brain tumor mri dataset\classification_task\test\no_tumor\brisc2025_test_00562_no_ax_t1.jpg,3,3,3,3,3,3,True,True,True
d:\brain_tumor\🧠 brain tumor mri dataset\classification_task\test\no_tumor\brisc2025_test_00563_no_ax_t1.jpg,3,3,3,3,3,3,True,True,True
d:\brain_tumor\🧠 brain tumor mri dataset\classification_task\test\no_tumor\brisc2025_test_00564_no_ax_t1.jpg,3,3,3,3,3,3,True,True,True
d:\brain_tumor\🧠 brain tumor mri dataset\classification_task\test\no_tumor\brisc2025_test_00565_no_ax_t1.jpg,3,3,3,3,3,3,True,True,True
d:\brain_tumor\🧠 brain tumor mri dataset\classification_task\test\no_tumor\brisc2025_test_00566_no_ax_t1.jpg,3,3,3,3,3,3,True,True,True
d:\brain_tumor\🧠 brain tumor mri dataset\classification_task\test\no_tumor\brisc2025_test_00567_no_ax_t1.jpg,3,3,3,3,3,3,True,True,True
d:\brain_tumor\🧠 brain tumor mri dataset\classification_task\test\no_tumor\brisc2025_test_00568_no_ax_t1.jpg,3,3,3,3,3,3,True,True,True
d:\brain_tumor\🧠 brain tumor mri dataset\classification_task\test\no_tumor\brisc2025_test_00569_no_ax_t1.jpg,3,3,3,3,3,3,True,True,True
d:\brain_tumor\🧠 brain tumor mri dataset\classification_task\test\no_tumor\brisc2025_test_00570_no_ax_t1.jpg,3,3,3,3,3,3,True,True,True
d:\brain_tumor\🧠 brain tumor mri dataset\classification_task\test\no_tumor\brisc2025_test_00571_no_ax_t1.jpg,3,3,3,3,3,3,True,True,True
d:\brain_tumor\🧠 brain tumor mri dataset\classification_task\test\no_tumor\brisc2025_test_00572_no_ax_t1.jpg,3,3,3,3,3,3,True,True,True
d:\brain_tumor\🧠 brain tumor mri dataset\classification_task\test\no_tumor\brisc2025_test_00573_no_ax_t1.jpg,3,3,3,3,3,3,True,True,True
d:\brain_tumor\🧠 brain tumor mri dataset\classification_task\test\no_tumor\brisc2025_test_00574_no_ax_t1.jpg,3,3,3,3,3,3,True,True,True
d:\brain_tumor\🧠 brain tumor mri dataset\classification_task\test\no_tumor\brisc2025_test_00575_no_ax_t1.jpg,3,3,3,3,3,3,True,True,True
d:\brain_tumor\🧠 brain tumor mri dataset\classification_task\test\no_tumor\brisc2025_test_00576_no_ax_t1.jpg,3,3,3,3,3,3,True,True,True
d:\brain_tumor\🧠 brain tumor mri dataset\classification_task\test\no_tumor\brisc2025_test_00577_no_ax_t1.jpg,3,3,3,3,3,3,True,True,True
d:\brain_tumor\🧠 brain tumor mri dataset\classification_task\test\no_tumor\brisc2025_test_00578_no_ax_t1.jpg,3,3,3,3,3,3,True,True,True
d:\brain_tumor\🧠 brain tumor mri dataset\classification_task\test\no_tumor\brisc2025_test_00579_no_ax_t1.jpg,3,3,3,3,3,3,True,True,True
d:\brain_tumor\🧠 brain tumor mri dataset\classification_task\test\no_tumor\brisc2025_test_00580_no_ax_t1.jpg,3,3,3,3,3,3,True,True,True
d:\brain_tumor\🧠 brain tumor mri dataset\classification_task\test\no_tumor\brisc2025_test_00581_no_ax_t1.jpg,3,3,3,3,3,3,True,True,True
d:\brain_tumor\🧠 brain tumor mri dataset\classification_task\test\no_tumor\brisc2025_test_00582_no_ax_t1.jpg,3,3,3,3,3,3,True,True,True
d:\brain_tumor\🧠 brain tumor mri dataset\classification_task\test\no_tumor\brisc2025_test_00583_no_ax_t1.jpg,3,3,3,3,3,3,True,True,True
d:\brain_tumor\🧠 brain tumor mri dataset\classification_task\test\no_tumor\brisc2025_test_00584_no_ax_t1.jpg,3,3,3,3,3,3,True,True,True
d:\brain_tumor\🧠 brain tumor mri dataset\classification_task\test\no_tumor\brisc2025_test_00585_no_ax_t1.jpg,3,3,3,3,3,3,True,True,True
d:\brain_tumor\🧠 brain tumor mri dataset\classification_task\test\no_tumor\brisc2025_test_00586_no_ax_t1.jpg,3,3,3,3,3,3,True,True,True
d:\brain_tumor\🧠 brain tumor mri dataset\classification_task\test\no_tumor\brisc2025_test_00587_no_ax_t1.jpg,3,3,3,3,3,3,True,True,True
d:\brain_tumor\🧠 brain tumor mri dataset\classification_task\test\no_tumor\brisc2025_test_00588_no_ax_t1.jpg,3,3,3,3,3,3,True,True,True
d:\brain_tumor\🧠 brain tumor mri dataset\classification_task\test\no_tumor\brisc2025_test_00589_no_ax_t1.jpg,3,3,3,3,3,3,True,True,True
d:\brain_tumor\🧠 brain tumor mri dataset\classification_task\test\no_tumor\brisc2025_test_00590_no_ax_t1.jpg,3,3,3,3,3,3,True,True,True
d:\brain_tumor\🧠 brain tumor mri dataset\classification_task\test\no_tumor\brisc2025_test_00591_no_ax_t1.jpg,3,3,3,3,3,3,True,True,True
d:\brain_tumor\🧠 brain tumor mri dataset\classification_task\test\no_tumor\brisc2025_test_00592_no_ax_t1.jpg,3,3,3,3,3,3,True,True,True
d:\brain_tumor\🧠 brain tumor mri dataset\classification_task\test\no_tumor\brisc2025_test_00593_no_ax_t1.jpg,3,3,3,3,3,3,True,True,True
d:\brain_tumor\🧠 brain tumor mri dataset\classification_task\test\no_tumor\brisc2025_test_00594_no_ax_t1.jpg,3,3,3,3,3,3,True,True,True
d:\brain_tumor\🧠 brain tumor mri dataset\classification_task\test\no_tumor\brisc2025_test_00595_no_ax_t1.jpg,3,3,3,3,3,3,True,True,True
d:\brain_tumor\🧠 brain tumor mri dataset\classification_task\test\no_tumor\brisc2025_test_00596_no_ax_t1.jpg,3,3,3,3,3,3,True,True,True
d:\brain_tumor\🧠 brain tumor mri dataset\classification_task\test\no_tumor\brisc2025_test_00597_no_ax_t1.jpg,3,3,3,3,3,3,True,True,True
d:\brain_tumor\🧠 brain tumor mri dataset\classification_task\test\no_tumor\brisc2025_test_00598_no_ax_t1.jpg,3,3,3,3,3,3,True,True,True
d:\brain_tumor\🧠 brain tumor mri dataset\classification_task\test\no_tumor\brisc2025_test_00599_no_ax_t1.jpg,3,3,3,3,3,3,True,True,True
d:\brain_tumor\🧠 brain tumor mri dataset\classification_task\test\no_tumor\brisc2025_test_00600_no_ax_t1.jpg,3,3,3,3,3,3,True,True,True
d:\brain_tumor\🧠 brain tumor mri dataset\classification_task\test\no_tumor\brisc2025_test_00601_no_ax_t1.jpg,3,3,3,3,3,3,True,True,True
d:\brain_tumor\🧠 brain tumor mri dataset\classification_task\test\no_tumor\brisc2025_test_00602_no_ax_t1.jpg,3,3,3,3,3,3,True,True,True
d:\brain_tumor\🧠 brain tumor mri dataset\classification_task\test\no_tumor\brisc2025_test_00603_no_ax_t1.jpg,3,3,3,3,3,3,True,True,True
d:\brain_tumor\🧠 brain tumor mri dataset\classification_task\test\no_tumor\brisc2025_test_00604_no_ax_t1.jpg,3,3,3,3,3,3,True,True,True
d:\brain_tumor\🧠 brain tumor mri dataset\classification_task\test\no_tumor\brisc2025_test_00605_no_ax_t1.jpg,3,3,3,3,3,3,True,True,True
d:\brain_tumor\🧠 brain tumor mri dataset\classification_task\test\no_tumor\brisc2025_test_00606_no_ax_t1.jpg,3,3,3,3,3,3,True,True,True
d:\brain_tumor\🧠 brain tumor mri dataset\classification_task\test\no_tumor\brisc2025_test_00607_no_ax_t1.jpg,3,3,3,3,3,3,True,True,True
d:\brain_tumor\🧠 brain tumor mri dataset\classification_task\test\no_tumor\brisc2025_test_00608_no_ax_t1.jpg,3,3,3,3,3,3,True,True,True
d:\brain_tumor\🧠 brain tumor mri dataset\classification_task\test\no_tumor\brisc2025_test_00609_no_ax_t1.jpg,3,3,3,3,3,3,True,True,True
d:\brain_tumor\🧠 brain tumor mri dataset\classification_task\test\no_tumor\brisc2025_test_00610_no_ax_t1.jpg,3,3,3,3,3,3,True,True,True
d:\brain_tumor\🧠 brain tumor mri dataset\classification_task\test\no_tumor\brisc2025_test_00611_no_ax_t1.jpg,3,3,3,3,3,3,True,True,True
d:\brain_tumor\🧠 brain tumor mri dataset\classification_task\test\no_tumor\brisc2025_test_00612_no_ax_t1.jpg,3,3,3,3,3,3,True,True,True
d:\brain_tumor\🧠 brain tumor mri dataset\classification_task\test\no_tumor\brisc2025_test_00613_no_co_t1.jpg,3,3,3,3,3,3,True,True,True
d:\brain_tumor\🧠 brain tumor mri dataset\classification_task\test\no_tumor\brisc2025_test_00614_no_co_t1.jpg,3,3,3,3,3,3,True,True,True
d:\brain_tumor\🧠 brain tumor mri dataset\classification_task\test\no_tumor\brisc2025_test_00615_no_co_t1.jpg,3,3,3,3,3,3,True,True,True
d:\brain_tumor\🧠 brain tumor mri dataset\classification_task\test\no_tumor\brisc2025_test_00616_no_co_t1.jpg,3,3,3,3,3,3,True,True,True
d:\brain_tumor\🧠 brain tumor mri dataset\classification_task\test\no_tumor\brisc2025_test_00617_no_co_t1.jpg,3,3,3,3,3,3,True,True,True
d:\brain_tumor\🧠 brain tumor mri dataset\classification_task\test\no_tumor\brisc2025_test_00618_no_co_t1.jpg,3,3,3,3,3,3,True,True,True
d:\brain_tumor\🧠 brain tumor mri dataset\classification_task\test\no_tumor\brisc2025_test_00619_no_co_t1.jpg,3,3,3,3,3,3,True,True,True
d:\brain_tumor\🧠 brain tumor mri dataset\classification_task\test\no_tumor\brisc2025_test_00620_no_co_t1.jpg,3,3,3,3,3,3,True,True,True
d:\brain_tumor\🧠 brain tumor mri dataset\classification_task\test\no_tumor\brisc2025_test_00621_no_co_t1.jpg,3,3,3,3,3,3,True,True,True
d:\brain_tumor\🧠 brain tumor mri dataset\classification_task\test\no_tumor\brisc2025_test_00622_no_co_t1.jpg,3,3,3,3,3,3,True,True,True
d:\brain_tumor\🧠 brain tumor mri dataset\classification_task\test\no_tumor\brisc2025_test_00623_no_co_t1.jpg,3,3,3,3,3,3,True,True,True
d:\brain_tumor\🧠 brain tumor mri dataset\classification_task\test\no_tumor\brisc2025_test_00624_no_co_t1.jpg,3,3,3,3,3,3,True,True,True
d:\brain_tumor\🧠 brain tumor mri dataset\classification_task\test\no_tumor\brisc2025_test_00625_no_co_t1.jpg,3,3,3,3,3,3,True,True,True
d:\brain_tumor\🧠 brain tumor mri dataset\classification_task\test\no_tumor\brisc2025_test_00626_no_co_t1.jpg,3,3,3,3,3,3,True,True,True
d:\brain_tumor\🧠 brain tumor mri dataset\classification_task\test\no_tumor\brisc2025_test_00627_no_co_t1.jpg,3,3,3,3,3,3,True,True,True
d:\brain_tumor\🧠 brain tumor mri dataset\classification_task\test\no_tumor\brisc2025_test_00628_no_co_t1.jpg,3,3,3,3,3,3,True,True,True
d:\brain_tumor\🧠 brain tumor mri dataset\classification_task\test\no_tumor\brisc2025_test_00629_no_co_t1.jpg,3,3,3,3,3,3,True,True,True
d:\brain_tumor\🧠 brain tumor mri dataset\classification_task\test\no_tumor\brisc2025_test_00630_no_co_t1.jpg,3,3,3,3,3,3,True,True,True
d:\brain_tumor\🧠 brain tumor mri dataset\classification_task\test\no_tumor\brisc2025_test_00631_no_co_t1.jpg,3,3,3,3,3,3,True,True,True
d:\brain_tumor\🧠 brain tumor mri dataset\classification_task\test\no_tumor\brisc2025_test_00632_no_co_t1.jpg,3,3,3,3,3,3,True,True,True
d:\brain_tumor\🧠 brain tumor mri dataset\classification_task\test\no_tumor\brisc2025_test_00633_no_co_t1.jpg,3,3,3,3,3,3,True,True,True
d:\brain_tumor\🧠 brain tumor mri dataset\classification_task\test\no_tumor\brisc2025_test_00634_no_co_t1.jpg,3,3,3,3,3,3,True,True,True
d:\brain_tumor\🧠 brain tumor mri dataset\classification_task\test\no_tumor\brisc2025_test_00635_no_co_t1.jpg,3,3,3,3,3,3,True,True,True
d:\brain_tumor\🧠 brain tumor mri dataset\classification_task\test\no_tumor\brisc2025_test_00636_no_co_t1.jpg,3,3,3,3,3,3,True,True,True
d:\brain_tumor\🧠 brain tumor mri dataset\classification_task\test\no_tumor\brisc2025_test_00637_no_co_t1.jpg,3,3,3,3,3,3,True,True,True
d:\brain_tumor\🧠 brain tumor mri dataset\classification_task\test\no_tumor\brisc2025_test_00638_no_co_t1.jpg,3,3,3,3,3,3,True,True,True
d:\brain_tumor\🧠 brain tumor mri dataset\classification_task\test\no_tumor\brisc2025_test_00639_no_co_t1.jpg,3,3,3,3,3,3,True,True,True
d:\brain_tumor\🧠 brain tumor mri dataset\classification_task\test\no_tumor\brisc2025_test_00640_no_co_t1.jpg,3,3,3,3,3,3,True,True,True
d:\brain_tumor\🧠 brain tumor mri dataset\classification_task\test\no_tumor\brisc2025_test_00641_no_co_t1.jpg,3,3,3,3,3,3,True,True,True
d:\brain_tumor\🧠 brain tumor mri dataset\classification_task\test\no_tumor\brisc2025_test_00642_no_co_t1.jpg,3,3,3,3,3,3,True,True,True
d:\brain_tumor\🧠 brain tumor mri dataset\classification_task\test\no_tumor\brisc2025_test_00643_no_co_t1.jpg,3,3,3,3,3,3,True,True,True
d:\brain_tumor\🧠 brain tumor mri dataset\classification_task\test\no_tumor\brisc2025_test_00644_no_co_t1.jpg,3,3,3,3,3,3,True,True,True
d:\brain_tumor\🧠 brain tumor mri dataset\classification_task\test\no_tumor\brisc2025_test_00645_no_co_t1.jpg,3,3,3,3,3,3,True,True,True
d:\brain_tumor\🧠 brain tumor mri dataset\classification_task\test\no_tumor\brisc2025_test_00646_no_co_t1.jpg,3,3,3,3,3,3,True,True,True
d:\brain_tumor\🧠 brain tumor mri dataset\classification_task\test\no_tumor\brisc2025_test_00647_no_co_t1.jpg,3,3,3,3,3,3,True,True,True
d:\brain_tumor\🧠 brain tumor mri dataset\classification_task\test\no_tumor\brisc2025_test_00648_no_co_t1.jpg,3,3,3,3,3,3,True,True,True
d:\brain_tumor\🧠 brain tumor mri dataset\classification_task\test\no_tumor\brisc2025_test_00649_no_co_t1.jpg,3,3,3,3,3,3,True,True,True
d:\brain_tumor\🧠 brain tumor mri dataset\classification_task\test\no_tumor\brisc2025_test_00650_no_co_t1.jpg,3,3,3,3,3,3,True,True,True
d:\brain_tumor\🧠 brain tumor mri dataset\classification_task\test\no_tumor\brisc2025_test_00651_no_co_t1.jpg,3,3,3,3,3,3,True,True,True
d:\brain_tumor\🧠 brain tumor mri dataset\classification_task\test\no_tumor\brisc2025_test_00652_no_co_t1.jpg,3,3,3,3,3,3,True,True,True
d:\brain_tumor\🧠 brain tumor mri dataset\classification_task\test\no_tumor\brisc2025_test_00653_no_co_t1.jpg,3,3,3,3,3,3,True,True,True
d:\brain_tumor\🧠 brain tumor mri dataset\classification_task\test\no_tumor\brisc2025_test_00654_no_co_t1.jpg,3,3,3,3,3,3,True,True,True
d:\brain_tumor\🧠 brain tumor mri dataset\classification_task\test\no_tumor\brisc2025_test_00655_no_co_t1.jpg,3,3,3,3,3,3,True,True,True
d:\brain_tumor\🧠 brain tumor mri dataset\classification_task\test\no_tumor\brisc2025_test_00656_no_co_t1.jpg,3,3,3,3,3,3,True,True,True
d:\brain_tumor\🧠 brain tumor mri dataset\classification_task\test\no_tumor\brisc2025_test_00657_no_co_t1.jpg,3,3,3,3,3,3,True,True,True
d:\brain_tumor\🧠 brain tumor mri dataset\classification_task\test\no_tumor\brisc2025_test_00658_no_co_t1.jpg,3,3,3,3,3,3,True,True,True
d:\brain_tumor\🧠 brain tumor mri dataset\classification_task\test\no_tumor\brisc2025_test_00659_no_co_t1.jpg,3,3,3,3,3,3,True,True,True
d:\brain_tumor\🧠 brain tumor mri dataset\classification_task\test\no_tumor\brisc2025_test_00660_no_co_t1.jpg,3,3,3,3,3,3,True,True,True
d:\brain_tumor\🧠 brain tumor mri dataset\classification_task\test\no_tumor\brisc2025_test_00661_no_sa_t1.jpg,3,3,3,3,3,3,True,True,True
d:\brain_tumor\🧠 brain tumor mri dataset\classification_task\test\no_tumor\brisc2025_test_00662_no_sa_t1.jpg,3,3,3,3,3,3,True,True,True
d:\brain_tumor\🧠 brain tumor mri dataset\classification_task\test\no_tumor\brisc2025_test_00663_no_sa_t1.jpg,3,3,3,3,3,3,True,True,True
d:\brain_tumor\🧠 brain tumor mri dataset\classification_task\test\no_tumor\brisc2025_test_00664_no_sa_t1.jpg,3,3,3,3,3,3,True,True,True
d:\brain_tumor\🧠 brain tumor mri dataset\classification_task\test\no_tumor\brisc2025_test_00665_no_sa_t1.jpg,3,3,3,3,3,3,True,True,True
d:\brain_tumor\🧠 brain tumor mri dataset\classification_task\test\no_tumor\brisc2025_test_00666_no_sa_t1.jpg,3,3,3,3,3,3,True,True,True
d:\brain_tumor\🧠 brain tumor mri dataset\classification_task\test\no_tumor\brisc2025_test_00667_no_sa_t1.jpg,3,3,3,3,3,3,True,True,True
d:\brain_tumor\🧠 brain tumor mri dataset\classification_task\test\no_tumor\brisc2025_test_00668_no_sa_t1.jpg,3,3,3,3,3,3,True,True,True
d:\brain_tumor\🧠 brain tumor mri dataset\classification_task\test\no_tumor\brisc2025_test_00669_no_sa_t1.jpg,3,3,3,3,3,3,True,True,True
d:\brain_tumor\🧠 brain tumor mri dataset\classification_task\test\no_tumor\brisc2025_test_00670_no_sa_t1.jpg,3,3,3,3,3,3,True,True,True
d:\brain_tumor\🧠 brain tumor mri dataset\classification_task\test\no_tumor\brisc2025_test_00671_no_sa_t1.jpg,3,3,3,3,3,3,True,True,True
d:\brain_tumor\🧠 brain tumor mri dataset\classification_task\test\no_tumor\brisc2025_test_00672_no_sa_t1.jpg,3,3,3,3,3,3,True,True,True
d:\brain_tumor\🧠 brain tumor mri dataset\classification_task\test\no_tumor\brisc2025_test_00673_no_sa_t1.jpg,3,3,3,3,3,3,True,True,True
d:\brain_tumor\🧠 brain tumor mri dataset\classification_task\test\no_tumor\brisc2025_test_00674_no_sa_t1.jpg,3,3,3,3,3,3,True,True,True
d:\brain_tumor\🧠 brain tumor mri dataset\classification_task\test\no_tumor\brisc2025_test_00675_no_sa_t1.jpg,3,3,3,3,3,3,True,True,True
d:\brain_tumor\🧠 brain tumor mri dataset\classification_task\test\no_tumor\brisc2025_test_00676_no_sa_t1.jpg,3,3,3,3,3,3,True,True,True
d:\brain_tumor\🧠 brain tumor mri dataset\classification_task\test\no_tumor\brisc2025_test_00677_no_sa_t1.jpg,3,3,3,3,3,3,True,True,True
d:\brain_tumor\🧠 brain tumor mri dataset\classification_task\test\no_tumor\brisc2025_test_00678_no_sa_t1.jpg,3,3,3,3,3,3,True,True,True
d:\brain_tumor\🧠 brain tumor mri dataset\classification_task\test\no_tumor\brisc2025_test_00679_no_sa_t1.jpg,3,3,3,3,3,3,True,True,True
d:\brain_tumor\🧠 brain tumor mri dataset\classification_task\test\no_tumor\brisc2025_test_00680_no_sa_t1.jpg,3,3,3,3,3,3,True,True,True
d:\brain_tumor\🧠 brain tumor mri dataset\classification_task\test\no_tumor\brisc2025_test_00681_no_sa_t1.jpg,3,3,3,3,3,3,True,True,True
d:\brain_tumor\🧠 brain tumor mri dataset\classification_task\test\no_tumor\brisc2025_test_00682_no_sa_t1.jpg,3,3,3,3,3,3,True,True,True
d:\brain_tumor\🧠 brain tumor mri dataset\classification_task\test\no_tumor\brisc2025_test_00683_no_sa_t1.jpg,3,3,3,3,3,3,True,True,True
d:\brain_tumor\🧠 brain tumor mri dataset\classification_task\test\no_tumor\brisc2025_test_00684_no_sa_t1.jpg,3,3,3,3,3,3,True,True,True
d:\brain_tumor\🧠 brain tumor mri dataset\classification_task\test\no_tumor\brisc2025_test_00685_no_sa_t1.jpg,3,3,3,3,3,3,True,True,True
d:\brain_tumor\🧠 brain tumor mri dataset\classification_task\test\no_tumor\brisc2025_test_00686_no_sa_t1.jpg,3,3,3,3,3,3,True,True,True
d:\brain_tumor\🧠 brain tumor mri dataset\classification_task\test\no_tumor\brisc2025_test_00687_no_sa_t1.jpg,3,3,3,3,3,3,True,True,True
d:\brain_tumor\🧠 brain tumor mri dataset\classification_task\test\no_tumor\brisc2025_test_00688_no_sa_t1.jpg,3,3,3,3,3,3,True,True,True
d:\brain_tumor\🧠 brain tumor mri dataset\classification_task\test\no_tumor\brisc2025_test_00689_no_sa_t1.jpg,3,3,3,3,3,3,True,True,True
d:\brain_tumor\🧠 brain tumor mri dataset\classification_task\test\no_tumor\brisc2025_test_00690_no_sa_t1.jpg,3,3,3,3,3,3,True,True,True
d:\brain_tumor\🧠 brain tumor mri dataset\classification_task\test\no_tumor\brisc2025_test_00691_no_sa_t1.jpg,3,3,3,3,3,3,True,True,True
d:\brain_tumor\🧠 brain tumor mri dataset\classification_task\test\no_tumor\brisc2025_test_00692_no_sa_t1.jpg,3,3,3,3,3,3,True,True,True
d:\brain_tumor\🧠 brain tumor mri dataset\classification_task\test\no_tumor\brisc2025_test_00693_no_sa_t1.jpg,3,3,3,3,3,3,True,True,True
d:\brain_tumor\🧠 brain tumor mri dataset\classification_task\test\no_tumor\brisc2025_test_00694_no_sa_t1.jpg,3,3,3,3,3,3,True,True,True
d:\brain_tumor\🧠 brain tumor mri dataset\classification_task\test\no_tumor\brisc2025_test_00695_no_sa_t1.jpg,3,3,3,3,3,3,True,True,True
d:\brain_tumor\🧠 brain tumor mri dataset\classification_task\test\no_tumor\brisc2025_test_00696_no_sa_t1.jpg,3,3,3,3,3,3,True,True,True
d:\brain_tumor\🧠 brain tumor mri dataset\classification_task\test\no_tumor\brisc2025_test_00697_no_sa_t1.jpg,3,3,3,3,3,3,True,True,True
d:\brain_tumor\🧠 brain tumor mri dataset\classification_task\test\no_tumor\brisc2025_test_00698_no_sa_t1.jpg,3,3,3,3,3,3,True,True,True
d:\brain_tumor\🧠 brain tumor mri dataset\classification_task\test\no_tumor\brisc2025_test_00699_no_sa_t1.jpg,3,3,3,3,3,3,True,True,True
d:\brain_tumor\🧠 brain tumor mri dataset\classification_task\test\no_tumor\brisc2025_test_00700_no_sa_t1.jpg,3,3,3,3,3,3,True,True,True
d:\brain_tumor\🧠 brain tumor mri dataset\classification_task\test\pituitary\brisc2025_test_00701_pi_ax_t1.jpg,2,2,2,2,2,2,True,True,True
d:\brain_tumor\🧠 brain tumor mri dataset\classification_task\test\pituitary\brisc2025_test_00702_pi_ax_t1.jpg,2,2,2,2,2,2,True,True,True
d:\brain_tumor\🧠 brain tumor mri dataset\classification_task\test\pituitary\brisc2025_test_00703_pi_ax_t1.jpg,2,2,2,2,2,2,True,True,True
d:\brain_tumor\🧠 brain tumor mri dataset\classification_task\test\pituitary\brisc2025_test_00704_pi_ax_t1.jpg,2,2,2,2,2,2,True,True,True
d:\brain_tumor\🧠 brain tumor mri dataset\classification_task\test\pituitary\brisc2025_test_00705_pi_ax_t1.jpg,2,2,2,2,2,2,True,True,True
d:\brain_tumor\🧠 brain tumor mri dataset\classification_task\test\pituitary\brisc2025_test_00706_pi_ax_t1.jpg,2,2,2,2,2,2,True,True,True
d:\brain_tumor\🧠 brain tumor mri dataset\classification_task\test\pituitary\brisc2025_test_00707_pi_ax_t1.jpg,2,2,2,2,2,2,True,True,True
d:\brain_tumor\🧠 brain tumor mri dataset\classification_task\test\pituitary\brisc2025_test_00708_pi_ax_t1.jpg,2,2,2,2,2,2,True,True,True
d:\brain_tumor\🧠 brain tumor mri dataset\classification_task\test\pituitary\brisc2025_test_00709_pi_ax_t1.jpg,2,2,2,2,2,2,True,True,True
d:\brain_tumor\🧠 brain tumor mri dataset\classification_task\test\pituitary\brisc2025_test_00710_pi_ax_t1.jpg,2,2,2,2,2,2,True,True,True
d:\brain_tumor\🧠 brain tumor mri dataset\classification_task\test\pituitary\brisc2025_test_00711_pi_ax_t1.jpg,2,2,2,2,2,2,True,True,True
d:\brain_tumor\🧠 brain tumor mri dataset\classification_task\test\pituitary\brisc2025_test_00712_pi_ax_t1.jpg,2,2,2,2,2,2,True,True,True
d:\brain_tumor\🧠 brain tumor mri dataset\classification_task\test\pituitary\brisc2025_test_00713_pi_ax_t1.jpg,2,2,2,2,2,2,True,True,True
d:\brain_tumor\🧠 brain tumor mri dataset\classification_task\test\pituitary\brisc2025_test_00714_pi_ax_t1.jpg,2,2,2,2,2,2,True,True,True
d:\brain_tumor\🧠 brain tumor mri dataset\classification_task\test\pituitary\brisc2025_test_00715_pi_ax_t1.jpg,2,2,2,2,2,2,True,True,True
d:\brain_tumor\🧠 brain tumor mri dataset\classification_task\test\pituitary\brisc2025_test_00716_pi_ax_t1.jpg,2,2,2,2,2,2,True,True,True
d:\brain_tumor\🧠 brain tumor mri dataset\classification_task\test\pituitary\brisc2025_test_00717_pi_ax_t1.jpg,2,2,2,2,2,2,True,True,True
d:\brain_tumor\🧠 brain tumor mri dataset\classification_task\test\pituitary\brisc2025_test_00718_pi_ax_t1.jpg,2,2,2,2,2,2,True,True,True
d:\brain_tumor\🧠 brain tumor mri dataset\classification_task\test\pituitary\brisc2025_test_00719_pi_ax_t1.jpg,2,2,2,2,2,2,True,True,True
d:\brain_tumor\🧠 brain tumor mri dataset\classification_task\test\pituitary\brisc2025_test_00720_pi_ax_t1.jpg,2,2,2,2,2,2,True,True,True
d:\brain_tumor\🧠 brain tumor mri dataset\classification_task\test\pituitary\brisc2025_test_00721_pi_ax_t1.jpg,2,2,2,2,2,2,True,True,True
d:\brain_tumor\🧠 brain tumor mri dataset\classification_task\test\pituitary\brisc2025_test_00722_pi_ax_t1.jpg,2,2,2,2,2,2,True,True,True
d:\brain_tumor\🧠 brain tumor mri dataset\classification_task\test\pituitary\brisc2025_test_00723_pi_ax_t1.jpg,2,2,2,2,2,2,True,True,True
d:\brain_tumor\🧠 brain tumor mri dataset\classification_task\test\pituitary\brisc2025_test_00724_pi_ax_t1.jpg,2,2,2,2,2,2,True,True,True
d:\brain_tumor\🧠 brain tumor mri dataset\classification_task\test\pituitary\brisc2025_test_00725_pi_ax_t1.jpg,2,2,2,2,2,2,True,True,True
d:\brain_tumor\🧠 brain tumor mri dataset\classification_task\test\pituitary\brisc2025_test_00726_pi_ax_t1.jpg,2,2,2,2,2,2,True,True,True
d:\brain_tumor\🧠 brain tumor mri dataset\classification_task\test\pituitary\brisc2025_test_00727_pi_ax_t1.jpg,2,2,2,2,2,2,True,True,True
d:\brain_tumor\🧠 brain tumor mri dataset\classification_task\test\pituitary\brisc2025_test_00728_pi_ax_t1.jpg,2,2,2,2,2,2,True,True,True
d:\brain_tumor\🧠 brain tumor mri dataset\classification_task\test\pituitary\brisc2025_test_00729_pi_ax_t1.jpg,2,2,2,2,2,2,True,True,True
d:\brain_tumor\🧠 brain tumor mri dataset\classification_task\test\pituitary\brisc2025_test_00730_pi_ax_t1.jpg,2,2,2,2,2,2,True,True,True
d:\brain_tumor\🧠 brain tumor mri dataset\classification_task\test\pituitary\brisc2025_test_00731_pi_ax_t1.jpg,2,2,2,2,2,2,True,True,True
d:\brain_tumor\🧠 brain tumor mri dataset\classification_task\test\pituitary\brisc2025_test_00732_pi_ax_t1.jpg,2,2,2,2,2,2,True,True,True
d:\brain_tumor\🧠 brain tumor mri dataset\classification_task\test\pituitary\brisc2025_test_00733_pi_ax_t1.jpg,2,2,2,2,2,2,True,True,True
d:\brain_tumor\🧠 brain tumor mri dataset\classification_task\test\pituitary\brisc2025_test_00734_pi_ax_t1.jpg,2,2,2,2,2,2,True,True,True
d:\brain_tumor\🧠 brain tumor mri dataset\classification_task\test\pituitary\brisc2025_test_00735_pi_ax_t1.jpg,2,2,2,2,2,2,True,True,True
d:\brain_tumor\🧠 brain tumor mri dataset\classification_task\test\pituitary\brisc2025_test_00736_pi_ax_t1.jpg,2,2,2,2,2,2,True,True,True
d:\brain_tumor\🧠 brain tumor mri dataset\classification_task\test\pituitary\brisc2025_test_00737_pi_ax_t1.jpg,2,2,2,2,2,2,True,True,True
d:\brain_tumor\🧠 brain tumor mri dataset\classification_task\test\pituitary\brisc2025_test_00738_pi_ax_t1.jpg,2,2,2,2,2,2,True,True,True
d:\brain_tumor\🧠 brain tumor mri dataset\classification_task\test\pituitary\brisc2025_test_00739_pi_ax_t1.jpg,2,2,2,2,2,2,True,True,True
d:\brain_tumor\🧠 brain tumor mri dataset\classification_task\test\pituitary\brisc2025_test_00740_pi_ax_t1.jpg,2,2,2,2,2,2,True,True,True
d:\brain_tumor\🧠 brain tumor mri dataset\classification_task\test\pituitary\brisc2025_test_00741_pi_ax_t1.jpg,2,2,2,2,2,2,True,True,True
d:\brain_tumor\🧠 brain tumor mri dataset\classification_task\test\pituitary\brisc2025_test_00742_pi_ax_t1.jpg,2,2,2,2,2,2,True,True,True
d:\brain_tumor\🧠 brain tumor mri dataset\classification_task\test\pituitary\brisc2025_test_00743_pi_ax_t1.jpg,2,2,2,2,2,2,True,True,True
d:\brain_tumor\🧠 brain tumor mri dataset\classification_task\test\pituitary\brisc2025_test_00744_pi_ax_t1.jpg,2,2,2,2,2,2,True,True,True
d:\brain_tumor\🧠 brain tumor mri dataset\classification_task\test\pituitary\brisc2025_test_00745_pi_ax_t1.jpg,2,2,2,2,2,2,True,True,True
d:\brain_tumor\🧠 brain tumor mri dataset\classification_task\test\pituitary\brisc2025_test_00746_pi_ax_t1.jpg,2,2,2,2,2,2,True,True,True
d:\brain_tumor\🧠 brain tumor mri dataset\classification_task\test\pituitary\brisc2025_test_00747_pi_ax_t1.jpg,2,2,2,2,2,2,True,True,True
d:\brain_tumor\🧠 brain tumor mri dataset\classification_task\test\pituitary\brisc2025_test_00748_pi_ax_t1.jpg,2,2,2,2,2,2,True,True,True
d:\brain_tumor\🧠 brain tumor mri dataset\classification_task\test\pituitary\brisc2025_test_00749_pi_ax_t1.jpg,2,2,2,2,2,2,True,True,True
d:\brain_tumor\🧠 brain tumor mri dataset\classification_task\test\pituitary\brisc2025_test_00750_pi_ax_t1.jpg,2,2,2,2,2,2,True,True,True
d:\brain_tumor\🧠 brain tumor mri dataset\classification_task\test\pituitary\brisc2025_test_00751_pi_ax_t1.jpg,2,2,2,2,2,2,True,True,True
d:\brain_tumor\🧠 brain tumor mri dataset\classification_task\test\pituitary\brisc2025_test_00752_pi_ax_t1.jpg,2,2,2,2,2,2,True,True,True
d:\brain_tumor\🧠 brain tumor mri dataset\classification_task\test\pituitary\brisc2025_test_00753_pi_ax_t1.jpg,2,2,2,2,2,2,True,True,True
d:\brain_tumor\🧠 brain tumor mri dataset\classification_task\test\pituitary\brisc2025_test_00754_pi_ax_t1.jpg,2,2,2,2,2,2,True,True,True
d:\brain_tumor\🧠 brain tumor mri dataset\classification_task\test\pituitary\brisc2025_test_00755_pi_ax_t1.jpg,2,2,2,2,2,2,True,True,True
d:\brain_tumor\🧠 brain tumor mri dataset\classification_task\test\pituitary\brisc2025_test_00756_pi_ax_t1.jpg,2,2,2,2,2,2,True,True,True
d:\brain_tumor\🧠 brain tumor mri dataset\classification_task\test\pituitary\brisc2025_test_00757_pi_ax_t1.jpg,2,2,2,2,2,2,True,True,True
d:\brain_tumor\🧠 brain tumor mri dataset\classification_task\test\pituitary\brisc2025_test_00758_pi_ax_t1.jpg,2,2,2,2,2,2,True,True,True
d:\brain_tumor\🧠 brain tumor mri dataset\classification_task\test\pituitary\brisc2025_test_00759_pi_ax_t1.jpg,2,2,2,2,2,2,True,True,True
d:\brain_tumor\🧠 brain tumor mri dataset\classification_task\test\pituitary\brisc2025_test_00760_pi_ax_t1.jpg,2,2,2,2,2,2,True,True,True
d:\brain_tumor\🧠 brain tumor mri dataset\classification_task\test\pituitary\brisc2025_test_00761_pi_ax_t1.jpg,2,2,2,2,2,2,True,True,True
d:\brain_tumor\🧠 brain tumor mri dataset\classification_task\test\pituitary\brisc2025_test_00762_pi_ax_t1.jpg,2,2,2,2,2,2,True,True,True
d:\brain_tumor\🧠 brain tumor mri dataset\classification_task\test\pituitary\brisc2025_test_00763_pi_ax_t1.jpg,2,2,2,2,2,2,True,True,True
d:\brain_tumor\🧠 brain tumor mri dataset\classification_task\test\pituitary\brisc2025_test_00764_pi_ax_t1.jpg,2,2,2,2,2,2,True,True,True
d:\brain_tumor\🧠 brain tumor mri dataset\classification_task\test\pituitary\brisc2025_test_00765_pi_ax_t1.jpg,2,2,2,2,2,2,True,True,True
d:\brain_tumor\🧠 brain tumor mri dataset\classification_task\test\pituitary\brisc2025_test_00766_pi_ax_t1.jpg,2,2,2,2,2,2,True,True,True
d:\brain_tumor\🧠 brain tumor mri dataset\classification_task\test\pituitary\brisc2025_test_00767_pi_ax_t1.jpg,2,2,2,2,2,2,True,True,True
d:\brain_tumor\🧠 brain tumor mri dataset\classification_task\test\pituitary\brisc2025_test_00768_pi_ax_t1.jpg,2,2,2,2,2,2,True,True,True
d:\brain_tumor\🧠 brain tumor mri dataset\classification_task\test\pituitary\brisc2025_test_00769_pi_ax_t1.jpg,2,2,2,2,2,2,True,True,True
d:\brain_tumor\🧠 brain tumor mri dataset\classification_task\test\pituitary\brisc2025_test_00770_pi_ax_t1.jpg,2,2,2,2,2,2,True,True,True
d:\brain_tumor\🧠 brain tumor mri dataset\classification_task\test\pituitary\brisc2025_test_00771_pi_ax_t1.jpg,2,2,2,2,2,2,True,True,True
d:\brain_tumor\🧠 brain tumor mri dataset\classification_task\test\pituitary\brisc2025_test_00772_pi_ax_t1.jpg,2,2,2,2,2,2,True,True,True
d:\brain_tumor\🧠 brain tumor mri dataset\classification_task\test\pituitary\brisc2025_test_00773_pi_ax_t1.jpg,2,2,2,2,2,2,True,True,True
d:\brain_tumor\🧠 brain tumor mri dataset\classification_task\test\pituitary\brisc2025_test_00774_pi_ax_t1.jpg,2,2,2,2,2,2,True,True,True
d:\brain_tumor\🧠 brain tumor mri dataset\classification_task\test\pituitary\brisc2025_test_00775_pi_ax_t1.jpg,2,2,2,2,2,2,True,True,True
d:\brain_tumor\🧠 brain tumor mri dataset\classification_task\test\pituitary\brisc2025_test_00776_pi_ax_t1.jpg,2,2,2,2,2,2,True,True,True
d:\brain_tumor\🧠 brain tumor mri dataset\classification_task\test\pituitary\brisc2025_test_00777_pi_ax_t1.jpg,2,2,2,2,2,2,True,True,True
d:\brain_tumor\🧠 brain tumor mri dataset\classification_task\test\pituitary\brisc2025_test_00778_pi_ax_t1.jpg,2,2,2,2,2,2,True,True,True
d:\brain_tumor\🧠 brain tumor mri dataset\classification_task\test\pituitary\brisc2025_test_00779_pi_ax_t1.jpg,2,2,2,2,2,2,True,True,True
d:\brain_tumor\🧠 brain tumor mri dataset\classification_task\test\pituitary\brisc2025_test_00780_pi_ax_t1.jpg,2,2,2,2,2,2,True,True,True
d:\brain_tumor\🧠 brain tumor mri dataset\classification_task\test\pituitary\brisc2025_test_00781_pi_ax_t1.jpg,2,2,2,2,2,2,True,True,True
d:\brain_tumor\🧠 brain tumor mri dataset\classification_task\test\pituitary\brisc2025_test_00782_pi_ax_t1.jpg,2,2,2,2,2,2,True,True,True
d:\brain_tumor\🧠 brain tumor mri dataset\classification_task\test\pituitary\brisc2025_test_00783_pi_ax_t1.jpg,2,2,2,2,2,2,True,True,True
d:\brain_tumor\🧠 brain tumor mri dataset\classification_task\test\pituitary\brisc2025_test_00784_pi_ax_t1.jpg,2,2,2,2,2,2,True,True,True
d:\brain_tumor\🧠 brain tumor mri dataset\classification_task\test\pituitary\brisc2025_test_00785_pi_ax_t1.jpg,2,2,2,2,2,2,True,True,True
d:\brain_tumor\🧠 brain tumor mri dataset\classification_task\test\pituitary\brisc2025_test_00786_pi_ax_t1.jpg,2,2,2,2,2,2,True,True,True
d:\brain_tumor\🧠 brain tumor mri dataset\classification_task\test\pituitary\brisc2025_test_00787_pi_ax_t1.jpg,2,2,2,2,2,2,True,True,True
d:\brain_tumor\🧠 brain tumor mri dataset\classification_task\test\pituitary\brisc2025_test_00788_pi_ax_t1.jpg,2,2,2,2,2,2,True,True,True
d:\brain_tumor\🧠 brain tumor mri dataset\classification_task\test\pituitary\brisc2025_test_00789_pi_ax_t1.jpg,2,2,2,2,2,2,True,True,True
d:\brain_tumor\🧠 brain tumor mri dataset\classification_task\test\pituitary\brisc2025_test_00790_pi_ax_t1.jpg,2,2,2,2,2,2,True,True,True
d:\brain_tumor\🧠 brain tumor mri dataset\classification_task\test\pituitary\brisc2025_test_00791_pi_ax_t1.jpg,2,2,2,2,2,2,True,True,True
d:\brain_tumor\🧠 brain tumor mri dataset\classification_task\test\pituitary\brisc2025_test_00792_pi_ax_t1.jpg,2,2,2,2,2,2,True,True,True
d:\brain_tumor\🧠 brain tumor mri dataset\classification_task\test\pituitary\brisc2025_test_00793_pi_ax_t1.jpg,2,2,2,2,2,2,True,True,True
d:\brain_tumor\🧠 brain tumor mri dataset\classification_task\test\pituitary\brisc2025_test_00794_pi_ax_t1.jpg,2,2,2,2,2,2,True,True,True
d:\brain_tumor\🧠 brain tumor mri dataset\classification_task\test\pituitary\brisc2025_test_00795_pi_ax_t1.jpg,2,2,2,2,2,2,True,True,True
d:\brain_tumor\🧠 brain tumor mri dataset\classification_task\test\pituitary\brisc2025_test_00796_pi_ax_t1.jpg,2,2,2,2,2,2,True,True,True
d:\brain_tumor\🧠 brain tumor mri dataset\classification_task\test\pituitary\brisc2025_test_00797_pi_ax_t1.jpg,2,2,2,2,2,2,True,True,True
d:\brain_tumor\🧠 brain tumor mri dataset\classification_task\test\pituitary\brisc2025_test_00798_pi_ax_t1.jpg,2,2,2,2,2,2,True,True,True
d:\brain_tumor\🧠 brain tumor mri dataset\classification_task\test\pituitary\brisc2025_test_00799_pi_ax_t1.jpg,2,2,2,2,2,2,True,True,True
d:\brain_tumor\🧠 brain tumor mri dataset\classification_task\test\pituitary\brisc2025_test_00800_pi_ax_t1.jpg,2,2,2,2,2,2,True,True,True
d:\brain_tumor\🧠 brain tumor mri dataset\classification_task\test\pituitary\brisc2025_test_00801_pi_ax_t1.jpg,2,2,2,2,2,2,True,True,True
d:\brain_tumor\🧠 brain tumor mri dataset\classification_task\test\pituitary\brisc2025_test_00802_pi_ax_t1.jpg,2,2,2,2,2,2,True,True,True
d:\brain_tumor\🧠 brain tumor mri dataset\classification_task\test\pituitary\brisc2025_test_00803_pi_ax_t1.jpg,2,2,2,2,2,2,True,True,True
d:\brain_tumor\🧠 brain tumor mri dataset\classification_task\test\pituitary\brisc2025_test_00804_pi_ax_t1.jpg,2,2,2,2,2,2,True,True,True
d:\brain_tumor\🧠 brain tumor mri dataset\classification_task\test\pituitary\brisc2025_test_00805_pi_ax_t1.jpg,2,2,2,2,2,2,True,True,True
d:\brain_tumor\🧠 brain tumor mri dataset\classification_task\test\pituitary\brisc2025_test_00806_pi_ax_t1.jpg,2,2,2,2,2,2,True,True,True
d:\brain_tumor\🧠 brain tumor mri dataset\classification_task\test\pituitary\brisc2025_test_00807_pi_ax_t1.jpg,2,2,2,2,2,2,True,True,True
d:\brain_tumor\🧠 brain tumor mri dataset\classification_task\test\pituitary\brisc2025_test_00808_pi_ax_t1.jpg,2,2,2,2,2,2,True,True,True
d:\brain_tumor\🧠 brain tumor mri dataset\classification_task\test\pituitary\brisc2025_test_00809_pi_ax_t1.jpg,2,2,2,2,2,2,True,True,True
d:\brain_tumor\🧠 brain tumor mri dataset\classification_task\test\pituitary\brisc2025_test_00810_pi_ax_t1.jpg,2,2,2,2,2,2,True,True,True
d:\brain_tumor\🧠 brain tumor mri dataset\classification_task\test\pituitary\brisc2025_test_00811_pi_ax_t1.jpg,2,2,2,2,2,2,True,True,True
d:\brain_tumor\🧠 brain tumor mri dataset\classification_task\test\pituitary\brisc2025_test_00812_pi_ax_t1.jpg,2,2,2,2,2,2,True,True,True
d:\brain_tumor\🧠 brain tumor mri dataset\classification_task\test\pituitary\brisc2025_test_00813_pi_ax_t1.jpg,2,2,2,2,2,2,True,True,True
d:\brain_tumor\🧠 brain tumor mri dataset\classification_task\test\pituitary\brisc2025_test_00814_pi_ax_t1.jpg,2,2,2,2,2,2,True,True,True
d:\brain_tumor\🧠 brain tumor mri dataset\classification_task\test\pituitary\brisc2025_test_00815_pi_ax_t1.jpg,2,2,2,2,2,2,True,True,True
d:\brain_tumor\🧠 brain tumor mri dataset\classification_task\test\pituitary\brisc2025_test_00816_pi_ax_t1.jpg,2,2,2,2,2,2,True,True,True
d:\brain_tumor\🧠 brain tumor mri dataset\classification_task\test\pituitary\brisc2025_test_00817_pi_ax_t1.jpg,2,2,2,2,2,2,True,True,True
d:\brain_tumor\🧠 brain tumor mri dataset\classification_task\test\pituitary\brisc2025_test_00818_pi_ax_t1.jpg,2,2,2,2,2,2,True,True,True
d:\brain_tumor\🧠 brain tumor mri dataset\classification_task\test\pituitary\brisc2025_test_00819_pi_ax_t1.jpg,2,2,2,2,2,2,True,True,True
d:\brain_tumor\🧠 brain tumor mri dataset\classification_task\test\pituitary\brisc2025_test_00820_pi_ax_t1.jpg,2,2,2,2,2,3,True,True,False
d:\brain_tumor\🧠 brain tumor mri dataset\classification_task\test\pituitary\brisc2025_test_00821_pi_ax_t1.jpg,2,2,2,2,2,2,True,True,True
d:\brain_tumor\🧠 brain tumor mri dataset\classification_task\test\pituitary\brisc2025_test_00822_pi_ax_t1.jpg,2,2,2,2,2,2,True,True,True
d:\brain_tumor\🧠 brain tumor mri dataset\classification_task\test\pituitary\brisc2025_test_00823_pi_ax_t1.jpg,2,2,2,2,2,2,True,True,True
d:\brain_tumor\🧠 brain tumor mri dataset\classification_task\test\pituitary\brisc2025_test_00824_pi_ax_t1.jpg,2,2,2,2,2,2,True,True,True
d:\brain_tumor\🧠 brain tumor mri dataset\classification_task\test\pituitary\brisc2025_test_00825_pi_co_t1.jpg,2,2,2,2,2,2,True,True,True
d:\brain_tumor\🧠 brain tumor mri dataset\classification_task\test\pituitary\brisc2025_test_00826_pi_co_t1.jpg,2,2,2,1,2,1,True,False,False
d:\brain_tumor\🧠 brain tumor mri dataset\classification_task\test\pituitary\brisc2025_test_00827_pi_co_t1.jpg,2,2,2,2,2,2,True,True,True
d:\brain_tumor\🧠 brain tumor mri dataset\classification_task\test\pituitary\brisc2025_test_00828_pi_co_t1.jpg,2,2,2,2,2,2,True,True,True
d:\brain_tumor\🧠 brain tumor mri dataset\classification_task\test\pituitary\brisc2025_test_00829_pi_co_t1.jpg,2,2,2,2,2,2,True,True,True
d:\brain_tumor\🧠 brain tumor mri dataset\classification_task\test\pituitary\brisc2025_test_00830_pi_co_t1.jpg,2,2,2,2,2,2,True,True,True
d:\brain_tumor\🧠 brain tumor mri dataset\classification_task\test\pituitary\brisc2025_test_00831_pi_co_t1.jpg,2,2,2,2,2,2,True,True,True
d:\brain_tumor\🧠 brain tumor mri dataset\classification_task\test\pituitary\brisc2025_test_00832_pi_co_t1.jpg,2,2,2,2,2,2,True,True,True
d:\brain_tumor\🧠 brain tumor mri dataset\classification_task\test\pituitary\brisc2025_test_00833_pi_co_t1.jpg,2,2,2,2,2,2,True,True,True
d:\brain_tumor\🧠 brain tumor mri dataset\classification_task\test\pituitary\brisc2025_test_00834_pi_co_t1.jpg,2,2,2,2,2,2,True,True,True
d:\brain_tumor\🧠 brain tumor mri dataset\classification_task\test\pituitary\brisc2025_test_00835_pi_co_t1.jpg,2,2,2,2,2,2,True,True,True
d:\brain_tumor\🧠 brain tumor mri dataset\classification_task\test\pituitary\brisc2025_test_00836_pi_co_t1.jpg,2,2,2,2,2,2,True,True,True
d:\brain_tumor\🧠 brain tumor mri dataset\classification_task\test\pituitary\brisc2025_test_00837_pi_co_t1.jpg,2,2,2,2,2,2,True,True,True
d:\brain_tumor\🧠 brain tumor mri dataset\classification_task\test\pituitary\brisc2025_test_00838_pi_co_t1.jpg,2,2,2,2,2,2,True,True,True
d:\brain_tumor\🧠 brain tumor mri dataset\classification_task\test\pituitary\brisc2025_test_00839_pi_co_t1.jpg,2,2,2,2,2,2,True,True,True
d:\brain_tumor\🧠 brain tumor mri dataset\classification_task\test\pituitary\brisc2025_test_00840_pi_co_t1.jpg,2,2,2,2,2,2,True,True,True
d:\brain_tumor\🧠 brain tumor mri dataset\classification_task\test\pituitary\brisc2025_test_00841_pi_co_t1.jpg,2,2,2,2,2,2,True,True,True
d:\brain_tumor\🧠 brain tumor mri dataset\classification_task\test\pituitary\brisc2025_test_00842_pi_co_t1.jpg,2,2,2,2,2,2,True,True,True
d:\brain_tumor\🧠 brain tumor mri dataset\classification_task\test\pituitary\brisc2025_test_00843_pi_co_t1.jpg,2,2,2,2,2,2,True,True,True
d:\brain_tumor\🧠 brain tumor mri dataset\classification_task\test\pituitary\brisc2025_test_00844_pi_co_t1.jpg,2,2,2,2,2,2,True,True,True
d:\brain_tumor\🧠 brain tumor mri dataset\classification_task\test\pituitary\brisc2025_test_00845_pi_co_t1.jpg,2,2,2,2,2,2,True,True,True
d:\brain_tumor\🧠 brain tumor mri dataset\classification_task\test\pituitary\brisc2025_test_00846_pi_co_t1.jpg,2,2,2,2,2,2,True,True,True
d:\brain_tumor\🧠 brain tumor mri dataset\classification_task\test\pituitary\brisc2025_test_00847_pi_co_t1.jpg,2,2,2,2,2,2,True,True,True
d:\brain_tumor\🧠 brain tumor mri dataset\classification_task\test\pituitary\brisc2025_test_00848_pi_co_t1.jpg,2,2,2,2,2,2,True,True,True
d:\brain_tumor\🧠 brain tumor mri dataset\classification_task\test\pituitary\brisc2025_test_00849_pi_co_t1.jpg,2,2,2,2,2,2,True,True,True
d:\brain_tumor\🧠 brain tumor mri dataset\classification_task\test\pituitary\brisc2025_test_00850_pi_co_t1.jpg,2,2,2,2,2,2,True,True,True
d:\brain_tumor\🧠 brain tumor mri dataset\classification_task\test\pituitary\brisc2025_test_00851_pi_co_t1.jpg,2,2,2,2,2,2,True,True,True
d:\brain_tumor\🧠 brain tumor mri dataset\classification_task\test\pituitary\brisc2025_test_00852_pi_co_t1.jpg,2,2,2,2,2,2,True,True,True
d:\brain_tumor\🧠 brain tumor mri dataset\classification_task\test\pituitary\brisc2025_test_00853_pi_co_t1.jpg,2,2,2,2,2,2,True,True,True
d:\brain_tumor\🧠 brain tumor mri dataset\classification_task\test\pituitary\brisc2025_test_00854_pi_co_t1.jpg,2,2,2,2,2,2,True,True,True
d:\brain_tumor\🧠 brain tumor mri dataset\classification_task\test\pituitary\brisc2025_test_00855_pi_co_t1.jpg,2,2,2,2,2,2,True,True,True
d:\brain_tumor\🧠 brain tumor mri dataset\classification_task\test\pituitary\brisc2025_test_00856_pi_co_t1.jpg,2,2,2,2,2,2,True,True,True
d:\brain_tumor\🧠 brain tumor mri dataset\classification_task\test\pituitary\brisc2025_test_00857_pi_co_t1.jpg,2,2,2,2,2,2,True,True,True
d:\brain_tumor\🧠 brain tumor mri dataset\classification_task\test\pituitary\brisc2025_test_00858_pi_co_t1.jpg,2,2,2,2,2,2,True,True,True
d:\brain_tumor\🧠 brain tumor mri dataset\classification_task\test\pituitary\brisc2025_test_00859_pi_co_t1.jpg,2,2,2,2,2,2,True,True,True
d:\brain_tumor\🧠 brain tumor mri dataset\classification_task\test\pituitary\brisc2025_test_00860_pi_co_t1.jpg,2,2,2,2,2,2,True,True,True
d:\brain_tumor\🧠 brain tumor mri dataset\classification_task\test\pituitary\brisc2025_test_00861_pi_co_t1.jpg,2,2,2,2,2,2,True,True,True
d:\brain_tumor\🧠 brain tumor mri dataset\classification_task\test\pituitary\brisc2025_test_00862_pi_co_t1.jpg,2,2,2,2,2,2,True,True,True
d:\brain_tumor\🧠 brain tumor mri dataset\classification_task\test\pituitary\brisc2025_test_00863_pi_co_t1.jpg,2,2,2,2,2,2,True,True,True
d:\brain_tumor\🧠 brain tumor mri dataset\classification_task\test\pituitary\brisc2025_test_00864_pi_co_t1.jpg,2,2,2,2,2,2,True,True,True
d:\brain_tumor\🧠 brain tumor mri dataset\classification_task\test\pituitary\brisc2025_test_00865_pi_co_t1.jpg,2,2,2,2,2,2,True,True,True
d:\brain_tumor\🧠 brain tumor mri dataset\classification_task\test\pituitary\brisc2025_test_00866_pi_co_t1.jpg,2,2,2,2,2,2,True,True,True
d:\brain_tumor\🧠 brain tumor mri dataset\classification_task\test\pituitary\brisc2025_test_00867_pi_co_t1.jpg,2,2,2,2,2,2,True,True,True
d:\brain_tumor\🧠 brain tumor mri dataset\classification_task\test\pituitary\brisc2025_test_00868_pi_co_t1.jpg,2,2,2,2,2,2,True,True,True
d:\brain_tumor\🧠 brain tumor mri dataset\classification_task\test\pituitary\brisc2025_test_00869_pi_co_t1.jpg,2,2,2,2,2,2,True,True,True
d:\brain_tumor\🧠 brain tumor mri dataset\classification_task\test\pituitary\brisc2025_test_00870_pi_co_t1.jpg,2,2,2,2,2,2,True,True,True
d:\brain_tumor\🧠 brain tumor mri dataset\classification_task\test\pituitary\brisc2025_test_00871_pi_co_t1.jpg,2,2,2,2,2,2,True,True,True
d:\brain_tumor\🧠 brain tumor mri dataset\classification_task\test\pituitary\brisc2025_test_00872_pi_co_t1.jpg,2,2,2,2,2,2,True,True,True
d:\brain_tumor\🧠 brain tumor mri dataset\classification_task\test\pituitary\brisc2025_test_00873_pi_co_t1.jpg,2,2,2,2,2,2,True,True,True
d:\brain_tumor\🧠 brain tumor mri dataset\classification_task\test\pituitary\brisc2025_test_00874_pi_co_t1.jpg,2,2,2,2,2,2,True,True,True
d:\brain_tumor\🧠 brain tumor mri dataset\classification_task\test\pituitary\brisc2025_test_00875_pi_co_t1.jpg,2,2,2,2,2,2,True,True,True
d:\brain_tumor\🧠 brain tumor mri dataset\classification_task\test\pituitary\brisc2025_test_00876_pi_co_t1.jpg,2,2,2,2,2,2,True,True,True
d:\brain_tumor\🧠 brain tumor mri dataset\classification_task\test\pituitary\brisc2025_test_00877_pi_co_t1.jpg,2,2,2,2,2,2,True,True,True
d:\brain_tumor\🧠 brain tumor mri dataset\classification_task\test\pituitary\brisc2025_test_00878_pi_co_t1.jpg,2,2,2,2,2,2,True,True,True
d:\brain_tumor\🧠 brain tumor mri dataset\classification_task\test\pituitary\brisc2025_test_00879_pi_co_t1.jpg,2,2,2,2,2,2,True,True,True
d:\brain_tumor\🧠 brain tumor mri dataset\classification_task\test\pituitary\brisc2025_test_00880_pi_co_t1.jpg,2,2,2,2,2,2,True,True,True
d:\brain_tumor\🧠 brain tumor mri dataset\classification_task\test\pituitary\brisc2025_test_00881_pi_co_t1.jpg,2,2,2,2,2,2,True,True,True
d:\brain_tumor\🧠 brain tumor mri dataset\classification_task\test\pituitary\brisc2025_test_00882_pi_co_t1.jpg,2,2,2,2,2,2,True,True,True
d:\brain_tumor\🧠 brain tumor mri dataset\classification_task\test\pituitary\brisc2025_test_00883_pi_co_t1.jpg,2,2,2,2,2,2,True,True,True
d:\brain_tumor\🧠 brain tumor mri dataset\classification_task\test\pituitary\brisc2025_test_00884_pi_co_t1.jpg,2,2,2,2,2,2,True,True,True
d:\brain_tumor\🧠 brain tumor mri dataset\classification_task\test\pituitary\brisc2025_test_00885_pi_co_t1.jpg,2,2,2,2,2,2,True,True,True
d:\brain_tumor\🧠 brain tumor mri dataset\classification_task\test\pituitary\brisc2025_test_00886_pi_co_t1.jpg,2,2,2,2,2,2,True,True,True
d:\brain_tumor\🧠 brain tumor mri dataset\classification_task\test\pituitary\brisc2025_test_00887_pi_co_t1.jpg,2,2,2,2,2,2,True,True,True
d:\brain_tumor\🧠 brain tumor mri dataset\classification_task\test\pituitary\brisc2025_test_00888_pi_co_t1.jpg,2,2,2,2,2,2,True,True,True
d:\brain_tumor\🧠 brain tumor mri dataset\classification_task\test\pituitary\brisc2025_test_00889_pi_co_t1.jpg,2,2,2,2,2,2,True,True,True
d:\brain_tumor\🧠 brain tumor mri dataset\classification_task\test\pituitary\brisc2025_test_00890_pi_co_t1.jpg,2,2,2,2,2,2,True,True,True
d:\brain_tumor\🧠 brain tumor mri dataset\classification_task\test\pituitary\brisc2025_test_00891_pi_co_t1.jpg,2,2,2,2,2,2,True,True,True
d:\brain_tumor\🧠 brain tumor mri dataset\classification_task\test\pituitary\brisc2025_test_00892_pi_co_t1.jpg,2,2,2,2,2,2,True,True,True
d:\brain_tumor\🧠 brain tumor mri dataset\classification_task\test\pituitary\brisc2025_test_00893_pi_co_t1.jpg,2,2,2,2,2,2,True,True,True
d:\brain_tumor\🧠 brain tumor mri dataset\classification_task\test\pituitary\brisc2025_test_00894_pi_co_t1.jpg,2,2,2,2,2,2,True,True,True
d:\brain_tumor\🧠 brain tumor mri dataset\classification_task\test\pituitary\brisc2025_test_00895_pi_co_t1.jpg,2,2,2,2,2,2,True,True,True
d:\brain_tumor\🧠 brain tumor mri dataset\classification_task\test\pituitary\brisc2025_test_00896_pi_co_t1.jpg,2,2,2,2,2,2,True,True,True
d:\brain_tumor\🧠 brain tumor mri dataset\classification_task\test\pituitary\brisc2025_test_00897_pi_co_t1.jpg,2,2,2,2,2,2,True,True,True
d:\brain_tumor\🧠 brain tumor mri dataset\classification_task\test\pituitary\brisc2025_test_00898_pi_co_t1.jpg,2,2,2,2,2,2,True,True,True
d:\brain_tumor\🧠 brain tumor mri dataset\classification_task\test\pituitary\brisc2025_test_00899_pi_co_t1.jpg,2,2,2,2,2,2,True,True,True
d:\brain_tumor\🧠 brain tumor mri dataset\classification_task\test\pituitary\brisc2025_test_00900_pi_co_t1.jpg,2,2,2,2,2,2,True,True,True
d:\brain_tumor\🧠 brain tumor mri dataset\classification_task\test\pituitary\brisc2025_test_00901_pi_co_t1.jpg,2,2,2,2,2,2,True,True,True
d:\brain_tumor\🧠 brain tumor mri dataset\classification_task\test\pituitary\brisc2025_test_00902_pi_co_t1.jpg,2,2,2,2,2,2,True,True,True
d:\brain_tumor\🧠 brain tumor mri dataset\classification_task\test\pituitary\brisc2025_test_00903_pi_co_t1.jpg,2,2,2,2,2,2,True,True,True
d:\brain_tumor\🧠 brain tumor mri dataset\classification_task\test\pituitary\brisc2025_test_00904_pi_co_t1.jpg,2,2,2,2,2,2,True,True,True
d:\brain_tumor\🧠 brain tumor mri dataset\classification_task\test\pituitary\brisc2025_test_00905_pi_co_t1.jpg,2,2,2,2,2,2,True,True,True
d:\brain_tumor\🧠 brain tumor mri dataset\classification_task\test\pituitary\brisc2025_test_00906_pi_co_t1.jpg,2,2,2,2,2,2,True,True,True
d:\brain_tumor\🧠 brain tumor mri dataset\classification_task\test\pituitary\brisc2025_test_00907_pi_co_t1.jpg,2,2,2,2,2,2,True,True,True
d:\brain_tumor\🧠 brain tumor mri dataset\classification_task\test\pituitary\brisc2025_test_00908_pi_co_t1.jpg,2,2,2,2,2,2,True,True,True
d:\brain_tumor\🧠 brain tumor mri dataset\classification_task\test\pituitary\brisc2025_test_00909_pi_co_t1.jpg,2,2,2,2,2,2,True,True,True
d:\brain_tumor\🧠 brain tumor mri dataset\classification_task\test\pituitary\brisc2025_test_00910_pi_co_t1.jpg,2,2,2,2,2,2,True,True,True
d:\brain_tumor\🧠 brain tumor mri dataset\classification_task\test\pituitary\brisc2025_test_00911_pi_co_t1.jpg,2,2,2,2,2,2,True,True,True
d:\brain_tumor\🧠 brain tumor mri dataset\classification_task\test\pituitary\brisc2025_test_00912_pi_co_t1.jpg,2,2,2,2,2,2,True,True,True
d:\brain_tumor\🧠 brain tumor mri dataset\classification_task\test\pituitary\brisc2025_test_00913_pi_co_t1.jpg,2,2,2,2,2,2,True,True,True
d:\brain_tumor\🧠 brain tumor mri dataset\classification_task\test\pituitary\brisc2025_test_00914_pi_co_t1.jpg,2,2,2,2,2,2,True,True,True
d:\brain_tumor\🧠 brain tumor mri dataset\classification_task\test\pituitary\brisc2025_test_00915_pi_sa_t1.jpg,2,2,2,2,2,2,True,True,True
d:\brain_tumor\🧠 brain tumor mri dataset\classification_task\test\pituitary\brisc2025_test_00916_pi_sa_t1.jpg,2,2,2,2,2,2,True,True,True
d:\brain_tumor\🧠 brain tumor mri dataset\classification_task\test\pituitary\brisc2025_test_00917_pi_sa_t1.jpg,2,2,2,2,2,2,True,True,True
d:\brain_tumor\🧠 brain tumor mri dataset\classification_task\test\pituitary\brisc2025_test_00918_pi_sa_t1.jpg,2,2,2,2,2,2,True,True,True
d:\brain_tumor\🧠 brain tumor mri dataset\classification_task\test\pituitary\brisc2025_test_00919_pi_sa_t1.jpg,2,2,2,2,2,2,True,True,True
d:\brain_tumor\🧠 brain tumor mri dataset\classification_task\test\pituitary\brisc2025_test_00920_pi_sa_t1.jpg,2,2,2,2,2,2,True,True,True
d:\brain_tumor\🧠 brain tumor mri dataset\classification_task\test\pituitary\brisc2025_test_00921_pi_sa_t1.jpg,2,2,2,2,2,2,True,True,True
d:\brain_tumor\🧠 brain tumor mri dataset\classification_task\test\pituitary\brisc2025_test_00922_pi_sa_t1.jpg,2,2,2,2,2,2,True,True,True
d:\brain_tumor\🧠 brain tumor mri dataset\classification_task\test\pituitary\brisc2025_test_00923_pi_sa_t1.jpg,2,2,2,2,2,2,True,True,True
d:\brain_tumor\🧠 brain tumor mri dataset\classification_task\test\pituitary\brisc2025_test_00924_pi_sa_t1.jpg,2,2,2,2,2,2,True,True,True
d:\brain_tumor\🧠 brain tumor mri dataset\classification_task\test\pituitary\brisc2025_test_00925_pi_sa_t1.jpg,2,2,2,2,2,2,True,True,True
d:\brain_tumor\🧠 brain tumor mri dataset\classification_task\test\pituitary\brisc2025_test_00926_pi_sa_t1.jpg,2,2,2,2,2,2,True,True,True
d:\brain_tumor\🧠 brain tumor mri dataset\classification_task\test\pituitary\brisc2025_test_00927_pi_sa_t1.jpg,2,2,2,2,2,2,True,True,True
d:\brain_tumor\🧠 brain tumor mri dataset\classification_task\test\pituitary\brisc2025_test_00928_pi_sa_t1.jpg,2,2,2,2,2,2,True,True,True
d:\brain_tumor\🧠 brain tumor mri dataset\classification_task\test\pituitary\brisc2025_test_00929_pi_sa_t1.jpg,2,2,2,2,2,2,True,True,True
d:\brain_tumor\🧠 brain tumor mri dataset\classification_task\test\pituitary\brisc2025_test_00930_pi_sa_t1.jpg,2,2,2,2,2,2,True,True,True
d:\brain_tumor\🧠 brain tumor mri dataset\classification_task\test\pituitary\brisc2025_test_00931_pi_sa_t1.jpg,2,2,2,2,2,2,True,True,True
d:\brain_tumor\🧠 brain tumor mri dataset\classification_task\test\pituitary\brisc2025_test_00932_pi_sa_t1.jpg,2,2,2,2,2,2,True,True,True
d:\brain_tumor\🧠 brain tumor mri dataset\classification_task\test\pituitary\brisc2025_test_00933_pi_sa_t1.jpg,2,2,2,2,2,2,True,True,True
d:\brain_tumor\🧠 brain tumor mri dataset\classification_task\test\pituitary\brisc2025_test_00934_pi_sa_t1.jpg,2,2,2,2,2,2,True,True,True
d:\brain_tumor\🧠 brain tumor mri dataset\classification_task\test\pituitary\brisc2025_test_00935_pi_sa_t1.jpg,2,2,2,2,2,2,True,True,True
d:\brain_tumor\🧠 brain tumor mri dataset\classification_task\test\pituitary\brisc2025_test_00936_pi_sa_t1.jpg,2,2,2,2,2,2,True,True,True
d:\brain_tumor\🧠 brain tumor mri dataset\classification_task\test\pituitary\brisc2025_test_00937_pi_sa_t1.jpg,2,2,2,2,2,2,True,True,True
d:\brain_tumor\🧠 brain tumor mri dataset\classification_task\test\pituitary\brisc2025_test_00938_pi_sa_t1.jpg,2,2,2,2,2,2,True,True,True
d:\brain_tumor\🧠 brain tumor mri dataset\classification_task\test\pituitary\brisc2025_test_00939_pi_sa_t1.jpg,2,2,2,2,2,2,True,True,True
d:\brain_tumor\🧠 brain tumor mri dataset\classification_task\test\pituitary\brisc2025_test_00940_pi_sa_t1.jpg,2,2,2,2,2,2,True,True,True
d:\brain_tumor\🧠 brain tumor mri dataset\classification_task\test\pituitary\brisc2025_test_00941_pi_sa_t1.jpg,2,2,2,2,2,2,True,True,True
d:\brain_tumor\🧠 brain tumor mri dataset\classification_task\test\pituitary\brisc2025_test_00942_pi_sa_t1.jpg,2,2,2,2,2,2,True,True,True
d:\brain_tumor\🧠 brain tumor mri dataset\classification_task\test\pituitary\brisc2025_test_00943_pi_sa_t1.jpg,2,2,2,2,2,2,True,True,True
d:\brain_tumor\🧠 brain tumor mri dataset\classification_task\test\pituitary\brisc2025_test_00944_pi_sa_t1.jpg,2,2,2,2,2,2,True,True,True
d:\brain_tumor\🧠 brain tumor mri dataset\classification_task\test\pituitary\brisc2025_test_00945_pi_sa_t1.jpg,2,2,2,2,2,2,True,True,True
d:\brain_tumor\🧠 brain tumor mri dataset\classification_task\test\pituitary\brisc2025_test_00946_pi_sa_t1.jpg,2,2,2,2,2,2,True,True,True
d:\brain_tumor\🧠 brain tumor mri dataset\classification_task\test\pituitary\brisc2025_test_00947_pi_sa_t1.jpg,2,2,2,2,2,2,True,True,True
d:\brain_tumor\🧠 brain tumor mri dataset\classification_task\test\pituitary\brisc2025_test_00948_pi_sa_t1.jpg,2,2,2,2,2,2,True,True,True
d:\brain_tumor\🧠 brain tumor mri dataset\classification_task\test\pituitary\brisc2025_test_00949_pi_sa_t1.jpg,2,2,2,2,2,2,True,True,True
d:\brain_tumor\🧠 brain tumor mri dataset\classification_task\test\pituitary\brisc2025_test_00950_pi_sa_t1.jpg,2,2,2,2,2,2,True,True,True
d:\brain_tumor\🧠 brain tumor mri dataset\classification_task\test\pituitary\brisc2025_test_00951_pi_sa_t1.jpg,2,2,2,2,2,2,True,True,True
d:\brain_tumor\🧠 brain tumor mri dataset\classification_task\test\pituitary\brisc2025_test_00952_pi_sa_t1.jpg,2,2,2,2,2,2,True,True,True
d:\brain_tumor\🧠 brain tumor mri dataset\classification_task\test\pituitary\brisc2025_test_00953_pi_sa_t1.jpg,2,2,2,2,2,2,True,True,True
d:\brain_tumor\🧠 brain tumor mri dataset\classification_task\test\pituitary\brisc2025_test_00954_pi_sa_t1.jpg,2,2,2,2,2,2,True,True,True
d:\brain_tumor\🧠 brain tumor mri dataset\classification_task\test\pituitary\brisc2025_test_00955_pi_sa_t1.jpg,2,2,2,2,2,2,True,True,True
d:\brain_tumor\🧠 brain tumor mri dataset\classification_task\test\pituitary\brisc2025_test_00956_pi_sa_t1.jpg,2,2,2,2,2,2,True,True,True
d:\brain_tumor\🧠 brain tumor mri dataset\classification_task\test\pituitary\brisc2025_test_00957_pi_sa_t1.jpg,2,2,2,2,2,2,True,True,True
d:\brain_tumor\🧠 brain tumor mri dataset\classification_task\test\pituitary\brisc2025_test_00958_pi_sa_t1.jpg,2,2,2,2,2,2,True,True,True
d:\brain_tumor\🧠 brain tumor mri dataset\classification_task\test\pituitary\brisc2025_test_00959_pi_sa_t1.jpg,2,2,2,2,2,2,True,True,True
d:\brain_tumor\🧠 brain tumor mri dataset\classification_task\test\pituitary\brisc2025_test_00960_pi_sa_t1.jpg,2,2,2,2,2,2,True,True,True
d:\brain_tumor\🧠 brain tumor mri dataset\classification_task\test\pituitary\brisc2025_test_00961_pi_sa_t1.jpg,2,2,2,2,2,2,True,True,True
d:\brain_tumor\🧠 brain tumor mri dataset\classification_task\test\pituitary\brisc2025_test_00962_pi_sa_t1.jpg,2,2,2,2,2,2,True,True,True
d:\brain_tumor\🧠 brain tumor mri dataset\classification_task\test\pituitary\brisc2025_test_00963_pi_sa_t1.jpg,2,2,2,2,2,2,True,True,True
d:\brain_tumor\🧠 brain tumor mri dataset\classification_task\test\pituitary\brisc2025_test_00964_pi_sa_t1.jpg,2,2,2,2,2,2,True,True,True
d:\brain_tumor\🧠 brain tumor mri dataset\classification_task\test\pituitary\brisc2025_test_00965_pi_sa_t1.jpg,2,2,2,2,2,2,True,True,True
d:\brain_tumor\🧠 brain tumor mri dataset\classification_task\test\pituitary\brisc2025_test_00966_pi_sa_t1.jpg,2,2,2,2,2,2,True,True,True
d:\brain_tumor\🧠 brain tumor mri dataset\classification_task\test\pituitary\brisc2025_test_00967_pi_sa_t1.jpg,2,2,2,2,2,2,True,True,True
d:\brain_tumor\🧠 brain tumor mri dataset\classification_task\test\pituitary\brisc2025_test_00968_pi_sa_t1.jpg,2,2,2,2,2,2,True,True,True
d:\brain_tumor\🧠 brain tumor mri dataset\classification_task\test\pituitary\brisc2025_test_00969_pi_sa_t1.jpg,2,2,2,2,2,2,True,True,True
d:\brain_tumor\🧠 brain tumor mri dataset\classification_task\test\pituitary\brisc2025_test_00970_pi_sa_t1.jpg,2,2,2,2,2,2,True,True,True
d:\brain_tumor\🧠 brain tumor mri dataset\classification_task\test\pituitary\brisc2025_test_00971_pi_sa_t1.jpg,2,2,2,2,2,2,True,True,True
d:\brain_tumor\🧠 brain tumor mri dataset\classification_task\test\pituitary\brisc2025_test_00972_pi_sa_t1.jpg,2,2,2,2,2,2,True,True,True
d:\brain_tumor\🧠 brain tumor mri dataset\classification_task\test\pituitary\brisc2025_test_00973_pi_sa_t1.jpg,2,2,2,2,2,2,True,True,True
d:\brain_tumor\🧠 brain tumor mri dataset\classification_task\test\pituitary\brisc2025_test_00974_pi_sa_t1.jpg,2,2,2,2,2,1,True,True,False
d:\brain_tumor\🧠 brain tumor mri dataset\classification_task\test\pituitary\brisc2025_test_00975_pi_sa_t1.jpg,2,2,2,2,2,2,True,True,True
d:\brain_tumor\🧠 brain tumor mri dataset\classification_task\test\pituitary\brisc2025_test_00976_pi_sa_t1.jpg,2,2,2,2,2,2,True,True,True
d:\brain_tumor\🧠 brain tumor mri dataset\classification_task\test\pituitary\brisc2025_test_00977_pi_sa_t1.jpg,2,2,2,2,2,2,True,True,True
d:\brain_tumor\🧠 brain tumor mri dataset\classification_task\test\pituitary\brisc2025_test_00978_pi_sa_t1.jpg,2,2,2,2,2,2,True,True,True
d:\brain_tumor\🧠 brain tumor mri dataset\classification_task\test\pituitary\brisc2025_test_00979_pi_sa_t1.jpg,2,2,2,2,2,2,True,True,True
d:\brain_tumor\🧠 brain tumor mri dataset\classification_task\test\pituitary\brisc2025_test_00980_pi_sa_t1.jpg,2,2,2,2,2,2,True,True,True
d:\brain_tumor\🧠 brain tumor mri dataset\classification_task\test\pituitary\brisc2025_test_00981_pi_sa_t1.jpg,2,2,2,2,2,2,True,True,True
d:\brain_tumor\🧠 brain tumor mri dataset\classification_task\test\pituitary\brisc2025_test_00982_pi_sa_t1.jpg,2,2,2,2,2,2,True,True,True
d:\brain_tumor\🧠 brain tumor mri dataset\classification_task\test\pituitary\brisc2025_test_00983_pi_sa_t1.jpg,2,2,2,2,2,2,True,True,True
d:\brain_tumor\🧠 brain tumor mri dataset\classification_task\test\pituitary\brisc2025_test_00984_pi_sa_t1.jpg,2,2,2,2,2,2,True,True,True
d:\brain_tumor\🧠 brain tumor mri dataset\classification_task\test\pituitary\brisc2025_test_00985_pi_sa_t1.jpg,2,2,2,2,2,2,True,True,True
d:\brain_tumor\🧠 brain tumor mri dataset\classification_task\test\pituitary\brisc2025_test_00986_pi_sa_t1.jpg,2,2,2,2,2,2,True,True,True
d:\brain_tumor\🧠 brain tumor mri dataset\classification_task\test\pituitary\brisc2025_test_00987_pi_sa_t1.jpg,2,2,2,2,2,2,True,True,True
d:\brain_tumor\🧠 brain tumor mri dataset\classification_task\test\pituitary\brisc2025_test_00988_pi_sa_t1.jpg,2,2,2,2,2,2,True,True,True
d:\brain_tumor\🧠 brain tumor mri dataset\classification_task\test\pituitary\brisc2025_test_00989_pi_sa_t1.jpg,2,2,2,2,2,2,True,True,True
d:\brain_tumor\🧠 brain tumor mri dataset\classification_task\test\pituitary\brisc2025_test_00990_pi_sa_t1.jpg,2,2,2,2,2,2,True,True,True
d:\brain_tumor\🧠 brain tumor mri dataset\classification_task\test\pituitary\brisc2025_test_00991_pi_sa_t1.jpg,2,2,2,2,2,2,True,True,True
d:\brain_tumor\🧠 brain tumor mri dataset\classification_task\test\pituitary\brisc2025_test_00992_pi_sa_t1.jpg,2,2,2,2,2,2,True,True,True
d:\brain_tumor\🧠 brain tumor mri dataset\classification_task\test\pituitary\brisc2025_test_00993_pi_sa_t1.jpg,2,2,2,2,2,2,True,True,True
d:\brain_tumor\🧠 brain tumor mri dataset\classification_task\test\pituitary\brisc2025_test_00994_pi_sa_t1.jpg,2,2,2,2,2,2,True,True,True
d:\brain_tumor\🧠 brain tumor mri dataset\classification_task\test\pituitary\brisc2025_test_00995_pi_sa_t1.jpg,2,2,2,2,2,2,True,True,True
d:\brain_tumor\🧠 brain tumor mri dataset\classification_task\test\pituitary\brisc2025_test_00996_pi_sa_t1.jpg,2,2,2,2,2,2,True,True,True
d:\brain_tumor\🧠 brain tumor mri dataset\classification_task\test\pituitary\brisc2025_test_00997_pi_sa_t1.jpg,2,2,2,2,2,2,True,True,True
d:\brain_tumor\🧠 brain tumor mri dataset\classification_task\test\pituitary\brisc2025_test_00998_pi_sa_t1.jpg,2,2,2,2,2,2,True,True,True
d:\brain_tumor\🧠 brain tumor mri dataset\classification_task\test\pituitary\brisc2025_test_00999_pi_sa_t1.jpg,2,2,2,2,2,2,True,True,True
d:\brain_tumor\🧠 brain tumor mri dataset\classification_task\test\pituitary\brisc2025_test_01000_pi_sa_t1.jpg,2,2,2,2,2,2,True,True,True
