path,class_name,plane,dice,iou,precision,recall,specificity,hd95,hd95_penalized,empty_prediction,predicted_tumor_pixels,target_tumor_pixels
D:\brain_tumor\🧠 Brain Tumor MRI Dataset\classification_task\test\glioma\brisc2025_test_00001_gl_ax_t1.jpg,glioma,axial,3.786444528444285e-11,3.786444528444285e-11,4.3956043954111826e-11,2.7322404364119557e-10,0.9650912996778194,74.90922655784593,74.90922655784593,False,2275,366
D:\brain_tumor\🧠 Brain Tumor MRI Dataset\classification_task\test\glioma\brisc2025_test_00002_gl_ax_t1.jpg,glioma,axial,9.88142292392476e-11,9.88142292392476e-11,2.666666665955555e-10,1.56985871246941e-10,0.9942217907826095,37.20146327005945,37.20146327005945,False,375,637
D:\brain_tumor\🧠 Brain Tumor MRI Dataset\classification_task\test\glioma\brisc2025_test_00003_gl_ax_t1.jpg,glioma,axial,0.7037974683638039,0.542968750022316,0.7528774543159866,0.6607248960391726,0.9942837454779035,110.16464948493089,110.16464948493089,False,1477,1683
D:\brain_tumor\🧠 Brain Tumor MRI Dataset\classification_task\test\glioma\brisc2025_test_00004_gl_ax_t1.jpg,glioma,axial,0.5935050392164891,0.4219745223390147,0.892255892274031,0.4446308725298128,0.9990053462638334,43.139309220245984,43.139309220245984,False,594,1192
D:\brain_tumor\🧠 Brain Tumor MRI Dataset\classification_task\test\glioma\brisc2025_test_00005_gl_ax_t1.jpg,glioma,axial,2.577319586964608e-10,2.577319586964608e-10,1.0,2.577319586964608e-10,1.0,,362.03867196751236,True,0,388
D:\brain_tumor\🧠 Brain Tumor MRI Dataset\classification_task\test\glioma\brisc2025_test_00006_gl_ax_t1.jpg,glioma,axial,0.9355322338854748,0.8788732394451497,0.9644513137585432,0.9082969432381153,0.9992830647423719,3.1622776601683795,3.1622776601683795,False,1294,1374
D:\brain_tumor\🧠 Brain Tumor MRI Dataset\classification_task\test\glioma\brisc2025_test_00007_gl_ax_t1.jpg,glioma,axial,0.23830734975074527,0.1352718079475004,0.16512345691896244,0.42800000022879997,0.9917133841865151,122.21692031525949,122.21692031525949,False,648,250
D:\brain_tumor\🧠 Brain Tumor MRI Dataset\classification_task\test\glioma\brisc2025_test_00008_gl_ax_t1.jpg,glioma,axial,0.7190569744781233,0.5613496932963855,0.5683229814111467,0.9786096256722621,0.9935821469796174,9.0,9.0,False,966,561
D:\brain_tumor\🧠 Brain Tumor MRI Dataset\classification_task\test\glioma\brisc2025_test_00009_gl_ax_t1.jpg,glioma,axial,0.723042505599037,0.5662228451448416,0.8381742738673146,0.6357199056004832,0.9950471473473743,17.01616250125952,17.01616250125952,False,1928,2542
D:\brain_tumor\🧠 Brain Tumor MRI Dataset\classification_task\test\glioma\brisc2025_test_00010_gl_ax_t1.jpg,glioma,axial,3.424657533073747e-10,3.424657533073747e-10,1.0,3.424657533073747e-10,1.0,,362.03867196751236,True,0,292
D:\brain_tumor\🧠 Brain Tumor MRI Dataset\classification_task\test\glioma\brisc2025_test_00011_gl_ax_t1.jpg,glioma,axial,1.4347202293493946e-10,1.4347202293493946e-10,1.7123287668300806e-10,8.849557514292427e-10,0.9910734756889915,55.73405708071407,55.73405708071407,False,584,113
D:\brain_tumor\🧠 Brain Tumor MRI Dataset\classification_task\test\glioma\brisc2025_test_00012_gl_ax_t1.jpg,glioma,axial,1.0482180292402287e-10,1.0482180292402287e-10,2.577319586964608e-10,1.7667844519846672e-10,0.9940280129290534,34.96064786633852,34.96064786633852,False,388,566
D:\brain_tumor\🧠 Brain Tumor MRI Dataset\classification_task\test\glioma\brisc2025_test_00013_gl_ax_t1.jpg,glioma,axial,0.9341637010705444,0.8764607679568898,0.9597806215758884,0.9098786828500972,0.9993165791680915,2.8284271247461903,2.8284271247461903,False,1094,1154
D:\brain_tumor\🧠 Brain Tumor MRI Dataset\classification_task\test\glioma\brisc2025_test_00014_gl_ax_t1.jpg,glioma,axial,0.934815950921495,0.8776097912211084,0.9326702371869675,0.9369715603406237,0.9972034194553068,3.7436083290515794,3.7436083290515794,False,2614,2602
D:\brain_tumor\🧠 Brain Tumor MRI Dataset\classification_task\test\glioma\brisc2025_test_00015_gl_ax_t1.jpg,glioma,axial,0.7309184993705745,0.5759429154356837,0.9432387312281738,0.5966209081735353,0.9994735945749285,17.770501135771802,17.770501135771802,False,599,947
D:\brain_tumor\🧠 Brain Tumor MRI Dataset\classification_task\test\glioma\brisc2025_test_00016_gl_ax_t1.jpg,glioma,axial,0.6521739130592313,0.48387096777662153,0.550038197131395,0.8008898776639722,0.9908875721336218,15.524174696260024,15.524174696260024,False,1309,899
D:\brain_tumor\🧠 Brain Tumor MRI Dataset\classification_task\test\glioma\brisc2025_test_00017_gl_ax_t1.jpg,glioma,axial,0.7225647349294001,0.5656370657209195,0.8230337079148782,0.6439560440342954,0.999031975538177,13.153748828856846,13.153748828856846,False,356,455
D:\brain_tumor\🧠 Brain Tumor MRI Dataset\classification_task\test\glioma\brisc2025_test_00018_gl_ax_t1.jpg,glioma,axial,0.7473233404778553,0.5965811965984368,0.9445196211133613,0.6182462356236385,0.998704130977593,13.45362404707371,13.45362404707371,False,1478,2258
D:\brain_tumor\🧠 Brain Tumor MRI Dataset\classification_task\test\glioma\brisc2025_test_00019_gl_ax_t1.jpg,glioma,axial,0.8918378476660273,0.8047900262531237,0.9745729042521027,0.8220509383437651,0.9989768512597536,11.694000880462369,11.694000880462369,False,2517,2984
D:\brain_tumor\🧠 Brain Tumor MRI Dataset\classification_task\test\glioma\brisc2025_test_00020_gl_ax_t1.jpg,glioma,axial,0.9054799558696035,0.8272849462481664,0.9024926686288495,0.9084870848776024,0.9979277356226953,4.123105625617661,4.123105625617661,False,1364,1355
D:\brain_tumor\🧠 Brain Tumor MRI Dataset\classification_task\test\glioma\brisc2025_test_00021_gl_ax_t1.jpg,glioma,axial,0.8930602957967543,0.8067831449324991,0.8635863586508706,0.9246171967108814,0.9980830769706462,3.605551275463989,3.605551275463989,False,909,849
D:\brain_tumor\🧠 Brain Tumor MRI Dataset\classification_task\test\glioma\brisc2025_test_00022_gl_ax_t1.jpg,glioma,axial,0.7734761120356889,0.6306245802800117,0.9408817635329778,0.6566433566673675,0.9990796493307973,15.32846032334079,15.32846032334079,False,998,1430
D:\brain_tumor\🧠 Brain Tumor MRI Dataset\classification_task\test\glioma\brisc2025_test_00023_gl_ax_t1.jpg,glioma,axial,0.8436974790003531,0.7296511628168941,0.9307787391927344,0.7715163934660332,0.9991325898389108,13.96419413859206,13.96419413859206,False,809,976
D:\brain_tumor\🧠 Brain Tumor MRI Dataset\classification_task\test\glioma\brisc2025_test_00024_gl_ax_t1.jpg,glioma,axial,0.9394347240935588,0.8857868020377039,0.9634230503820964,0.9166119501039651,0.9991720431787307,3.0,3.0,False,1449,1523
D:\brain_tumor\🧠 Brain Tumor MRI Dataset\classification_task\test\glioma\brisc2025_test_00025_gl_ax_t1.jpg,glioma,axial,0.7783018868185965,0.6370656371357017,0.7142857143475572,0.854922279830331,0.9979739063699187,5.873213921133976,5.873213921133976,False,462,386
D:\brain_tumor\🧠 Brain Tumor MRI Dataset\classification_task\test\glioma\brisc2025_test_00026_gl_ax_t1.jpg,glioma,axial,0.7002846685766457,0.5387984981515145,0.9784090909115444,0.5452818239679998,0.9997029254030056,13.25068628801002,13.25068628801002,False,880,1579
D:\brain_tumor\🧠 Brain Tumor MRI Dataset\classification_task\test\glioma\brisc2025_test_00027_gl_ax_t1.jpg,glioma,axial,0.9435559736607818,0.8931433659887292,0.9493610979673753,0.9378214118776148,0.9983122229758532,3.0,3.0,False,2113,2139
D:\brain_tumor\🧠 Brain Tumor MRI Dataset\classification_task\test\glioma\brisc2025_test_00028_gl_ax_t1.jpg,glioma,axial,0.9439153439173222,0.8937875751573956,0.9766423357681283,0.9133105802106956,0.9995005540728262,3.1622776601683795,3.1622776601683795,False,1370,1465
D:\brain_tumor\🧠 Brain Tumor MRI Dataset\classification_task\test\glioma\brisc2025_test_00029_gl_ax_t1.jpg,glioma,axial,0.8829385513256801,0.7904118008733613,0.838878016970719,0.9318840579759504,0.99615000935221,5.270706689717806,5.270706689717806,False,1533,1380
D:\brain_tumor\🧠 Brain Tumor MRI Dataset\classification_task\test\glioma\brisc2025_test_00030_gl_ax_t1.jpg,glioma,axial,0.8748481166616223,0.7775377970242899,0.9863013698667668,0.7860262009200816,0.9999231691201329,4.0,4.0,False,365,458
D:\brain_tumor\🧠 Brain Tumor MRI Dataset\classification_task\test\glioma\brisc2025_test_00031_gl_ax_t1.jpg,glioma,axial,0.8568927789965669,0.7496171516175492,0.7956115400326855,0.9284020863002181,0.9920696233465368,7.280109889280518,7.280109889280518,False,2461,2109
D:\brain_tumor\🧠 Brain Tumor MRI Dataset\classification_task\test\glioma\brisc2025_test_00032_gl_ax_t1.jpg,glioma,axial,0.8776223776250519,0.7819314641829467,0.8940338379388232,0.8618025751132274,0.9962345346960791,7.810249675906654,7.810249675906654,False,2246,2330
D:\brain_tumor\🧠 Brain Tumor MRI Dataset\classification_task\test\glioma\brisc2025_test_00033_gl_ax_t1.jpg,glioma,axial,0.9089664613340885,0.8331242158302228,0.9445234708471517,0.8759894459266505,0.9993979437463346,3.1622776601683795,3.1622776601683795,False,703,758
D:\brain_tumor\🧠 Brain Tumor MRI Dataset\classification_task\test\glioma\brisc2025_test_00034_gl_ax_t1.jpg,glioma,axial,0.6660127513650803,0.49926470591917166,0.5919790758856164,0.7612107623586086,0.9927603489883163,65.31959198323246,65.31959198323246,False,1147,892
D:\brain_tumor\🧠 Brain Tumor MRI Dataset\classification_task\test\glioma\brisc2025_test_00035_gl_ax_t1.jpg,glioma,axial,0.8907236522636852,0.8029772329419459,0.8675496688867028,0.9151696606871088,0.9978306009235476,3.0,3.0,False,1057,1002
D:\brain_tumor\🧠 Brain Tumor MRI Dataset\classification_task\test\glioma\brisc2025_test_00036_gl_ax_t1.jpg,glioma,axial,0.8921859545111587,0.8053571428919006,0.9222903885639488,0.8639846743555586,0.9994155105054305,3.0,3.0,False,489,522
D:\brain_tumor\🧠 Brain Tumor MRI Dataset\classification_task\test\glioma\brisc2025_test_00037_gl_ax_t1.jpg,glioma,axial,0.7249148970704342,0.5685227561767474,0.9807017543868113,0.5749550012966069,0.9992862588609351,25.031968086708662,25.031968086708662,False,2280,3889
D:\brain_tumor\🧠 Brain Tumor MRI Dataset\classification_task\test\glioma\brisc2025_test_00038_gl_ax_t1.jpg,glioma,axial,0.9340369393157246,0.8762376237685031,0.9526372443513113,0.9161490683273215,0.9986164392176614,3.0,3.0,False,1858,1932
D:\brain_tumor\🧠 Brain Tumor MRI Dataset\classification_task\test\glioma\brisc2025_test_00039_gl_ax_t1.jpg,glioma,axial,0.9146782357225351,0.8427714856866908,0.9349593495983031,0.8952583156478939,0.9986276375091642,4.123105625617661,4.123105625617661,False,1353,1413
D:\brain_tumor\🧠 Brain Tumor MRI Dataset\classification_task\test\glioma\brisc2025_test_00040_gl_ax_t1.jpg,glioma,axial,0.6636404902482151,0.49660326088666434,0.6119715362238606,0.7248388696219713,0.9854059415293291,18.696147905706436,18.696147905706436,False,2389,2017
D:\brain_tumor\🧠 Brain Tumor MRI Dataset\classification_task\test\glioma\brisc2025_test_00041_gl_ax_t1.jpg,glioma,axial,0.03995718876061516,0.020385875536207288,0.05278039594224501,0.032146957575651725,0.9842461673511862,33.12099032335839,33.12099032335839,False,1061,1742
D:\brain_tumor\🧠 Brain Tumor MRI Dataset\classification_task\test\glioma\brisc2025_test_00042_gl_ax_t1.jpg,glioma,axial,0.5751719620185008,0.40367816094695735,0.7542955326671567,0.464796188487835,0.9955064653479417,46.32871387484582,46.32871387484582,False,1164,1889
D:\brain_tumor\🧠 Brain Tumor MRI Dataset\classification_task\test\glioma\brisc2025_test_00043_gl_ax_t1.jpg,glioma,axial,0.693322981370428,0.5306001188447098,0.5552331606309796,0.9228384429926684,0.9657369118516346,24.65760594327324,24.65760594327324,False,4825,2903
D:\brain_tumor\🧠 Brain Tumor MRI Dataset\classification_task\test\glioma\brisc2025_test_00044_gl_ax_t1.jpg,glioma,axial,0.9093886462931556,0.833833833850467,0.8909090909207584,0.9286510590937959,0.9984220052909258,2.8284271247461903,2.8284271247461903,False,935,897
D:\brain_tumor\🧠 Brain Tumor MRI Dataset\classification_task\test\glioma\brisc2025_test_00045_gl_ax_t1.jpg,glioma,axial,2.951593860597651e-11,2.951593860597651e-11,1.0,2.951593860597651e-11,1.0,,362.03867196751236,True,0,3388
D:\brain_tumor\🧠 Brain Tumor MRI Dataset\classification_task\test\glioma\brisc2025_test_00046_gl_ax_t1.jpg,glioma,axial,0.6976202363172305,0.5356503961273792,0.7829660067320521,0.6290516206593922,0.9906597646453754,18.825676238514014,18.825676238514014,False,2677,3332
D:\brain_tumor\🧠 Brain Tumor MRI Dataset\classification_task\test\glioma\brisc2025_test_00047_gl_ax_t1.jpg,glioma,axial,0.8524590164020809,0.7428571428833819,0.8008800880307062,0.9111389236656897,0.9972040718599916,4.47213595499958,4.47213595499958,False,909,799
D:\brain_tumor\🧠 Brain Tumor MRI Dataset\classification_task\test\glioma\brisc2025_test_00048_gl_ax_t1.jpg,glioma,axial,0.7503751876062844,0.6004803843394331,0.665483584767925,0.8600917431353106,0.9941698626747585,11.696140686513822,11.696140686513822,False,1127,872
D:\brain_tumor\🧠 Brain Tumor MRI Dataset\classification_task\test\glioma\brisc2025_test_00049_gl_ax_t1.jpg,glioma,axial,0.9010989011066641,0.8200000000257143,0.88854489165812,0.9140127388671955,0.9988907376594581,3.0,3.0,False,646,628
D:\brain_tumor\🧠 Brain Tumor MRI Dataset\classification_task\test\glioma\brisc2025_test_00050_gl_ax_t1.jpg,glioma,axial,0.8021978022340298,0.6697247707432034,0.7738515901859181,0.8326996198354754,0.9990195027040292,3.0,3.0,False,283,263
D:\brain_tumor\🧠 Brain Tumor MRI Dataset\classification_task\test\glioma\brisc2025_test_00051_gl_ax_t1.jpg,glioma,axial,0.7994467496576859,0.6658986175211434,0.736775015942104,0.8737717309193586,0.986865956431886,9.484190388082707,9.484190388082707,False,3138,2646
D:\brain_tumor\🧠 Brain Tumor MRI Dataset\classification_task\test\glioma\brisc2025_test_00052_gl_ax_t1.jpg,glioma,axial,0.9052890528928588,0.8269662921426083,0.867515322967114,0.9465020576159207,0.9955812051830488,5.0,5.0,False,2121,1944
D:\brain_tumor\🧠 Brain Tumor MRI Dataset\classification_task\test\glioma\brisc2025_test_00053_gl_ax_t1.jpg,glioma,axial,0.042313117201366275,0.02161383299400377,0.02463054203208037,0.15000000085,0.9909224280212866,26.0,26.0,False,609,100
D:\brain_tumor\🧠 Brain Tumor MRI Dataset\classification_task\test\glioma\brisc2025_test_00054_gl_ax_t1.jpg,glioma,axial,0.526349206364243,0.35717363208284475,0.8017408123982842,0.3917769376468915,0.9967675812046723,15.102683820047131,15.102683820047131,False,1034,2116
D:\brain_tumor\🧠 Brain Tumor MRI Dataset\classification_task\test\glioma\brisc2025_test_00055_gl_ax_t1.jpg,glioma,axial,0.3825563909960134,0.23651915212954558,0.47927656371670857,0.3183183183524365,0.9891246183386491,49.49747468305833,49.49747468305833,False,1327,1998
D:\brain_tumor\🧠 Brain Tumor MRI Dataset\classification_task\test\glioma\brisc2025_test_00056_gl_ax_t1.jpg,glioma,axial,0.850299401215533,0.7395833333875869,0.9391534391695361,0.7768052516899769,0.9996465833832732,4.45468443853048,4.45468443853048,False,378,457
D:\brain_tumor\🧠 Brain Tumor MRI Dataset\classification_task\test\glioma\brisc2025_test_00057_gl_ax_t1.jpg,glioma,axial,0.5318352060801808,0.36224489812187627,0.4342507646990058,0.6859903383159467,0.9971681795221154,7.464724658401377,7.464724658401377,False,327,207
D:\brain_tumor\🧠 Brain Tumor MRI Dataset\classification_task\test\glioma\brisc2025_test_00058_gl_ax_t1.jpg,glioma,axial,0.7151370679719741,0.5565862709542513,0.7481296758732844,0.6849315069212485,0.9984484930412633,7.280109889280518,7.280109889280518,False,401,438
D:\brain_tumor\🧠 Brain Tumor MRI Dataset\classification_task\test\glioma\brisc2025_test_00059_gl_ax_t1.jpg,glioma,axial,0.9147487844436062,0.8428912783845346,0.9056482670150419,0.9240340537050403,0.9977034479526352,3.605551275463989,3.605551275463989,False,1558,1527
D:\brain_tumor\🧠 Brain Tumor MRI Dataset\classification_task\test\glioma\brisc2025_test_00060_gl_ax_t1.jpg,glioma,axial,9.017132551035425e-11,9.017132551035425e-11,3.558718859943516e-10,1.2077294684531727e-10,0.995657414848248,68.06614430096654,68.06614430096654,False,281,828
D:\brain_tumor\🧠 Brain Tumor MRI Dataset\classification_task\test\glioma\brisc2025_test_00061_gl_ax_t1.jpg,glioma,axial,0.705011389538439,0.544415127568653,0.7074285714620081,0.7026106697272859,0.9960405227747335,20.655290861548217,20.655290861548217,False,875,881
D:\brain_tumor\🧠 Brain Tumor MRI Dataset\classification_task\test\glioma\brisc2025_test_00062_gl_ax_t1.jpg,glioma,axial,0.8006853226784498,0.6676190476348753,0.9004495825369011,0.7208226221223227,0.9975625481593345,11.045084971874736,11.045084971874736,False,1557,1945
D:\brain_tumor\🧠 Brain Tumor MRI Dataset\classification_task\test\glioma\brisc2025_test_00063_gl_ax_t1.jpg,glioma,axial,0.8865791393164373,0.796265967907099,0.9378858024715322,0.840594744127227,0.9974299214609581,11.16230589874905,11.16230589874905,False,2592,2892
D:\brain_tumor\🧠 Brain Tumor MRI Dataset\classification_task\test\glioma\brisc2025_test_00064_gl_ax_t1.jpg,glioma,axial,0.9290581162353083,0.8675149700697968,0.9213036566040299,0.9369442198919204,0.9984603182009075,3.0,3.0,False,1258,1237
D:\brain_tumor\🧠 Brain Tumor MRI Dataset\classification_task\test\glioma\brisc2025_test_00065_gl_ax_t1.jpg,glioma,axial,0.5211009174751283,0.3523573201796083,0.42261904770496744,0.6794258373972666,0.9940415860438065,33.64882902845832,33.64882902845832,False,672,418
D:\brain_tumor\🧠 Brain Tumor MRI Dataset\classification_task\test\glioma\brisc2025_test_00066_gl_ax_t1.jpg,glioma,axial,0.907514450869482,0.8306878306959747,0.896677050888023,0.9186170212809246,0.9968738217921376,5.0,5.0,False,1926,1880
D:\brain_tumor\🧠 Brain Tumor MRI Dataset\classification_task\test\glioma\brisc2025_test_00067_gl_ax_t1.jpg,glioma,axial,0.1929460581750056,0.10677382329428543,0.10677382329428543,1.0,0.9881117919410967,17.0,17.0,False,871,93
D:\brain_tumor\🧠 Brain Tumor MRI Dataset\classification_task\test\glioma\brisc2025_test_00068_gl_ax_t1.jpg,glioma,axial,0.8874045801634155,0.7975986278220243,0.8318425760587045,0.9509202454088098,0.9985548910787606,2.23606797749979,2.23606797749979,False,559,489
D:\brain_tumor\🧠 Brain Tumor MRI Dataset\classification_task\test\glioma\brisc2025_test_00069_gl_ax_t1.jpg,glioma,axial,0.6685236768956118,0.5020920502439266,0.531757754835173,0.9000000000125,0.9902063766683296,11.661903789690601,11.661903789690601,False,1354,800
D:\brain_tumor\🧠 Brain Tumor MRI Dataset\classification_task\test\glioma\brisc2025_test_00070_gl_ax_t1.jpg,glioma,axial,0.5179282868910017,0.3494623656613482,0.40574282154734803,0.7158590308995906,0.9926861497802885,14.0,14.0,False,801,454
D:\brain_tumor\🧠 Brain Tumor MRI Dataset\classification_task\test\glioma\brisc2025_test_00071_gl_ax_t1.jpg,glioma,axial,0.9293904646994936,0.8680947012550062,0.9390243902513384,0.9199522102843546,0.9992271905284483,2.3249218495867363,2.3249218495867363,False,820,837
D:\brain_tumor\🧠 Brain Tumor MRI Dataset\classification_task\test\glioma\brisc2025_test_00072_gl_ax_t1.jpg,glioma,axial,0.9199586349542921,0.8517809268507893,0.8821896073010276,0.9611063094217566,0.9902475865239537,6.0,6.0,False,5042,4628
D:\brain_tumor\🧠 Brain Tumor MRI Dataset\classification_task\test\glioma\brisc2025_test_00073_gl_ax_t1.jpg,glioma,axial,0.9509525040948974,0.9064913722283239,0.9480921278798884,0.953830191942697,0.9949458604588975,4.551315561749631,4.551315561749631,False,5818,5783
D:\brain_tumor\🧠 Brain Tumor MRI Dataset\classification_task\test\glioma\brisc2025_test_00074_gl_ax_t1.jpg,glioma,axial,0.8937583001398567,0.8079231692907655,0.9033557047109589,0.8843626806985069,0.9988884600540349,4.242640687119285,4.242640687119285,False,745,761
D:\brain_tumor\🧠 Brain Tumor MRI Dataset\classification_task\test\glioma\brisc2025_test_00075_gl_ax_t1.jpg,glioma,axial,0.9440559440598563,0.8940397351133722,0.9656652360564141,0.923392612869577,0.999629658205386,2.2656859348620997,2.2656859348620997,False,699,731
D:\brain_tumor\🧠 Brain Tumor MRI Dataset\classification_task\test\glioma\brisc2025_test_00076_gl_ax_t1.jpg,glioma,axial,0.878005342842564,0.7825396825742001,0.9685658153303407,0.8029315961233011,0.9997535504143438,4.437711664817534,4.437711664817534,False,509,614
D:\brain_tumor\🧠 Brain Tumor MRI Dataset\classification_task\test\glioma\brisc2025_test_00077_gl_ax_t1.jpg,glioma,axial,0.7482435597337094,0.5977549111695271,0.6513761468245284,0.8789546079946418,0.9947229551451269,8.48528137423857,8.48528137423857,False,981,727
D:\brain_tumor\🧠 Brain Tumor MRI Dataset\classification_task\test\glioma\brisc2025_test_00078_gl_ax_t1.jpg,glioma,axial,0.9278247884555587,0.865366759529678,0.9946638207049452,0.8694029850868094,0.9999224373293623,3.1622776601683795,3.1622776601683795,False,937,1072
D:\brain_tumor\🧠 Brain Tumor MRI Dataset\classification_task\test\glioma\brisc2025_test_00079_gl_ax_t1.jpg,glioma,axial,0.9094107299951886,0.833870967755333,0.9875835721119787,0.842705786483887,0.9997978510006379,4.123105625617661,4.123105625617661,False,1047,1227
D:\brain_tumor\🧠 Brain Tumor MRI Dataset\classification_task\test\glioma\brisc2025_test_00080_gl_ax_t1.jpg,glioma,axial,0.8566733613318117,0.7492813797588859,0.9978732454275682,0.7504798464571184,0.9999198846338729,8.67071459563393,8.67071459563393,False,2351,3126
D:\brain_tumor\🧠 Brain Tumor MRI Dataset\classification_task\test\glioma\brisc2025_test_00081_gl_ax_t1.jpg,glioma,axial,0.9112426035590491,0.8369565217686674,0.914851485165376,0.9076620825328758,0.9993387362172647,2.23606797749979,2.23606797749979,False,505,509
D:\brain_tumor\🧠 Brain Tumor MRI Dataset\classification_task\test\glioma\brisc2025_test_00082_gl_ax_t1.jpg,glioma,axial,0.6746861924856336,0.5090765588390626,0.5131264916855109,0.9847328244298118,0.9905673463726044,8.0,8.0,False,1257,655
D:\brain_tumor\🧠 Brain Tumor MRI Dataset\classification_task\test\glioma\brisc2025_test_00083_gl_ax_t1.jpg,glioma,axial,0.7133847232156002,0.5544662309853523,0.8092209857219045,0.637844611574205,0.9981463746176926,7.414375175913866,7.414375175913866,False,629,798
D:\brain_tumor\🧠 Brain Tumor MRI Dataset\classification_task\test\glioma\brisc2025_test_00084_gl_ax_t1.jpg,glioma,axial,0.6849408943004122,0.5208441896946107,0.9433695139243338,0.5376546530517038,0.9980588178200556,27.046176499001334,27.046176499001334,False,2119,3718
D:\brain_tumor\🧠 Brain Tumor MRI Dataset\classification_task\test\glioma\brisc2025_test_00085_gl_ax_t1.jpg,glioma,axial,0.22480620162550324,0.1266375546804981,0.1301907969550852,0.8226950355867411,0.9881489410505572,28.370191760493086,28.370191760493086,False,891,141
D:\brain_tumor\🧠 Brain Tumor MRI Dataset\classification_task\test\glioma\brisc2025_test_00086_gl_co_t1.jpg,glioma,coronal,0.9249720044834843,0.8604166666812066,0.9527104959685455,0.8988030468010008,0.9993654920531758,2.854163056034258,2.854163056034258,False,867,919
D:\brain_tumor\🧠 Brain Tumor MRI Dataset\classification_task\test\glioma\brisc2025_test_00087_gl_co_t1.jpg,glioma,coronal,0.7860058309162679,0.6474543708311763,0.998518518518738,0.6480769231107617,0.9999844951624908,5.385164807134504,5.385164807134504,False,675,1040
D:\brain_tumor\🧠 Brain Tumor MRI Dataset\classification_task\test\glioma\brisc2025_test_00088_gl_co_t1.jpg,glioma,coronal,0.7240506329213725,0.5674603174848378,0.912488605295124,0.6001199041007121,0.9984968998559552,21.0,21.0,False,1097,1668
D:\brain_tumor\🧠 Brain Tumor MRI Dataset\classification_task\test\glioma\brisc2025_test_00089_gl_co_t1.jpg,glioma,coronal,0.9187817258924477,0.8497652582300689,0.9141414141500868,0.9234693877629113,0.9986833137121279,3.0,3.0,False,990,980
D:\brain_tumor\🧠 Brain Tumor MRI Dataset\classification_task\test\glioma\brisc2025_test_00090_gl_co_t1.jpg,glioma,coronal,0.9028571428633106,0.8229166666871625,0.8932160804154251,0.9127086007814238,0.9986874005898997,5.881314021935881,5.881314021935881,False,796,779
D:\brain_tumor\🧠 Brain Tumor MRI Dataset\classification_task\test\glioma\brisc2025_test_00091_gl_co_t1.jpg,glioma,coronal,0.9543642002668505,0.9127118644104784,0.9641897940929189,0.9447368421076869,0.9987352978373613,3.0,3.0,False,2234,2280
D:\brain_tumor\🧠 Brain Tumor MRI Dataset\classification_task\test\glioma\brisc2025_test_00092_gl_co_t1.jpg,glioma,coronal,0.8748481166616223,0.7775377970242899,0.9863013698667668,0.7860262009200816,0.9999231691201329,4.0,4.0,False,365,458
D:\brain_tumor\🧠 Brain Tumor MRI Dataset\classification_task\test\glioma\brisc2025_test_00093_gl_co_t1.jpg,glioma,coronal,0.8363636363755372,0.7187500000351562,0.8518518518737997,0.8214285714540817,0.9984576469862446,5.0,5.0,False,675,700
D:\brain_tumor\🧠 Brain Tumor MRI Dataset\classification_task\test\glioma\brisc2025_test_00094_gl_co_t1.jpg,glioma,coronal,0.8250652741742734,0.702222222288395,0.8081841432715642,0.8426666667086222,0.9988490047727953,3.1622776601683795,3.1622776601683795,False,391,375
D:\brain_tumor\🧠 Brain Tumor MRI Dataset\classification_task\test\glioma\brisc2025_test_00095_gl_co_t1.jpg,glioma,coronal,0.681580199919963,0.5169675090601467,0.5567651633315112,0.8785276073768677,0.9911929667341494,11.805768311141431,11.805768311141431,False,1286,815
D:\brain_tumor\🧠 Brain Tumor MRI Dataset\classification_task\test\glioma\brisc2025_test_00096_gl_co_t1.jpg,glioma,coronal,5.797101448939298e-11,5.797101448939298e-11,7.230657989354254e-11,2.9239766073321704e-10,0.9787863913857429,52.0,52.0,False,1383,342
D:\brain_tumor\🧠 Brain Tumor MRI Dataset\classification_task\test\glioma\brisc2025_test_00097_gl_co_t1.jpg,glioma,coronal,0.9183147033542743,0.8489666136754975,0.9193027759862427,0.9173287524174935,0.9938402404770219,5.656854249492381,5.656854249492381,False,4647,4657
D:\brain_tumor\🧠 Brain Tumor MRI Dataset\classification_task\test\glioma\brisc2025_test_00098_gl_co_t1.jpg,glioma,coronal,0.9092762487350381,0.8336448598441786,0.936974789929207,0.8831683168548181,0.999538681551876,2.8284271247461903,2.8284271247461903,False,476,505
D:\brain_tumor\🧠 Brain Tumor MRI Dataset\classification_task\test\glioma\brisc2025_test_00099_gl_co_t1.jpg,glioma,coronal,1.3774104681298333e-10,1.3774104681298333e-10,1.5649452266721526e-10,1.1494252860351433e-09,0.9902366728292408,96.72173429125549,96.72173429125549,False,639,87
D:\brain_tumor\🧠 Brain Tumor MRI Dataset\classification_task\test\glioma\brisc2025_test_00100_gl_co_t1.jpg,glioma,coronal,0.6673209028785749,0.5007363770985661,0.7522123894353513,0.599647266384542,0.9982761009096672,9.457764463858444,9.457764463858444,False,452,567
D:\brain_tumor\🧠 Brain Tumor MRI Dataset\classification_task\test\glioma\brisc2025_test_00101_gl_co_t1.jpg,glioma,coronal,0.8734177215323399,0.7752808989184868,0.8697478991870278,0.8771186440938308,0.9990470920939397,3.4060781485809573,3.4060781485809573,False,476,472
D:\brain_tumor\🧠 Brain Tumor MRI Dataset\classification_task\test\glioma\brisc2025_test_00102_gl_co_t1.jpg,glioma,coronal,0.9337775926724791,0.8757812500097046,0.9816112084079149,0.8903891977847189,0.999673289045849,4.0,4.0,False,1142,1259
D:\brain_tumor\🧠 Brain Tumor MRI Dataset\classification_task\test\glioma\brisc2025_test_00103_gl_co_t1.jpg,glioma,coronal,0.9233943770976685,0.8576904647888026,0.957731407171871,0.8914342629536138,0.9987564538471245,4.0,4.0,False,1869,2008
D:\brain_tumor\🧠 Brain Tumor MRI Dataset\classification_task\test\glioma\brisc2025_test_00104_gl_co_t1.jpg,glioma,coronal,0.8829941860507633,0.7905009759407612,0.9382239382287085,0.833905284843246,0.998751541066498,5.0,5.0,False,1295,1457
D:\brain_tumor\🧠 Brain Tumor MRI Dataset\classification_task\test\glioma\brisc2025_test_00105_gl_co_t1.jpg,glioma,coronal,0.5416920268081745,0.371452420753635,0.374264087521088,0.980176211458111,0.9885682677238121,11.220350470944695,11.220350470944695,False,1189,454
D:\brain_tumor\🧠 Brain Tumor MRI Dataset\classification_task\test\glioma\brisc2025_test_00106_gl_co_t1.jpg,glioma,coronal,0.8722775932101832,0.77348608838712,0.8210562890958633,0.9303149606326647,0.9918248777700301,11.166842000467778,11.166842000467778,False,2878,2540
D:\brain_tumor\🧠 Brain Tumor MRI Dataset\classification_task\test\glioma\brisc2025_test_00107_gl_co_t1.jpg,glioma,coronal,0.8799292661382859,0.7856015156367034,0.8776014109390616,0.8822695035502741,0.9944671216276636,12.35044194594679,12.35044194594679,False,2835,2820
D:\brain_tumor\🧠 Brain Tumor MRI Dataset\classification_task\test\glioma\brisc2025_test_00108_gl_co_t1.jpg,glioma,coronal,0.9166282819015833,0.8460884353872373,0.9273066169685641,0.9061930783327692,0.9987895341258283,2.8284271247461903,2.8284271247461903,False,1073,1098
D:\brain_tumor\🧠 Brain Tumor MRI Dataset\classification_task\test\glioma\brisc2025_test_00109_gl_co_t1.jpg,glioma,coronal,0.9205996668561577,0.8528806584513497,0.9463470319695951,0.8962162162274361,0.9992725696862774,3.137936011143122,3.137936011143122,False,876,925
D:\brain_tumor\🧠 Brain Tumor MRI Dataset\classification_task\test\glioma\brisc2025_test_00110_gl_co_t1.jpg,glioma,coronal,0.9433237271872135,0.8927272727337741,0.9217772215318036,0.9659016393464983,0.998047210635675,4.049242250247062,4.049242250247062,False,1598,1525
D:\brain_tumor\🧠 Brain Tumor MRI Dataset\classification_task\test\glioma\brisc2025_test_00111_gl_co_t1.jpg,glioma,coronal,0.8487084871127845,0.7371794872637244,0.8518518519067214,0.8455882353508866,0.9993871046825211,2.8284271247461903,2.8284271247461903,False,270,272
D:\brain_tumor\🧠 Brain Tumor MRI Dataset\classification_task\test\glioma\brisc2025_test_00112_gl_co_t1.jpg,glioma,coronal,0.2723367697907072,0.15763301844069452,0.15921647417583043,0.9406528190087083,0.9743247595822415,24.758836806279895,24.758836806279895,False,1991,337
D:\brain_tumor\🧠 Brain Tumor MRI Dataset\classification_task\test\glioma\brisc2025_test_00113_gl_co_t1.jpg,glioma,coronal,0.667665792444074,0.5011248594206341,0.510894495440889,0.963243243247217,0.9867979136679718,18.395180023127185,18.395180023127185,False,1744,925
D:\brain_tumor\🧠 Brain Tumor MRI Dataset\classification_task\test\glioma\brisc2025_test_00114_gl_co_t1.jpg,glioma,coronal,0.826968411130906,0.7049839228414396,0.8691774033761558,0.7886690647577038,0.9958301743745327,10.002493781056042,10.002493781056042,False,2018,2224
D:\brain_tumor\🧠 Brain Tumor MRI Dataset\classification_task\test\glioma\brisc2025_test_00115_gl_co_t1.jpg,glioma,coronal,0.8752475247648269,0.7781690141235619,0.9038854805922525,0.8483685221020407,0.9992770899023313,3.605551275463989,3.605551275463989,False,489,521
D:\brain_tumor\🧠 Brain Tumor MRI Dataset\classification_task\test\glioma\brisc2025_test_00116_gl_co_t1.jpg,glioma,coronal,0.8178913738213108,0.691891891947407,0.7514677104204565,0.8971962617062625,0.9980493948516341,4.055397531527946,4.055397531527946,False,511,428
D:\brain_tumor\🧠 Brain Tumor MRI Dataset\classification_task\test\glioma\brisc2025_test_00117_gl_co_t1.jpg,glioma,coronal,0.895933014360291,0.811484290377954,0.8453724605140663,0.9529262086573885,0.9978841698841732,3.0649110640673483,3.0649110640673483,False,886,786
D:\brain_tumor\🧠 Brain Tumor MRI Dataset\classification_task\test\glioma\brisc2025_test_00118_gl_co_t1.jpg,glioma,coronal,0.8967741935550468,0.8128654970979104,0.8853503184859426,0.908496732038105,0.998610489262172,4.0,4.0,False,785,765
D:\brain_tumor\🧠 Brain Tumor MRI Dataset\classification_task\test\glioma\brisc2025_test_00119_gl_co_t1.jpg,glioma,coronal,0.7899159663939105,0.6527777777978717,0.6903304773751328,0.923076923083218,0.9921323506546131,8.543803320640599,8.543803320640599,False,1634,1222
D:\brain_tumor\🧠 Brain Tumor MRI Dataset\classification_task\test\glioma\brisc2025_test_00120_gl_co_t1.jpg,glioma,coronal,0.9112333071554413,0.8369408369643664,0.9062500000146484,0.916271721972153,0.9990755435033833,2.7099552952969,2.7099552952969,False,640,633
D:\brain_tumor\🧠 Brain Tumor MRI Dataset\classification_task\test\glioma\brisc2025_test_00121_gl_co_t1.jpg,glioma,coronal,0.9409190372005611,0.8884297520712384,0.98373157092101,0.9016775396131559,0.9994951885155395,4.894427190999892,4.894427190999892,False,1967,2146
D:\brain_tumor\🧠 Brain Tumor MRI Dataset\classification_task\test\glioma\brisc2025_test_00122_gl_co_t1.jpg,glioma,coronal,0.846895074954663,0.7344475394861236,0.7910000000209,0.9112903225908652,0.9967681078740694,4.656888370749709,4.656888370749709,False,1000,868
D:\brain_tumor\🧠 Brain Tumor MRI Dataset\classification_task\test\glioma\brisc2025_test_00123_gl_co_t1.jpg,glioma,coronal,0.6565183450563421,0.48866937829815976,0.513117754758199,0.9111592632815645,0.9876495442093888,10.63014581273465,10.63014581273465,False,1639,923
D:\brain_tumor\🧠 Brain Tumor MRI Dataset\classification_task\test\glioma\brisc2025_test_00124_gl_co_t1.jpg,glioma,coronal,0.864898989907519,0.7619577308384919,0.885012919911497,0.845679012364731,0.9986249729629536,6.0,6.0,False,774,810
D:\brain_tumor\🧠 Brain Tumor MRI Dataset\classification_task\test\glioma\brisc2025_test_00125_gl_co_t1.jpg,glioma,coronal,0.6281705342888197,0.4579071597594093,0.4735557364138685,0.9326923077030942,0.9900326596007055,12.727922061357855,12.727922061357855,False,1229,624
D:\brain_tumor\🧠 Brain Tumor MRI Dataset\classification_task\test\glioma\brisc2025_test_00126_gl_co_t1.jpg,glioma,coronal,0.8294260307332719,0.7085635359518558,0.9327272727395042,0.7467248908665611,0.9994294437847933,4.31148926748337,4.31148926748337,False,550,687
D:\brain_tumor\🧠 Brain Tumor MRI Dataset\classification_task\test\glioma\brisc2025_test_00127_gl_co_t1.jpg,glioma,coronal,0.9215291750555648,0.8544776119583983,0.9528432732381632,0.8922077922217911,0.999475033196431,2.8284271247461903,2.8284271247461903,False,721,770
D:\brain_tumor\🧠 Brain Tumor MRI Dataset\classification_task\test\glioma\brisc2025_test_00128_gl_co_t1.jpg,glioma,coronal,0.7875751503218863,0.6495867769174237,0.9182242990845271,0.6894736842650047,0.9994612566573293,5.563479642218812,5.563479642218812,False,428,570
D:\brain_tumor\🧠 Brain Tumor MRI Dataset\classification_task\test\glioma\brisc2025_test_00129_gl_co_t1.jpg,glioma,coronal,0.9278350515510415,0.8653846154007951,0.926640926650368,0.9290322580736733,0.999119840644834,2.23606797749979,2.23606797749979,False,777,775
D:\brain_tumor\🧠 Brain Tumor MRI Dataset\classification_task\test\glioma\brisc2025_test_00130_gl_co_t1.jpg,glioma,coronal,0.8228395061783074,0.6990036707027266,0.9874074074083402,0.7052910053065984,0.999732897589794,11.180339887498949,11.180339887498949,False,1350,1890
D:\brain_tumor\🧠 Brain Tumor MRI Dataset\classification_task\test\glioma\brisc2025_test_00131_gl_co_t1.jpg,glioma,coronal,1.6025641023072813e-10,1.6025641023072813e-10,1.0,1.6025641023072813e-10,1.0,,362.03867196751236,True,0,624
D:\brain_tumor\🧠 Brain Tumor MRI Dataset\classification_task\test\glioma\brisc2025_test_00132_gl_co_t1.jpg,glioma,coronal,0.4489515297542472,0.2894503546414251,0.3074387947595368,0.8318471337793826,0.9772822041358785,47.41307836451879,47.41307836451879,False,2124,785
D:\brain_tumor\🧠 Brain Tumor MRI Dataset\classification_task\test\glioma\brisc2025_test_00133_gl_co_t1.jpg,glioma,coronal,0.9225634178956901,0.856257744751393,0.9262734584549231,0.9188829787341911,0.9991510249444321,2.8284271247461903,2.8284271247461903,False,746,752
D:\brain_tumor\🧠 Brain Tumor MRI Dataset\classification_task\test\glioma\brisc2025_test_00134_gl_co_t1.jpg,glioma,coronal,0.9400479616316539,0.8868778280577111,0.9885675857434914,0.8960682718715005,0.9994538591277817,4.47213595499958,4.47213595499958,False,2974,3281
D:\brain_tumor\🧠 Brain Tumor MRI Dataset\classification_task\test\glioma\brisc2025_test_00135_gl_co_t1.jpg,glioma,coronal,0.3924503742469102,0.2441295546864725,0.24937965263650208,0.9206106870350212,0.9720257086050276,40.0,40.0,False,2418,655
D:\brain_tumor\🧠 Brain Tumor MRI Dataset\classification_task\test\glioma\brisc2025_test_00136_gl_co_t1.jpg,glioma,coronal,0.8230165649597639,0.6992592592815363,0.7392325763712425,0.9282202556609419,0.9948387296765374,8.04980619863884,8.04980619863884,False,1277,1017
D:\brain_tumor\🧠 Brain Tumor MRI Dataset\classification_task\test\glioma\brisc2025_test_00137_gl_co_t1.jpg,glioma,coronal,0.6364359586605858,0.46674445747179183,0.8988764045171065,0.49261083750091006,0.9993047401273109,15.2905073078733,15.2905073078733,False,445,812
D:\brain_tumor\🧠 Brain Tumor MRI Dataset\classification_task\test\glioma\brisc2025_test_00138_gl_co_t1.jpg,glioma,coronal,0.9219620958773144,0.8552223371326152,0.9695193434953389,0.8788522848098378,0.9991830835454187,4.630495168499712,4.630495168499712,False,1706,1882
D:\brain_tumor\🧠 Brain Tumor MRI Dataset\classification_task\test\glioma\brisc2025_test_00139_gl_co_t1.jpg,glioma,coronal,0.8757062147009692,0.7788944723988452,0.9728033472860244,0.7962328767472204,0.999799852198547,4.12908237869274,4.12908237869274,False,478,584
D:\brain_tumor\🧠 Brain Tumor MRI Dataset\classification_task\test\glioma\brisc2025_test_00140_gl_co_t1.jpg,glioma,coronal,0.7837150127776806,0.6443514645839533,0.9506172839811005,0.6666666668109668,0.9998774978944952,4.414762138029506,4.414762138029506,False,162,231
D:\brain_tumor\🧠 Brain Tumor MRI Dataset\classification_task\test\glioma\brisc2025_test_00141_gl_co_t1.jpg,glioma,coronal,0.6585067319600774,0.4908759124397277,0.5264187867236517,0.879084967333433,0.9887647404748077,13.564457979988106,13.564457979988106,False,1533,918
D:\brain_tumor\🧠 Brain Tumor MRI Dataset\classification_task\test\glioma\brisc2025_test_00142_gl_co_t1.jpg,glioma,coronal,0.8114558473003686,0.6827309238221964,0.8018867925462798,0.8212560387336927,0.9993571002158316,2.8284271247461903,2.8284271247461903,False,212,207
D:\brain_tumor\🧠 Brain Tumor MRI Dataset\classification_task\test\glioma\brisc2025_test_00143_gl_co_t1.jpg,glioma,coronal,0.5693023256214602,0.3979193758910378,0.8921282799148315,0.41803278696474966,0.9994290475896559,21.93171219946131,21.93171219946131,False,343,732
D:\brain_tumor\🧠 Brain Tumor MRI Dataset\classification_task\test\glioma\brisc2025_test_00144_gl_co_t1.jpg,glioma,coronal,0.8171206226392526,0.6907894738876384,0.8203125001403808,0.8139534885163151,0.9996483556805852,2.0,2.0,False,128,129
D:\brain_tumor\🧠 Brain Tumor MRI Dataset\classification_task\test\glioma\brisc2025_test_00145_gl_co_t1.jpg,glioma,coronal,0.7628482972283066,0.6166166166549933,0.9112426035634257,0.6560170394402538,0.999071164295557,4.277064977301324,4.277064977301324,False,676,939
D:\brain_tumor\🧠 Brain Tumor MRI Dataset\classification_task\test\glioma\brisc2025_test_00146_gl_co_t1.jpg,glioma,coronal,0.6721311476081698,0.5061728396585886,0.5836298933866085,0.7922705315013185,0.9982090648869595,6.260081151785961,6.260081151785961,False,281,207
D:\brain_tumor\🧠 Brain Tumor MRI Dataset\classification_task\test\glioma\brisc2025_test_00147_gl_co_t1.jpg,glioma,coronal,0.918888888893395,0.8499486125539621,0.9880525686991574,0.8587746625276454,0.9998451365121648,3.4947328716400867,3.4947328716400867,False,837,963
D:\brain_tumor\🧠 Brain Tumor MRI Dataset\classification_task\test\glioma\brisc2025_test_00148_gl_co_t1.jpg,glioma,coronal,0.9258620689719085,0.861958266474806,0.9640933572775416,0.8905472636997434,0.999691990205289,2.914213562373095,2.914213562373095,False,557,603
D:\brain_tumor\🧠 Brain Tumor MRI Dataset\classification_task\test\glioma\brisc2025_test_00149_gl_co_t1.jpg,glioma,coronal,0.8883610451439001,0.7991452991882169,0.9373433584116934,0.8442437923602159,0.9996159341250217,2.8284271247461903,2.8284271247461903,False,399,443
D:\brain_tumor\🧠 Brain Tumor MRI Dataset\classification_task\test\glioma\brisc2025_test_00150_gl_co_t1.jpg,glioma,coronal,0.7912772585832338,0.6546391753022373,0.7503692762554847,0.8369028006858481,0.997397156894458,7.957000489788821,7.957000489788821,False,677,607
D:\brain_tumor\🧠 Brain Tumor MRI Dataset\classification_task\test\glioma\brisc2025_test_00151_gl_co_t1.jpg,glioma,coronal,0.7362204724582533,0.5825545171773048,0.9672413793159929,0.594279661059928,0.9997058459251924,12.132420048477147,12.132420048477147,False,580,944
D:\brain_tumor\🧠 Brain Tumor MRI Dataset\classification_task\test\glioma\brisc2025_test_00152_gl_co_t1.jpg,glioma,coronal,0.9464150943409707,0.8982808022971214,0.965110312982806,0.9284304047419334,0.9989293024720534,2.8284271247461903,2.8284271247461903,False,1949,2026
D:\brain_tumor\🧠 Brain Tumor MRI Dataset\classification_task\test\glioma\brisc2025_test_00153_gl_co_t1.jpg,glioma,coronal,0.9222842421673557,0.8557768924417708,0.9355400696920261,0.9093988145716004,0.9988501281951692,3.1622776601683795,3.1622776601683795,False,1148,1181
D:\brain_tumor\🧠 Brain Tumor MRI Dataset\classification_task\test\glioma\brisc2025_test_00154_gl_co_t1.jpg,glioma,coronal,0.8013333333399556,0.6685205784389032,0.7559748427826432,0.8524822695140084,0.9939494120949475,10.0,10.0,False,1590,1410
D:\brain_tumor\🧠 Brain Tumor MRI Dataset\classification_task\test\glioma\brisc2025_test_00155_gl_co_t1.jpg,glioma,coronal,0.9613526570052553,0.9255813953504105,0.9632563256333717,0.959456497918925,0.9972610827743472,3.0,3.0,False,4545,4563
D:\brain_tumor\🧠 Brain Tumor MRI Dataset\classification_task\test\glioma\brisc2025_test_00156_gl_co_t1.jpg,glioma,coronal,0.6877990430684251,0.5241567912633195,0.5748083972151015,0.8560794044736437,0.9799121550353743,12.883749084919414,12.883749084919414,False,3001,2015
D:\brain_tumor\🧠 Brain Tumor MRI Dataset\classification_task\test\glioma\brisc2025_test_00157_gl_co_t1.jpg,glioma,coronal,0.7985893416954207,0.6647097195115306,0.8719338277275547,0.7366265060304428,0.9926856286449798,17.9303075871948,17.9303075871948,False,3506,4150
D:\brain_tumor\🧠 Brain Tumor MRI Dataset\classification_task\test\glioma\brisc2025_test_00158_gl_co_t1.jpg,glioma,coronal,0.8265947888620558,0.7044410413566786,0.9607351712631271,0.7253232418881954,0.9984927443277504,13.068730735777391,13.068730735777391,False,2394,3171
D:\brain_tumor\🧠 Brain Tumor MRI Dataset\classification_task\test\glioma\brisc2025_test_00159_gl_co_t1.jpg,glioma,coronal,0.7423580786101206,0.5902777777967465,0.6219512195306366,0.9205776173342544,0.9879191283066703,8.189164836080536,8.189164836080536,False,2050,1385
D:\brain_tumor\🧠 Brain Tumor MRI Dataset\classification_task\test\glioma\brisc2025_test_00160_gl_co_t1.jpg,glioma,coronal,0.5785963798164943,0.40705987491478735,0.7991228070351646,0.4534594325807138,0.9963952335227598,26.0,26.0,False,1140,2009
D:\brain_tumor\🧠 Brain Tumor MRI Dataset\classification_task\test\glioma\brisc2025_test_00161_gl_co_t1.jpg,glioma,coronal,0.8975489331705598,0.8141394753738279,0.8491825158542148,0.9517576664191564,0.9928096465273253,5.0990195135927845,5.0990195135927845,False,2997,2674
D:\brain_tumor\🧠 Brain Tumor MRI Dataset\classification_task\test\glioma\brisc2025_test_00162_gl_co_t1.jpg,glioma,coronal,0.7600165221082191,0.6129247168812175,0.6886227545143245,0.8479262672951219,0.9935454841662759,6.094852169800135,6.094852169800135,False,1336,1085
D:\brain_tumor\🧠 Brain Tumor MRI Dataset\classification_task\test\glioma\brisc2025_test_00163_gl_co_t1.jpg,glioma,coronal,0.8453608247511248,0.7321428571694303,0.7884615384841387,0.9111111111220851,0.9969409510861216,9.522393282839168,9.522393282839168,False,936,810
D:\brain_tumor\🧠 Brain Tumor MRI Dataset\classification_task\test\glioma\brisc2025_test_00164_gl_co_t1.jpg,glioma,coronal,0.9303928325304894,0.8698453608289354,0.9691313711425293,0.8946322067629346,0.9986243961739041,5.054460732476027,5.054460732476027,False,2786,3018
D:\brain_tumor\🧠 Brain Tumor MRI Dataset\classification_task\test\glioma\brisc2025_test_00165_gl_co_t1.jpg,glioma,coronal,0.9526570048316803,0.9095940959437394,0.9529639175272885,0.9523502897632856,0.9976613807464397,3.1622776601683795,3.1622776601683795,False,3104,3106
D:\brain_tumor\🧠 Brain Tumor MRI Dataset\classification_task\test\glioma\brisc2025_test_00166_gl_co_t1.jpg,glioma,coronal,0.5994494150172248,0.4280098280379356,0.5090590298358235,0.7288702929097179,0.9869445610108842,21.07260623954722,21.07260623954722,False,1711,1195
D:\brain_tumor\🧠 Brain Tumor MRI Dataset\classification_task\test\glioma\brisc2025_test_00167_gl_sa_t1.jpg,glioma,sagittal,0.9010863350542546,0.8199791883642061,0.9459783913630277,0.8602620087488797,0.9993036211699176,4.0,4.0,False,833,916
D:\brain_tumor\🧠 Brain Tumor MRI Dataset\classification_task\test\glioma\brisc2025_test_00168_gl_sa_t1.jpg,glioma,sagittal,2.7533039646819025e-11,2.7533039646819025e-11,4.5045045024754483e-10,2.932551319562095e-11,0.996426616875388,103.393181545031,103.393181545031,False,222,3410
D:\brain_tumor\🧠 Brain Tumor MRI Dataset\classification_task\test\glioma\brisc2025_test_00169_gl_sa_t1.jpg,glioma,sagittal,0.8613795401555918,0.7565115598549456,0.9372733865142395,0.7968557336684077,0.9972227573364201,14.013887215802846,14.013887215802846,False,2758,3244
D:\brain_tumor\🧠 Brain Tumor MRI Dataset\classification_task\test\glioma\brisc2025_test_00170_gl_sa_t1.jpg,glioma,sagittal,0.9184795601262615,0.8492484527033932,0.9402838962339558,0.8976635514066513,0.9980755883651996,4.242640687119285,4.242640687119285,False,2043,2140
D:\brain_tumor\🧠 Brain Tumor MRI Dataset\classification_task\test\glioma\brisc2025_test_00171_gl_sa_t1.jpg,glioma,sagittal,0.8503696150943062,0.7396895787255128,0.8760504201745772,0.8261515601869167,0.9962844592786242,9.219544457292887,9.219544457292887,False,1904,2019
D:\brain_tumor\🧠 Brain Tumor MRI Dataset\classification_task\test\glioma\brisc2025_test_00172_gl_sa_t1.jpg,glioma,sagittal,0.7855361596076827,0.6468172484780895,0.9722222222243656,0.6589958159174165,0.9994341757827244,17.69180601295413,17.69180601295413,False,1296,1912
D:\brain_tumor\🧠 Brain Tumor MRI Dataset\classification_task\test\glioma\brisc2025_test_00173_gl_sa_t1.jpg,glioma,sagittal,0.6992665037410106,0.5375939851362428,0.8666666667474747,0.586065573940137,0.9996630521350247,6.08113883008419,6.08113883008419,False,165,244
D:\brain_tumor\🧠 Brain Tumor MRI Dataset\classification_task\test\glioma\brisc2025_test_00174_gl_sa_t1.jpg,glioma,sagittal,0.8998505231838788,0.8179347826581699,0.937694704069254,0.8649425287744418,0.9996931950665772,2.8284271247461903,2.8284271247461903,False,321,348
D:\brain_tumor\🧠 Brain Tumor MRI Dataset\classification_task\test\glioma\brisc2025_test_00175_gl_sa_t1.jpg,glioma,sagittal,0.8321596244229953,0.7125628140992399,0.7723311547088964,0.9020356234221328,0.9967722007722057,6.324555320336759,6.324555320336759,False,918,786
D:\brain_tumor\🧠 Brain Tumor MRI Dataset\classification_task\test\glioma\brisc2025_test_00176_gl_sa_t1.jpg,glioma,sagittal,1.3245033110828472e-10,1.3245033110828472e-10,2.849002848191167e-10,2.47524752413979e-10,0.9946109439292596,43.69196082855887,43.69196082855887,False,351,404
D:\brain_tumor\🧠 Brain Tumor MRI Dataset\classification_task\test\glioma\brisc2025_test_00177_gl_sa_t1.jpg,glioma,sagittal,0.8670301019230379,0.765271966537018,0.7883620689746397,0.9631384939461223,0.9922843628706691,10.770329614269007,10.770329614269007,False,2320,1899
D:\brain_tumor\🧠 Brain Tumor MRI Dataset\classification_task\test\glioma\brisc2025_test_00178_gl_sa_t1.jpg,glioma,sagittal,0.7083153813137306,0.5483655770814966,0.8810289389195038,0.5922190202022897,0.9982696264887475,26.0,26.0,False,933,1388
D:\brain_tumor\🧠 Brain Tumor MRI Dataset\classification_task\test\glioma\brisc2025_test_00179_gl_sa_t1.jpg,glioma,sagittal,0.6381461675901829,0.4685863875041118,0.4811827957686583,0.9470899471039445,0.9940759384879921,11.045361017187261,11.045361017187261,False,744,378
D:\brain_tumor\🧠 Brain Tumor MRI Dataset\classification_task\test\glioma\brisc2025_test_00180_gl_sa_t1.jpg,glioma,sagittal,0.8143405890122483,0.6868250540633207,0.8457446808920892,0.7851851852382259,0.9991094870338255,5.830951894845301,5.830951894845301,False,376,405
D:\brain_tumor\🧠 Brain Tumor MRI Dataset\classification_task\test\glioma\brisc2025_test_00181_gl_sa_t1.jpg,glioma,sagittal,0.8910648714943618,0.8035320088733925,0.9191919192123252,0.8646080760416608,0.9995085617753213,2.8284271247461903,2.8284271247461903,False,396,421
D:\brain_tumor\🧠 Brain Tumor MRI Dataset\classification_task\test\glioma\brisc2025_test_00182_gl_sa_t1.jpg,glioma,sagittal,0.6296006264972904,0.45942857149035105,0.7040280210675959,0.5694050992111325,0.9973931821687531,67.25808076991014,67.25808076991014,False,571,706
D:\brain_tumor\🧠 Brain Tumor MRI Dataset\classification_task\test\glioma\brisc2025_test_00183_gl_sa_t1.jpg,glioma,sagittal,0.5158189827987257,0.34754452243132516,0.8298969072384154,0.37420104593990694,0.9979315208023224,77.82319699025287,77.82319699025287,False,776,1721
D:\brain_tumor\🧠 Brain Tumor MRI Dataset\classification_task\test\glioma\brisc2025_test_00184_gl_sa_t1.jpg,glioma,sagittal,0.9556832931586189,0.9151278409121049,0.9817142857149823,0.9309971098290825,0.9992352791231213,3.1622776601683795,3.1622776601683795,False,2625,2768
D:\brain_tumor\🧠 Brain Tumor MRI Dataset\classification_task\test\glioma\brisc2025_test_00185_gl_sa_t1.jpg,glioma,sagittal,0.9333681735057913,0.8750612444941175,0.9187242798395718,0.9484864577828738,0.9975177917772964,7.0,7.0,False,1944,1883
D:\brain_tumor\🧠 Brain Tumor MRI Dataset\classification_task\test\glioma\brisc2025_test_00186_gl_sa_t1.jpg,glioma,sagittal,0.7071478140282045,0.546967257136502,0.7998430141444393,0.6337064676844709,0.9960111375297271,22.56533222047941,22.56533222047941,False,1274,1608
D:\brain_tumor\🧠 Brain Tumor MRI Dataset\classification_task\test\glioma\brisc2025_test_00187_gl_sa_t1.jpg,glioma,sagittal,0.7717647058900247,0.6283524904417979,0.8497409326536092,0.7068965517421862,0.9968237576667968,10.0,10.0,False,1351,1624
D:\brain_tumor\🧠 Brain Tumor MRI Dataset\classification_task\test\glioma\brisc2025_test_00188_gl_sa_t1.jpg,glioma,sagittal,0.3660933661323038,0.2240601504342812,0.2777260019312464,0.5369369370203718,0.9880734368507901,32.60642221617388,32.60642221617388,False,1073,555
D:\brain_tumor\🧠 Brain Tumor MRI Dataset\classification_task\test\glioma\brisc2025_test_00189_gl_sa_t1.jpg,glioma,sagittal,0.9555448563640581,0.9148740012318723,0.9870689655176701,0.9259720062231424,0.9993742077309424,3.605551275463989,3.605551275463989,False,3016,3215
D:\brain_tumor\🧠 Brain Tumor MRI Dataset\classification_task\test\glioma\brisc2025_test_00190_gl_sa_t1.jpg,glioma,sagittal,0.9304857621450239,0.8700078308569562,0.9232686980630673,0.9378165447400727,0.9955309606014722,9.197077367416783,9.197077367416783,False,3610,3554
D:\brain_tumor\🧠 Brain Tumor MRI Dataset\classification_task\test\glioma\brisc2025_test_00191_gl_sa_t1.jpg,glioma,sagittal,0.4880636606132457,0.3228070177814712,0.3369963372391954,0.8846153847263314,0.9972337694094675,9.924428900898052,9.924428900898052,False,273,104
D:\brain_tumor\🧠 Brain Tumor MRI Dataset\classification_task\test\glioma\brisc2025_test_00192_gl_sa_t1.jpg,glioma,sagittal,0.7655456085224887,0.6201489612065799,0.7100538599771071,0.8304461942346223,0.9898477157360566,11.180339887498949,11.180339887498949,False,2228,1905
D:\brain_tumor\🧠 Brain Tumor MRI Dataset\classification_task\test\glioma\brisc2025_test_00193_gl_sa_t1.jpg,glioma,sagittal,0.17213011012312202,0.09416978259113461,0.7456140351156125,0.09729575047793253,0.9960373716842946,63.362039307518174,63.362039307518174,False,912,6989
D:\brain_tumor\🧠 Brain Tumor MRI Dataset\classification_task\test\glioma\brisc2025_test_00194_gl_sa_t1.jpg,glioma,sagittal,0.5808124460172158,0.4092570037260345,0.43693107939701814,0.8659793814778404,0.9933535948916415,45.23548858645681,45.23548858645681,False,769,388
D:\brain_tumor\🧠 Brain Tumor MRI Dataset\classification_task\test\glioma\brisc2025_test_00195_gl_sa_t1.jpg,glioma,sagittal,0.8409090909271694,0.7254901961322568,0.8167770419830515,0.8665105386729484,0.998725214640067,4.242640687119285,4.242640687119285,False,453,427
D:\brain_tumor\🧠 Brain Tumor MRI Dataset\classification_task\test\glioma\brisc2025_test_00196_gl_sa_t1.jpg,glioma,sagittal,0.9279886484594541,0.865651886176992,0.9237288135647084,0.9322879543882903,0.9983159995634099,3.0,3.0,False,1416,1403
D:\brain_tumor\🧠 Brain Tumor MRI Dataset\classification_task\test\glioma\brisc2025_test_00197_gl_sa_t1.jpg,glioma,sagittal,0.8856209150420244,0.7947214076547329,0.9280821917931366,0.8468750000239258,0.9993528106508885,4.164942897143228,4.164942897143228,False,584,640
D:\brain_tumor\🧠 Brain Tumor MRI Dataset\classification_task\test\glioma\brisc2025_test_00198_gl_sa_t1.jpg,glioma,sagittal,0.867816091956397,0.766497461936342,0.8573456352073333,0.8785454545498711,0.9935972987608804,41.693506897829856,41.693506897829856,False,2818,2750
D:\brain_tumor\🧠 Brain Tumor MRI Dataset\classification_task\test\glioma\brisc2025_test_00199_gl_sa_t1.jpg,glioma,sagittal,0.944002890174422,0.8939445774925096,0.9292318634449064,0.9592511013230818,0.9968318155766465,4.123105625617661,4.123105625617661,False,2812,2724
D:\brain_tumor\🧠 Brain Tumor MRI Dataset\classification_task\test\glioma\brisc2025_test_00200_gl_sa_t1.jpg,glioma,sagittal,0.9060970182507301,0.8283157038382167,0.9073083779048744,0.9048888888973431,0.9983853689587208,3.605551275463989,3.605551275463989,False,1122,1125
D:\brain_tumor\🧠 Brain Tumor MRI Dataset\classification_task\test\glioma\brisc2025_test_00201_gl_sa_t1.jpg,glioma,sagittal,0.9177033492862344,0.8479221927632252,0.9150763358859659,0.9203454894510225,0.9986200266691496,3.605551275463989,3.605551275463989,False,1048,1042
D:\brain_tumor\🧠 Brain Tumor MRI Dataset\classification_task\test\glioma\brisc2025_test_00202_gl_sa_t1.jpg,glioma,sagittal,0.8769356153319531,0.7808417997415323,0.8776508972467127,0.8762214983914949,0.9988447675672363,3.605551275463989,3.605551275463989,False,613,614
D:\brain_tumor\🧠 Brain Tumor MRI Dataset\classification_task\test\glioma\brisc2025_test_00203_gl_sa_t1.jpg,glioma,sagittal,0.9264581572294602,0.862992125991444,0.9309173272972301,0.9220415030890611,0.9980863645632393,5.0,5.0,False,1766,1783
D:\brain_tumor\🧠 Brain Tumor MRI Dataset\classification_task\test\glioma\brisc2025_test_00204_gl_sa_t1.jpg,glioma,sagittal,0.7256792287707554,0.5694635488900326,0.781132075512994,0.6775777414602984,0.9982133230650778,22.33735820163453,22.33735820163453,False,530,611
D:\brain_tumor\🧠 Brain Tumor MRI Dataset\classification_task\test\glioma\brisc2025_test_00205_gl_sa_t1.jpg,glioma,sagittal,0.8995756718564506,0.8174807198060745,0.9144500359515133,0.8851774530351303,0.9981434967784237,4.0,4.0,False,1391,1437
D:\brain_tumor\🧠 Brain Tumor MRI Dataset\classification_task\test\glioma\brisc2025_test_00206_gl_sa_t1.jpg,glioma,sagittal,0.89420423183316,0.8086522462641993,0.908411214957551,0.8804347826141108,0.9969050025265335,6.854101966249685,6.854101966249685,False,2140,2208
D:\brain_tumor\🧠 Brain Tumor MRI Dataset\classification_task\test\glioma\brisc2025_test_00207_gl_sa_t1.jpg,glioma,sagittal,0.7970173985255163,0.6625344353081909,0.7898193760607851,0.8043478261196744,0.9980288890942159,4.47213595499958,4.47213595499958,False,609,598
D:\brain_tumor\🧠 Brain Tumor MRI Dataset\classification_task\test\glioma\brisc2025_test_00208_gl_sa_t1.jpg,glioma,sagittal,0.7773297491089308,0.6357640161364689,0.9292983395860044,0.6680785521883682,0.9979027312159425,23.716017602121898,23.716017602121898,False,1867,2597
D:\brain_tumor\🧠 Brain Tumor MRI Dataset\classification_task\test\glioma\brisc2025_test_00209_gl_sa_t1.jpg,glioma,sagittal,0.9292973928429231,0.8679323153170477,0.9235836627174535,0.9350822587845673,0.9972506201905648,3.605551275463989,3.605551275463989,False,2277,2249
D:\brain_tumor\🧠 Brain Tumor MRI Dataset\classification_task\test\glioma\brisc2025_test_00210_gl_sa_t1.jpg,glioma,sagittal,0.635139683614353,0.46535141801565105,0.6879329201717852,0.589871834961242,0.9862681874328468,29.64436343569285,29.64436343569285,False,2743,3199
D:\brain_tumor\🧠 Brain Tumor MRI Dataset\classification_task\test\glioma\brisc2025_test_00211_gl_sa_t1.jpg,glioma,sagittal,0.43495254049595333,0.2779165180421721,0.8006166495580045,0.2985818321464706,0.9969170626281295,111.54627854676193,111.54627854676193,False,973,2609
D:\brain_tumor\🧠 Brain Tumor MRI Dataset\classification_task\test\glioma\brisc2025_test_00212_gl_sa_t1.jpg,glioma,sagittal,0.8697394789840202,0.769503546181027,0.8509803922153018,0.8893442623404326,0.9994179991423154,2.23606797749979,2.23606797749979,False,255,244
D:\brain_tumor\🧠 Brain Tumor MRI Dataset\classification_task\test\glioma\brisc2025_test_00213_gl_sa_t1.jpg,glioma,sagittal,0.8346456693173786,0.7162162162929145,0.8520900322019003,0.8179012346241046,0.9992946083542917,4.0,4.0,False,311,324
D:\brain_tumor\🧠 Brain Tumor MRI Dataset\classification_task\test\glioma\brisc2025_test_00214_gl_sa_t1.jpg,glioma,sagittal,0.93562708102466,0.8790406673744483,0.9929328621916451,0.8845750262450603,0.9999070962946907,3.1622776601683795,3.1622776601683795,False,849,953
D:\brain_tumor\🧠 Brain Tumor MRI Dataset\classification_task\test\glioma\brisc2025_test_00215_gl_sa_t1.jpg,glioma,sagittal,0.9091909741381843,0.8335015136394045,0.9280898876485292,0.8910463862037706,0.9990094259313733,38.002631123499285,38.002631123499285,False,890,927
D:\brain_tumor\🧠 Brain Tumor MRI Dataset\classification_task\test\glioma\brisc2025_test_00216_gl_sa_t1.jpg,glioma,sagittal,0.9008297115784111,0.8195542775046889,0.8878504672940868,0.9141940657612593,0.9954316170172338,6.737383539249422,6.737383539249422,False,2568,2494
D:\brain_tumor\🧠 Brain Tumor MRI Dataset\classification_task\test\glioma\brisc2025_test_00217_gl_sa_t1.jpg,glioma,sagittal,0.5797101449420391,0.40816326533488034,0.5220633934417611,0.6516679596856735,0.9880305695207745,84.77024761611686,84.77024761611686,False,1609,1289
D:\brain_tumor\🧠 Brain Tumor MRI Dataset\classification_task\test\glioma\brisc2025_test_00218_gl_sa_t1.jpg,glioma,sagittal,0.8441629955990043,0.7303477846722084,0.7955371043178238,0.8991202346100223,0.9938274506117813,7.211102550927978,7.211102550927978,False,1927,1705
D:\brain_tumor\🧠 Brain Tumor MRI Dataset\classification_task\test\glioma\brisc2025_test_00219_gl_sa_t1.jpg,glioma,sagittal,0.8897058823596994,0.8013245033331872,0.8316151202942021,0.9565217391361631,0.9977306760115509,3.0,3.0,False,873,759
D:\brain_tumor\🧠 Brain Tumor MRI Dataset\classification_task\test\glioma\brisc2025_test_00220_gl_sa_t1.jpg,glioma,sagittal,0.9023106840562272,0.8220091704951227,0.9112754159005881,0.8935206162259394,0.9969682136146205,5.0,5.0,False,2164,2207
D:\brain_tumor\🧠 Brain Tumor MRI Dataset\classification_task\test\glioma\brisc2025_test_00221_gl_sa_t1.jpg,glioma,sagittal,0.9487544484004002,0.902505077867129,0.9467329545492377,0.9507845934414562,0.998830573486764,2.0,2.0,False,1408,1402
D:\brain_tumor\🧠 Brain Tumor MRI Dataset\classification_task\test\glioma\brisc2025_test_00222_gl_sa_t1.jpg,glioma,sagittal,0.9512921281415827,0.9071087894638403,0.9808447937136334,0.9234682080942551,0.9987257192334732,5.830951894845301,5.830951894845301,False,4072,4325
D:\brain_tumor\🧠 Brain Tumor MRI Dataset\classification_task\test\glioma\brisc2025_test_00223_gl_sa_t1.jpg,glioma,sagittal,0.8827361563613407,0.7900874635874507,0.850863422315406,0.9170896785250271,0.9985372238047602,3.0,3.0,False,637,591
D:\brain_tumor\🧠 Brain Tumor MRI Dataset\classification_task\test\glioma\brisc2025_test_00224_gl_sa_t1.jpg,glioma,sagittal,0.8305084746480896,0.7101449277462718,0.7967479676449204,0.8672566372856136,0.9996178713907958,2.0,2.0,False,123,113
D:\brain_tumor\🧠 Brain Tumor MRI Dataset\classification_task\test\glioma\brisc2025_test_00225_gl_sa_t1.jpg,glioma,sagittal,0.8529411764946174,0.743589743662795,0.847402597452142,0.8585526316254761,0.9992794947265157,2.23606797749979,2.23606797749979,False,308,304
D:\brain_tumor\🧠 Brain Tumor MRI Dataset\classification_task\test\glioma\brisc2025_test_00226_gl_sa_t1.jpg,glioma,sagittal,0.9337461300350621,0.8757259001305777,0.953223767388973,0.9150485436996301,0.9994282358758817,2.8284271247461903,2.8284271247461903,False,791,824
D:\brain_tumor\🧠 Brain Tumor MRI Dataset\classification_task\test\glioma\brisc2025_test_00227_gl_sa_t1.jpg,glioma,sagittal,0.8372093023455068,0.7200000000589474,0.7467248908849946,0.952646239567508,0.9982202310631079,4.08001865665148,4.08001865665148,False,458,359
D:\brain_tumor\🧠 Brain Tumor MRI Dataset\classification_task\test\glioma\brisc2025_test_00228_gl_sa_t1.jpg,glioma,sagittal,0.8356687898298512,0.7177242889020297,0.9291784702750203,0.7592592593149863,0.9996159990169581,2.3249218495867363,2.3249218495867363,False,353,432
D:\brain_tumor\🧠 Brain Tumor MRI Dataset\classification_task\test\glioma\brisc2025_test_00229_gl_sa_t1.jpg,glioma,sagittal,0.8883928571553132,0.7991967871889163,0.9521531100592935,0.8326359832986118,0.999692582003751,3.0243416490252533,3.0243416490252533,False,418,478
D:\brain_tumor\🧠 Brain Tumor MRI Dataset\classification_task\test\glioma\brisc2025_test_00230_gl_sa_t1.jpg,glioma,sagittal,0.893881783619292,0.8081250000119922,0.8850102669483224,0.9029329609006331,0.9973792587046091,3.605551275463989,3.605551275463989,False,1461,1432
D:\brain_tumor\🧠 Brain Tumor MRI Dataset\classification_task\test\glioma\brisc2025_test_00231_gl_sa_t1.jpg,glioma,sagittal,0.9129662522233405,0.8398692810562177,0.9100566572301659,0.9158945117665079,0.9980197402273432,4.683281572999736,4.683281572999736,False,1412,1403
D:\brain_tumor\🧠 Brain Tumor MRI Dataset\classification_task\test\glioma\brisc2025_test_00232_gl_sa_t1.jpg,glioma,sagittal,0.8608837970653941,0.7557471264718754,0.8205928237409371,0.9053356282434878,0.9982295435301389,4.0,4.0,False,641,581
D:\brain_tumor\🧠 Brain Tumor MRI Dataset\classification_task\test\glioma\brisc2025_test_00233_gl_sa_t1.jpg,glioma,sagittal,0.927725118487694,0.8651933701806416,0.9377245509056618,0.9179366940307225,0.9991960793407862,2.23606797749979,2.23606797749979,False,835,853
D:\brain_tumor\🧠 Brain Tumor MRI Dataset\classification_task\test\glioma\brisc2025_test_00234_gl_sa_t1.jpg,glioma,sagittal,0.8996845425930798,0.817660550479626,0.8695121951378644,0.9320261437997351,0.9983480261228044,4.39411254969542,4.39411254969542,False,820,765
D:\brain_tumor\🧠 Brain Tumor MRI Dataset\classification_task\test\glioma\brisc2025_test_00235_gl_sa_t1.jpg,glioma,sagittal,0.8770864946982484,0.7810810811106647,0.8919753086586458,0.8626865671846736,0.9989208522184212,4.098484500494126,4.098484500494126,False,648,670
D:\brain_tumor\🧠 Brain Tumor MRI Dataset\classification_task\test\glioma\brisc2025_test_00236_gl_sa_t1.jpg,glioma,sagittal,0.9370786516877498,0.881606765336039,0.9527798933775491,0.92188651437569,0.9990339519157372,3.3839144678161843,3.3839144678161843,False,1313,1357
D:\brain_tumor\🧠 Brain Tumor MRI Dataset\classification_task\test\glioma\brisc2025_test_00237_gl_sa_t1.jpg,glioma,sagittal,0.7392784207120981,0.5863930885975818,0.6026637070363303,0.9559859155007067,0.9944895948774867,8.94427190999916,8.94427190999916,False,901,568
D:\brain_tumor\🧠 Brain Tumor MRI Dataset\classification_task\test\glioma\brisc2025_test_00238_gl_sa_t1.jpg,glioma,sagittal,0.9133687733814396,0.8405508244276038,0.9935746412509407,0.8451448351276162,0.999500391360102,7.810249675906654,7.810249675906654,False,4669,5489
D:\brain_tumor\🧠 Brain Tumor MRI Dataset\classification_task\test\glioma\brisc2025_test_00239_gl_sa_t1.jpg,glioma,sagittal,0.3109847351195602,0.18412192097848448,1.0,0.18412192097848448,1.0,44.38690871535028,44.38690871535028,False,1039,5643
D:\brain_tumor\🧠 Brain Tumor MRI Dataset\classification_task\test\glioma\brisc2025_test_00240_gl_sa_t1.jpg,glioma,sagittal,0.8994285714343184,0.8172377985651882,0.9609279609327316,0.8453276047427145,0.9995046823001323,4.0,4.0,False,819,931
D:\brain_tumor\🧠 Brain Tumor MRI Dataset\classification_task\test\glioma\brisc2025_test_00241_gl_sa_t1.jpg,glioma,sagittal,0.7442528735754669,0.592677345568827,0.9835443037995514,0.5986132511865474,0.9997976275724653,18.828530921605036,18.828530921605036,False,790,1298
D:\brain_tumor\🧠 Brain Tumor MRI Dataset\classification_task\test\glioma\brisc2025_test_00242_gl_sa_t1.jpg,glioma,sagittal,0.7481824190516734,0.597676874382505,0.6483390607504766,0.8843750000180663,0.9952693540433998,12.83659102352445,12.83659102352445,False,873,640
D:\brain_tumor\🧠 Brain Tumor MRI Dataset\classification_task\test\glioma\brisc2025_test_00243_gl_sa_t1.jpg,glioma,sagittal,0.8898801226682498,0.8016072325564235,0.9001692047433633,0.8798235942734386,0.9972223094064888,4.242640687119285,4.242640687119285,False,1773,1814
D:\brain_tumor\🧠 Brain Tumor MRI Dataset\classification_task\test\glioma\brisc2025_test_00244_gl_sa_t1.jpg,glioma,sagittal,0.9383269791446888,0.8838191804020356,0.9440433213021641,0.9326794471719715,0.9980408575987897,3.1622776601683795,3.1622776601683795,False,2216,2243
D:\brain_tumor\🧠 Brain Tumor MRI Dataset\classification_task\test\glioma\brisc2025_test_00245_gl_sa_t1.jpg,glioma,sagittal,0.9354838709689661,0.8787878787922001,0.9156760772691056,0.9561675717627554,0.9963944216779498,4.230687180969119,4.230687180969119,False,2692,2578
D:\brain_tumor\🧠 Brain Tumor MRI Dataset\classification_task\test\glioma\brisc2025_test_00246_gl_sa_t1.jpg,glioma,sagittal,0.9569640062606227,0.9174793698455559,0.9737261146507274,0.9407692307715089,0.9989513156222211,3.0,3.0,False,2512,2600
D:\brain_tumor\🧠 Brain Tumor MRI Dataset\classification_task\test\glioma\brisc2025_test_00247_gl_sa_t1.jpg,glioma,sagittal,0.9152410575460637,0.8437275985775106,0.9865884325241753,0.8535170413449227,0.9997506117804764,3.605551275463989,3.605551275463989,False,1193,1379
D:\brain_tumor\🧠 Brain Tumor MRI Dataset\classification_task\test\glioma\brisc2025_test_00248_gl_sa_t1.jpg,glioma,sagittal,0.9156398104345365,0.8444055944327963,0.9698795180783375,0.8671454219269039,0.9997691561889229,2.4137757216736997,2.4137757216736997,False,498,557
D:\brain_tumor\🧠 Brain Tumor MRI Dataset\classification_task\test\glioma\brisc2025_test_00249_gl_sa_t1.jpg,glioma,sagittal,0.9079189687009281,0.8313659359474932,0.9266917293370881,0.8898916967707777,0.9993998338001302,2.23606797749979,2.23606797749979,False,532,554
D:\brain_tumor\🧠 Brain Tumor MRI Dataset\classification_task\test\glioma\brisc2025_test_00250_gl_sa_t1.jpg,glioma,sagittal,0.9278350515510415,0.8653846154007951,0.9651474530877818,0.893300248152196,0.9995983315309754,2.769191210021537,2.769191210021537,False,746,806
D:\brain_tumor\🧠 Brain Tumor MRI Dataset\classification_task\test\glioma\brisc2025_test_00251_gl_sa_t1.jpg,glioma,sagittal,0.8328865058124914,0.7136294027674721,0.9867654843839722,0.7205257054611317,0.9996028531033064,10.251714139776352,10.251714139776352,False,1889,2587
D:\brain_tumor\🧠 Brain Tumor MRI Dataset\classification_task\test\glioma\brisc2025_test_00252_gl_sa_t1.jpg,glioma,sagittal,0.9223862965159788,0.8559526419676398,0.8704570791556197,0.9809045226135451,0.9905614399896183,8.0,8.0,False,4485,3980
D:\brain_tumor\🧠 Brain Tumor MRI Dataset\classification_task\test\glioma\brisc2025_test_00253_gl_sa_t1.jpg,glioma,sagittal,0.43588269123427925,0.27867647064127377,0.8574660633806638,0.2922127988209551,0.9990192873488083,40.496913462633174,40.496913462633174,False,442,1297
D:\brain_tumor\🧠 Brain Tumor MRI Dataset\classification_task\test\glioma\brisc2025_test_00254_gl_sa_t1.jpg,glioma,sagittal,0.8576104746350804,0.7507163323884276,0.9502590673600902,0.7814230933199224,0.9984807482314983,10.0,10.0,False,1930,2347
D:\brain_tumor\🧠 Brain Tumor MRI Dataset\classification_task\test\meningioma\brisc2025_test_00255_me_ax_t1.jpg,meningioma,axial,0.934450601433512,0.8769660071061145,0.9502473886764637,0.9191704333975227,0.9970700121408385,5.0990195135927845,5.0990195135927845,False,3638,3761
D:\brain_tumor\🧠 Brain Tumor MRI Dataset\classification_task\test\meningioma\brisc2025_test_00256_me_ax_t1.jpg,meningioma,axial,0.6612665684913779,0.49394939495805107,0.9817784256573048,0.49851961511848564,0.9996021262373881,50.0539550801,50.0539550801,False,1372,2702
D:\brain_tumor\🧠 Brain Tumor MRI Dataset\classification_task\test\meningioma\brisc2025_test_00257_me_ax_t1.jpg,meningioma,axial,0.9636549408850729,0.9298591549315532,0.9671842953423034,0.9601512507283261,0.998196399239914,2.8284271247461903,2.8284271247461903,False,3413,3438
D:\brain_tumor\🧠 Brain Tumor MRI Dataset\classification_task\test\meningioma\brisc2025_test_00258_me_ax_t1.jpg,meningioma,axial,0.9365426695854022,0.8806584362180844,0.9479512735345902,0.9254054054080935,0.997753381877284,4.123105625617661,4.123105625617661,False,2709,2775
D:\brain_tumor\🧠 Brain Tumor MRI Dataset\classification_task\test\meningioma\brisc2025_test_00259_me_ax_t1.jpg,meningioma,axial,0.9136809230509787,0.8410796997310162,0.9187020237278664,0.908714408974828,0.9921996618737681,8.54400374531753,8.54400374531753,False,5732,5795
D:\brain_tumor\🧠 Brain Tumor MRI Dataset\classification_task\test\meningioma\brisc2025_test_00260_me_ax_t1.jpg,meningioma,axial,0.8472458830239022,0.7349753694668316,0.9924611973395804,0.7391017173137681,0.9997280348115446,11.313708498984761,11.313708498984761,False,2255,3028
D:\brain_tumor\🧠 Brain Tumor MRI Dataset\classification_task\test\meningioma\brisc2025_test_00261_me_ax_t1.jpg,meningioma,axial,0.8982218458950344,0.8152474638851753,0.9877094972071616,0.8236024844775278,0.9994704409782408,8.06225774829855,8.06225774829855,False,2685,3220
D:\brain_tumor\🧠 Brain Tumor MRI Dataset\classification_task\test\meningioma\brisc2025_test_00262_me_ax_t1.jpg,meningioma,axial,0.9493645350020302,0.9036098310328875,0.9568930459553927,0.9419535628526039,0.9983184745708964,3.361750787051399,3.361750787051399,False,2459,2498
D:\brain_tumor\🧠 Brain Tumor MRI Dataset\classification_task\test\meningioma\brisc2025_test_00263_me_ax_t1.jpg,meningioma,axial,0.8546762589969877,0.7462311557916467,0.9840954274364416,0.755340793501763,0.999622463426145,9.433981132056603,9.433981132056603,False,1509,1966
D:\brain_tumor\🧠 Brain Tumor MRI Dataset\classification_task\test\meningioma\brisc2025_test_00264_me_ax_t1.jpg,meningioma,axial,0.9462896879865835,0.898054880168495,0.9830798479090669,0.912153819017249,0.9985133713063983,17.017631819555838,17.017631819555838,False,5260,5669
D:\brain_tumor\🧠 Brain Tumor MRI Dataset\classification_task\test\meningioma\brisc2025_test_00265_me_ax_t1.jpg,meningioma,axial,0.9484883871811537,0.9020236920063667,0.9841141626283222,0.9153518657672088,0.9990413207025998,4.158966144068143,4.158966144068143,False,3714,3993
D:\brain_tumor\🧠 Brain Tumor MRI Dataset\classification_task\test\meningioma\brisc2025_test_00266_me_ax_t1.jpg,meningioma,axial,0.967243406686255,0.9365647365017383,0.9723066531586523,0.9622326203221179,0.9986889229982113,2.59148346584761,2.59148346584761,False,2961,2992
D:\brain_tumor\🧠 Brain Tumor MRI Dataset\classification_task\test\meningioma\brisc2025_test_00267_me_ax_t1.jpg,meningioma,axial,0.9632854447835831,0.929171332588769,0.9758894442818027,0.9510028653309168,0.9986783998968528,2.23606797749979,2.23606797749979,False,3401,3490
D:\brain_tumor\🧠 Brain Tumor MRI Dataset\classification_task\test\meningioma\brisc2025_test_00268_me_ax_t1.jpg,meningioma,axial,0.8223067915703871,0.698235147903328,0.9681199379636719,0.7146673451251155,0.9967923710446522,36.032618155493964,36.032618155493964,False,5803,7861
D:\brain_tumor\🧠 Brain Tumor MRI Dataset\classification_task\test\meningioma\brisc2025_test_00269_me_ax_t1.jpg,meningioma,axial,0.94366424536007,0.8933374083162183,0.9865001687483462,0.9043935643593938,0.9993579866461233,5.0,5.0,False,2963,3232
D:\brain_tumor\🧠 Brain Tumor MRI Dataset\classification_task\test\meningioma\brisc2025_test_00270_me_ax_t1.jpg,meningioma,axial,0.9296482412079942,0.8685446009458245,0.9476380193541469,0.9123287671280916,0.9985559793442286,3.605551275463989,3.605551275463989,False,1757,1825
D:\brain_tumor\🧠 Brain Tumor MRI Dataset\classification_task\test\meningioma\brisc2025_test_00271_me_ax_t1.jpg,meningioma,axial,0.9568876538312275,0.9173390165943471,0.978087972732055,0.9365868821893598,0.997715813339654,4.368863084453436,4.368863084453436,False,6161,6434
D:\brain_tumor\🧠 Brain Tumor MRI Dataset\classification_task\test\meningioma\brisc2025_test_00272_me_ax_t1.jpg,meningioma,axial,0.9771346665758164,0.9552916054990619,0.9896308585650542,0.9649501213269756,0.9987095220069536,2.8284271247461903,2.8284271247461903,False,7233,7418
D:\brain_tumor\🧠 Brain Tumor MRI Dataset\classification_task\test\meningioma\brisc2025_test_00273_me_ax_t1.jpg,meningioma,axial,0.9455610275529673,0.8967432466574919,0.97582417582484,0.9171185127829301,0.9985728881176742,4.47213595499958,4.47213595499958,False,3640,3873
D:\brain_tumor\🧠 Brain Tumor MRI Dataset\classification_task\test\meningioma\brisc2025_test_00274_me_ax_t1.jpg,meningioma,axial,0.9396333283657827,0.8861400056259168,0.9918187539335488,0.8926649674343624,0.9995806789775025,5.0990195135927845,5.0990195135927845,False,3178,3531
D:\brain_tumor\🧠 Brain Tumor MRI Dataset\classification_task\test\meningioma\brisc2025_test_00275_me_ax_t1.jpg,meningioma,axial,0.9582417582425926,0.9198312236317671,0.9751931679554618,0.9418695993738464,0.9990315923162422,3.0,3.0,False,2459,2546
D:\brain_tumor\🧠 Brain Tumor MRI Dataset\classification_task\test\meningioma\brisc2025_test_00276_me_ax_t1.jpg,meningioma,axial,0.8567901234744704,0.7494600432506566,0.8051044083978877,0.9155672823441775,0.9987108062065493,3.0,3.0,False,431,379
D:\brain_tumor\🧠 Brain Tumor MRI Dataset\classification_task\test\meningioma\brisc2025_test_00277_me_ax_t1.jpg,meningioma,axial,0.9426987061013282,0.8916083916138058,0.9350445259332087,0.9504792332294739,0.998052090860539,3.0,3.0,False,1909,1878
D:\brain_tumor\🧠 Brain Tumor MRI Dataset\classification_task\test\meningioma\brisc2025_test_00278_me_ax_t1.jpg,meningioma,axial,0.9272151898748573,0.8643067846657704,0.9250197316525248,0.9294210943723465,0.9969847970292364,4.123105625617661,4.123105625617661,False,2534,2522
D:\brain_tumor\🧠 Brain Tumor MRI Dataset\classification_task\test\meningioma\brisc2025_test_00279_me_ax_t1.jpg,meningioma,axial,0.9499279192700631,0.9046311550447623,0.9451137884883322,0.9547913446685705,0.9952451954937123,4.123105625617661,4.123105625617661,False,5229,5176
D:\brain_tumor\🧠 Brain Tumor MRI Dataset\classification_task\test\meningioma\brisc2025_test_00280_me_ax_t1.jpg,meningioma,axial,0.9260438782735048,0.8622734761131609,0.8995445561579484,0.9541518548905829,0.9785760102630283,12.041594578792296,12.041594578792296,False,11637,10971
D:\brain_tumor\🧠 Brain Tumor MRI Dataset\classification_task\test\meningioma\brisc2025_test_00281_me_ax_t1.jpg,meningioma,axial,0.8228607515054354,0.6990343347800947,0.9961773700308733,0.7009144701613279,0.9999214787128792,8.48528137423857,8.48528137423857,False,1308,1859
D:\brain_tumor\🧠 Brain Tumor MRI Dataset\classification_task\test\meningioma\brisc2025_test_00282_me_ax_t1.jpg,meningioma,axial,0.8978028623282039,0.814557425025071,0.9840919133900092,0.8254262416669598,0.9994270982526506,7.810249675906654,7.810249675906654,False,2263,2698
D:\brain_tumor\🧠 Brain Tumor MRI Dataset\classification_task\test\meningioma\brisc2025_test_00283_me_ax_t1.jpg,meningioma,axial,0.9426638176648386,0.891545975079436,0.9778352419660941,0.9099346854620167,0.9990419467641767,4.47213595499958,4.47213595499958,False,2707,2909
D:\brain_tumor\🧠 Brain Tumor MRI Dataset\classification_task\test\meningioma\brisc2025_test_00284_me_ax_t1.jpg,meningioma,axial,0.9117814456510085,0.8378661088035705,0.9401408450774482,0.8850828729408748,0.9992109049836778,3.605551275463989,3.605551275463989,False,852,905
D:\brain_tumor\🧠 Brain Tumor MRI Dataset\classification_task\test\meningioma\brisc2025_test_00285_me_ax_t1.jpg,meningioma,axial,0.22484445399646336,0.126661832266699,0.9961977186319015,0.12672309554711672,0.9999674272405987,57.59857723852706,57.59857723852706,False,526,4135
D:\brain_tumor\🧠 Brain Tumor MRI Dataset\classification_task\test\meningioma\brisc2025_test_00286_me_ax_t1.jpg,meningioma,axial,0.8809093257586952,0.7871652816349417,0.9584035975290386,0.8150095602382884,0.9988336170481072,9.0,9.0,False,1779,2092
D:\brain_tumor\🧠 Brain Tumor MRI Dataset\classification_task\test\meningioma\brisc2025_test_00287_me_ax_t1.jpg,meningioma,axial,0.9776613348043459,0.9562988939849434,0.9802295036640366,0.9751065878149483,0.9975456963872007,3.1622776601683795,3.1622776601683795,False,7233,7271
D:\brain_tumor\🧠 Brain Tumor MRI Dataset\classification_task\test\meningioma\brisc2025_test_00288_me_ax_t1.jpg,meningioma,axial,0.9408450704239238,0.8882978723453769,0.9833169774296704,0.9018901890233174,0.9994629939665801,4.242640687119285,4.242640687119285,False,2038,2222
D:\brain_tumor\🧠 Brain Tumor MRI Dataset\classification_task\test\meningioma\brisc2025_test_00289_me_ax_t1.jpg,meningioma,axial,0.934579439253726,0.8771929824610369,0.9717314487644995,0.9001636661251978,0.9989856083180134,4.47213595499958,4.47213595499958,False,2264,2444
D:\brain_tumor\🧠 Brain Tumor MRI Dataset\classification_task\test\meningioma\brisc2025_test_00290_me_ax_t1.jpg,meningioma,axial,0.9257987458948507,0.8618485059087999,0.9701188986237466,0.8853512278714256,0.9967368277181768,7.0,7.0,False,6392,7004
D:\brain_tumor\🧠 Brain Tumor MRI Dataset\classification_task\test\meningioma\brisc2025_test_00291_me_ax_t1.jpg,meningioma,axial,0.9524312896412205,0.9091826437964384,0.9521796565402331,0.95268305577709,0.9970689683092366,4.123105625617661,4.123105625617661,False,3785,3783
D:\brain_tumor\🧠 Brain Tumor MRI Dataset\classification_task\test\meningioma\brisc2025_test_00292_me_ax_t1.jpg,meningioma,axial,0.9555026202958028,0.9147965699705383,0.9621953559784648,0.9489023467080071,0.9967303989909103,4.123105625617661,4.123105625617661,False,5211,5284
D:\brain_tumor\🧠 Brain Tumor MRI Dataset\classification_task\test\meningioma\brisc2025_test_00293_me_ax_t1.jpg,meningioma,axial,0.8871085214899086,0.797120418861445,0.9471228615904259,0.8342465753538187,0.9989387602222377,5.270706689717806,5.270706689717806,False,1286,1460
D:\brain_tumor\🧠 Brain Tumor MRI Dataset\classification_task\test\meningioma\brisc2025_test_00294_me_ax_t1.jpg,meningioma,axial,0.9100872742051941,0.8350093109931095,0.9647160068861999,0.8613138686184666,0.998697026996967,14.206583691129623,14.206583691129623,False,2324,2603
D:\brain_tumor\🧠 Brain Tumor MRI Dataset\classification_task\test\meningioma\brisc2025_test_00295_me_ax_t1.jpg,meningioma,axial,0.9179646936666931,0.8483685220765746,0.9096989966578416,0.9263819753752586,0.9943129344286292,5.830951894845301,5.830951894845301,False,3887,3817
D:\brain_tumor\🧠 Brain Tumor MRI Dataset\classification_task\test\meningioma\brisc2025_test_00296_me_ax_t1.jpg,meningioma,axial,0.917243024089739,0.8471365638833861,0.9731781376531793,0.8673883626582144,0.9991629684612847,7.0710678118654755,7.0710678118654755,False,1976,2217
D:\brain_tumor\🧠 Brain Tumor MRI Dataset\classification_task\test\meningioma\brisc2025_test_00297_me_ax_t1.jpg,meningioma,axial,0.9286343612342661,0.8667763157922127,0.9747976878618544,0.8866456361748339,0.9982066764284921,8.06225774829855,8.06225774829855,False,4325,4755
D:\brain_tumor\🧠 Brain Tumor MRI Dataset\classification_task\test\meningioma\brisc2025_test_00298_me_ax_t1.jpg,meningioma,axial,0.918563997613042,0.8493928402483931,0.9225762247358243,0.9145865172369743,0.992422083256505,7.0710678118654755,7.0710678118654755,False,5838,5889
D:\brain_tumor\🧠 Brain Tumor MRI Dataset\classification_task\test\meningioma\brisc2025_test_00299_me_ax_t1.jpg,meningioma,axial,0.9558578323830114,0.9154479744509086,0.953097654883565,0.9586340433029636,0.9955225127391271,4.123105625617661,4.123105625617661,False,5714,5681
D:\brain_tumor\🧠 Brain Tumor MRI Dataset\classification_task\test\meningioma\brisc2025_test_00300_me_ax_t1.jpg,meningioma,axial,0.8616150836026037,0.7568750000075977,0.9695756605296407,0.7752880921966937,0.9987822854579267,9.486832980505138,9.486832980505138,False,2498,3124
D:\brain_tumor\🧠 Brain Tumor MRI Dataset\classification_task\test\meningioma\brisc2025_test_00301_me_ax_t1.jpg,meningioma,axial,0.8714868054093223,0.7722433460162645,0.8242694805266125,0.9244424214872808,0.9931637695574714,75.4217571344789,75.4217571344789,False,2464,2197
D:\brain_tumor\🧠 Brain Tumor MRI Dataset\classification_task\test\meningioma\brisc2025_test_00302_me_ax_t1.jpg,meningioma,axial,0.8076062640036235,0.6772983115051974,0.8223234624550516,0.7934065934519986,0.9988014935234573,5.521009528313442,5.521009528313442,False,439,455
D:\brain_tumor\🧠 Brain Tumor MRI Dataset\classification_task\test\meningioma\brisc2025_test_00303_me_ax_t1.jpg,meningioma,axial,0.8436073059405363,0.7295162882660653,0.8663540445564857,0.8220244716450487,0.99642285606703,8.06225774829855,8.06225774829855,False,1706,1798
D:\brain_tumor\🧠 Brain Tumor MRI Dataset\classification_task\test\meningioma\brisc2025_test_00304_me_ax_t1.jpg,meningioma,axial,0.9516624382430787,0.9077824480969585,0.98289891049534,0.92235020059632,0.9978550052759988,7.280109889280518,7.280109889280518,False,7251,7727
D:\brain_tumor\🧠 Brain Tumor MRI Dataset\classification_task\test\meningioma\brisc2025_test_00305_me_ax_t1.jpg,meningioma,axial,0.9298799747324084,0.8689492325886907,0.9782030834668207,0.8861064290901491,0.9986641252464059,6.708203932499369,6.708203932499369,False,3762,4153
D:\brain_tumor\🧠 Brain Tumor MRI Dataset\classification_task\test\meningioma\brisc2025_test_00306_me_ax_t1.jpg,meningioma,axial,0.9415780747104109,0.8896056026559233,0.9857055340007003,0.9012322628845924,0.9988368228647411,8.461374361938239,8.461374361938239,False,4897,5356
D:\brain_tumor\🧠 Brain Tumor MRI Dataset\classification_task\test\meningioma\brisc2025_test_00307_me_ax_t1.jpg,meningioma,axial,0.9152355588216068,0.8437182526270959,0.986537319342971,0.8535457348432075,0.9988609333646037,16.62822752963096,16.62822752963096,False,5051,5838
D:\brain_tumor\🧠 Brain Tumor MRI Dataset\classification_task\test\meningioma\brisc2025_test_00308_me_ax_t1.jpg,meningioma,axial,0.9288075821034957,0.8670781893031465,0.9393669193058545,0.9184829991299371,0.9955371792347648,5.830951894845301,5.830951894845301,False,4486,4588
D:\brain_tumor\🧠 Brain Tumor MRI Dataset\classification_task\test\meningioma\brisc2025_test_00309_me_ax_t1.jpg,meningioma,axial,0.8121484814503853,0.6837121212420726,0.976995940463194,0.6948989413190664,0.9997364218490786,8.94427190999916,8.94427190999916,False,739,1039
D:\brain_tumor\🧠 Brain Tumor MRI Dataset\classification_task\test\meningioma\brisc2025_test_00310_me_ax_t1.jpg,meningioma,axial,0.9365976145645123,0.8807556080311509,0.9532328136991252,0.9205330700908062,0.9970236159000764,6.4031242374328485,6.4031242374328485,False,3913,4052
D:\brain_tumor\🧠 Brain Tumor MRI Dataset\classification_task\test\meningioma\brisc2025_test_00311_me_ax_t1.jpg,meningioma,axial,0.8118052893901186,0.68322580647205,0.9653600729293199,0.7003968254166404,0.9994064725727861,13.601470508735444,13.601470508735444,False,1097,1512
D:\brain_tumor\🧠 Brain Tumor MRI Dataset\classification_task\test\meningioma\brisc2025_test_00312_me_ax_t1.jpg,meningioma,axial,0.931350114417785,0.871520342617005,0.9370683039164593,0.9257012888580098,0.9973926038983792,4.123105625617661,4.123105625617661,False,2606,2638
D:\brain_tumor\🧠 Brain Tumor MRI Dataset\classification_task\test\meningioma\brisc2025_test_00313_me_ax_t1.jpg,meningioma,axial,0.9454460677654224,0.8965364775254748,0.9879811596558716,0.9064222917611917,0.9987420314492159,7.0,7.0,False,6157,6711
D:\brain_tumor\🧠 Brain Tumor MRI Dataset\classification_task\test\meningioma\brisc2025_test_00314_me_ax_t1.jpg,meningioma,axial,0.8711736781818437,0.7717517401458308,0.9732991953191917,0.7884444444507127,0.998825630218306,10.0,10.0,False,2734,3375
D:\brain_tumor\🧠 Brain Tumor MRI Dataset\classification_task\test\meningioma\brisc2025_test_00315_me_ax_t1.jpg,meningioma,axial,0.8265107212560181,0.7043189369016346,0.9747126436810675,0.7174280880103698,0.9996581409081026,7.0710678118654755,7.0710678118654755,False,870,1182
D:\brain_tumor\🧠 Brain Tumor MRI Dataset\classification_task\test\meningioma\brisc2025_test_00316_me_ax_t1.jpg,meningioma,axial,0.9290750725849706,0.8675445391203835,0.9744779582373991,0.887714663146956,0.9985749218636158,7.0,7.0,False,3448,3785
D:\brain_tumor\🧠 Brain Tumor MRI Dataset\classification_task\test\meningioma\brisc2025_test_00317_me_ax_t1.jpg,meningioma,axial,0.8494962216672073,0.7383689107970242,0.9560595322497477,0.7643059490218523,0.9990277712439839,8.06225774829855,8.06225774829855,False,1411,1765
D:\brain_tumor\🧠 Brain Tumor MRI Dataset\classification_task\test\meningioma\brisc2025_test_00318_me_ax_t1.jpg,meningioma,axial,0.9198547891661567,0.851602895557094,0.9570017431738234,0.8854838709708204,0.9976057978516928,6.708203932499369,6.708203932499369,False,3442,3720
D:\brain_tumor\🧠 Brain Tumor MRI Dataset\classification_task\test\meningioma\brisc2025_test_00319_me_ax_t1.jpg,meningioma,axial,0.8569099062430937,0.7496433666369726,0.977674418606728,0.7626995646035777,0.9996259235013566,7.810249675906654,7.810249675906654,False,1075,1378
D:\brain_tumor\🧠 Brain Tumor MRI Dataset\classification_task\test\meningioma\brisc2025_test_00320_me_ax_t1.jpg,meningioma,axial,0.8846683181975044,0.793188548874966,0.928901734108156,0.8444561219209429,0.9980670406864394,8.0,8.0,False,1730,1903
D:\brain_tumor\🧠 Brain Tumor MRI Dataset\classification_task\test\meningioma\brisc2025_test_00321_me_ax_t1.jpg,meningioma,axial,0.8790413181890021,0.7841870824101518,0.9554952510188468,0.8139158576094795,0.9973206992321559,10.0,10.0,False,3685,4326
D:\brain_tumor\🧠 Brain Tumor MRI Dataset\classification_task\test\meningioma\brisc2025_test_00322_me_ax_t1.jpg,meningioma,axial,0.8896418199445876,0.8012205754227891,0.9301619433233723,0.8525046382257652,0.99782265698959,6.324555320336759,6.324555320336759,False,1976,2156
D:\brain_tumor\🧠 Brain Tumor MRI Dataset\classification_task\test\meningioma\brisc2025_test_00323_me_ax_t1.jpg,meningioma,axial,0.9365410115564209,0.8806555041011522,0.9596273291941139,0.9145394006690885,0.9983448188054075,4.123105625617661,4.123105625617661,False,2576,2703
D:\brain_tumor\🧠 Brain Tumor MRI Dataset\classification_task\test\meningioma\brisc2025_test_00324_me_ax_t1.jpg,meningioma,axial,0.8062015504042892,0.6753246753715261,0.7188940092597705,0.917647058839677,0.9971857410881845,5.0,5.0,False,651,510
D:\brain_tumor\🧠 Brain Tumor MRI Dataset\classification_task\test\meningioma\brisc2025_test_00325_me_ax_t1.jpg,meningioma,axial,0.9086783891146524,0.8326403326577297,0.9185779816607136,0.8989898990012357,0.9989016938665034,3.0243416490252533,3.0243416490252533,False,872,891
D:\brain_tumor\🧠 Brain Tumor MRI Dataset\classification_task\test\meningioma\brisc2025_test_00326_me_ax_t1.jpg,meningioma,axial,0.9509644434127129,0.9065130704516389,0.9538461538483056,0.9481000926808111,0.998437943765978,2.8284271247461903,2.8284271247461903,False,2145,2158
D:\brain_tumor\🧠 Brain Tumor MRI Dataset\classification_task\test\meningioma\brisc2025_test_00327_me_ax_t1.jpg,meningioma,axial,0.849906191383686,0.7389885807929872,0.8628571428832654,0.8373382625069616,0.998892222478654,5.656854249492381,5.656854249492381,False,525,541
D:\brain_tumor\🧠 Brain Tumor MRI Dataset\classification_task\test\meningioma\brisc2025_test_00328_me_ax_t1.jpg,meningioma,axial,0.9342629482104451,0.8766355140302209,0.9863301787606382,0.8874172185536974,0.999798383969975,2.8284271247461903,2.8284271247461903,False,951,1057
D:\brain_tumor\🧠 Brain Tumor MRI Dataset\classification_task\test\meningioma\brisc2025_test_00329_me_ax_t1.jpg,meningioma,axial,0.8032786885649019,0.6712328768249202,0.9607843137447136,0.6901408451795278,0.9998773983939192,4.0,4.0,False,204,284
D:\brain_tumor\🧠 Brain Tumor MRI Dataset\classification_task\test\meningioma\brisc2025_test_00330_me_ax_t1.jpg,meningioma,axial,0.9249583101764892,0.8603929679565261,0.9530355097419203,0.8984881209612864,0.9993654233090863,3.0,3.0,False,873,926
D:\brain_tumor\🧠 Brain Tumor MRI Dataset\classification_task\test\meningioma\brisc2025_test_00331_me_ax_t1.jpg,meningioma,axial,0.9103448275950399,0.8354430380044408,0.9390243902562958,0.8833652007871196,0.9995385538276967,3.0,3.0,False,492,523
D:\brain_tumor\🧠 Brain Tumor MRI Dataset\classification_task\test\meningioma\brisc2025_test_00332_me_ax_t1.jpg,meningioma,axial,0.9385137683916064,0.8841506752036851,0.9650892164495664,0.9133627019153184,0.9992987814379666,3.1622776601683795,3.1622776601683795,False,1289,1362
D:\brain_tumor\🧠 Brain Tumor MRI Dataset\classification_task\test\meningioma\brisc2025_test_00333_me_ax_t1.jpg,meningioma,axial,0.9268088665860807,0.8636009353185035,0.9303106633139957,0.9233333333397222,0.9987098980353166,2.23606797749979,2.23606797749979,False,1191,1200
D:\brain_tumor\🧠 Brain Tumor MRI Dataset\classification_task\test\meningioma\brisc2025_test_00334_me_ax_t1.jpg,meningioma,axial,0.9190839694718257,0.8502824858968527,0.9318885449021844,0.9066265060381586,0.9993217412751274,2.8284271247461903,2.8284271247461903,False,646,664
D:\brain_tumor\🧠 Brain Tumor MRI Dataset\classification_task\test\meningioma\brisc2025_test_00335_me_ax_t1.jpg,meningioma,axial,0.9218436873825808,0.8550185873875431,0.920000000016,0.9236947791317882,0.9993849749377297,2.0,2.0,False,500,498
D:\brain_tumor\🧠 Brain Tumor MRI Dataset\classification_task\test\meningioma\brisc2025_test_00336_me_ax_t1.jpg,meningioma,axial,0.9619766995267959,0.926739023188783,0.9824790794983661,0.9423125156773937,0.9989114364165155,3.1622776601683795,3.1622776601683795,False,3824,3987
D:\brain_tumor\🧠 Brain Tumor MRI Dataset\classification_task\test\meningioma\brisc2025_test_00337_me_ax_t1.jpg,meningioma,axial,0.8959390863010191,0.8114942528952306,0.9644808743217922,0.8364928910146335,0.9995980955914184,4.311489267483376,4.311489267483376,False,732,844
D:\brain_tumor\🧠 Brain Tumor MRI Dataset\classification_task\test\meningioma\brisc2025_test_00338_me_ax_t1.jpg,meningioma,axial,0.9563182527307906,0.9162929745914412,0.9751829462305064,0.9381695745351035,0.9987473702805589,3.1622776601683795,3.1622776601683795,False,3143,3267
D:\brain_tumor\🧠 Brain Tumor MRI Dataset\classification_task\test\meningioma\brisc2025_test_00339_me_ax_t1.jpg,meningioma,axial,0.9320492241858734,0.8727454909883394,0.9704735376061018,0.8965517241432552,0.9991665749374944,4.0,4.0,False,1795,1943
D:\brain_tumor\🧠 Brain Tumor MRI Dataset\classification_task\test\meningioma\brisc2025_test_00340_me_ax_t1.jpg,meningioma,axial,0.8588235294532872,0.7525773197151663,0.9012345679622009,0.8202247192021209,0.9997551944673954,3.0,3.0,False,162,178
D:\brain_tumor\🧠 Brain Tumor MRI Dataset\classification_task\test\meningioma\brisc2025_test_00341_me_ax_t1.jpg,meningioma,axial,0.945885841365979,0.89732770746151,0.9688686408527815,0.9239681390351941,0.9993609227651791,2.4137757216737166,2.4137757216737166,False,1317,1381
D:\brain_tumor\🧠 Brain Tumor MRI Dataset\classification_task\test\meningioma\brisc2025_test_00342_me_ax_t1.jpg,meningioma,axial,0.9679021103038145,0.9378006872873608,0.9848430169619328,0.9515341701551069,0.9993298014935863,2.354539806949063,2.354539806949063,False,2771,2868
D:\brain_tumor\🧠 Brain Tumor MRI Dataset\classification_task\test\meningioma\brisc2025_test_00343_me_ax_t1.jpg,meningioma,axial,0.8895768833963285,0.8011152416726552,0.9472527472643401,0.8385214008096263,0.9996308941589006,3.1622776601683795,3.1622776601683795,False,455,514
D:\brain_tumor\🧠 Brain Tumor MRI Dataset\classification_task\test\meningioma\brisc2025_test_00344_me_ax_t1.jpg,meningioma,axial,0.934906737726117,0.8777698356055919,0.9761526232133424,0.8970051132288528,0.9995324699611957,5.0,5.0,False,1258,1369
D:\brain_tumor\🧠 Brain Tumor MRI Dataset\classification_task\test\meningioma\brisc2025_test_00345_me_ax_t1.jpg,meningioma,axial,0.7054794520749672,0.5449735450216959,0.8758503401571683,0.5905963303221793,0.9988710874675262,7.548640462547234,7.548640462547234,False,588,872
D:\brain_tumor\🧠 Brain Tumor MRI Dataset\classification_task\test\meningioma\brisc2025_test_00346_me_ax_t1.jpg,meningioma,axial,0.9450211457153009,0.8957725947597833,0.9808459696743139,0.911721068255807,0.9996260983361381,3.0,3.0,False,1253,1348
D:\brain_tumor\🧠 Brain Tumor MRI Dataset\classification_task\test\meningioma\brisc2025_test_00347_me_ax_t1.jpg,meningioma,axial,0.9443983402501163,0.8946540880544555,0.9823047043598487,0.9093088294083377,0.9993495470626508,4.036931687685293,4.036931687685293,False,2317,2503
D:\brain_tumor\🧠 Brain Tumor MRI Dataset\classification_task\test\meningioma\brisc2025_test_00348_me_ax_t1.jpg,meningioma,axial,0.9320113314459629,0.8726790450970597,0.9209237228859019,0.9433691756292699,0.9963981767762146,5.0,5.0,False,2858,2790
D:\brain_tumor\🧠 Brain Tumor MRI Dataset\classification_task\test\meningioma\brisc2025_test_00349_me_ax_t1.jpg,meningioma,axial,0.8685491723509072,0.7676419965709902,0.9752186588939346,0.7829139847991273,0.9994673100725406,7.0710678118654755,7.0710678118654755,False,1372,1709
D:\brain_tumor\🧠 Brain Tumor MRI Dataset\classification_task\test\meningioma\brisc2025_test_00350_me_ax_t1.jpg,meningioma,axial,0.9025844930456228,0.822463768128807,0.9303278688581699,0.8764478764574172,0.9986768574586344,4.0,4.0,False,1220,1295
D:\brain_tumor\🧠 Brain Tumor MRI Dataset\classification_task\test\meningioma\brisc2025_test_00351_me_ax_t1.jpg,meningioma,axial,0.8991541964888494,0.8167848699835782,0.9787535410774904,0.8315282791884666,0.9992862014815296,9.848857801796104,9.848857801796104,False,2118,2493
D:\brain_tumor\🧠 Brain Tumor MRI Dataset\classification_task\test\meningioma\brisc2025_test_00352_me_ax_t1.jpg,meningioma,axial,0.8514951850049927,0.7413945278251195,0.9655172413832739,0.761559383521164,0.9995344000744967,7.0710678118654755,7.0710678118654755,False,870,1103
D:\brain_tumor\🧠 Brain Tumor MRI Dataset\classification_task\test\meningioma\brisc2025_test_00353_me_ax_t1.jpg,meningioma,axial,0.9314285714318369,0.8716577540221337,0.9898785425111459,0.8794964028885344,0.9998447783434747,3.0,3.0,False,988,1112
D:\brain_tumor\🧠 Brain Tumor MRI Dataset\classification_task\test\meningioma\brisc2025_test_00354_me_ax_t1.jpg,meningioma,axial,0.8639539663023447,0.7604920405383147,0.977674418606728,0.7739322533303438,0.9996260400760391,8.049806198638837,8.049806198638837,False,1075,1358
D:\brain_tumor\🧠 Brain Tumor MRI Dataset\classification_task\test\meningioma\brisc2025_test_00355_me_ax_t1.jpg,meningioma,axial,0.8749490835081487,0.7776973207981392,0.9728260869589831,0.7949666913549247,0.9995326010750183,10.059126028197397,10.059126028197397,False,1104,1351
D:\brain_tumor\🧠 Brain Tumor MRI Dataset\classification_task\test\meningioma\brisc2025_test_00356_me_ax_t1.jpg,meningioma,axial,0.9704243463356134,0.9425478767709534,0.9764232317430586,0.9644987219549986,0.9986777392566336,2.23606797749979,2.23606797749979,False,3478,3521
D:\brain_tumor\🧠 Brain Tumor MRI Dataset\classification_task\test\meningioma\brisc2025_test_00357_me_ax_t1.jpg,meningioma,axial,0.9099236641290135,0.8347338935805695,0.9460317460403124,0.8764705882534602,0.9994757616874315,2.8284271247461903,2.8284271247461903,False,630,680
D:\brain_tumor\🧠 Brain Tumor MRI Dataset\classification_task\test\meningioma\brisc2025_test_00358_me_ax_t1.jpg,meningioma,axial,0.9342033714010765,0.8765306122574968,0.9512735326742776,0.9177350427438318,0.9993188854489174,2.8284271247461903,2.8284271247461903,False,903,936
D:\brain_tumor\🧠 Brain Tumor MRI Dataset\classification_task\test\meningioma\brisc2025_test_00359_me_ax_t1.jpg,meningioma,axial,0.9499290492611001,0.9046332046368868,0.9428571428594423,0.957107843139007,0.9977491757545052,2.23606797749979,2.23606797749979,False,2485,2448
D:\brain_tumor\🧠 Brain Tumor MRI Dataset\classification_task\test\meningioma\brisc2025_test_00360_me_ax_t1.jpg,meningioma,axial,0.9326556543858749,0.8738095238170351,0.9192235441503304,0.94648613797895,0.9979839024771462,3.605551275463989,3.605551275463989,False,1597,1551
D:\brain_tumor\🧠 Brain Tumor MRI Dataset\classification_task\test\meningioma\brisc2025_test_00361_me_ax_t1.jpg,meningioma,axial,0.9159078735985052,0.8448616600943812,0.9364731653957861,0.8962264151052174,0.9991019169428028,3.605551275463989,3.605551275463989,False,913,954
D:\brain_tumor\🧠 Brain Tumor MRI Dataset\classification_task\test\meningioma\brisc2025_test_00362_me_ax_t1.jpg,meningioma,axial,0.9004484305022018,0.8189233279251349,0.9094202898714819,0.8916518650281259,0.9992304495713616,2.23606797749979,2.23606797749979,False,552,563
D:\brain_tumor\🧠 Brain Tumor MRI Dataset\classification_task\test\meningioma\brisc2025_test_00363_me_ax_t1.jpg,meningioma,axial,0.872970391607166,0.7745762712246482,0.982795698928431,0.7852233677344977,0.9998768359146475,4.0,4.0,False,465,582
D:\brain_tumor\🧠 Brain Tumor MRI Dataset\classification_task\test\meningioma\brisc2025_test_00364_me_ax_t1.jpg,meningioma,axial,0.8901098901174375,0.8019801980443094,0.9310344827685295,0.852631578966759,0.9992589848091897,4.061552812808831,4.061552812808831,False,696,760
D:\brain_tumor\🧠 Brain Tumor MRI Dataset\classification_task\test\meningioma\brisc2025_test_00365_me_ax_t1.jpg,meningioma,axial,0.8928928929036143,0.8065099457854413,0.9046653144209604,0.8814229249246199,0.9992772566507777,3.0081138830084164,3.0081138830084164,False,493,506
D:\brain_tumor\🧠 Brain Tumor MRI Dataset\classification_task\test\meningioma\brisc2025_test_00366_me_ax_t1.jpg,meningioma,axial,0.9529693104832011,0.9101636848149919,0.9699797160255587,0.9365452408955525,0.9988250797834355,3.1622776601683795,3.1622776601683795,False,2465,2553
D:\brain_tumor\🧠 Brain Tumor MRI Dataset\classification_task\test\meningioma\brisc2025_test_00367_me_ax_t1.jpg,meningioma,axial,0.9113193943827456,0.8370860927368098,0.9446935725045301,0.8802228412423088,0.9994291709093162,2.23606797749979,2.23606797749979,False,669,718
D:\brain_tumor\🧠 Brain Tumor MRI Dataset\classification_task\test\meningioma\brisc2025_test_00368_me_ax_t1.jpg,meningioma,axial,0.9292436389010371,0.867838541675271,0.9244105409206372,0.93412754029894,0.9982997707030241,2.982842712474615,2.982842712474615,False,1442,1427
D:\brain_tumor\🧠 Brain Tumor MRI Dataset\classification_task\test\meningioma\brisc2025_test_00369_me_ax_t1.jpg,meningioma,axial,0.8424015009528704,0.7277147488285715,0.7822299651947335,0.9126016260340241,0.9980782239714684,4.0,4.0,False,574,492
D:\brain_tumor\🧠 Brain Tumor MRI Dataset\classification_task\test\meningioma\brisc2025_test_00370_me_ax_t1.jpg,meningioma,axial,0.9438898450965959,0.8937418513758969,0.9390410958945862,0.9487889273391842,0.9986113494874497,2.23606797749979,2.23606797749979,False,1460,1445
D:\brain_tumor\🧠 Brain Tumor MRI Dataset\classification_task\test\meningioma\brisc2025_test_00371_me_ax_t1.jpg,meningioma,axial,0.9051724137999158,0.8267716535660404,0.8786610878830319,0.9333333333432099,0.9986586700790943,3.4282418293457426,3.4282418293457426,False,717,675
D:\brain_tumor\🧠 Brain Tumor MRI Dataset\classification_task\test\meningioma\brisc2025_test_00372_me_ax_t1.jpg,meningioma,axial,0.8637110016644153,0.760115607005747,0.9195804196085383,0.8142414861256219,0.9996473095855126,3.1622776601683795,3.1622776601683795,False,286,323
D:\brain_tumor\🧠 Brain Tumor MRI Dataset\classification_task\test\meningioma\brisc2025_test_00373_me_ax_t1.jpg,meningioma,axial,0.9345870809511616,0.8772064466709741,0.9540901502542496,0.9158653846221262,0.9991444748631173,2.23606797749979,2.23606797749979,False,1198,1248
D:\brain_tumor\🧠 Brain Tumor MRI Dataset\classification_task\test\meningioma\brisc2025_test_00374_me_ax_t1.jpg,meningioma,axial,0.9183486238569566,0.8490245971290055,0.8897777777875752,0.9488151658816288,0.9980769529008575,2.8284271247461903,2.8284271247461903,False,1125,1055
D:\brain_tumor\🧠 Brain Tumor MRI Dataset\classification_task\test\meningioma\brisc2025_test_00375_me_ax_t1.jpg,meningioma,axial,0.9335239456802342,0.8753351206601427,0.9355300859691218,0.9315263908799535,0.9993059304388072,2.23606797749979,2.23606797749979,False,698,701
D:\brain_tumor\🧠 Brain Tumor MRI Dataset\classification_task\test\meningioma\brisc2025_test_00376_me_ax_t1.jpg,meningioma,axial,0.8526863085177321,0.7432024169960113,0.9353612167546154,0.7834394905148281,0.9997393517524765,3.0,3.0,False,263,314
D:\brain_tumor\🧠 Brain Tumor MRI Dataset\classification_task\test\meningioma\brisc2025_test_00377_me_ax_t1.jpg,meningioma,axial,0.9543705332608692,0.9127234490041106,0.9669513553669903,0.9421128798863201,0.9985821703944456,3.0,3.0,False,2693,2764
D:\brain_tumor\🧠 Brain Tumor MRI Dataset\classification_task\test\meningioma\brisc2025_test_00378_me_ax_t1.jpg,meningioma,axial,0.7437582128946283,0.5920502092476935,0.9576988155739934,0.6079484425770195,0.9996130330469783,12.883749084919414,12.883749084919414,False,591,931
D:\brain_tumor\🧠 Brain Tumor MRI Dataset\classification_task\test\meningioma\brisc2025_test_00379_me_ax_t1.jpg,meningioma,axial,0.9331495520340021,0.8746770025872176,0.9337931034501022,0.9325068870542009,0.996123154459994,7.810249675906654,7.810249675906654,False,3625,3630
D:\brain_tumor\🧠 Brain Tumor MRI Dataset\classification_task\test\meningioma\brisc2025_test_00380_me_ax_t1.jpg,meningioma,axial,0.9214200239361221,0.8542899408391798,0.9821428571443757,0.867768595051257,0.9996729226695745,4.242640687119285,4.242640687119285,False,1176,1331
D:\brain_tumor\🧠 Brain Tumor MRI Dataset\classification_task\test\meningioma\brisc2025_test_00381_me_ax_t1.jpg,meningioma,axial,0.9112592072987984,0.8369845360929778,0.9265335235430433,0.8964803312700842,0.9983928097742157,4.0,4.0,False,1402,1449
D:\brain_tumor\🧠 Brain Tumor MRI Dataset\classification_task\test\meningioma\brisc2025_test_00382_me_ax_t1.jpg,meningioma,axial,0.9211822660147055,0.853881278555493,0.9540816326589182,0.890476190489229,0.9994435513787568,3.0,3.0,False,784,840
D:\brain_tumor\🧠 Brain Tumor MRI Dataset\classification_task\test\meningioma\brisc2025_test_00383_me_ax_t1.jpg,meningioma,axial,0.8857677902728681,0.7949579832277383,0.9536290322674135,0.8269230769533352,0.9996459577612221,3.605551275463989,3.605551275463989,False,496,572
D:\brain_tumor\🧠 Brain Tumor MRI Dataset\classification_task\test\meningioma\brisc2025_test_00384_me_ax_t1.jpg,meningioma,axial,0.9386666666707556,0.8844221105672837,0.9696969697011437,0.9095607235258966,0.9996602946172143,2.23606797749979,2.23606797749979,False,726,774
D:\brain_tumor\🧠 Brain Tumor MRI Dataset\classification_task\test\meningioma\brisc2025_test_00385_me_ax_t1.jpg,meningioma,axial,0.9364028776996719,0.8804112554177267,0.9481351981382206,0.9249573621418444,0.9986045125985878,2.8284271247461903,2.8284271247461903,False,1716,1759
D:\brain_tumor\🧠 Brain Tumor MRI Dataset\classification_task\test\meningioma\brisc2025_test_00386_me_ax_t1.jpg,meningioma,axial,0.9188829787287977,0.8499384994034516,0.9637377963788372,0.8780177890879266,0.9995984493969025,2.6211014232099368,2.6211014232099368,False,717,787
D:\brain_tumor\🧠 Brain Tumor MRI Dataset\classification_task\test\meningioma\brisc2025_test_00387_me_ax_t1.jpg,meningioma,axial,0.9574056147154548,0.9182915506073217,0.9758263443524506,0.9396674584351703,0.9992275070549113,2.9227922061357776,2.9227922061357776,False,2027,2105
D:\brain_tumor\🧠 Brain Tumor MRI Dataset\classification_task\test\meningioma\brisc2025_test_00388_me_ax_t1.jpg,meningioma,axial,0.9371789806425452,0.8817843866258896,0.9465283320074598,0.9280125195674481,0.9989573282704115,2.8284271247461903,2.8284271247461903,False,1253,1278
D:\brain_tumor\🧠 Brain Tumor MRI Dataset\classification_task\test\meningioma\brisc2025_test_00389_me_ax_t1.jpg,meningioma,axial,0.9401015228456802,0.8869731800874546,0.9788583509536091,0.9042968750093459,0.9996899801587307,3.0,3.0,False,946,1024
D:\brain_tumor\🧠 Brain Tumor MRI Dataset\classification_task\test\meningioma\brisc2025_test_00390_me_ax_t1.jpg,meningioma,axial,0.8914167528550758,0.804104477648488,0.9288793103601554,0.8568588469469466,0.9994925653129957,3.08113883008419,3.08113883008419,False,464,503
D:\brain_tumor\🧠 Brain Tumor MRI Dataset\classification_task\test\meningioma\brisc2025_test_00391_me_ax_t1.jpg,meningioma,axial,0.9391926418017786,0.8853564547316611,0.963312368976592,0.9162512462695662,0.9994576418266632,2.8284271247461903,2.8284271247461903,False,954,1003
D:\brain_tumor\🧠 Brain Tumor MRI Dataset\classification_task\test\meningioma\brisc2025_test_00392_me_co_t1.jpg,meningioma,coronal,0.8380537400168765,0.7212500000069687,0.7636315510914867,0.9285484390109897,0.985695750372446,10.802756562755077,10.802756562755077,False,3778,3107
D:\brain_tumor\🧠 Brain Tumor MRI Dataset\classification_task\test\meningioma\brisc2025_test_00393_me_co_t1.jpg,meningioma,coronal,0.7620769826979572,0.6156093489309011,0.8982947624909686,0.661731718274485,0.9973620610675007,21.23202301544841,21.23202301544841,False,1642,2229
D:\brain_tumor\🧠 Brain Tumor MRI Dataset\classification_task\test\meningioma\brisc2025_test_00394_me_co_t1.jpg,meningioma,coronal,0.9306899781465705,0.8703649635074346,0.9688007799815145,0.8954641033374748,0.998456765315803,5.656854249492381,5.656854249492381,False,3077,3329
D:\brain_tumor\🧠 Brain Tumor MRI Dataset\classification_task\test\meningioma\brisc2025_test_00395_me_co_t1.jpg,meningioma,coronal,0.9542003428862552,0.912412177990051,0.9813602015122741,0.9285033365143708,0.9994167533654916,3.605551275463989,3.605551275463989,False,1985,2098
D:\brain_tumor\🧠 Brain Tumor MRI Dataset\classification_task\test\meningioma\brisc2025_test_00396_me_co_t1.jpg,meningioma,coronal,0.928418476599443,0.8664002283794918,0.9765122265129822,0.88483965014913,0.9988245902167281,6.4031242374328485,6.4031242374328485,False,3108,3430
D:\brain_tumor\🧠 Brain Tumor MRI Dataset\classification_task\test\meningioma\brisc2025_test_00397_me_co_t1.jpg,meningioma,coronal,0.9337987782080315,0.875818521986066,0.9702072538867822,0.9000240326868535,0.9981262729124267,7.0,7.0,False,3860,4161
D:\brain_tumor\🧠 Brain Tumor MRI Dataset\classification_task\test\meningioma\brisc2025_test_00398_me_co_t1.jpg,meningioma,coronal,0.9572479618218608,0.9180015255545766,0.9818478482565399,0.9338506304571513,0.9985260263990352,4.123105625617661,4.123105625617661,False,4903,5155
D:\brain_tumor\🧠 Brain Tumor MRI Dataset\classification_task\test\meningioma\brisc2025_test_00399_me_co_t1.jpg,meningioma,coronal,0.9453197405008857,0.8963093145885134,0.9739019732658514,0.9183673469400004,0.9972142954205782,6.0,6.0,False,6284,6664
D:\brain_tumor\🧠 Brain Tumor MRI Dataset\classification_task\test\meningioma\brisc2025_test_00400_me_co_t1.jpg,meningioma,coronal,0.9439492968910285,0.8938484621175197,0.9937447873228994,0.8989060731818388,0.9995019424245452,5.242092160363644,5.242092160363644,False,4796,5302
D:\brain_tumor\🧠 Brain Tumor MRI Dataset\classification_task\test\meningioma\brisc2025_test_00401_me_co_t1.jpg,meningioma,coronal,0.9374036386071939,0.8821822402820029,0.9781209781216821,0.8999407933718194,0.9989060137070065,5.932380757938124,5.932380757938124,False,3108,3378
D:\brain_tumor\🧠 Brain Tumor MRI Dataset\classification_task\test\meningioma\brisc2025_test_00402_me_co_t1.jpg,meningioma,coronal,0.9402466013287979,0.8872315035833165,0.9877117236802487,0.8971342383138119,0.999405345462144,5.385164807134504,5.385164807134504,False,3011,3315
D:\brain_tumor\🧠 Brain Tumor MRI Dataset\classification_task\test\meningioma\brisc2025_test_00403_me_co_t1.jpg,meningioma,coronal,0.9029239766119718,0.8230277185626846,0.9219745222992058,0.8846447670065206,0.9984741619568118,4.0,4.0,False,1256,1309
D:\brain_tumor\🧠 Brain Tumor MRI Dataset\classification_task\test\meningioma\brisc2025_test_00404_me_co_t1.jpg,meningioma,coronal,0.9075189939767483,0.8306954436532041,0.9547960308734953,0.8647029455883822,0.9987093321580931,7.35273724515554,7.35273724515554,False,1814,2003
D:\brain_tumor\🧠 Brain Tumor MRI Dataset\classification_task\test\meningioma\brisc2025_test_00405_me_co_t1.jpg,meningioma,coronal,0.8837638376437379,0.7917355372072945,0.8507992895336767,0.9193857965528419,0.997395106521541,5.0,5.0,False,1126,1042
D:\brain_tumor\🧠 Brain Tumor MRI Dataset\classification_task\test\meningioma\brisc2025_test_00406_me_co_t1.jpg,meningioma,coronal,0.9120088544597671,0.8382502543399541,0.9471264367876866,0.8794023479317606,0.9992879146736029,3.516896552404872,3.516896552404872,False,870,937
D:\brain_tumor\🧠 Brain Tumor MRI Dataset\classification_task\test\meningioma\brisc2025_test_00407_me_co_t1.jpg,meningioma,coronal,0.9485514485527334,0.9021377672255517,0.9783616692437732,0.9205041202171351,0.9993383013249739,3.605551275463989,3.605551275463989,False,1941,2063
D:\brain_tumor\🧠 Brain Tumor MRI Dataset\classification_task\test\meningioma\brisc2025_test_00408_me_co_t1.jpg,meningioma,coronal,0.9279194208384023,0.8655314151536837,0.9849649181428345,0.877119904793897,0.9992762364294342,5.0,5.0,False,2993,3361
D:\brain_tumor\🧠 Brain Tumor MRI Dataset\classification_task\test\meningioma\brisc2025_test_00409_me_co_t1.jpg,meningioma,coronal,0.9445531637321501,0.8949320148363742,0.9763991908301956,0.9147188881896804,0.998877665544334,5.656854249492381,5.656854249492381,False,2966,3166
D:\brain_tumor\🧠 Brain Tumor MRI Dataset\classification_task\test\meningioma\brisc2025_test_00410_me_co_t1.jpg,meningioma,coronal,0.9549260904394166,0.9137402452631864,0.9776353063966359,0.9332479362377847,0.9974363356691208,5.830951894845301,5.830951894845301,False,6707,7026
D:\brain_tumor\🧠 Brain Tumor MRI Dataset\classification_task\test\meningioma\brisc2025_test_00411_me_co_t1.jpg,meningioma,coronal,0.9012994194110783,0.8203321590427614,0.9449275362350766,0.8615221987388202,0.9985073219785078,6.4031242374328485,6.4031242374328485,False,1725,1892
D:\brain_tumor\🧠 Brain Tumor MRI Dataset\classification_task\test\meningioma\brisc2025_test_00412_me_co_t1.jpg,meningioma,coronal,0.7556066705143412,0.6072088724947126,0.9633431085097738,0.6215704825334369,0.9996122768653366,10.324565414571708,10.324565414571708,False,682,1057
D:\brain_tumor\🧠 Brain Tumor MRI Dataset\classification_task\test\meningioma\brisc2025_test_00413_me_co_t1.jpg,meningioma,coronal,0.9471377704745667,0.8995837669120816,0.9815498154986787,0.915056893360279,0.9989474877341857,6.082762530298219,6.082762530298219,False,3523,3779
D:\brain_tumor\🧠 Brain Tumor MRI Dataset\classification_task\test\meningioma\brisc2025_test_00414_me_co_t1.jpg,meningioma,coronal,0.9336080157324318,0.8754829645262472,0.984983204900514,0.8873264506962028,0.9987315998531348,8.024903099319419,8.024903099319419,False,5061,5618
D:\brain_tumor\🧠 Brain Tumor MRI Dataset\classification_task\test\meningioma\brisc2025_test_00415_me_co_t1.jpg,meningioma,coronal,0.9508196721318084,0.9062500000024014,0.9757308328743594,0.9271488469620768,0.9985742060920308,4.3918126112414715,4.3918126112414715,False,3626,3816
D:\brain_tumor\🧠 Brain Tumor MRI Dataset\classification_task\test\meningioma\brisc2025_test_00416_me_co_t1.jpg,meningioma,coronal,0.9554088643411638,0.914624709829388,0.9779371207948722,0.9338951804073243,0.9987042226145569,4.0,4.0,False,3626,3797
D:\brain_tumor\🧠 Brain Tumor MRI Dataset\classification_task\test\meningioma\brisc2025_test_00417_me_co_t1.jpg,meningioma,coronal,0.9576029351818426,0.9186546734470346,0.9818181818185618,0.9345534115787835,0.9985621973590729,4.123105625617661,4.123105625617661,False,4785,5027
D:\brain_tumor\🧠 Brain Tumor MRI Dataset\classification_task\test\meningioma\brisc2025_test_00418_me_co_t1.jpg,meningioma,coronal,0.7132926058623701,0.5543549443498902,0.5961267605776013,0.88778185632471,0.9819736283770263,17.69180601295413,17.69180601295413,False,2840,1907
D:\brain_tumor\🧠 Brain Tumor MRI Dataset\classification_task\test\meningioma\brisc2025_test_00419_me_co_t1.jpg,meningioma,coronal,0.924155246365476,0.8590042784936016,0.9724790841045249,0.8804066175028821,0.9979345329565955,8.602325267042627,8.602325267042627,False,4542,5017
D:\brain_tumor\🧠 Brain Tumor MRI Dataset\classification_task\test\meningioma\brisc2025_test_00420_me_co_t1.jpg,meningioma,coronal,0.9185637891532688,0.849392483756728,0.9891411648572181,0.857387335999504,0.9994679993551516,8.0,8.0,False,3039,3506
D:\brain_tumor\🧠 Brain Tumor MRI Dataset\classification_task\test\meningioma\brisc2025_test_00421_me_co_t1.jpg,meningioma,coronal,0.8262784907139192,0.703981723247259,0.9885426214487377,0.7097729516383754,0.999599980799079,24.331050121192877,24.331050121192877,False,2182,3039
D:\brain_tumor\🧠 Brain Tumor MRI Dataset\classification_task\test\meningioma\brisc2025_test_00422_me_co_t1.jpg,meningioma,coronal,0.9490925188147611,0.903117101941739,0.9424175824201135,0.9558626839074515,0.9979302608503343,2.8284271247461903,2.8284271247461903,False,2275,2243
D:\brain_tumor\🧠 Brain Tumor MRI Dataset\classification_task\test\meningioma\brisc2025_test_00423_me_co_t1.jpg,meningioma,coronal,0.7908611599480789,0.6540697674921411,0.6901840491272725,0.9259259259411675,0.9968946963873991,6.631934008732739,6.631934008732739,False,652,486
D:\brain_tumor\🧠 Brain Tumor MRI Dataset\classification_task\test\meningioma\brisc2025_test_00424_me_co_t1.jpg,meningioma,coronal,0.9003378378420466,0.8187403993994823,0.9577717879642613,0.8494023904502468,0.9992688352701432,4.0,4.0,False,1113,1255
D:\brain_tumor\🧠 Brain Tumor MRI Dataset\classification_task\test\meningioma\brisc2025_test_00425_me_co_t1.jpg,meningioma,coronal,0.9545192861268129,0.9129955947184474,0.9622751015692237,0.9468874928642554,0.9989809516343984,2.8284271247461903,2.8284271247461903,False,1723,1751
D:\brain_tumor\🧠 Brain Tumor MRI Dataset\classification_task\test\meningioma\brisc2025_test_00426_me_co_t1.jpg,meningioma,coronal,0.8960674157376357,0.8117048346295541,0.8973277074687303,0.8948106592012888,0.9988738565015521,3.1622776601683795,3.1622776601683795,False,711,713
D:\brain_tumor\🧠 Brain Tumor MRI Dataset\classification_task\test\meningioma\brisc2025_test_00427_me_co_t1.jpg,meningioma,coronal,0.9407846039992308,0.8881900768771356,0.9636087945440782,0.9190166305192323,0.9992517886926577,2.8284271247461903,2.8284271247461903,False,1319,1383
D:\brain_tumor\🧠 Brain Tumor MRI Dataset\classification_task\test\meningioma\brisc2025_test_00428_me_co_t1.jpg,meningioma,coronal,0.835538752373312,0.7175324675630376,0.963662790702956,0.7374860956910472,0.9996132246236682,11.923681444966853,11.923681444966853,False,688,899
D:\brain_tumor\🧠 Brain Tumor MRI Dataset\classification_task\test\meningioma\brisc2025_test_00429_me_co_t1.jpg,meningioma,coronal,0.9159078735985052,0.8448616600943812,0.9364731653957861,0.8962264151052174,0.9991019169428028,3.605551275463989,3.605551275463989,False,913,954
D:\brain_tumor\🧠 Brain Tumor MRI Dataset\classification_task\test\meningioma\brisc2025_test_00430_me_co_t1.jpg,meningioma,coronal,0.950790067722312,0.9061962134332017,0.960766423361244,0.941018766761303,0.9993324743468349,2.23606797749979,2.23606797749979,False,1096,1119
D:\brain_tumor\🧠 Brain Tumor MRI Dataset\classification_task\test\meningioma\brisc2025_test_00431_me_co_t1.jpg,meningioma,coronal,0.9067713444644974,0.8294434470683226,0.9371196754691441,0.8783269962208505,0.9995231502845724,2.23606797749979,2.23606797749979,False,493,526
D:\brain_tumor\🧠 Brain Tumor MRI Dataset\classification_task\test\meningioma\brisc2025_test_00432_me_co_t1.jpg,meningioma,coronal,0.9066666666735802,0.8292682927060612,0.9286798179167406,0.885672937787891,0.9992751946950431,3.605551275463989,3.605551275463989,False,659,691
D:\brain_tumor\🧠 Brain Tumor MRI Dataset\classification_task\test\meningioma\brisc2025_test_00433_me_co_t1.jpg,meningioma,coronal,0.8930817610197381,0.8068181818620868,0.9220779220981615,0.865853658569304,0.9995393544820816,2.8284271247461903,2.8284271247461903,False,385,410
D:\brain_tumor\🧠 Brain Tumor MRI Dataset\classification_task\test\meningioma\brisc2025_test_00434_me_co_t1.jpg,meningioma,coronal,0.9311294765878165,0.8711340206318419,0.9526493799376945,0.9105603448372241,0.999349925705796,2.8284271247461903,2.8284271247461903,False,887,928
D:\brain_tumor\🧠 Brain Tumor MRI Dataset\classification_task\test\meningioma\brisc2025_test_00435_me_co_t1.jpg,meningioma,coronal,0.8552522746190858,0.7471098266261402,0.8406504065299756,0.8703703703921936,0.9984909611653499,4.242640687119285,4.242640687119285,False,615,594
D:\brain_tumor\🧠 Brain Tumor MRI Dataset\classification_task\test\meningioma\brisc2025_test_00436_me_co_t1.jpg,meningioma,coronal,0.9245994344993121,0.8597721297230698,0.9469111969163212,0.9033149171359746,0.9991466252909246,3.0,3.0,False,1036,1086
D:\brain_tumor\🧠 Brain Tumor MRI Dataset\classification_task\test\meningioma\brisc2025_test_00437_me_co_t1.jpg,meningioma,coronal,0.8892215568945193,0.800539083584833,0.8261474270060991,0.9627228525181972,0.9980745236371508,3.1622776601683795,3.1622776601683795,False,719,617
D:\brain_tumor\🧠 Brain Tumor MRI Dataset\classification_task\test\meningioma\brisc2025_test_00438_me_co_t1.jpg,meningioma,coronal,0.9323158593254043,0.8732131758935231,0.9165035877419111,0.9486833220831409,0.9980017172742206,3.339587106286613,3.339587106286613,False,1533,1481
D:\brain_tumor\🧠 Brain Tumor MRI Dataset\classification_task\test\meningioma\brisc2025_test_00439_me_co_t1.jpg,meningioma,coronal,0.9315352697119109,0.8718446602024696,0.9739696312383247,0.8926441351959812,0.9994377372046177,3.0,3.0,False,1383,1509
D:\brain_tumor\🧠 Brain Tumor MRI Dataset\classification_task\test\meningioma\brisc2025_test_00440_me_co_t1.jpg,meningioma,coronal,0.8553971487056218,0.7473309609440103,0.9633027523104116,0.7692307693153,0.9998774190582721,2.8284271247461903,2.8284271247461903,False,218,273
D:\brain_tumor\🧠 Brain Tumor MRI Dataset\classification_task\test\meningioma\brisc2025_test_00441_me_co_t1.jpg,meningioma,coronal,0.9373072970227488,0.8820116054272715,0.9519832985436343,0.9230769230847088,0.9992873520480894,2.8627416997969504,2.8627416997969504,False,958,988
D:\brain_tumor\🧠 Brain Tumor MRI Dataset\classification_task\test\meningioma\brisc2025_test_00442_me_co_t1.jpg,meningioma,coronal,0.9251982075172286,0.8608082104002047,0.9717595944987865,0.8828947368498096,0.9993907773056745,6.708203932499369,6.708203932499369,False,1381,1520
D:\brain_tumor\🧠 Brain Tumor MRI Dataset\classification_task\test\meningioma\brisc2025_test_00443_me_co_t1.jpg,meningioma,coronal,0.9375000000041556,0.8823529411911949,0.9644322845465892,0.9120310478768394,0.9995985362012266,2.4137757216736997,2.4137757216736997,False,731,773
D:\brain_tumor\🧠 Brain Tumor MRI Dataset\classification_task\test\meningioma\brisc2025_test_00444_me_co_t1.jpg,meningioma,coronal,0.8608414239707376,0.7556818182512268,0.9366197183321762,0.7964071856896985,0.9997239348486247,3.2879360111431275,3.2879360111431275,False,284,334
D:\brain_tumor\🧠 Brain Tumor MRI Dataset\classification_task\test\meningioma\brisc2025_test_00445_me_co_t1.jpg,meningioma,coronal,0.9579158316640295,0.919230769233358,0.9748470428288631,0.9415627051890492,0.9988158105296866,2.8284271247461903,2.8284271247461903,False,2942,3046
D:\brain_tumor\🧠 Brain Tumor MRI Dataset\classification_task\test\meningioma\brisc2025_test_00446_me_co_t1.jpg,meningioma,coronal,0.9244151169788718,0.8594534300134159,0.9512345679042448,0.8990665110910696,0.9987621823195783,4.0,4.0,False,1620,1714
D:\brain_tumor\🧠 Brain Tumor MRI Dataset\classification_task\test\meningioma\brisc2025_test_00447_me_co_t1.jpg,meningioma,coronal,0.9430800346737047,0.8922908693333903,0.96797153025101,0.9194366197228486,0.9991530873104262,2.96568542494923,2.96568542494923,False,1686,1775
D:\brain_tumor\🧠 Brain Tumor MRI Dataset\classification_task\test\meningioma\brisc2025_test_00448_me_co_t1.jpg,meningioma,coronal,0.9293340111881375,0.8679962013420706,0.9403292181131349,0.9185929648323022,0.9991013464309523,2.23606797749979,2.23606797749979,False,972,995
D:\brain_tumor\🧠 Brain Tumor MRI Dataset\classification_task\test\meningioma\brisc2025_test_00449_me_co_t1.jpg,meningioma,coronal,0.8890374331624975,0.8002406739109217,0.8784676354189607,0.8998646820162565,0.9985801811812297,3.1622776601683795,3.1622776601683795,False,757,739
D:\brain_tumor\🧠 Brain Tumor MRI Dataset\classification_task\test\meningioma\brisc2025_test_00450_me_co_t1.jpg,meningioma,coronal,0.9466702042996373,0.8987405541612725,0.96224379719729,0.9315926892986114,0.9988997343644411,3.1622776601683795,3.1622776601683795,False,1854,1915
D:\brain_tumor\🧠 Brain Tumor MRI Dataset\classification_task\test\meningioma\brisc2025_test_00451_me_co_t1.jpg,meningioma,coronal,0.9108352144494686,0.836269430060297,0.8747967479742658,0.9499705709270176,0.9963814089007998,9.010977222864646,9.010977222864646,False,1845,1699
D:\brain_tumor\🧠 Brain Tumor MRI Dataset\classification_task\test\meningioma\brisc2025_test_00452_me_co_t1.jpg,meningioma,coronal,0.9014423077041536,0.8205689278291972,0.928217821799946,0.8761682243279981,0.9995545862259637,2.23606797749979,2.23606797749979,False,404,428
D:\brain_tumor\🧠 Brain Tumor MRI Dataset\classification_task\test\meningioma\brisc2025_test_00453_me_co_t1.jpg,meningioma,coronal,0.9311663479956422,0.8711985688845081,0.9456310679664435,0.9171374764673128,0.9991314328256364,3.1217082451262845,3.1217082451262845,False,1030,1062
D:\brain_tumor\🧠 Brain Tumor MRI Dataset\classification_task\test\meningioma\brisc2025_test_00454_me_co_t1.jpg,meningioma,coronal,0.8524747717514429,0.7428810720483349,0.9779492833541401,0.7555366269373477,0.9996892576364941,8.200222875501128,8.200222875501128,False,907,1174
D:\brain_tumor\🧠 Brain Tumor MRI Dataset\classification_task\test\meningioma\brisc2025_test_00455_me_co_t1.jpg,meningioma,coronal,0.42213642217360764,0.2675367047905761,0.5109034268674606,0.3596491228772315,0.9951411240406116,24.085173365708528,24.085173365708528,False,642,912
D:\brain_tumor\🧠 Brain Tumor MRI Dataset\classification_task\test\meningioma\brisc2025_test_00456_me_co_t1.jpg,meningioma,coronal,0.8943298969208338,0.8088578089023641,0.9353099730632588,0.8567901234921506,0.9996315118760657,2.8284271247461903,2.8284271247461903,False,371,405
D:\brain_tumor\🧠 Brain Tumor MRI Dataset\classification_task\test\meningioma\brisc2025_test_00457_me_co_t1.jpg,meningioma,coronal,0.9030418251042734,0.8232235702212785,0.933202357576974,0.8747697974447939,0.9994768667394959,2.23606797749979,2.23606797749979,False,509,543
D:\brain_tumor\🧠 Brain Tumor MRI Dataset\classification_task\test\meningioma\brisc2025_test_00458_me_co_t1.jpg,meningioma,coronal,0.9295896328324151,0.8684422921817238,0.9422066549963042,0.9173060528629747,0.9989745661327176,2.6211014232099368,2.6211014232099368,False,1142,1173
D:\brain_tumor\🧠 Brain Tumor MRI Dataset\classification_task\test\meningioma\brisc2025_test_00459_me_co_t1.jpg,meningioma,coronal,0.9187817258917605,0.8497652582277179,0.8836452400420143,0.9568281938364028,0.9977795375848235,2.8284271247461903,2.8284271247461903,False,1229,1135
D:\brain_tumor\🧠 Brain Tumor MRI Dataset\classification_task\test\meningioma\brisc2025_test_00460_me_co_t1.jpg,meningioma,coronal,0.8446115288415273,0.7310195228349199,0.9335180055585822,0.7711670481072844,0.9996313307424083,3.8816653826391923,3.8816653826391923,False,361,437
D:\brain_tumor\🧠 Brain Tumor MRI Dataset\classification_task\test\meningioma\brisc2025_test_00461_me_co_t1.jpg,meningioma,coronal,0.9558739255022756,0.9154774972588555,0.9675174013933675,0.9445073612704981,0.9986642708349919,2.59148346584761,2.59148346584761,False,2586,2649
D:\brain_tumor\🧠 Brain Tumor MRI Dataset\classification_task\test\meningioma\brisc2025_test_00462_me_co_t1.jpg,meningioma,coronal,0.9450151057412887,0.8957617411265459,0.9406575781900298,0.9494131930413026,0.9976532149369736,3.1622776601683795,3.1622776601683795,False,2494,2471
D:\brain_tumor\🧠 Brain Tumor MRI Dataset\classification_task\test\meningioma\brisc2025_test_00463_me_co_t1.jpg,meningioma,coronal,0.8942875902892785,0.808788598597531,0.9714693295333139,0.8284671533055392,0.9996909478629049,4.0,4.0,False,701,822
D:\brain_tumor\🧠 Brain Tumor MRI Dataset\classification_task\test\meningioma\brisc2025_test_00464_me_co_t1.jpg,meningioma,coronal,0.9579117766095121,0.9192233009740107,0.9805302402659266,0.9363132911417598,0.9992540629761312,3.0,3.0,False,2414,2528
D:\brain_tumor\🧠 Brain Tumor MRI Dataset\classification_task\test\meningioma\brisc2025_test_00465_me_co_t1.jpg,meningioma,coronal,0.9518773135919651,0.9081735620631598,0.963597430408801,0.9404388714764661,0.9989311873251407,2.3249218495867363,2.3249218495867363,False,1868,1914
D:\brain_tumor\🧠 Brain Tumor MRI Dataset\classification_task\test\meningioma\brisc2025_test_00466_me_co_t1.jpg,meningioma,coronal,0.8987012987144544,0.816037735892444,0.9177718833109358,0.8804071247123646,0.9995241238506063,2.0,2.0,False,377,393
D:\brain_tumor\🧠 Brain Tumor MRI Dataset\classification_task\test\meningioma\brisc2025_test_00467_me_co_t1.jpg,meningioma,coronal,0.9327439216935153,0.873964497045149,0.9431673052380853,0.9225484072478904,0.9971444155677526,5.0,5.0,False,3132,3202
D:\brain_tumor\🧠 Brain Tumor MRI Dataset\classification_task\test\meningioma\brisc2025_test_00468_me_co_t1.jpg,meningioma,coronal,0.9612811676472475,0.9254488680747288,0.9838174273865636,0.939754260803022,0.9993810800945846,3.0,3.0,False,2410,2523
D:\brain_tumor\🧠 Brain Tumor MRI Dataset\classification_task\test\meningioma\brisc2025_test_00469_me_co_t1.jpg,meningioma,coronal,0.9414634146365258,0.8894009216674807,0.9739276703133787,0.9110936270722979,0.9995176223449785,2.8284271247461903,2.8284271247461903,False,1189,1271
D:\brain_tumor\🧠 Brain Tumor MRI Dataset\classification_task\test\meningioma\brisc2025_test_00470_me_co_t1.jpg,meningioma,coronal,0.889121338923732,0.8003766478718689,0.9081196581392906,0.8709016393707169,0.9993389496986851,4.0,4.0,False,468,488
D:\brain_tumor\🧠 Brain Tumor MRI Dataset\classification_task\test\meningioma\brisc2025_test_00471_me_co_t1.jpg,meningioma,coronal,0.45340050382423164,0.29315960919726824,0.8910891089468352,0.30405405413242637,0.9994895433733457,24.402827513585052,24.402827513585052,False,303,888
D:\brain_tumor\🧠 Brain Tumor MRI Dataset\classification_task\test\meningioma\brisc2025_test_00472_me_co_t1.jpg,meningioma,coronal,0.9550666253500134,0.9139976275258602,0.9759341355303398,0.9350728155379203,0.9994052091159539,2.93137084989847,2.93137084989847,False,1579,1648
D:\brain_tumor\🧠 Brain Tumor MRI Dataset\classification_task\test\meningioma\brisc2025_test_00473_me_co_t1.jpg,meningioma,coronal,0.9595133207476503,0.9221774193579767,0.9674280879878414,0.951727007908792,0.9987803525889808,2.23606797749979,2.23606797749979,False,2364,2403
D:\brain_tumor\🧠 Brain Tumor MRI Dataset\classification_task\test\meningioma\brisc2025_test_00474_me_co_t1.jpg,meningioma,coronal,0.9498025944740608,0.9044038668150159,0.9535673839210891,0.9460674157333671,0.9987138465399356,2.8284271247461903,2.8284271247461903,False,1766,1780
D:\brain_tumor\🧠 Brain Tumor MRI Dataset\classification_task\test\meningioma\brisc2025_test_00475_me_co_t1.jpg,meningioma,coronal,0.9151027703382393,0.8434925865167228,0.9570093458024281,0.8767123287882341,0.9996458923512753,3.0,3.0,False,535,584
D:\brain_tumor\🧠 Brain Tumor MRI Dataset\classification_task\test\meningioma\brisc2025_test_00476_me_co_t1.jpg,meningioma,coronal,0.9425435765046777,0.8913308913441599,0.9592641261551559,0.926395939095635,0.9995212207326875,2.591483465847627,2.591483465847627,False,761,788
D:\brain_tumor\🧠 Brain Tumor MRI Dataset\classification_task\test\meningioma\brisc2025_test_00477_me_co_t1.jpg,meningioma,coronal,0.9482681061640066,0.901625320791205,0.9331562638365136,0.9638774577062699,0.9976163791062248,2.23606797749979,2.23606797749979,False,2259,2187
D:\brain_tumor\🧠 Brain Tumor MRI Dataset\classification_task\test\meningioma\brisc2025_test_00478_me_sa_t1.jpg,meningioma,sagittal,0.9458513485701904,0.8972656250040131,0.9812046134138742,0.9129570747252401,0.9993018089495409,3.605551275463989,3.605551275463989,False,2341,2516
D:\brain_tumor\🧠 Brain Tumor MRI Dataset\classification_task\test\meningioma\brisc2025_test_00479_me_sa_t1.jpg,meningioma,sagittal,0.933713200381126,0.8756679729292601,0.9609069585629043,0.9080162541592901,0.998408378296649,5.0,5.0,False,2558,2707
D:\brain_tumor\🧠 Brain Tumor MRI Dataset\classification_task\test\meningioma\brisc2025_test_00480_me_sa_t1.jpg,meningioma,sagittal,0.9158050221577037,0.8446866485052097,0.9824258138869943,0.8576458752550894,0.9990090968161159,7.211102550927978,7.211102550927978,False,3471,3976
D:\brain_tumor\🧠 Brain Tumor MRI Dataset\classification_task\test\meningioma\brisc2025_test_00481_me_sa_t1.jpg,meningioma,sagittal,0.9229406554490048,0.8569078947427258,0.9608114338422863,0.8879420536903305,0.9986548291633058,5.725483399593881,5.725483399593881,False,2169,2347
D:\brain_tumor\🧠 Brain Tumor MRI Dataset\classification_task\test\meningioma\brisc2025_test_00482_me_sa_t1.jpg,meningioma,sagittal,0.8939692550298002,0.8082679971626324,0.986086956522949,0.8175919250311758,0.9997505806793563,6.082762530298219,6.082762530298219,False,1150,1387
D:\brain_tumor\🧠 Brain Tumor MRI Dataset\classification_task\test\meningioma\brisc2025_test_00483_me_sa_t1.jpg,meningioma,sagittal,0.7912355447479468,0.6545820745564368,0.6944444444770893,0.9193776520623228,0.9955883940829018,9.685946632215174,9.685946632215174,False,936,707
D:\brain_tumor\🧠 Brain Tumor MRI Dataset\classification_task\test\meningioma\brisc2025_test_00484_me_sa_t1.jpg,meningioma,sagittal,0.9076354679831393,0.8308906426250907,0.9552819183437925,0.8645161290402044,0.9989190205386115,5.0,5.0,False,1543,1705
D:\brain_tumor\🧠 Brain Tumor MRI Dataset\classification_task\test\meningioma\brisc2025_test_00485_me_sa_t1.jpg,meningioma,sagittal,0.9152012504917858,0.8436599423743761,0.9840336134467199,0.8553688824064741,0.9997038976420907,5.0,5.0,False,1190,1369
D:\brain_tumor\🧠 Brain Tumor MRI Dataset\classification_task\test\meningioma\brisc2025_test_00486_me_sa_t1.jpg,meningioma,sagittal,0.9305979921446836,0.8702040816379508,0.9695316052765106,0.8946705833027835,0.9989390844457129,7.085377896320826,7.085377896320826,False,2199,2383
D:\brain_tumor\🧠 Brain Tumor MRI Dataset\classification_task\test\meningioma\brisc2025_test_00487_me_sa_t1.jpg,meningioma,sagittal,0.9085148514887716,0.8323657474722521,0.9487179487221904,0.8715805471222203,0.9990345686701977,5.0,5.0,False,1209,1316
D:\brain_tumor\🧠 Brain Tumor MRI Dataset\classification_task\test\meningioma\brisc2025_test_00488_me_sa_t1.jpg,meningioma,sagittal,0.9314399144918089,0.8716776221814325,0.9713375796187472,0.894690525083758,0.9985513544835602,5.656854249492381,5.656854249492381,False,3140,3409
D:\brain_tumor\🧠 Brain Tumor MRI Dataset\classification_task\test\meningioma\brisc2025_test_00489_me_sa_t1.jpg,meningioma,sagittal,0.9397944199728416,0.8864265928056492,0.9616829451568983,0.9188801148658378,0.9992049015481047,2.8284271247461903,2.8284271247461903,False,1331,1393
D:\brain_tumor\🧠 Brain Tumor MRI Dataset\classification_task\test\meningioma\brisc2025_test_00490_me_sa_t1.jpg,meningioma,sagittal,0.8999181892582515,0.8180466038761504,0.9740259740275073,0.8362899138450943,0.999307773390181,7.0,7.0,False,1694,1973
D:\brain_tumor\🧠 Brain Tumor MRI Dataset\classification_task\test\meningioma\brisc2025_test_00491_me_sa_t1.jpg,meningioma,sagittal,0.9523809523819425,0.9090909090945181,0.9233870967772828,0.9832546157156181,0.9969940038286946,2.23606797749979,2.23606797749979,False,2480,2329
D:\brain_tumor\🧠 Brain Tumor MRI Dataset\classification_task\test\meningioma\brisc2025_test_00492_me_sa_t1.jpg,meningioma,sagittal,0.9179795354893945,0.8483938757175504,0.9792099792106996,0.8639559767696742,0.9990363767766819,6.4031242374328485,6.4031242374328485,False,2886,3271
D:\brain_tumor\🧠 Brain Tumor MRI Dataset\classification_task\test\meningioma\brisc2025_test_00493_me_sa_t1.jpg,meningioma,sagittal,0.9311231780515279,0.8711229946547037,0.9864755752929658,0.8816525347306214,0.9988832030403566,8.0,8.0,False,4954,5543
D:\brain_tumor\🧠 Brain Tumor MRI Dataset\classification_task\test\meningioma\brisc2025_test_00494_me_sa_t1.jpg,meningioma,sagittal,0.9399644760234471,0.8867292225276991,0.9663988312661506,0.9149377593419822,0.9992822593228284,2.8284271247461903,2.8284271247461903,False,1369,1446
D:\brain_tumor\🧠 Brain Tumor MRI Dataset\classification_task\test\meningioma\brisc2025_test_00495_me_sa_t1.jpg,meningioma,sagittal,0.8905440414543218,0.8026853473553599,0.8825417201615827,0.8986928104641377,0.9971408930412818,8.037056941059355,8.037056941059355,False,1558,1530
D:\brain_tumor\🧠 Brain Tumor MRI Dataset\classification_task\test\meningioma\brisc2025_test_00496_me_sa_t1.jpg,meningioma,sagittal,0.9151443724244211,0.8435632808341357,0.9266109785246652,0.9039580908088499,0.9980726440816101,3.605551275463989,3.605551275463989,False,1676,1718
D:\brain_tumor\🧠 Brain Tumor MRI Dataset\classification_task\test\meningioma\brisc2025_test_00497_me_sa_t1.jpg,meningioma,sagittal,0.9343555342628485,0.8767985611621583,0.982862903227534,0.8904109589141176,0.9997361927965119,3.605551275463989,3.605551275463989,False,992,1095
D:\brain_tumor\🧠 Brain Tumor MRI Dataset\classification_task\test\meningioma\brisc2025_test_00498_me_sa_t1.jpg,meningioma,sagittal,0.9652342906507183,0.9328046744602335,0.9920106524637368,0.9398654331396188,0.9997150004749996,2.8284271247461903,2.8284271247461903,False,2253,2378
D:\brain_tumor\🧠 Brain Tumor MRI Dataset\classification_task\test\meningioma\brisc2025_test_00499_me_sa_t1.jpg,meningioma,sagittal,0.8937409024822605,0.8078947368673822,0.9715189873462786,0.8274932614787744,0.9997221964996763,4.0,4.0,False,632,742
D:\brain_tumor\🧠 Brain Tumor MRI Dataset\classification_task\test\meningioma\brisc2025_test_00500_me_sa_t1.jpg,meningioma,sagittal,0.7315175097624491,0.5766871166509843,0.6558139535684154,0.8269794721915016,0.9977298872612965,6.167390006811707,6.167390006811707,False,430,341
D:\brain_tumor\🧠 Brain Tumor MRI Dataset\classification_task\test\meningioma\brisc2025_test_00501_me_sa_t1.jpg,meningioma,sagittal,0.9481171548138863,0.9013524264199402,0.9750430292620444,0.9226384364883845,0.9995490452198801,2.8284271247461903,2.8284271247461903,False,1162,1228
D:\brain_tumor\🧠 Brain Tumor MRI Dataset\classification_task\test\meningioma\brisc2025_test_00502_me_sa_t1.jpg,meningioma,sagittal,0.9248291571839602,0.8601694915550488,0.9398148148287466,0.9103139013654005,0.9996005530803509,2.23606797749979,2.23606797749979,False,432,446
D:\brain_tumor\🧠 Brain Tumor MRI Dataset\classification_task\test\meningioma\brisc2025_test_00503_me_sa_t1.jpg,meningioma,sagittal,0.9186906019093252,0.8496093750293733,0.9314775160746301,0.9062500000195313,0.9995081160846048,2.23606797749979,2.23606797749979,False,467,480
D:\brain_tumor\🧠 Brain Tumor MRI Dataset\classification_task\test\meningioma\brisc2025_test_00504_me_sa_t1.jpg,meningioma,sagittal,0.8969359331619866,0.8131313131785022,0.9226361031740298,0.8726287263217808,0.9995856798686458,2.23606797749979,2.23606797749979,False,349,369
D:\brain_tumor\🧠 Brain Tumor MRI Dataset\classification_task\test\meningioma\brisc2025_test_00505_me_sa_t1.jpg,meningioma,sagittal,0.9308231173410323,0.8705978706084686,0.9357394366253751,0.9259581881597597,0.9988662483692631,2.2953038922244096,2.2953038922244096,False,1136,1148
D:\brain_tumor\🧠 Brain Tumor MRI Dataset\classification_task\test\meningioma\brisc2025_test_00506_me_sa_t1.jpg,meningioma,sagittal,0.9187038089869981,0.8496319663670208,0.9330254041647776,0.9048152295739289,0.9991027644137817,2.8284271247461903,2.8284271247461903,False,866,893
D:\brain_tumor\🧠 Brain Tumor MRI Dataset\classification_task\test\meningioma\brisc2025_test_00507_me_sa_t1.jpg,meningioma,sagittal,0.9253731343326422,0.8611111111259496,0.9285714285796577,0.9221967963475748,0.9990411679193358,2.8284271247461903,2.8284271247461903,False,868,874
D:\brain_tumor\🧠 Brain Tumor MRI Dataset\classification_task\test\meningioma\brisc2025_test_00508_me_sa_t1.jpg,meningioma,sagittal,0.8367748279332953,0.7193575655351345,0.7605004468489275,0.9300546448163874,0.9958527413689112,95.2801111532925,95.2801111532925,False,1119,915
D:\brain_tumor\🧠 Brain Tumor MRI Dataset\classification_task\test\meningioma\brisc2025_test_00509_me_sa_t1.jpg,meningioma,sagittal,0.9208924949330176,0.8533834586603962,0.9659574468121321,0.8798449612519529,0.9995039067344669,3.605551275463989,3.605551275463989,False,940,1032
D:\brain_tumor\🧠 Brain Tumor MRI Dataset\classification_task\test\meningioma\brisc2025_test_00510_me_sa_t1.jpg,meningioma,sagittal,0.9612133267040971,0.925323121114154,0.9631290483326792,0.9593052109201338,0.9988350309346533,2.23606797749979,2.23606797749979,False,2007,2015
D:\brain_tumor\🧠 Brain Tumor MRI Dataset\classification_task\test\meningioma\brisc2025_test_00511_me_sa_t1.jpg,meningioma,sagittal,0.9556585043032542,0.9150823827683725,0.9691275167805955,0.9425587467400418,0.9992812949190687,2.23606797749979,2.23606797749979,False,1490,1532
D:\brain_tumor\🧠 Brain Tumor MRI Dataset\classification_task\test\meningioma\brisc2025_test_00512_me_sa_t1.jpg,meningioma,sagittal,0.9154664996922063,0.8441108545214653,0.9047029703088239,0.926489226878772,0.9988107557106911,2.888477631085023,2.888477631085023,False,808,789
D:\brain_tumor\🧠 Brain Tumor MRI Dataset\classification_task\test\meningioma\brisc2025_test_00513_me_sa_t1.jpg,meningioma,sagittal,0.8649635036742769,0.7620578778900134,0.9080459770467256,0.8257839721861379,0.9996321782709319,3.5449961479175935,3.5449961479175935,False,261,287
D:\brain_tumor\🧠 Brain Tumor MRI Dataset\classification_task\test\meningioma\brisc2025_test_00514_me_sa_t1.jpg,meningioma,sagittal,0.9554083885229401,0.9146238377079777,0.9686660698327068,0.9425087108064016,0.9994564204510166,2.23606797749979,2.23606797749979,False,1117,1148
D:\brain_tumor\🧠 Brain Tumor MRI Dataset\classification_task\test\meningioma\brisc2025_test_00515_me_sa_t1.jpg,meningioma,sagittal,0.9597719353829657,0.9226552984212756,0.9699103713207484,0.9498432601912324,0.9992649473733609,2.3249218495867363,2.3249218495867363,False,1562,1595
D:\brain_tumor\🧠 Brain Tumor MRI Dataset\classification_task\test\meningioma\brisc2025_test_00516_me_sa_t1.jpg,meningioma,sagittal,0.9310661764737562,0.8710232158322421,0.954759660701719,0.9085201793804016,0.9992549013520448,3.1622776601683795,3.1622776601683795,False,1061,1115
D:\brain_tumor\🧠 Brain Tumor MRI Dataset\classification_task\test\meningioma\brisc2025_test_00517_me_sa_t1.jpg,meningioma,sagittal,0.8416801292534992,0.7266387727020029,0.878583473882195,0.807751938014302,0.9988904470573748,6.007219339662341,6.007219339662341,False,593,645
D:\brain_tumor\🧠 Brain Tumor MRI Dataset\classification_task\test\meningioma\brisc2025_test_00518_me_sa_t1.jpg,meningioma,sagittal,0.9602570607143538,0.9235523747585052,0.9732601988353357,0.9475967957293859,0.9987527982091482,2.8284271247461903,2.8284271247461903,False,2917,2996
D:\brain_tumor\🧠 Brain Tumor MRI Dataset\classification_task\test\meningioma\brisc2025_test_00519_me_sa_t1.jpg,meningioma,sagittal,0.8317986494833702,0.7120336311239078,0.7765042980070771,0.8955717118377018,0.9939084391546883,43.4462712151775,43.4462712151775,False,1745,1513
D:\brain_tumor\🧠 Brain Tumor MRI Dataset\classification_task\test\meningioma\brisc2025_test_00520_me_sa_t1.jpg,meningioma,sagittal,0.9271457085864698,0.8641860465242617,0.9469928644294605,0.9081133919933418,0.9991939609071052,3.0243416490252533,3.0243416490252533,False,981,1023
D:\brain_tumor\🧠 Brain Tumor MRI Dataset\classification_task\test\meningioma\brisc2025_test_00521_me_sa_t1.jpg,meningioma,sagittal,0.8056680162336705,0.6745762712967537,0.8089430895085598,0.8024193549183792,0.999280112731284,3.3839144678161843,3.3839144678161843,False,246,248
D:\brain_tumor\🧠 Brain Tumor MRI Dataset\classification_task\test\meningioma\brisc2025_test_00522_me_sa_t1.jpg,meningioma,sagittal,0.9057507987295726,0.8277372263025201,0.9577702702774037,0.8590909091122589,0.9996146494851723,3.605551275463989,3.605551275463989,False,592,660
D:\brain_tumor\🧠 Brain Tumor MRI Dataset\classification_task\test\meningioma\brisc2025_test_00523_me_sa_t1.jpg,meningioma,sagittal,0.8844036697353758,0.7927631579288219,0.8500881834479563,0.9216061185618345,0.998692569178474,3.0,3.0,False,567,523
D:\brain_tumor\🧠 Brain Tumor MRI Dataset\classification_task\test\meningioma\brisc2025_test_00524_me_sa_t1.jpg,meningioma,sagittal,0.9217750258014081,0.8549004594236256,0.8939151321099313,0.9514273540710938,0.9958062320973654,4.0,4.0,False,2498,2347
D:\brain_tumor\🧠 Brain Tumor MRI Dataset\classification_task\test\meningioma\brisc2025_test_00525_me_sa_t1.jpg,meningioma,sagittal,0.950660450661409,0.9059607552793054,0.9737365698378935,0.9286527514258576,0.9989507321028299,3.1622776601683795,3.1622776601683795,False,2513,2635
D:\brain_tumor\🧠 Brain Tumor MRI Dataset\classification_task\test\meningioma\brisc2025_test_00526_me_sa_t1.jpg,meningioma,sagittal,0.8325508607329772,0.7131367292609736,0.7643678161258092,0.9140893470937991,0.9974751362502733,4.630495168499697,4.630495168499697,False,696,582
D:\brain_tumor\🧠 Brain Tumor MRI Dataset\classification_task\test\meningioma\brisc2025_test_00527_me_sa_t1.jpg,meningioma,sagittal,0.8904428904556594,0.8025210084448485,0.9646464646553923,0.8268398268773074,0.999784860312875,3.1622776601683795,3.1622776601683795,False,396,462
D:\brain_tumor\🧠 Brain Tumor MRI Dataset\classification_task\test\meningioma\brisc2025_test_00528_me_sa_t1.jpg,meningioma,sagittal,0.9021006738049108,0.8216606498323711,0.9546979865809817,0.8549962434368898,0.9991589440074774,4.551315561749631,4.551315561749631,False,1192,1331
D:\brain_tumor\🧠 Brain Tumor MRI Dataset\classification_task\test\meningioma\brisc2025_test_00529_me_sa_t1.jpg,meningioma,sagittal,0.9508323654684153,0.9062730627375444,0.9746031746051902,0.9281934996274986,0.9995016585426635,2.23606797749979,2.23606797749979,False,1260,1323
D:\brain_tumor\🧠 Brain Tumor MRI Dataset\classification_task\test\meningioma\brisc2025_test_00530_me_sa_t1.jpg,meningioma,sagittal,0.93794905291065,0.8831488315026877,0.9689608637018946,0.9088607595052075,0.9996447656998121,3.0,3.0,False,741,790
D:\brain_tumor\🧠 Brain Tumor MRI Dataset\classification_task\test\meningioma\brisc2025_test_00531_me_sa_t1.jpg,meningioma,sagittal,0.9305847707223145,0.8701809598843288,0.972735268252178,0.8919354838796826,0.9995178549209912,3.605551275463989,3.605551275463989,False,1137,1240
D:\brain_tumor\🧠 Brain Tumor MRI Dataset\classification_task\test\meningioma\brisc2025_test_00532_me_sa_t1.jpg,meningioma,sagittal,0.9330812854467644,0.8745570517452476,0.9536321483807085,0.9133974833520802,0.9990652021500365,3.0,3.0,False,1294,1351
D:\brain_tumor\🧠 Brain Tumor MRI Dataset\classification_task\test\meningioma\brisc2025_test_00533_me_sa_t1.jpg,meningioma,sagittal,0.9289311695618953,0.8672936259281825,0.9263392857225068,0.9315375982119486,0.9989790393688622,2.23606797749979,2.23606797749979,False,896,891
D:\brain_tumor\🧠 Brain Tumor MRI Dataset\classification_task\test\meningioma\brisc2025_test_00534_me_sa_t1.jpg,meningioma,sagittal,0.9465811965830989,0.8985801217107113,0.9398868458316911,0.9533715925427998,0.998674815253658,2.23606797749979,2.23606797749979,False,1414,1394
D:\brain_tumor\🧠 Brain Tumor MRI Dataset\classification_task\test\meningioma\brisc2025_test_00535_me_sa_t1.jpg,meningioma,sagittal,0.9185714285772449,0.8494055482365382,0.9185714285830612,0.9185714285830612,0.9991208587821594,2.8284271247461903,2.8284271247461903,False,700,700
D:\brain_tumor\🧠 Brain Tumor MRI Dataset\classification_task\test\meningioma\brisc2025_test_00536_me_sa_t1.jpg,meningioma,sagittal,0.9568138195784259,0.9172033118700643,0.9605009633924052,0.95315487571851,0.9980287829738165,2.8284271247461903,2.8284271247461903,False,3114,3138
D:\brain_tumor\🧠 Brain Tumor MRI Dataset\classification_task\test\meningioma\brisc2025_test_00537_me_sa_t1.jpg,meningioma,sagittal,0.951871657754815,0.9081632653090509,0.9763455605081816,0.9285947179677667,0.9988954521442653,3.605551275463989,3.605551275463989,False,2917,3067
D:\brain_tumor\🧠 Brain Tumor MRI Dataset\classification_task\test\meningioma\brisc2025_test_00538_me_sa_t1.jpg,meningioma,sagittal,0.918888888893395,0.8499486125539621,0.9271300448512186,0.9107929515516748,0.9989942439809386,2.914213562373095,2.914213562373095,False,892,908
D:\brain_tumor\🧠 Brain Tumor MRI Dataset\classification_task\test\meningioma\brisc2025_test_00539_me_sa_t1.jpg,meningioma,sagittal,0.9231159604180889,0.8572101790830722,0.9553571428594876,0.8929798723665695,0.9986613962424626,6.4031242374328485,6.4031242374328485,False,1904,2037
D:\brain_tumor\🧠 Brain Tumor MRI Dataset\classification_task\test\meningioma\brisc2025_test_00540_me_sa_t1.jpg,meningioma,sagittal,0.9671253822634158,0.9363434492983878,0.9798605731995905,0.9547169811332147,0.998732964051918,2.23606797749979,2.23606797749979,False,3873,3975
D:\brain_tumor\🧠 Brain Tumor MRI Dataset\classification_task\test\meningioma\brisc2025_test_00541_me_sa_t1.jpg,meningioma,sagittal,0.8878977103809724,0.7983957219359147,0.92331478046238,0.8550973654149429,0.9980561216491644,6.4031242374328485,6.4031242374328485,False,1617,1746
D:\brain_tumor\🧠 Brain Tumor MRI Dataset\classification_task\test\meningioma\brisc2025_test_00542_me_sa_t1.jpg,meningioma,sagittal,0.8971962616942528,0.8135593220733984,0.948148148160951,0.851441241718084,0.9996773450103715,2.8284271247461903,2.8284271247461903,False,405,451
D:\brain_tumor\🧠 Brain Tumor MRI Dataset\classification_task\test\meningioma\brisc2025_test_00543_me_sa_t1.jpg,meningioma,sagittal,0.8837355061145805,0.7916900617747507,0.8098793796777783,0.9724137931053508,0.9948350653809025,6.324555320336759,6.324555320336759,False,1741,1450
D:\brain_tumor\🧠 Brain Tumor MRI Dataset\classification_task\test\meningioma\brisc2025_test_00544_me_sa_t1.jpg,meningioma,sagittal,0.8867403315073563,0.7965260546410605,0.9119318182068376,0.8629032258433056,0.9995242772082752,2.6507193805722635,2.6507193805722635,False,352,372
D:\brain_tumor\🧠 Brain Tumor MRI Dataset\classification_task\test\meningioma\brisc2025_test_00545_me_sa_t1.jpg,meningioma,sagittal,0.940000000002,0.8867924528373087,0.9618008185564938,0.9191655801877988,0.9991250273428969,2.8284271247461903,2.8284271247461903,False,1466,1534
D:\brain_tumor\🧠 Brain Tumor MRI Dataset\classification_task\test\meningioma\brisc2025_test_00546_me_sa_t1.jpg,meningioma,sagittal,0.9402823018474408,0.8872950819729869,0.9438692098123233,0.9367225527346283,0.9983827154678374,2.8284271247461903,2.8284271247461903,False,1835,1849
D:\brain_tumor\🧠 Brain Tumor MRI Dataset\classification_task\test\meningioma\brisc2025_test_00547_me_sa_t1.jpg,meningioma,sagittal,0.9622997172487677,0.9273387829279138,0.9798464491372436,0.9453703703728996,0.9993372885634951,2.8284271247461903,2.8284271247461903,False,2084,2160
D:\brain_tumor\🧠 Brain Tumor MRI Dataset\classification_task\test\meningioma\brisc2025_test_00548_me_sa_t1.jpg,meningioma,sagittal,0.9446085672103173,0.8950314905601797,0.9439114391185305,0.945306725798573,0.9988158858264667,2.23606797749979,2.23606797749979,False,1355,1353
D:\brain_tumor\🧠 Brain Tumor MRI Dataset\classification_task\test\meningioma\brisc2025_test_00549_me_sa_t1.jpg,meningioma,sagittal,0.950105411105056,0.9049531459233633,0.9494382022507417,0.9507735583719569,0.9988770003431405,2.23606797749979,2.23606797749979,False,1424,1422
D:\brain_tumor\🧠 Brain Tumor MRI Dataset\classification_task\test\meningioma\brisc2025_test_00550_me_sa_t1.jpg,meningioma,sagittal,0.8765352294843869,0.780207134662807,0.9377593361081937,0.8228155340020855,0.9993046112003967,5.0,5.0,False,723,824
D:\brain_tumor\🧠 Brain Tumor MRI Dataset\classification_task\test\meningioma\brisc2025_test_00551_me_sa_t1.jpg,meningioma,sagittal,0.9435612082693338,0.8931527464339238,0.9557165861549343,0.9317111460022205,0.9991441287230414,2.23606797749979,2.23606797749979,False,1242,1274
D:\brain_tumor\🧠 Brain Tumor MRI Dataset\classification_task\test\meningioma\brisc2025_test_00552_me_sa_t1.jpg,meningioma,sagittal,0.8916478555427034,0.8044806517709815,0.9228971962796969,0.8624454148771953,0.9994929161928771,2.8970562748477104,2.8970562748477104,False,428,458
D:\brain_tumor\🧠 Brain Tumor MRI Dataset\classification_task\test\meningioma\brisc2025_test_00553_me_sa_t1.jpg,meningioma,sagittal,0.9331283628004178,0.8746397694614813,0.9506656225567216,0.9162264151006622,0.9990188596969382,2.8284271247461903,2.8284271247461903,False,1277,1325
D:\brain_tumor\🧠 Brain Tumor MRI Dataset\classification_task\test\meningioma\brisc2025_test_00554_me_sa_t1.jpg,meningioma,sagittal,0.9590211691598559,0.9212686567193556,0.9739644970424471,0.9445294567733539,0.9989510822923636,2.8284271247461903,2.8284271247461903,False,2535,2614
D:\brain_tumor\🧠 Brain Tumor MRI Dataset\classification_task\test\meningioma\brisc2025_test_00555_me_sa_t1.jpg,meningioma,sagittal,0.9423748544836329,0.8910291689658212,0.939640162510758,0.9451255108029699,0.9983704933958003,2.8284271247461903,2.8284271247461903,False,1723,1713
D:\brain_tumor\🧠 Brain Tumor MRI Dataset\classification_task\test\meningioma\brisc2025_test_00556_me_sa_t1.jpg,meningioma,sagittal,0.9123434704882324,0.8388157894913579,0.9194711538558328,0.9053254437981864,0.9989643072452135,2.8284271247461903,2.8284271247461903,False,832,845
D:\brain_tumor\🧠 Brain Tumor MRI Dataset\classification_task\test\meningioma\brisc2025_test_00557_me_sa_t1.jpg,meningioma,sagittal,0.9158371040800146,0.8447412354182403,0.9250457038528254,0.9068100358589947,0.9993690172058245,2.23606797749979,2.23606797749979,False,547,558
D:\brain_tumor\🧠 Brain Tumor MRI Dataset\classification_task\test\meningioma\brisc2025_test_00558_me_sa_t1.jpg,meningioma,sagittal,0.807486631067517,0.677130044987834,0.8074866311189911,0.8074866311189911,0.9994491116926052,3.0,3.0,False,187,187
D:\brain_tumor\🧠 Brain Tumor MRI Dataset\classification_task\test\meningioma\brisc2025_test_00559_me_sa_t1.jpg,meningioma,sagittal,0.8406026962854399,0.7250341997640172,0.753911806578391,0.9498207885394586,0.9973375604050643,5.0,5.0,False,703,558
D:\brain_tumor\🧠 Brain Tumor MRI Dataset\classification_task\test\meningioma\brisc2025_test_00560_me_sa_t1.jpg,meningioma,sagittal,0.9509906152254695,0.9065606361875467,0.9702127659590313,0.9325153374267631,0.9991192198804669,3.0,3.0,False,1880,1956
D:\brain_tumor\🧠 Brain Tumor MRI Dataset\classification_task\test\pituitary\brisc2025_test_00701_pi_ax_t1.jpg,pituitary,axial,0.8150537634607469,0.6878402904377786,0.9768041237173185,0.699261992675413,0.9998615256792937,4.47213595499958,4.47213595499958,False,388,542
D:\brain_tumor\🧠 Brain Tumor MRI Dataset\classification_task\test\pituitary\brisc2025_test_00702_pi_ax_t1.jpg,pituitary,axial,0.9075268817303734,0.8307086614506479,0.9274725274884675,0.8884210526550692,0.9994927836953021,2.0,2.0,False,455,475
D:\brain_tumor\🧠 Brain Tumor MRI Dataset\classification_task\test\pituitary\brisc2025_test_00703_pi_ax_t1.jpg,pituitary,axial,0.8340807175631925,0.7153846156035503,0.861111111239712,0.8086956523402646,0.9997707158251941,2.8284271247461903,2.8284271247461903,False,108,115
D:\brain_tumor\🧠 Brain Tumor MRI Dataset\classification_task\test\pituitary\brisc2025_test_00704_pi_ax_t1.jpg,pituitary,axial,0.8226950354819509,0.6987951807833744,0.8946015424435472,0.7614879650412499,0.9993699964658348,4.51778739760631,4.51778739760631,False,389,457
D:\brain_tumor\🧠 Brain Tumor MRI Dataset\classification_task\test\pituitary\brisc2025_test_00705_pi_ax_t1.jpg,pituitary,axial,0.6394810009601963,0.4700272480286067,0.497118155692058,0.8961038961308821,0.9946432134579751,9.486832980505138,9.486832980505138,False,694,385
D:\brain_tumor\🧠 Brain Tumor MRI Dataset\classification_task\test\pituitary\brisc2025_test_00706_pi_ax_t1.jpg,pituitary,axial,0.850961538497365,0.7405857741671189,0.8509615385331916,0.8509615385331916,0.9995254714670593,2.23606797749979,2.23606797749979,False,208,208
D:\brain_tumor\🧠 Brain Tumor MRI Dataset\classification_task\test\pituitary\brisc2025_test_00707_pi_ax_t1.jpg,pituitary,axial,0.870238863791463,0.7702857143119674,0.8290282903039325,0.9157608695766629,0.9978549382716082,4.098484500494126,4.098484500494126,False,813,736
D:\brain_tumor\🧠 Brain Tumor MRI Dataset\classification_task\test\pituitary\brisc2025_test_00708_pi_ax_t1.jpg,pituitary,axial,0.9107142857242506,0.836065573804085,0.9510489510603616,0.8736616702625992,0.9996772656718258,2.2953038922244264,2.2953038922244264,False,429,467
D:\brain_tumor\🧠 Brain Tumor MRI Dataset\classification_task\test\pituitary\brisc2025_test_00709_pi_ax_t1.jpg,pituitary,axial,0.9044665012466212,0.8255945640061614,0.9382239382318888,0.873053892230772,0.9992581258404055,3.664718584144382,3.664718584144382,False,777,835
D:\brain_tumor\🧠 Brain Tumor MRI Dataset\classification_task\test\pituitary\brisc2025_test_00710_pi_ax_t1.jpg,pituitary,axial,0.8955916473398614,0.8109243697743803,0.8603268945229826,0.9338709677526015,0.9985519748598211,2.8284271247461903,2.8284271247461903,False,673,620
D:\brain_tumor\🧠 Brain Tumor MRI Dataset\classification_task\test\pituitary\brisc2025_test_00711_pi_ax_t1.jpg,pituitary,axial,0.8611670020400066,0.756183745669193,0.8770491803782585,0.8458498024324704,0.999540462294932,2.888477631085023,2.888477631085023,False,244,253
D:\brain_tumor\🧠 Brain Tumor MRI Dataset\classification_task\test\pituitary\brisc2025_test_00712_pi_ax_t1.jpg,pituitary,axial,0.7777777778010715,0.6363636364260098,0.6660682226811369,0.9345088161374033,0.9971445677704645,5.385164807134504,5.385164807134504,False,557,397
D:\brain_tumor\🧠 Brain Tumor MRI Dataset\classification_task\test\pituitary\brisc2025_test_00713_pi_ax_t1.jpg,pituitary,axial,0.7214206437601087,0.5642361111867646,0.5930656935049151,0.9206798867080227,0.9965788625868761,6.387410454013629,6.387410454013629,False,548,353
D:\brain_tumor\🧠 Brain Tumor MRI Dataset\classification_task\test\pituitary\brisc2025_test_00714_pi_ax_t1.jpg,pituitary,axial,0.9136069114564139,0.8409542743854962,0.9215686274680679,0.9057815846026164,0.9994467411517014,2.7691912100215537,2.7691912100215537,False,459,467
D:\brain_tumor\🧠 Brain Tumor MRI Dataset\classification_task\test\pituitary\brisc2025_test_00715_pi_ax_t1.jpg,pituitary,axial,0.8880407124824375,0.7986270023344103,0.9208443271976664,0.8574938575288713,0.9995393757005335,2.324921849586753,2.324921849586753,False,379,407
D:\brain_tumor\🧠 Brain Tumor MRI Dataset\classification_task\test\pituitary\brisc2025_test_00716_pi_ax_t1.jpg,pituitary,axial,0.5749486653850209,0.40345821342839816,0.4281345567498059,0.875000000078125,0.9971396231032839,8.94427190999916,8.94427190999916,False,327,160
D:\brain_tumor\🧠 Brain Tumor MRI Dataset\classification_task\test\pituitary\brisc2025_test_00717_pi_ax_t1.jpg,pituitary,axial,0.8746893858759429,0.7772870662601081,0.7968952134672125,0.9693154996090232,0.9951139811717185,6.631934008732739,6.631934008732739,False,1546,1271
D:\brain_tumor\🧠 Brain Tumor MRI Dataset\classification_task\test\pituitary\brisc2025_test_00718_pi_ax_t1.jpg,pituitary,axial,0.9569892473129842,0.9175257732001275,0.9780219780231856,0.936842105266482,0.9993714249795723,2.23606797749979,2.23606797749979,False,1820,1900
D:\brain_tumor\🧠 Brain Tumor MRI Dataset\classification_task\test\pituitary\brisc2025_test_00719_pi_ax_t1.jpg,pituitary,axial,0.8855951829603709,0.7946799667668595,0.8227194492407297,0.9588766298937937,0.996808131517382,3.1622776601683795,3.1622776601683795,False,1162,997
D:\brain_tumor\🧠 Brain Tumor MRI Dataset\classification_task\test\pituitary\brisc2025_test_00720_pi_ax_t1.jpg,pituitary,axial,0.916492693119364,0.8458574181414534,0.9242105263317452,0.9089026915302479,0.999446605075862,2.8284271247461903,2.8284271247461903,False,475,483
D:\brain_tumor\🧠 Brain Tumor MRI Dataset\classification_task\test\pituitary\brisc2025_test_00721_pi_ax_t1.jpg,pituitary,axial,0.8879310344988605,0.798449612455181,0.8778409091256134,0.8982558139830652,0.9993404098662423,2.8284271247461903,2.8284271247461903,False,352,344
D:\brain_tumor\🧠 Brain Tumor MRI Dataset\classification_task\test\pituitary\brisc2025_test_00722_pi_ax_t1.jpg,pituitary,axial,0.8363228699643317,0.718689788081051,0.7827911857520681,0.8977135980869178,0.9968008654663522,6.708203932499369,6.708203932499369,False,953,831
D:\brain_tumor\🧠 Brain Tumor MRI Dataset\classification_task\test\pituitary\brisc2025_test_00723_pi_ax_t1.jpg,pituitary,axial,0.6052303861014657,0.43392857152965564,0.438628158946096,0.9759036144675086,0.9952364176635544,11.661903789690601,11.661903789690601,False,554,249
D:\brain_tumor\🧠 Brain Tumor MRI Dataset\classification_task\test\pituitary\brisc2025_test_00724_pi_ax_t1.jpg,pituitary,axial,0.8382352941308632,0.7215189873809397,0.8739352640759905,0.8053375196537932,0.998859766714435,4.116950344336776,4.116950344336776,False,587,637
D:\brain_tumor\🧠 Brain Tumor MRI Dataset\classification_task\test\pituitary\brisc2025_test_00725_pi_ax_t1.jpg,pituitary,axial,0.896918172168234,0.8131021194965122,0.9234135667563647,0.8719008264727478,0.9994619688864301,2.8284271247461903,2.8284271247461903,False,457,484
D:\brain_tumor\🧠 Brain Tumor MRI Dataset\classification_task\test\pituitary\brisc2025_test_00726_pi_ax_t1.jpg,pituitary,axial,0.8973747016788087,0.8138528138796749,0.9276315789592711,0.8690292758291172,0.9993218980689517,3.0,3.0,False,608,649
D:\brain_tumor\🧠 Brain Tumor MRI Dataset\classification_task\test\pituitary\brisc2025_test_00727_pi_ax_t1.jpg,pituitary,axial,0.901453958004729,0.8205882353205017,0.8759811617149166,0.9284525790468465,0.9987833987834006,2.23606797749979,2.23606797749979,False,637,601
D:\brain_tumor\🧠 Brain Tumor MRI Dataset\classification_task\test\pituitary\brisc2025_test_00728_pi_ax_t1.jpg,pituitary,axial,0.8608058608313544,0.7556270097248787,0.9143968871928416,0.81314878899199,0.9996628197465023,2.888477631085023,2.888477631085023,False,257,289
D:\brain_tumor\🧠 Brain Tumor MRI Dataset\classification_task\test\pituitary\brisc2025_test_00729_pi_ax_t1.jpg,pituitary,axial,0.8637681159617727,0.7602040816938255,0.9141104294741993,0.8186813187311315,0.9995703676425466,3.1622776601683795,3.1622776601683795,False,326,364
D:\brain_tumor\🧠 Brain Tumor MRI Dataset\classification_task\test\pituitary\brisc2025_test_00730_pi_ax_t1.jpg,pituitary,axial,0.7977839335460133,0.6635944701235957,0.90000000003125,0.7164179105183041,0.9995087051309616,6.4031242374328485,6.4031242374328485,False,320,402
D:\brain_tumor\🧠 Brain Tumor MRI Dataset\classification_task\test\pituitary\brisc2025_test_00731_pi_ax_t1.jpg,pituitary,axial,0.7099644128371917,0.5503448276482283,0.5511049724376927,0.997500000000625,0.9950104396954141,7.0,7.0,False,724,400
D:\brain_tumor\🧠 Brain Tumor MRI Dataset\classification_task\test\pituitary\brisc2025_test_00732_pi_ax_t1.jpg,pituitary,axial,0.8696883852875795,0.7694235589550317,0.8647887324324539,0.8746438746795886,0.9992636342716894,2.0,2.0,False,355,351
D:\brain_tumor\🧠 Brain Tumor MRI Dataset\classification_task\test\pituitary\brisc2025_test_00733_pi_ax_t1.jpg,pituitary,axial,0.8997493734461467,0.8177676538000529,0.927648578830065,0.8734793187655768,0.9995700575815746,2.8284271247461903,2.8284271247461903,False,387,411
D:\brain_tumor\🧠 Brain Tumor MRI Dataset\classification_task\test\pituitary\brisc2025_test_00734_pi_ax_t1.jpg,pituitary,axial,0.9174603174646846,0.8475073313932056,0.9687150838023783,0.8713567839325269,0.9995661672425287,3.1622776601683795,3.1622776601683795,False,895,995
D:\brain_tumor\🧠 Brain Tumor MRI Dataset\classification_task\test\pituitary\brisc2025_test_00735_pi_ax_t1.jpg,pituitary,axial,0.9145520455766675,0.84255725192342,0.9682017543894516,0.8665358194439121,0.9995505060681688,5.0,5.0,False,912,1019
D:\brain_tumor\🧠 Brain Tumor MRI Dataset\classification_task\test\pituitary\brisc2025_test_00736_pi_ax_t1.jpg,pituitary,axial,0.9062844542550954,0.8286290322926151,0.9448275862195799,0.8707627118917876,0.9996311324234606,2.9399494936611674,2.9399494936611674,False,435,472
D:\brain_tumor\🧠 Brain Tumor MRI Dataset\classification_task\test\pituitary\brisc2025_test_00737_pi_ax_t1.jpg,pituitary,axial,0.8709929632626277,0.771468144075974,0.926788685536308,0.8215339233301572,0.9993215948687914,4.071350190602281,4.071350190602281,False,601,678
D:\brain_tumor\🧠 Brain Tumor MRI Dataset\classification_task\test\pituitary\brisc2025_test_00738_pi_ax_t1.jpg,pituitary,axial,0.9039647577134817,0.8247588424578168,0.925157799826406,0.8837209302425736,0.9987106796116525,4.123105625617661,4.123105625617661,False,1109,1161
D:\brain_tumor\🧠 Brain Tumor MRI Dataset\classification_task\test\pituitary\brisc2025_test_00739_pi_ax_t1.jpg,pituitary,axial,0.8657844990675061,0.7633333333727779,0.8875968992465898,0.8450184502130963,0.999107609933226,2.23606797749979,2.23606797749979,False,516,542
D:\brain_tumor\🧠 Brain Tumor MRI Dataset\classification_task\test\pituitary\brisc2025_test_00740_pi_ax_t1.jpg,pituitary,axial,0.9067070095861469,0.8293357933736775,0.9325726141148784,0.8822374877446283,0.998992513601068,4.288539740695341,4.288539740695341,False,964,1019
D:\brain_tumor\🧠 Brain Tumor MRI Dataset\classification_task\test\pituitary\brisc2025_test_00741_pi_ax_t1.jpg,pituitary,axial,0.8127053669427485,0.6845018450766602,0.7525354970075993,0.8833333333611111,0.9981264205418052,4.0,4.0,False,493,420
D:\brain_tumor\🧠 Brain Tumor MRI Dataset\classification_task\test\pituitary\brisc2025_test_00742_pi_ax_t1.jpg,pituitary,axial,0.8812095032525692,0.7876447876857829,0.9315068493307062,0.836065573804085,0.9995388021153617,4.0,4.0,False,438,488
D:\brain_tumor\🧠 Brain Tumor MRI Dataset\classification_task\test\pituitary\brisc2025_test_00743_pi_ax_t1.jpg,pituitary,axial,0.9412340842340238,0.8889916743858471,0.9449360865344212,0.9375609756158476,0.9991319309885149,2.23606797749979,2.23606797749979,False,1017,1025
D:\brain_tumor\🧠 Brain Tumor MRI Dataset\classification_task\test\pituitary\brisc2025_test_00744_pi_ax_t1.jpg,pituitary,axial,0.8846715328551334,0.7931937173045558,0.8428372740135136,0.9308755760474845,0.9982584572705583,3.0,3.0,False,719,651
D:\brain_tumor\🧠 Brain Tumor MRI Dataset\classification_task\test\pituitary\brisc2025_test_00745_pi_ax_t1.jpg,pituitary,axial,0.8815368196497826,0.7881679389717238,0.9239373601959872,0.8428571428892129,0.9994772929926522,3.0,3.0,False,447,490
D:\brain_tumor\🧠 Brain Tumor MRI Dataset\classification_task\test\pituitary\brisc2025_test_00746_pi_ax_t1.jpg,pituitary,axial,0.8177777777912757,0.6917293233469011,0.7141009055997282,0.9566724436816859,0.9965978540310094,8.0,8.0,False,773,577
D:\brain_tumor\🧠 Brain Tumor MRI Dataset\classification_task\test\pituitary\brisc2025_test_00747_pi_ax_t1.jpg,pituitary,axial,0.5163204748492106,0.3480000001304,0.3480000001304,1.0,0.9950123925216563,8.06225774829855,8.06225774829855,False,500,174
D:\brain_tumor\🧠 Brain Tumor MRI Dataset\classification_task\test\pituitary\brisc2025_test_00748_pi_ax_t1.jpg,pituitary,axial,0.7787610619664812,0.6376811594727999,0.7357859532214406,0.8270676692054385,0.9975693803458286,4.47213595499958,4.47213595499958,False,598,532
D:\brain_tumor\🧠 Brain Tumor MRI Dataset\classification_task\test\pituitary\brisc2025_test_00749_pi_ax_t1.jpg,pituitary,axial,0.9082308420143583,0.8318890814849413,0.9542743538858302,0.8664259928038943,0.999646055830846,3.0,3.0,False,503,554
D:\brain_tumor\🧠 Brain Tumor MRI Dataset\classification_task\test\pituitary\brisc2025_test_00750_pi_ax_t1.jpg,pituitary,axial,0.8957915831767744,0.8112522686367964,0.8851485148742281,0.9066937119864719,0.9991082822133064,2.23606797749979,2.23606797749979,False,505,493
D:\brain_tumor\🧠 Brain Tumor MRI Dataset\classification_task\test\pituitary\brisc2025_test_00751_pi_ax_t1.jpg,pituitary,axial,0.9111223971604305,0.8367537313585117,0.9502118644120539,0.8751219512316953,0.9992714420796465,3.1622776601683795,3.1622776601683795,False,944,1025
D:\brain_tumor\🧠 Brain Tumor MRI Dataset\classification_task\test\pituitary\brisc2025_test_00752_pi_ax_t1.jpg,pituitary,axial,0.8881650380143143,0.7988281250392915,0.9232505643514107,0.8556485355950526,0.9994773894063766,3.5833875946992038,3.5833875946992038,False,443,478
D:\brain_tumor\🧠 Brain Tumor MRI Dataset\classification_task\test\pituitary\brisc2025_test_00753_pi_ax_t1.jpg,pituitary,axial,0.8729559748587477,0.7745535714788943,0.9228723404460446,0.8281622912104625,0.9995546477878288,3.3839144678161843,3.3839144678161843,False,376,419
D:\brain_tumor\🧠 Brain Tumor MRI Dataset\classification_task\test\pituitary\brisc2025_test_00754_pi_ax_t1.jpg,pituitary,axial,0.7579908676075353,0.610294117718696,0.6194029851456339,0.9764705882422146,0.9968709736793716,5.05941170815567,5.05941170815567,False,536,340
D:\brain_tumor\🧠 Brain Tumor MRI Dataset\classification_task\test\pituitary\brisc2025_test_00755_pi_ax_t1.jpg,pituitary,axial,0.8914151313253071,0.8041018387691583,0.9396694214925894,0.847874720369286,0.9988628397850318,4.47213595499958,4.47213595499958,False,1210,1341
D:\brain_tumor\🧠 Brain Tumor MRI Dataset\classification_task\test\pituitary\brisc2025_test_00756_pi_ax_t1.jpg,pituitary,axial,0.9041269841330714,0.8250289687340638,0.8672350791879129,0.9442970822355043,0.9983174338550858,3.08113883008419,3.08113883008419,False,821,754
D:\brain_tumor\🧠 Brain Tumor MRI Dataset\classification_task\test\pituitary\brisc2025_test_00757_pi_ax_t1.jpg,pituitary,axial,0.9426189308512694,0.8914656771900309,0.974645030428535,0.912630579305543,0.9996123009165212,2.53224755112299,2.53224755112299,False,986,1053
D:\brain_tumor\🧠 Brain Tumor MRI Dataset\classification_task\test\pituitary\brisc2025_test_00758_pi_ax_t1.jpg,pituitary,axial,0.8177257525236015,0.6916548798173049,0.7331334333233683,0.9243856332846153,0.997261833341029,5.0990195135927845,5.0990195135927845,False,667,529
D:\brain_tumor\🧠 Brain Tumor MRI Dataset\classification_task\test\pituitary\brisc2025_test_00759_pi_ax_t1.jpg,pituitary,axial,0.8750000000166224,0.7777777778303125,0.9481268011676868,0.81234567905868,0.9997236339070493,3.1622776601683795,3.1622776601683795,False,347,405
D:\brain_tumor\🧠 Brain Tumor MRI Dataset\classification_task\test\pituitary\brisc2025_test_00760_pi_ax_t1.jpg,pituitary,axial,0.9449275362345446,0.8956043956139556,0.9644970414236196,0.9261363636433582,0.999441687344914,2.6507193805722635,2.6507193805722635,False,1014,1056
D:\brain_tumor\🧠 Brain Tumor MRI Dataset\classification_task\test\pituitary\brisc2025_test_00761_pi_ax_t1.jpg,pituitary,axial,0.8340943683535696,0.7154046997760568,0.733601070986131,0.9664902998295432,0.9969370007234266,5.0,5.0,False,747,567
D:\brain_tumor\🧠 Brain Tumor MRI Dataset\classification_task\test\pituitary\brisc2025_test_00762_pi_ax_t1.jpg,pituitary,axial,0.8803016022732986,0.7861952862312803,0.8794726930547133,0.8811320754941261,0.9990154754945713,3.0,3.0,False,531,530
D:\brain_tumor\🧠 Brain Tumor MRI Dataset\classification_task\test\pituitary\brisc2025_test_00763_pi_ax_t1.jpg,pituitary,axial,0.8798235942800635,0.7854330709083793,0.9006772009253551,0.8599137931336392,0.9993238259159096,2.4137757216736997,2.4137757216736997,False,443,464
D:\brain_tumor\🧠 Brain Tumor MRI Dataset\classification_task\test\pituitary\brisc2025_test_00764_pi_ax_t1.jpg,pituitary,axial,0.8229088168935261,0.6991037132267472,0.7388362652586148,0.9285714285835763,0.9970283919443292,5.0,5.0,False,739,588
D:\brain_tumor\🧠 Brain Tumor MRI Dataset\classification_task\test\pituitary\brisc2025_test_00765_pi_ax_t1.jpg,pituitary,axial,0.5580736544535307,0.3870333989416437,0.3870333989416437,1.0,0.9952249039624187,7.0604076400856535,7.0604076400856535,False,509,197
D:\brain_tumor\🧠 Brain Tumor MRI Dataset\classification_task\test\pituitary\brisc2025_test_00766_pi_ax_t1.jpg,pituitary,axial,0.7807351077590957,0.6403326404074152,0.8020833333848741,0.7604938272196312,0.9988331209408748,5.0,5.0,False,384,405
D:\brain_tumor\🧠 Brain Tumor MRI Dataset\classification_task\test\pituitary\brisc2025_test_00767_pi_ax_t1.jpg,pituitary,axial,0.6738868833124083,0.5081669692362674,0.510948905198732,0.9893992932899649,0.9958929091382834,6.066210024238574,6.066210024238574,False,548,283
D:\brain_tumor\🧠 Brain Tumor MRI Dataset\classification_task\test\pituitary\brisc2025_test_00768_pi_ax_t1.jpg,pituitary,axial,0.8658008658153895,0.7633587786711148,0.803212851445138,0.9389671361645617,0.9984948548610068,3.0,3.0,False,498,426
D:\brain_tumor\🧠 Brain Tumor MRI Dataset\classification_task\test\pituitary\brisc2025_test_00769_pi_ax_t1.jpg,pituitary,axial,0.8426527958489822,0.7280898876710011,0.852631578966759,0.8329048843402436,0.998270483955653,5.285013954394896,5.285013954394896,False,760,778
D:\brain_tumor\🧠 Brain Tumor MRI Dataset\classification_task\test\pituitary\brisc2025_test_00770_pi_ax_t1.jpg,pituitary,axial,0.8845315904390999,0.7929687500808715,0.8601694915846739,0.9103139013855095,0.9994947407101198,2.0,2.0,False,236,223
D:\brain_tumor\🧠 Brain Tumor MRI Dataset\classification_task\test\pituitary\brisc2025_test_00771_pi_ax_t1.jpg,pituitary,axial,0.755610972599051,0.60721442893643,0.6965517242076893,0.8256130790665904,0.9979744970768342,5.0,5.0,False,435,367
D:\brain_tumor\🧠 Brain Tumor MRI Dataset\classification_task\test\pituitary\brisc2025_test_00772_pi_ax_t1.jpg,pituitary,axial,0.8786440678048377,0.78355501816402,0.9323741007291548,0.830769230790927,0.9992741985298671,4.0,4.0,False,695,780
D:\brain_tumor\🧠 Brain Tumor MRI Dataset\classification_task\test\pituitary\brisc2025_test_00773_pi_ax_t1.jpg,pituitary,axial,0.8061630218784214,0.6752706078538492,0.926857142865502,0.7132805629100016,0.9990061957483827,7.810249675906654,7.810249675906654,False,875,1137
D:\brain_tumor\🧠 Brain Tumor MRI Dataset\classification_task\test\pituitary\brisc2025_test_00774_pi_ax_t1.jpg,pituitary,axial,0.8963855421811584,0.8122270742768063,0.9276807980230223,0.8671328671638385,0.9995545793847058,3.0,3.0,False,401,429
D:\brain_tumor\🧠 Brain Tumor MRI Dataset\classification_task\test\pituitary\brisc2025_test_00775_pi_ax_t1.jpg,pituitary,axial,0.8803418803546643,0.7862595420255231,0.8494845361135084,0.9135254989105265,0.9988783897979583,3.1622776601683795,3.1622776601683795,False,485,451
D:\brain_tumor\🧠 Brain Tumor MRI Dataset\classification_task\test\pituitary\brisc2025_test_00776_pi_ax_t1.jpg,pituitary,axial,0.9230004967748137,0.8570110701238919,0.9567456230734557,0.8915547025056089,0.9993487766303852,3.605551275463989,3.605551275463989,False,971,1042
D:\brain_tumor\🧠 Brain Tumor MRI Dataset\classification_task\test\pituitary\brisc2025_test_00777_pi_ax_t1.jpg,pituitary,axial,0.7591564928125243,0.6118067979227538,0.6551724138591625,0.9023746702104553,0.9972374418711769,6.0,6.0,False,522,379
D:\brain_tumor\🧠 Brain Tumor MRI Dataset\classification_task\test\pituitary\brisc2025_test_00778_pi_ax_t1.jpg,pituitary,axial,0.5345622120530628,0.36477987434700626,0.9255319149332277,0.37580993533999785,0.9997848570067466,16.255674831174314,16.255674831174314,False,188,463
D:\brain_tumor\🧠 Brain Tumor MRI Dataset\classification_task\test\pituitary\brisc2025_test_00779_pi_ax_t1.jpg,pituitary,axial,0.7147087858129606,0.5560675883938453,0.7313131313674115,0.6988416988998376,0.9979544126241995,11.273697915539016,11.273697915539016,False,495,518
D:\brain_tumor\🧠 Brain Tumor MRI Dataset\classification_task\test\pituitary\brisc2025_test_00780_pi_ax_t1.jpg,pituitary,axial,0.8661016949266015,0.7638266069112367,0.8933566433752874,0.8404605263420296,0.9990604977821601,2.854163056034258,2.854163056034258,False,572,608
D:\brain_tumor\🧠 Brain Tumor MRI Dataset\classification_task\test\pituitary\brisc2025_test_00781_pi_ax_t1.jpg,pituitary,axial,0.7894315452530478,0.6521164021624185,0.6725784447922813,0.9554263565977857,0.9963088280529124,5.0990195135927845,5.0990195135927845,False,733,516
D:\brain_tumor\🧠 Brain Tumor MRI Dataset\classification_task\test\pituitary\brisc2025_test_00782_pi_ax_t1.jpg,pituitary,axial,0.8657616893113481,0.7632978724033782,0.8541666667100695,0.8776758410160013,0.9992485699826723,2.23606797749979,2.23606797749979,False,336,327
D:\brain_tumor\🧠 Brain Tumor MRI Dataset\classification_task\test\pituitary\brisc2025_test_00783_pi_ax_t1.jpg,pituitary,axial,0.7702702703220112,0.6263736265104858,0.8906250000569661,0.6785714286989796,0.9996783285337913,4.0,4.0,False,192,252
D:\brain_tumor\🧠 Brain Tumor MRI Dataset\classification_task\test\pituitary\brisc2025_test_00784_pi_ax_t1.jpg,pituitary,axial,0.8209606987011253,0.6962962963284343,0.7443438914316353,0.9151599443789764,0.996513260410083,6.324555320336759,6.324555320336759,False,884,719
D:\brain_tumor\🧠 Brain Tumor MRI Dataset\classification_task\test\pituitary\brisc2025_test_00785_pi_ax_t1.jpg,pituitary,axial,0.927960927969724,0.865603644677539,0.974358974365549,0.8857808858075102,0.9998464066843813,2.23606797749979,2.23606797749979,False,390,429
D:\brain_tumor\🧠 Brain Tumor MRI Dataset\classification_task\test\pituitary\brisc2025_test_00786_pi_ax_t1.jpg,pituitary,axial,0.8984674329599168,0.815652173945104,0.9089147286998228,0.8882575757787392,0.9992770120600553,3.1622776601683795,3.1622776601683795,False,516,528
D:\brain_tumor\🧠 Brain Tumor MRI Dataset\classification_task\test\pituitary\brisc2025_test_00787_pi_ax_t1.jpg,pituitary,axial,0.8960244648397535,0.8116343490565603,0.9001536098463666,0.8919330289357789,0.9989981349897517,3.1622776601683795,3.1622776601683795,False,651,657
D:\brain_tumor\🧠 Brain Tumor MRI Dataset\classification_task\test\pituitary\brisc2025_test_00788_pi_ax_t1.jpg,pituitary,axial,0.85774058580382,0.7509157510069905,0.8649789030105575,0.8506224067009865,0.9995099165326602,2.8284271247461903,2.8284271247461903,False,237,241
D:\brain_tumor\🧠 Brain Tumor MRI Dataset\classification_task\test\pituitary\brisc2025_test_00789_pi_ax_t1.jpg,pituitary,axial,0.7818181818842975,0.6417910449543328,0.7166666668240741,0.8600000000933333,0.9992200165172985,3.14604989415154,3.14604989415154,False,180,150
D:\brain_tumor\🧠 Brain Tumor MRI Dataset\classification_task\test\pituitary\brisc2025_test_00790_pi_ax_t1.jpg,pituitary,axial,0.9022164276529053,0.8218527316337642,0.8871794872084156,0.9177718833109358,0.9993247287404666,2.8284271247461903,2.8284271247461903,False,390,377
D:\brain_tumor\🧠 Brain Tumor MRI Dataset\classification_task\test\pituitary\brisc2025_test_00791_pi_ax_t1.jpg,pituitary,axial,0.8948497854190075,0.8097087379010275,0.9104803493645239,0.8797468354684078,0.9993698318526953,2.20065778087482,2.20065778087482,False,458,474
D:\brain_tumor\🧠 Brain Tumor MRI Dataset\classification_task\test\pituitary\brisc2025_test_00792_pi_ax_t1.jpg,pituitary,axial,0.877551020419522,0.781818181854245,0.8941398865984613,0.8615664845425198,0.9991382891963021,2.982842712474615,2.982842712474615,False,529,549
D:\brain_tumor\🧠 Brain Tumor MRI Dataset\classification_task\test\pituitary\brisc2025_test_00793_pi_ax_t1.jpg,pituitary,axial,0.46403242153353275,0.30211081803402234,0.33333333343037364,0.7633333334122221,0.9929793365626449,14.800259050713187,14.800259050713187,False,687,300
D:\brain_tumor\🧠 Brain Tumor MRI Dataset\classification_task\test\pituitary\brisc2025_test_00794_pi_ax_t1.jpg,pituitary,axial,0.8434343434541118,0.7292576419805115,0.7785547786063975,0.9201101928594738,0.9985423411535475,4.097227908109971,4.097227908109971,False,429,363
D:\brain_tumor\🧠 Brain Tumor MRI Dataset\classification_task\test\pituitary\brisc2025_test_00795_pi_ax_t1.jpg,pituitary,axial,0.8415584415995953,0.7264573992258039,0.8437500000813802,0.8393782384251927,0.9995408842569219,2.23606797749979,2.23606797749979,False,192,193
D:\brain_tumor\🧠 Brain Tumor MRI Dataset\classification_task\test\pituitary\brisc2025_test_00796_pi_ax_t1.jpg,pituitary,axial,0.9002659574534397,0.818621523601134,0.9026666666796445,0.8978779840984247,0.998873143774507,3.861942946412387,3.861942946412387,False,750,754
D:\brain_tumor\🧠 Brain Tumor MRI Dataset\classification_task\test\pituitary\brisc2025_test_00797_pi_ax_t1.jpg,pituitary,axial,0.896401308618815,0.8122529644392456,0.8319838056793534,0.9716312056759944,0.9961255387679585,4.123105625617661,4.123105625617661,False,1482,1269
D:\brain_tumor\🧠 Brain Tumor MRI Dataset\classification_task\test\pituitary\brisc2025_test_00798_pi_ax_t1.jpg,pituitary,axial,0.9599144842341018,0.9229188078148551,0.9868131868139114,0.934443288244826,0.9996227245574879,2.8284271247461903,2.8284271247461903,False,1820,1922
D:\brain_tumor\🧠 Brain Tumor MRI Dataset\classification_task\test\pituitary\brisc2025_test_00799_pi_ax_t1.jpg,pituitary,axial,0.849906191383686,0.7389885807929872,0.7961335676983949,0.9114688128950768,0.9982164547425418,3.1622776601683795,3.1622776601683795,False,569,497
D:\brain_tumor\🧠 Brain Tumor MRI Dataset\classification_task\test\pituitary\brisc2025_test_00800_pi_ax_t1.jpg,pituitary,axial,0.8586147681821056,0.7522567703357816,0.7987220447498699,0.9282178217910622,0.9970800889877687,4.0,4.0,False,939,808
D:\brain_tumor\🧠 Brain Tumor MRI Dataset\classification_task\test\pituitary\brisc2025_test_00801_pi_ax_t1.jpg,pituitary,axial,0.9181561618100587,0.8486956521870699,0.8761220825963982,0.9644268774738709,0.9978612609261703,3.08113883008419,3.08113883008419,False,1114,1012
D:\brain_tumor\🧠 Brain Tumor MRI Dataset\classification_task\test\pituitary\brisc2025_test_00802_pi_ax_t1.jpg,pituitary,axial,0.8097062580064232,0.680257510798228,0.7406542056680715,0.892957746509026,0.9982970497537652,3.1054804791094477,3.1054804791094477,False,428,355
D:\brain_tumor\🧠 Brain Tumor MRI Dataset\classification_task\test\pituitary\brisc2025_test_00803_pi_ax_t1.jpg,pituitary,axial,0.9074074074169334,0.8305084746081906,0.9363057324975996,0.8802395209819881,0.9995387099254255,2.2656859348620997,2.2656859348620997,False,471,501
D:\brain_tumor\🧠 Brain Tumor MRI Dataset\classification_task\test\pituitary\brisc2025_test_00804_pi_ax_t1.jpg,pituitary,axial,0.8415841584550534,0.7264957266126086,0.9239130435196125,0.7727272728305785,0.9997856574193157,3.016227766016837,3.016227766016837,False,184,220
D:\brain_tumor\🧠 Brain Tumor MRI Dataset\classification_task\test\pituitary\brisc2025_test_00805_pi_ax_t1.jpg,pituitary,axial,0.6634730539325182,0.49641577069956716,0.5000000000902528,0.9857651245602259,0.9957551145506156,7.0,7.0,False,554,281
D:\brain_tumor\🧠 Brain Tumor MRI Dataset\classification_task\test\pituitary\brisc2025_test_00806_pi_ax_t1.jpg,pituitary,axial,0.8264984227402999,0.7043010753483062,0.7257617729291519,0.959706959721719,0.9984830608461173,2.8284271247461903,2.8284271247461903,False,361,273
D:\brain_tumor\🧠 Brain Tumor MRI Dataset\classification_task\test\pituitary\brisc2025_test_00807_pi_ax_t1.jpg,pituitary,axial,0.8656716418021831,0.7631578947714681,0.9456521739228891,0.7981651376455405,0.9995376221448175,3.605551275463989,3.605551275463989,False,552,654
D:\brain_tumor\🧠 Brain Tumor MRI Dataset\classification_task\test\pituitary\brisc2025_test_00808_pi_ax_t1.jpg,pituitary,axial,0.8770491803404663,0.7810218978501786,0.9448123620430878,0.8183556405701041,0.9996154615230806,4.0,4.0,False,453,523
D:\brain_tumor\🧠 Brain Tumor MRI Dataset\classification_task\test\pituitary\brisc2025_test_00809_pi_ax_t1.jpg,pituitary,axial,0.9001663893552343,0.818456883523566,0.925577416601747,0.876113360333918,0.9986469883827644,5.0,5.0,False,1169,1235
D:\brain_tumor\🧠 Brain Tumor MRI Dataset\classification_task\test\pituitary\brisc2025_test_00810_pi_ax_t1.jpg,pituitary,axial,0.9238171611929578,0.8584202682774337,0.9442622950911045,0.9042386185393659,0.9994761090309566,2.8284271247461903,2.8284271247461903,False,610,637
D:\brain_tumor\🧠 Brain Tumor MRI Dataset\classification_task\test\pituitary\brisc2025_test_00811_pi_ax_t1.jpg,pituitary,axial,0.8659638554317798,0.7636122178268775,0.849335302828754,0.8832565284357516,0.998427987978734,4.0,4.0,False,677,651
D:\brain_tumor\🧠 Brain Tumor MRI Dataset\classification_task\test\pituitary\brisc2025_test_00812_pi_ax_t1.jpg,pituitary,axial,0.8554913295076125,0.7474747475597727,0.9098360656107229,0.8072727273428099,0.9996628920794967,3.0,3.0,False,244,275
D:\brain_tumor\🧠 Brain Tumor MRI Dataset\classification_task\test\pituitary\brisc2025_test_00813_pi_ax_t1.jpg,pituitary,axial,0.4215686275454954,0.267080745493358,0.9847328244391352,0.26819126834341134,0.9999692567827223,14.378420742097525,14.378420742097525,False,131,481
D:\brain_tumor\🧠 Brain Tumor MRI Dataset\classification_task\test\pituitary\brisc2025_test_00814_pi_ax_t1.jpg,pituitary,axial,0.865443425097027,0.7628032345652822,0.8734567901625133,0.8575757576189165,0.9993712235070402,2.8284271247461903,2.8284271247461903,False,324,330
D:\brain_tumor\🧠 Brain Tumor MRI Dataset\classification_task\test\pituitary\brisc2025_test_00815_pi_ax_t1.jpg,pituitary,axial,0.678294573705757,0.513196481081174,0.5401234569320607,0.9114583333794488,0.9977197600391807,6.0,6.0,False,324,192
D:\brain_tumor\🧠 Brain Tumor MRI Dataset\classification_task\test\pituitary\brisc2025_test_00816_pi_ax_t1.jpg,pituitary,axial,0.8344880677571603,0.7159841479899625,0.7434842250008938,0.9508771929910742,0.997121571283445,3.339587106286613,3.339587106286613,False,729,570
D:\brain_tumor\🧠 Brain Tumor MRI Dataset\classification_task\test\pituitary\brisc2025_test_00817_pi_ax_t1.jpg,pituitary,axial,0.8787878788045747,0.7837837838369082,0.916666666690613,0.8439153439566361,0.9995549280211186,2.8284271247461903,2.8284271247461903,False,348,378
D:\brain_tumor\🧠 Brain Tumor MRI Dataset\classification_task\test\pituitary\brisc2025_test_00818_pi_ax_t1.jpg,pituitary,axial,0.8941469489546516,0.808558558601676,0.9422572178629246,0.8507109005093102,0.9996621310317295,3.0,3.0,False,381,422
D:\brain_tumor\🧠 Brain Tumor MRI Dataset\classification_task\test\pituitary\brisc2025_test_00819_pi_ax_t1.jpg,pituitary,axial,0.8535031847205535,0.7444444444662868,0.7762923351358028,0.9477693144779359,0.9961155733011496,5.0990195135927845,5.0990195135927845,False,1122,919
D:\brain_tumor\🧠 Brain Tumor MRI Dataset\classification_task\test\pituitary\brisc2025_test_00820_pi_ax_t1.jpg,pituitary,axial,4.3859649103570327e-10,4.3859649103570327e-10,1.0,4.3859649103570327e-10,1.0,,362.03867196751236,True,0,228
D:\brain_tumor\🧠 Brain Tumor MRI Dataset\classification_task\test\pituitary\brisc2025_test_00821_pi_ax_t1.jpg,pituitary,axial,0.9431438127128332,0.8924050633047589,0.9631147541033996,0.9239842726180886,0.9995831596498548,2.23606797749979,2.23606797749979,False,732,763
D:\brain_tumor\🧠 Brain Tumor MRI Dataset\classification_task\test\pituitary\brisc2025_test_00822_pi_ax_t1.jpg,pituitary,axial,0.9267822736101364,0.8635547576546582,0.9321705426488043,0.9214559387123649,0.9994616544128965,2.8284271247461903,2.8284271247461903,False,516,522
D:\brain_tumor\🧠 Brain Tumor MRI Dataset\classification_task\test\pituitary\brisc2025_test_00823_pi_ax_t1.jpg,pituitary,axial,0.8947368421178544,0.8095238095650381,0.9468354430514341,0.8480725623927273,0.999677394577157,2.8284271247461903,2.8284271247461903,False,395,441
D:\brain_tumor\🧠 Brain Tumor MRI Dataset\classification_task\test\pituitary\brisc2025_test_00824_pi_ax_t1.jpg,pituitary,axial,0.8138238573228735,0.6860902256229154,0.8711217184078468,0.763598326409289,0.9991699714101276,4.123105625617661,4.123105625617661,False,419,478
D:\brain_tumor\🧠 Brain Tumor MRI Dataset\classification_task\test\pituitary\brisc2025_test_00825_pi_co_t1.jpg,pituitary,coronal,0.9116135662943673,0.8375826251333727,0.9506966773900647,0.8756169792817752,0.999287075926415,3.0,3.0,False,933,1013
D:\brain_tumor\🧠 Brain Tumor MRI Dataset\classification_task\test\pituitary\brisc2025_test_00826_pi_co_t1.jpg,pituitary,coronal,0.8924581005661691,0.8058007566449179,0.9025423728951212,0.8825966850990888,0.998935382336606,3.0,3.0,False,708,724
D:\brain_tumor\🧠 Brain Tumor MRI Dataset\classification_task\test\pituitary\brisc2025_test_00827_pi_co_t1.jpg,pituitary,coronal,0.893725992331149,0.8078703704148449,0.9457994580092685,0.8470873786778914,0.9996928935569073,3.0,3.0,False,369,412
D:\brain_tumor\🧠 Brain Tumor MRI Dataset\classification_task\test\pituitary\brisc2025_test_00828_pi_co_t1.jpg,pituitary,coronal,0.8984787333157876,0.8156708004613489,0.9164027865790751,0.8812423873397538,0.9979340783172161,7.0,7.0,False,1579,1642
D:\brain_tumor\🧠 Brain Tumor MRI Dataset\classification_task\test\pituitary\brisc2025_test_00829_pi_co_t1.jpg,pituitary,coronal,0.8976076555072916,0.8142361111272364,0.909796314266751,0.8857412653554539,0.9985576251996858,3.1622776601683795,3.1622776601683795,False,1031,1059
D:\brain_tumor\🧠 Brain Tumor MRI Dataset\classification_task\test\pituitary\brisc2025_test_00830_pi_co_t1.jpg,pituitary,coronal,0.7949125596510473,0.6596306069499654,0.8928571428954081,0.7163323783047758,0.9995397855400624,6.751973342624457,6.751973342624457,False,280,349
D:\brain_tumor\🧠 Brain Tumor MRI Dataset\classification_task\test\pituitary\brisc2025_test_00831_pi_co_t1.jpg,pituitary,coronal,0.8681135225595804,0.7669616519861471,0.9187279152230643,0.822784810182663,0.9996473474394363,5.415906566777768,5.415906566777768,False,283,316
D:\brain_tumor\🧠 Brain Tumor MRI Dataset\classification_task\test\pituitary\brisc2025_test_00832_pi_co_t1.jpg,pituitary,coronal,0.8838951310970135,0.7919463087597406,0.904214559405323,0.8644688644936871,0.9992306508693657,3.0,3.0,False,522,546
D:\brain_tumor\🧠 Brain Tumor MRI Dataset\classification_task\test\pituitary\brisc2025_test_00833_pi_co_t1.jpg,pituitary,coronal,0.8558067030509894,0.7479564033040931,0.8145400593746973,0.901477832528493,0.9980747608853049,4.0,4.0,False,674,609
D:\brain_tumor\🧠 Brain Tumor MRI Dataset\classification_task\test\pituitary\brisc2025_test_00834_pi_co_t1.jpg,pituitary,coronal,0.9307958477532596,0.8705501618206763,0.9124830393546484,0.9498587570656879,0.9979881472239582,3.605551275463989,3.605551275463989,False,1474,1416
D:\brain_tumor\🧠 Brain Tumor MRI Dataset\classification_task\test\pituitary\brisc2025_test_00835_pi_co_t1.jpg,pituitary,coronal,0.7908045977131721,0.6539923954701528,0.7437837838114828,0.8441717791602243,0.9963381282736726,8.06225774829855,8.06225774829855,False,925,815
D:\brain_tumor\🧠 Brain Tumor MRI Dataset\classification_task\test\pituitary\brisc2025_test_00836_pi_co_t1.jpg,pituitary,coronal,0.8606013276118468,0.7553118574533714,0.8858520900413303,0.8367501898377563,0.9977888163939056,9.914570696119913,9.914570696119913,False,1244,1317
D:\brain_tumor\🧠 Brain Tumor MRI Dataset\classification_task\test\pituitary\brisc2025_test_00837_pi_co_t1.jpg,pituitary,coronal,0.8934624697401052,0.8074398249663632,0.9672346002664175,0.830146231740141,0.9996132844524888,4.123105625617661,4.123105625617661,False,763,889
D:\brain_tumor\🧠 Brain Tumor MRI Dataset\classification_task\test\pituitary\brisc2025_test_00838_pi_co_t1.jpg,pituitary,coronal,0.46987951823196394,0.30708661444602886,0.3157894739612188,0.9176470589204152,0.9974179156926595,11.277016619159935,11.277016619159935,False,247,85
D:\brain_tumor\🧠 Brain Tumor MRI Dataset\classification_task\test\pituitary\brisc2025_test_00839_pi_co_t1.jpg,pituitary,coronal,0.5424120023345406,0.3721298496142415,0.4159292035915107,0.7794361526070588,0.9898356767745371,17.92005744659223,17.92005744659223,False,1130,603
D:\brain_tumor\🧠 Brain Tumor MRI Dataset\classification_task\test\pituitary\brisc2025_test_00840_pi_co_t1.jpg,pituitary,coronal,0.8541114058432833,0.745370370393947,0.9242250287113404,0.7938856015982362,0.9989770930845309,5.170555836978214,5.170555836978214,False,871,1014
D:\brain_tumor\🧠 Brain Tumor MRI Dataset\classification_task\test\pituitary\brisc2025_test_00841_pi_co_t1.jpg,pituitary,coronal,0.8927875243716966,0.8063380281860617,0.9796791443872,0.8200537153249727,0.9997050559617509,8.538211213052602,8.538211213052602,False,935,1117
D:\brain_tumor\🧠 Brain Tumor MRI Dataset\classification_task\test\pituitary\brisc2025_test_00842_pi_co_t1.jpg,pituitary,coronal,0.5411893071717845,0.37097980558182647,0.38750000004785157,0.8969258589698146,0.9879353061570135,19.370884068992595,19.370884068992595,False,1280,553
D:\brain_tumor\🧠 Brain Tumor MRI Dataset\classification_task\test\pituitary\brisc2025_test_00843_pi_co_t1.jpg,pituitary,coronal,0.5443856555235517,0.3739903069972544,0.4193840580236065,0.7755443886473126,0.9901291981706061,24.0,24.0,False,1104,597
D:\brain_tumor\🧠 Brain Tumor MRI Dataset\classification_task\test\pituitary\brisc2025_test_00844_pi_co_t1.jpg,pituitary,coronal,0.8700072621735652,0.7699228792069508,0.8319444444677855,0.9117199391306362,0.9981349897501531,3.1622776601683795,3.1622776601683795,False,720,657
D:\brain_tumor\🧠 Brain Tumor MRI Dataset\classification_task\test\pituitary\brisc2025_test_00845_pi_co_t1.jpg,pituitary,coronal,0.8880540946740756,0.7986486486758583,0.9191290824387046,0.8590116279274692,0.9991981248457945,3.1622776601683795,3.1622776601683795,False,643,688
D:\brain_tumor\🧠 Brain Tumor MRI Dataset\classification_task\test\pituitary\brisc2025_test_00846_pi_co_t1.jpg,pituitary,coronal,0.8746130031056801,0.7771664374446814,0.820029027602318,0.9369817578877311,0.9980903392727918,3.1622776601683795,3.1622776601683795,False,689,603
D:\brain_tumor\🧠 Brain Tumor MRI Dataset\classification_task\test\pituitary\brisc2025_test_00847_pi_co_t1.jpg,pituitary,coronal,0.8811544991611924,0.7875569044328442,0.8411669368166667,0.9251336898529173,0.998491727587536,3.0,3.0,False,617,561
D:\brain_tumor\🧠 Brain Tumor MRI Dataset\classification_task\test\pituitary\brisc2025_test_00848_pi_co_t1.jpg,pituitary,coronal,0.8738738738819901,0.7760000000256,0.8738738738901063,0.8738738738901063,0.9984866968297866,4.123105625617661,4.123105625617661,False,777,777
D:\brain_tumor\🧠 Brain Tumor MRI Dataset\classification_task\test\pituitary\brisc2025_test_00849_pi_co_t1.jpg,pituitary,coronal,0.8646616541438182,0.7615894039998246,0.8303249097677106,0.901960784326541,0.9978230998440694,4.123105625617661,4.123105625617661,False,831,765
D:\brain_tumor\🧠 Brain Tumor MRI Dataset\classification_task\test\pituitary\brisc2025_test_00850_pi_co_t1.jpg,pituitary,coronal,0.876683937836613,0.7804428044685531,0.8794178794429485,0.8739669421748002,0.9991084055832271,3.1622776601683795,3.1622776601683795,False,481,484
D:\brain_tumor\🧠 Brain Tumor MRI Dataset\classification_task\test\pituitary\brisc2025_test_00851_pi_co_t1.jpg,pituitary,coronal,0.8334300638518033,0.7144278607249326,0.9193341869501492,0.7622080679657953,0.9990246772146035,7.838712224520652,7.838712224520652,False,781,942
D:\brain_tumor\🧠 Brain Tumor MRI Dataset\classification_task\test\pituitary\brisc2025_test_00852_pi_co_t1.jpg,pituitary,coronal,0.8634590377201913,0.7597254004851572,0.9260808926183988,0.808769792958737,0.9991810244920046,6.082762530298219,6.082762530298219,False,717,821
D:\brain_tumor\🧠 Brain Tumor MRI Dataset\classification_task\test\pituitary\brisc2025_test_00853_pi_co_t1.jpg,pituitary,coronal,0.9216335540882101,0.8546571136279778,0.9277777777858025,0.9155701754478541,0.9989941817281521,2.8284271247461903,2.8284271247461903,False,900,912
D:\brain_tumor\🧠 Brain Tumor MRI Dataset\classification_task\test\pituitary\brisc2025_test_00854_pi_co_t1.jpg,pituitary,coronal,0.7621419676312935,0.6156941650157146,0.6279069767696369,0.9693769799398757,0.9915775131988549,8.06225774829855,8.06225774829855,False,1462,947
D:\brain_tumor\🧠 Brain Tumor MRI Dataset\classification_task\test\pituitary\brisc2025_test_00855_pi_co_t1.jpg,pituitary,coronal,0.7858672377102925,0.6472663139951912,0.8554778555115437,0.7267326733214391,0.9990466085405437,5.830951894845301,5.830951894845301,False,429,505
D:\brain_tumor\🧠 Brain Tumor MRI Dataset\classification_task\test\pituitary\brisc2025_test_00856_pi_co_t1.jpg,pituitary,coronal,0.9453551912586969,0.8963730570015302,0.9591129591157926,0.931986531991112,0.9990788590342086,2.8627416997969504,2.8627416997969504,False,1443,1485
D:\brain_tumor\🧠 Brain Tumor MRI Dataset\classification_task\test\pituitary\brisc2025_test_00857_pi_co_t1.jpg,pituitary,coronal,0.9313154831279027,0.8714596950171112,0.9389671361645617,0.9237875288859613,0.9996006328433412,1.4142135623730951,1.4142135623730951,False,426,433
D:\brain_tumor\🧠 Brain Tumor MRI Dataset\classification_task\test\pituitary\brisc2025_test_00858_pi_co_t1.jpg,pituitary,coronal,0.8516242317952919,0.7415902141067906,0.7963875205588855,0.9150943396386616,0.9980924837707318,7.067514421272201,7.067514421272201,False,609,530
D:\brain_tumor\🧠 Brain Tumor MRI Dataset\classification_task\test\pituitary\brisc2025_test_00859_pi_co_t1.jpg,pituitary,coronal,0.8905887807164907,0.8027580443041055,0.879981676597344,0.9014547161003542,0.9958678337670596,11.034020762890446,11.034020762890446,False,2183,2131
D:\brain_tumor\🧠 Brain Tumor MRI Dataset\classification_task\test\pituitary\brisc2025_test_00860_pi_co_t1.jpg,pituitary,coronal,0.9160018770569686,0.8450216450350629,0.9587426326170194,0.8769092542788041,0.9993480589230564,3.1135943621178637,3.1135943621178637,False,1018,1113
D:\brain_tumor\🧠 Brain Tumor MRI Dataset\classification_task\test\pituitary\brisc2025_test_00861_pi_co_t1.jpg,pituitary,coronal,0.9189907038548477,0.8501228501351251,0.9202127659645202,0.917771883296395,0.9986025929663868,4.242640687119285,4.242640687119285,False,1128,1131
D:\brain_tumor\🧠 Brain Tumor MRI Dataset\classification_task\test\pituitary\brisc2025_test_00862_pi_co_t1.jpg,pituitary,coronal,0.8319018405011104,0.7121848739798124,0.8816644993651932,0.787456446017717,0.9985929648241227,7.259407687774756,7.259407687774756,False,769,861
D:\brain_tumor\🧠 Brain Tumor MRI Dataset\classification_task\test\pituitary\brisc2025_test_00863_pi_co_t1.jpg,pituitary,coronal,0.7943416757568725,0.6588447654045407,0.8816425121058834,0.7227722772826194,0.9992465132013975,4.47213595499958,4.47213595499958,False,414,505
D:\brain_tumor\🧠 Brain Tumor MRI Dataset\classification_task\test\pituitary\brisc2025_test_00864_pi_co_t1.jpg,pituitary,coronal,0.8271954674384139,0.7053140097092893,0.8639053254706301,0.7934782609069787,0.9989382001723518,4.018465843842646,4.018465843842646,False,507,552
D:\brain_tumor\🧠 Brain Tumor MRI Dataset\classification_task\test\pituitary\brisc2025_test_00865_pi_co_t1.jpg,pituitary,coronal,0.8856624319522991,0.7947882736490574,0.8840579710354969,0.8872727272932233,0.9990151724986935,3.0,3.0,False,552,550
D:\brain_tumor\🧠 Brain Tumor MRI Dataset\classification_task\test\pituitary\brisc2025_test_00866_pi_co_t1.jpg,pituitary,coronal,0.8799380325422201,0.7856154910393339,0.852852852874947,0.908800000014592,0.9984902404831254,3.1622776601683795,3.1622776601683795,False,666,625
D:\brain_tumor\🧠 Brain Tumor MRI Dataset\classification_task\test\pituitary\brisc2025_test_00867_pi_co_t1.jpg,pituitary,coronal,0.8112094395558688,0.6823821340738506,0.8233532934660619,0.7994186047094713,0.9990949809792626,4.0,4.0,False,334,344
D:\brain_tumor\🧠 Brain Tumor MRI Dataset\classification_task\test\pituitary\brisc2025_test_00868_pi_co_t1.jpg,pituitary,coronal,0.8500851788884083,0.7392592592978876,0.93796992482369,0.7772585670128882,0.9994914784109479,3.1622776601683795,3.1622776601683795,False,532,642
D:\brain_tumor\🧠 Brain Tumor MRI Dataset\classification_task\test\pituitary\brisc2025_test_00869_pi_co_t1.jpg,pituitary,coronal,0.7244002340711293,0.5678899082965237,0.9336349924685317,0.5917782027158911,0.9993177236780907,14.455698739853515,14.455698739853515,False,663,1046
D:\brain_tumor\🧠 Brain Tumor MRI Dataset\classification_task\test\pituitary\brisc2025_test_00870_pi_co_t1.jpg,pituitary,coronal,0.9253499222424048,0.8610709117321946,0.91891891892518,0.9318715740069012,0.9983659876437567,2.23606797749979,2.23606797749979,False,1295,1277
D:\brain_tumor\🧠 Brain Tumor MRI Dataset\classification_task\test\pituitary\brisc2025_test_00871_pi_co_t1.jpg,pituitary,coronal,0.9456491129274669,0.8969017094072168,0.9616265750308347,0.9301939058210419,0.9989487062810893,3.0,3.0,False,1746,1805
D:\brain_tumor\🧠 Brain Tumor MRI Dataset\classification_task\test\pituitary\brisc2025_test_00872_pi_co_t1.jpg,pituitary,coronal,0.8298549699388095,0.7091898428229026,0.7509603073142791,0.9272727272784764,0.9939475035397085,18.82760382663984,18.82760382663984,False,1562,1265
D:\brain_tumor\🧠 Brain Tumor MRI Dataset\classification_task\test\pituitary\brisc2025_test_00873_pi_co_t1.jpg,pituitary,coronal,0.7229108356768129,0.5660613650866586,0.9436325678555707,0.5858716785751217,0.9991561577047503,16.76305461424021,16.76305461424021,False,958,1543
D:\brain_tumor\🧠 Brain Tumor MRI Dataset\classification_task\test\pituitary\brisc2025_test_00874_pi_co_t1.jpg,pituitary,coronal,0.8951541850312639,0.810207336553396,0.9136690647637287,0.8773747841317143,0.9992610496174403,2.8284271247461903,2.8284271247461903,False,556,579
D:\brain_tumor\🧠 Brain Tumor MRI Dataset\classification_task\test\pituitary\brisc2025_test_00875_pi_co_t1.jpg,pituitary,coronal,0.9238095238147068,0.8584070796639182,0.9496503496573916,0.8993377483577036,0.9994442815022931,2.23606797749979,2.23606797749979,False,715,755
D:\brain_tumor\🧠 Brain Tumor MRI Dataset\classification_task\test\pituitary\brisc2025_test_00876_pi_co_t1.jpg,pituitary,coronal,0.8131021194965122,0.6850649351671867,0.8146718147433699,0.8115384616109467,0.9992646608248066,4.178931745953759,4.178931745953759,False,259,260
D:\brain_tumor\🧠 Brain Tumor MRI Dataset\classification_task\test\pituitary\brisc2025_test_00877_pi_co_t1.jpg,pituitary,coronal,0.7876288659881391,0.6496598639694109,0.9103908484356157,0.694040697696654,0.9985349127182068,13.601470508735444,13.601470508735444,False,1049,1376
D:\brain_tumor\🧠 Brain Tumor MRI Dataset\classification_task\test\pituitary\brisc2025_test_00878_pi_co_t1.jpg,pituitary,coronal,0.8566286742737476,0.7492130115688129,0.9189189189293541,0.8022471910334553,0.9990254617455078,4.47213595499958,4.47213595499958,False,777,890
D:\brain_tumor\🧠 Brain Tumor MRI Dataset\classification_task\test\pituitary\brisc2025_test_00879_pi_co_t1.jpg,pituitary,coronal,0.8135223555274239,0.6856617647636652,0.827050997821053,0.8004291845921826,0.9988012909174754,3.0,3.0,False,451,466
D:\brain_tumor\🧠 Brain Tumor MRI Dataset\classification_task\test\pituitary\brisc2025_test_00880_pi_co_t1.jpg,pituitary,coronal,0.8688688688819951,0.768141592961391,0.9253731343442702,0.8188679245624778,0.9994615881610937,3.4504055101105156,3.4504055101105156,False,469,530
D:\brain_tumor\🧠 Brain Tumor MRI Dataset\classification_task\test\pituitary\brisc2025_test_00881_pi_co_t1.jpg,pituitary,coronal,0.9595110771587546,0.9221732745984678,0.9889763779531031,0.9317507418417879,0.9994369912814087,3.1622776601683795,3.1622776601683795,False,3175,3370
D:\brain_tumor\🧠 Brain Tumor MRI Dataset\classification_task\test\pituitary\brisc2025_test_00882_pi_co_t1.jpg,pituitary,coronal,0.8485200232241138,0.7368951613168452,0.9395886889537803,0.773544973568937,0.9992723444442736,9.219544457292887,9.219544457292887,False,778,945
D:\brain_tumor\🧠 Brain Tumor MRI Dataset\classification_task\test\pituitary\brisc2025_test_00883_pi_co_t1.jpg,pituitary,coronal,0.8365781711010868,0.7190669371481676,0.9792817679586627,0.7301750772677471,0.9997676759854414,11.859623058840413,11.859623058840413,False,724,971
D:\brain_tumor\🧠 Brain Tumor MRI Dataset\classification_task\test\pituitary\brisc2025_test_00884_pi_co_t1.jpg,pituitary,coronal,0.9133284777890266,0.8404825737372331,0.9464150943436668,0.882477128790818,0.9988926148327242,5.184863101655304,5.184863101655304,False,1325,1421
D:\brain_tumor\🧠 Brain Tumor MRI Dataset\classification_task\test\pituitary\brisc2025_test_00885_pi_co_t1.jpg,pituitary,coronal,0.8944606414055708,0.809071729977946,0.9353658536664188,0.8569832402394432,0.9991800869417256,4.0,4.0,False,820,895
D:\brain_tumor\🧠 Brain Tumor MRI Dataset\classification_task\test\pituitary\brisc2025_test_00886_pi_co_t1.jpg,pituitary,coronal,0.39784946247350367,0.24832214781916728,0.26876513334896723,0.7655172415410226,0.9953816274410923,56.5405617631657,56.5405617631657,False,413,145
D:\brain_tumor\🧠 Brain Tumor MRI Dataset\classification_task\test\pituitary\brisc2025_test_00887_pi_co_t1.jpg,pituitary,coronal,0.9258920402629558,0.8620102214885844,0.9638095238164174,0.8908450704417528,0.9997075483314867,2.8284271247461903,2.8284271247461903,False,525,568
D:\brain_tumor\🧠 Brain Tumor MRI Dataset\classification_task\test\pituitary\brisc2025_test_00888_pi_co_t1.jpg,pituitary,coronal,0.7268817204888427,0.5709459460908966,0.6057347671664033,0.9086021505867731,0.9983167559296123,4.0,4.0,False,279,186
D:\brain_tumor\🧠 Brain Tumor MRI Dataset\classification_task\test\pituitary\brisc2025_test_00889_pi_co_t1.jpg,pituitary,coronal,0.8818443804204835,0.7886597938689022,0.9107142857408589,0.8547486033925283,0.999539721992084,2.1770509831248424,2.1770509831248424,False,336,358
D:\brain_tumor\🧠 Brain Tumor MRI Dataset\classification_task\test\pituitary\brisc2025_test_00890_pi_co_t1.jpg,pituitary,coronal,0.8249496982243562,0.7020547946225839,0.7884615385428994,0.8649789030105575,0.9991577206389085,3.1622776601683795,3.1622776601683795,False,260,237
D:\brain_tumor\🧠 Brain Tumor MRI Dataset\classification_task\test\pituitary\brisc2025_test_00891_pi_co_t1.jpg,pituitary,coronal,0.9193302891973957,0.850704225366131,0.9311408016514757,0.9078156312717619,0.9989618519321966,2.38415776431139,2.38415776431139,False,973,998
D:\brain_tumor\🧠 Brain Tumor MRI Dataset\classification_task\test\pituitary\brisc2025_test_00892_pi_co_t1.jpg,pituitary,coronal,0.7567567567745247,0.6086956522198947,0.6897470040359858,0.8381877022915554,0.9964108567731655,8.305769750051759,8.305769750051759,False,751,618
D:\brain_tumor\🧠 Brain Tumor MRI Dataset\classification_task\test\pituitary\brisc2025_test_00893_pi_co_t1.jpg,pituitary,coronal,0.8905109489098106,0.8026315789626446,0.8641666666779861,0.9185119574917173,0.9974692191842541,5.0,5.0,False,1200,1129
D:\brain_tumor\🧠 Brain Tumor MRI Dataset\classification_task\test\pituitary\brisc2025_test_00894_pi_co_t1.jpg,pituitary,coronal,0.9135281711384896,0.8408208541408307,0.9889106327469726,0.8488241881383637,0.9997333333333338,8.311379720563599,8.311379720563599,False,1533,1786
D:\brain_tumor\🧠 Brain Tumor MRI Dataset\classification_task\test\pituitary\brisc2025_test_00895_pi_co_t1.jpg,pituitary,coronal,0.9014634146437596,0.8206039076695198,0.8783269962208505,0.925851703421673,0.9990159447699017,2.23606797749979,2.23606797749979,False,526,499
D:\brain_tumor\🧠 Brain Tumor MRI Dataset\classification_task\test\pituitary\brisc2025_test_00896_pi_co_t1.jpg,pituitary,coronal,0.9204840103750871,0.8526821457283681,0.951742627350157,0.8912133891304423,0.9991607217792712,5.628962512697394,5.628962512697394,False,1119,1195
D:\brain_tumor\🧠 Brain Tumor MRI Dataset\classification_task\test\pituitary\brisc2025_test_00897_pi_co_t1.jpg,pituitary,coronal,0.8310810811001035,0.7109826590152251,0.9510309278476724,0.7380000000524,0.9997078541115694,4.403287374635489,4.403287374635489,False,388,500
D:\brain_tumor\🧠 Brain Tumor MRI Dataset\classification_task\test\pituitary\brisc2025_test_00898_pi_co_t1.jpg,pituitary,coronal,0.919648885893339,0.8512500000185937,0.9673295454591861,0.8764478764637776,0.9996448370110723,2.23606797749979,2.23606797749979,False,704,777
D:\brain_tumor\🧠 Brain Tumor MRI Dataset\classification_task\test\pituitary\brisc2025_test_00899_pi_co_t1.jpg,pituitary,coronal,0.7919293821195549,0.6555323591533335,0.7714987715549143,0.813471502638997,0.9985725249424428,5.0,5.0,False,407,386
D:\brain_tumor\🧠 Brain Tumor MRI Dataset\classification_task\test\pituitary\brisc2025_test_00900_pi_co_t1.jpg,pituitary,coronal,0.8596187175164974,0.7537993921346811,0.8280467446029973,0.8936936937128481,0.9984149212846857,6.0,6.0,False,599,555
D:\brain_tumor\🧠 Brain Tumor MRI Dataset\classification_task\test\pituitary\brisc2025_test_00901_pi_co_t1.jpg,pituitary,coronal,0.9103825136660993,0.8355065195751749,0.9928486293214721,0.8405650857880358,0.9999070415988847,4.0,4.0,False,839,991
D:\brain_tumor\🧠 Brain Tumor MRI Dataset\classification_task\test\pituitary\brisc2025_test_00902_pi_co_t1.jpg,pituitary,coronal,0.8826815642621954,0.7900000000525,0.9080459770379178,0.8586956522123109,0.9995089614534749,2.23606797749979,2.23606797749979,False,348,368
D:\brain_tumor\🧠 Brain Tumor MRI Dataset\classification_task\test\pituitary\brisc2025_test_00903_pi_co_t1.jpg,pituitary,coronal,0.6497005988548353,0.48115299346315893,0.49430523929514686,0.9475982532979921,0.996600670678493,8.999326419457901,8.999326419457901,False,439,229
D:\brain_tumor\🧠 Brain Tumor MRI Dataset\classification_task\test\pituitary\brisc2025_test_00904_pi_co_t1.jpg,pituitary,coronal,0.9582795698933704,0.9199009083435219,0.9615882606835741,0.954993570512002,0.9985918389949866,3.0,3.0,False,2317,2333
D:\brain_tumor\🧠 Brain Tumor MRI Dataset\classification_task\test\pituitary\brisc2025_test_00905_pi_co_t1.jpg,pituitary,coronal,0.6892733564228876,0.5258711721725585,0.965116279076528,0.5360602799207685,0.9997213924187786,19.022019355892436,19.022019355892436,False,516,929
D:\brain_tumor\🧠 Brain Tumor MRI Dataset\classification_task\test\pituitary\brisc2025_test_00906_pi_co_t1.jpg,pituitary,coronal,0.9197080292019643,0.851351351368091,0.9509433962325857,0.8904593639704995,0.9993970967891549,3.08113883008419,3.08113883008419,False,795,849
D:\brain_tumor\🧠 Brain Tumor MRI Dataset\classification_task\test\pituitary\brisc2025_test_00907_pi_co_t1.jpg,pituitary,coronal,0.9300239234470686,0.8692006707731023,0.9470158343515824,0.9136310223317491,0.9986370899520653,3.0,3.0,False,1642,1702
D:\brain_tumor\🧠 Brain Tumor MRI Dataset\classification_task\test\pituitary\brisc2025_test_00908_pi_co_t1.jpg,pituitary,coronal,0.9148418491518717,0.8430493273659904,0.9245901639406073,0.9052969502483711,0.9985689842899385,4.0,4.0,False,1220,1246
D:\brain_tumor\🧠 Brain Tumor MRI Dataset\classification_task\test\pituitary\brisc2025_test_00909_pi_co_t1.jpg,pituitary,coronal,0.8844114528224378,0.7927756654386359,0.8723849372651914,0.8967741935705862,0.9990625624318067,2.23606797749979,2.23606797749979,False,478,465
D:\brain_tumor\🧠 Brain Tumor MRI Dataset\classification_task\test\pituitary\brisc2025_test_00910_pi_co_t1.jpg,pituitary,coronal,0.8579088471976846,0.7511737089591278,0.9022556391161175,0.8177172061639324,0.9991993718148098,4.092329219213245,4.092329219213245,False,532,587
D:\brain_tumor\🧠 Brain Tumor MRI Dataset\classification_task\test\pituitary\brisc2025_test_00911_pi_co_t1.jpg,pituitary,coronal,0.7682403433725064,0.6236933798564995,0.8523809524160998,0.6992187500587465,0.9990465059055132,5.0,5.0,False,420,512
D:\brain_tumor\🧠 Brain Tumor MRI Dataset\classification_task\test\pituitary\brisc2025_test_00912_pi_co_t1.jpg,pituitary,coronal,0.9055690072753548,0.8274336283567625,0.8677494199842809,0.9468354430514341,0.9991249750541147,2.4433936790360264,2.4433936790360264,False,431,395
D:\brain_tumor\🧠 Brain Tumor MRI Dataset\classification_task\test\pituitary\brisc2025_test_00913_pi_co_t1.jpg,pituitary,coronal,0.9097807757204983,0.8344934261535581,0.8984179850209477,0.9214346712278877,0.9981045599316428,3.1622776601683795,3.1622776601683795,False,1201,1171
D:\brain_tumor\🧠 Brain Tumor MRI Dataset\classification_task\test\pituitary\brisc2025_test_00914_pi_co_t1.jpg,pituitary,coronal,0.8809648662883606,0.7872539831502104,0.877742946721239,0.8842105263279778,0.9981884618957697,3.1622776601683795,3.1622776601683795,False,957,950
D:\brain_tumor\🧠 Brain Tumor MRI Dataset\classification_task\test\pituitary\brisc2025_test_00915_pi_sa_t1.jpg,pituitary,sagittal,0.8579234972871689,0.7511961723083262,0.9101449275622768,0.8113695090926694,0.9995241676771716,3.048683298050511,3.048683298050511,False,345,387
D:\brain_tumor\🧠 Brain Tumor MRI Dataset\classification_task\test\pituitary\brisc2025_test_00916_pi_sa_t1.jpg,pituitary,sagittal,0.8679653679796574,0.766730401574239,0.9828431372591071,0.777131782988928,0.99989234081821,4.0,4.0,False,408,516
D:\brain_tumor\🧠 Brain Tumor MRI Dataset\classification_task\test\pituitary\brisc2025_test_00917_pi_sa_t1.jpg,pituitary,sagittal,0.8819762122706334,0.7888707037988756,0.9395711501092455,0.8310344827877527,0.9995227538641549,3.605551275463989,3.605551275463989,False,513,580
D:\brain_tumor\🧠 Brain Tumor MRI Dataset\classification_task\test\pituitary\brisc2025_test_00918_pi_sa_t1.jpg,pituitary,sagittal,0.8019323671976009,0.6693548388430021,0.7579908676904151,0.8512820513583169,0.9991888706937464,5.038516480713448,5.038516480713448,False,219,195
D:\brain_tumor\🧠 Brain Tumor MRI Dataset\classification_task\test\pituitary\brisc2025_test_00919_pi_sa_t1.jpg,pituitary,sagittal,0.8757396449851196,0.77894736846759,0.8371040724350444,0.9181141439409146,0.9988945695730292,2.8798989873223304,2.8798989873223304,False,442,403
D:\brain_tumor\🧠 Brain Tumor MRI Dataset\classification_task\test\pituitary\brisc2025_test_00920_pi_sa_t1.jpg,pituitary,sagittal,0.9188916876615167,0.8499534016915233,0.9334698055339334,0.904761904771353,0.9989926853458979,4.0,4.0,False,977,1008
D:\brain_tumor\🧠 Brain Tumor MRI Dataset\classification_task\test\pituitary\brisc2025_test_00921_pi_sa_t1.jpg,pituitary,sagittal,0.9099804305327798,0.8348294434618644,0.9577754891907543,0.8667287977757009,0.9993639762344301,4.0,4.0,False,971,1073
D:\brain_tumor\🧠 Brain Tumor MRI Dataset\classification_task\test\pituitary\brisc2025_test_00922_pi_sa_t1.jpg,pituitary,sagittal,0.9401448722859266,0.8870503597203561,0.9632812500028687,0.9180938198125024,0.9992678329412876,2.354539806949063,2.354539806949063,False,1280,1343
D:\brain_tumor\🧠 Brain Tumor MRI Dataset\classification_task\test\pituitary\brisc2025_test_00923_pi_sa_t1.jpg,pituitary,sagittal,0.8880813953569708,0.798692810483831,0.938556067597764,0.8427586207113437,0.9993828208174548,3.048683298050516,3.048683298050516,False,651,725
D:\brain_tumor\🧠 Brain Tumor MRI Dataset\classification_task\test\pituitary\brisc2025_test_00924_pi_sa_t1.jpg,pituitary,sagittal,0.8777429467276265,0.7821229050887925,0.9150326797663292,0.8433734940230803,0.9996012514569664,3.0,3.0,False,306,332
D:\brain_tumor\🧠 Brain Tumor MRI Dataset\classification_task\test\pituitary\brisc2025_test_00925_pi_sa_t1.jpg,pituitary,sagittal,0.9467787114864573,0.8989361702194857,0.9636493228821348,0.9304886441892299,0.9992041571087509,3.0,3.0,False,1403,1453
D:\brain_tumor\🧠 Brain Tumor MRI Dataset\classification_task\test\pituitary\brisc2025_test_00926_pi_sa_t1.jpg,pituitary,sagittal,0.847262247860625,0.73500000006625,0.9576547231408291,0.7596899225427158,0.9998004574130074,5.0,5.0,False,307,387
D:\brain_tumor\🧠 Brain Tumor MRI Dataset\classification_task\test\pituitary\brisc2025_test_00927_pi_sa_t1.jpg,pituitary,sagittal,0.8833189282728332,0.7910216718589751,0.9445471349455552,0.8295454545731258,0.9995378927911283,3.016227766016837,3.016227766016837,False,541,616
D:\brain_tumor\🧠 Brain Tumor MRI Dataset\classification_task\test\pituitary\brisc2025_test_00928_pi_sa_t1.jpg,pituitary,sagittal,0.8641188959804544,0.760747663596122,0.8532494759217506,0.875268817231125,0.9989242519709257,3.7238858928247858,3.7238858928247858,False,477,465
D:\brain_tumor\🧠 Brain Tumor MRI Dataset\classification_task\test\pituitary\brisc2025_test_00929_pi_sa_t1.jpg,pituitary,sagittal,0.7094474153815603,0.549723757030463,0.5685714286946938,0.9431279621122616,0.9976884806735589,4.0,4.0,False,350,211
D:\brain_tumor\🧠 Brain Tumor MRI Dataset\classification_task\test\pituitary\brisc2025_test_00930_pi_sa_t1.jpg,pituitary,sagittal,0.777777777808642,0.636363636446281,0.8510638298325034,0.7161125320419149,0.9992478317599214,5.0,5.0,False,329,391
D:\brain_tumor\🧠 Brain Tumor MRI Dataset\classification_task\test\pituitary\brisc2025_test_00931_pi_sa_t1.jpg,pituitary,sagittal,0.8688974218393364,0.7681862269865968,0.8319327731268978,0.9092996555787256,0.9975257094255044,4.47213595499958,4.47213595499958,False,952,871
D:\brain_tumor\🧠 Brain Tumor MRI Dataset\classification_task\test\pituitary\brisc2025_test_00932_pi_sa_t1.jpg,pituitary,sagittal,0.7331240188592524,0.5786864932368418,0.6144736842612535,0.9085603113018366,0.9954938328565786,14.030318520475468,14.030318520475468,False,760,514
D:\brain_tumor\🧠 Brain Tumor MRI Dataset\classification_task\test\pituitary\brisc2025_test_00933_pi_sa_t1.jpg,pituitary,sagittal,0.8494749125029785,0.7383367140490189,0.8035320088733925,0.9009900990344084,0.9986335441871912,2.8284271247461903,2.8284271247461903,False,453,404
D:\brain_tumor\🧠 Brain Tumor MRI Dataset\classification_task\test\pituitary\brisc2025_test_00934_pi_sa_t1.jpg,pituitary,sagittal,0.9059052563331664,0.8279952550619223,0.931909212292135,0.8813131313281171,0.999212282219203,2.982842712474615,2.982842712474615,False,749,792
D:\brain_tumor\🧠 Brain Tumor MRI Dataset\classification_task\test\pituitary\brisc2025_test_00935_pi_sa_t1.jpg,pituitary,sagittal,0.8853868195006609,0.7943444730605799,0.9656250000107421,0.8174603175086084,0.9998311795942174,2.8284271247461903,2.8284271247461903,False,320,378
D:\brain_tumor\🧠 Brain Tumor MRI Dataset\classification_task\test\pituitary\brisc2025_test_00936_pi_sa_t1.jpg,pituitary,sagittal,0.8261964735954165,0.7038626610713036,0.7557603687761473,0.9111111111604938,0.9991890568578261,2.7099552952969086,2.7099552952969086,False,217,180
D:\brain_tumor\🧠 Brain Tumor MRI Dataset\classification_task\test\pituitary\brisc2025_test_00937_pi_sa_t1.jpg,pituitary,sagittal,0.9081253319220326,0.8317120622731796,0.9183673469475437,0.8981092437081818,0.9988232379536746,2.8284271247461903,2.8284271247461903,False,931,952
D:\brain_tumor\🧠 Brain Tumor MRI Dataset\classification_task\test\pituitary\brisc2025_test_00938_pi_sa_t1.jpg,pituitary,sagittal,0.5337979094401534,0.36406844112508857,0.38109452742476674,0.8906976744440238,0.990446349030826,13.440598383347469,13.440598383347469,False,1005,430
D:\brain_tumor\🧠 Brain Tumor MRI Dataset\classification_task\test\pituitary\brisc2025_test_00939_pi_sa_t1.jpg,pituitary,sagittal,0.8803329864848769,0.7862453531995828,0.8511066398689926,0.9116379310535263,0.9988627981313024,2.8284271247461903,2.8284271247461903,False,497,464
D:\brain_tumor\🧠 Brain Tumor MRI Dataset\classification_task\test\pituitary\brisc2025_test_00940_pi_sa_t1.jpg,pituitary,sagittal,0.8316610925494247,0.7118320611236962,0.744510978094908,0.9419191919338588,0.9980350015351581,3.605551275463989,3.605551275463989,False,501,396
D:\brain_tumor\🧠 Brain Tumor MRI Dataset\classification_task\test\pituitary\brisc2025_test_00941_pi_sa_t1.jpg,pituitary,sagittal,0.8790322580767105,0.7841726619093216,0.8449612403401239,0.915966386572276,0.9987703658161716,3.1622776601683795,3.1622776601683795,False,516,476
D:\brain_tumor\🧠 Brain Tumor MRI Dataset\classification_task\test\pituitary\brisc2025_test_00942_pi_sa_t1.jpg,pituitary,sagittal,0.9238636363679623,0.8585005279980464,0.9667063020253619,0.884657236138775,0.9995666774997298,3.0,3.0,False,841,919
D:\brain_tumor\🧠 Brain Tumor MRI Dataset\classification_task\test\pituitary\brisc2025_test_00943_pi_sa_t1.jpg,pituitary,sagittal,0.9056603773673905,0.8275862069262784,0.9073724007736537,0.9039548022779748,0.9992462118298604,2.965685424949235,2.965685424949235,False,529,531
D:\brain_tumor\🧠 Brain Tumor MRI Dataset\classification_task\test\pituitary\brisc2025_test_00944_pi_sa_t1.jpg,pituitary,sagittal,0.8561151079309215,0.7484276730087154,0.8380281690521061,0.8750000000306373,0.9989405478442468,2.23606797749979,2.23606797749979,False,426,408
D:\brain_tumor\🧠 Brain Tumor MRI Dataset\classification_task\test\pituitary\brisc2025_test_00945_pi_sa_t1.jpg,pituitary,sagittal,0.8762135922480323,0.7796976242376463,0.902500000024375,0.8514150943746662,0.9994010320678225,3.206605021697938,3.206605021697938,False,400,424
D:\brain_tumor\🧠 Brain Tumor MRI Dataset\classification_task\test\pituitary\brisc2025_test_00946_pi_sa_t1.jpg,pituitary,sagittal,0.9014925373281354,0.8206521739617794,0.9467084639665491,0.8603988604386328,0.9997392038045566,2.23606797749979,2.23606797749979,False,319,351
D:\brain_tumor\🧠 Brain Tumor MRI Dataset\classification_task\test\pituitary\brisc2025_test_00947_pi_sa_t1.jpg,pituitary,sagittal,0.8606557377334721,0.7553956835412244,0.9459459459702946,0.7894736842896715,0.9998161483070326,3.0,3.0,False,222,266
D:\brain_tumor\🧠 Brain Tumor MRI Dataset\classification_task\test\pituitary\brisc2025_test_00948_pi_sa_t1.jpg,pituitary,sagittal,0.852497096416667,0.7429149798091266,0.7614107884312425,0.9683377308790666,0.9982350323065853,2.5026295937606635,2.5026295937606635,False,482,379
D:\brain_tumor\🧠 Brain Tumor MRI Dataset\classification_task\test\pituitary\brisc2025_test_00949_pi_sa_t1.jpg,pituitary,sagittal,0.9224447868555499,0.8560533841891274,0.9363920750848392,0.908906882600313,0.9990549668463794,2.8284271247461903,2.8284271247461903,False,959,988
D:\brain_tumor\🧠 Brain Tumor MRI Dataset\classification_task\test\pituitary\brisc2025_test_00950_pi_sa_t1.jpg,pituitary,sagittal,0.8990744821551753,0.8166533226728059,0.8478802992645152,0.9568480300228096,0.9971614704513772,3.9211102550928025,3.9211102550928025,False,1203,1066
D:\brain_tumor\🧠 Brain Tumor MRI Dataset\classification_task\test\pituitary\brisc2025_test_00951_pi_sa_t1.jpg,pituitary,sagittal,0.8750000000094127,0.7777777778075264,0.8160112359808973,0.9431818181910419,0.9979821318545934,4.012310562561765,4.012310562561765,False,712,616
D:\brain_tumor\🧠 Brain Tumor MRI Dataset\classification_task\test\pituitary\brisc2025_test_00952_pi_sa_t1.jpg,pituitary,sagittal,0.7706806282962638,0.6269165247654317,0.6715328467752678,0.9041769042004479,0.997236254203201,5.0990195135927845,5.0990195135927845,False,548,407
D:\brain_tumor\🧠 Brain Tumor MRI Dataset\classification_task\test\pituitary\brisc2025_test_00953_pi_sa_t1.jpg,pituitary,sagittal,0.9115191986718264,0.8374233129083707,0.9145728643359174,0.9084858569203851,0.9992145992146004,2.23606797749979,2.23606797749979,False,597,601
D:\brain_tumor\🧠 Brain Tumor MRI Dataset\classification_task\test\pituitary\brisc2025_test_00954_pi_sa_t1.jpg,pituitary,sagittal,0.828507795138417,0.7072243347120819,0.7948717949594565,0.8651162791325041,0.9992651674040519,2.8284271247461903,2.8284271247461903,False,234,215
D:\brain_tumor\🧠 Brain Tumor MRI Dataset\classification_task\test\pituitary\brisc2025_test_00955_pi_sa_t1.jpg,pituitary,sagittal,0.8208333333706598,0.6961130743123275,0.8174273859678725,0.8242677825003064,0.9993261558723995,3.0081138830084164,3.0081138830084164,False,241,239
D:\brain_tumor\🧠 Brain Tumor MRI Dataset\classification_task\test\pituitary\brisc2025_test_00956_pi_sa_t1.jpg,pituitary,sagittal,0.8623024831010604,0.7579365080325648,0.8377192983167898,0.8883720930751757,0.9994335665406233,2.8284271247461903,2.8284271247461903,False,228,215
D:\brain_tumor\🧠 Brain Tumor MRI Dataset\classification_task\test\pituitary\brisc2025_test_00957_pi_sa_t1.jpg,pituitary,sagittal,0.8105906314031384,0.6815068494241414,0.8024193549183792,0.8189300412267777,0.9992495367037826,2.8284271247461903,2.8284271247461903,False,248,243
D:\brain_tumor\🧠 Brain Tumor MRI Dataset\classification_task\test\pituitary\brisc2025_test_00958_pi_sa_t1.jpg,pituitary,sagittal,0.9063291139359076,0.8287037037433557,0.9521276595872001,0.8647342995495811,0.9997235957126628,2.905634918610403,2.905634918610403,False,376,414
D:\brain_tumor\🧠 Brain Tumor MRI Dataset\classification_task\test\pituitary\brisc2025_test_00959_pi_sa_t1.jpg,pituitary,sagittal,0.8587319243761143,0.7524366472217473,0.8483516483849777,0.8693693693987907,0.9989399619000815,3.0,3.0,False,455,444
D:\brain_tumor\🧠 Brain Tumor MRI Dataset\classification_task\test\pituitary\brisc2025_test_00960_pi_sa_t1.jpg,pituitary,sagittal,0.7827586207271107,0.6430594901861021,0.6920731708255874,0.9007936508330184,0.9984529134244249,4.006155281280881,4.006155281280881,False,328,252
D:\brain_tumor\🧠 Brain Tumor MRI Dataset\classification_task\test\pituitary\brisc2025_test_00961_pi_sa_t1.jpg,pituitary,sagittal,0.9072956664889031,0.8303212851575983,0.9097909791078338,0.9048140043867818,0.9987310822939576,2.8370057685088828,2.8370057685088828,False,909,914
D:\brain_tumor\🧠 Brain Tumor MRI Dataset\classification_task\test\pituitary\brisc2025_test_00962_pi_sa_t1.jpg,pituitary,sagittal,0.9302809573397356,0.8696498054601507,0.9410526315851524,0.9197530864280089,0.9991326435784661,2.8284271247461903,2.8284271247461903,False,950,972
D:\brain_tumor\🧠 Brain Tumor MRI Dataset\classification_task\test\pituitary\brisc2025_test_00963_pi_sa_t1.jpg,pituitary,sagittal,0.9319955406949836,0.8726513570070301,0.9576174112305135,0.9077090119535604,0.9994273775439149,2.8284271247461903,2.8284271247461903,False,873,921
D:\brain_tumor\🧠 Brain Tumor MRI Dataset\classification_task\test\pituitary\brisc2025_test_00964_pi_sa_t1.jpg,pituitary,sagittal,0.8855098390084516,0.7945425361485486,0.8519793459807266,0.9217877095117715,0.9986769027215824,2.8284271247461903,2.8284271247461903,False,581,537
D:\brain_tumor\🧠 Brain Tumor MRI Dataset\classification_task\test\pituitary\brisc2025_test_00965_pi_sa_t1.jpg,pituitary,sagittal,0.8977505112578987,0.8144712430770926,0.9242105263317452,0.872763419508397,0.9994464348869044,3.0,3.0,False,475,503
D:\brain_tumor\🧠 Brain Tumor MRI Dataset\classification_task\test\pituitary\brisc2025_test_00966_pi_sa_t1.jpg,pituitary,sagittal,0.8848039215827446,0.7934065934519986,0.8935643564619891,0.876213592263055,0.9993397211473507,2.23606797749979,2.23606797749979,False,404,412
D:\brain_tumor\🧠 Brain Tumor MRI Dataset\classification_task\test\pituitary\brisc2025_test_00967_pi_sa_t1.jpg,pituitary,sagittal,0.9020866773754345,0.8216374269266612,0.8822605965647943,0.9228243021473195,0.9988448565311829,2.8284271247461903,2.8284271247461903,False,637,609
D:\brain_tumor\🧠 Brain Tumor MRI Dataset\classification_task\test\pituitary\brisc2025_test_00968_pi_sa_t1.jpg,pituitary,sagittal,0.7312273433593357,0.5763265306468304,0.9145077720317996,0.6091458153917906,0.9989747891327664,12.0,12.0,False,772,1159
D:\brain_tumor\🧠 Brain Tumor MRI Dataset\classification_task\test\pituitary\brisc2025_test_00969_pi_sa_t1.jpg,pituitary,sagittal,0.8706838185598724,0.7709832134567166,0.9497784342762513,0.8037500000245312,0.9994747899159672,5.270706689717814,5.270706689717814,False,677,800
D:\brain_tumor\🧠 Brain Tumor MRI Dataset\classification_task\test\pituitary\brisc2025_test_00970_pi_sa_t1.jpg,pituitary,sagittal,0.7515657620171416,0.6020066889964877,0.9218950064120492,0.634361233512391,0.9990528097389807,12.045739718272522,12.045739718272522,False,781,1135
D:\brain_tumor\🧠 Brain Tumor MRI Dataset\classification_task\test\pituitary\brisc2025_test_00971_pi_sa_t1.jpg,pituitary,sagittal,0.8238897396900629,0.7005208334113228,0.9438596491425054,0.7309782609426689,0.9997544807267374,4.498529157249592,4.498529157249592,False,285,368
D:\brain_tumor\🧠 Brain Tumor MRI Dataset\classification_task\test\pituitary\brisc2025_test_00972_pi_sa_t1.jpg,pituitary,sagittal,0.8838437170071888,0.7918637653933903,0.8514750763121592,0.9187705817871822,0.9977408123791137,4.055397531527946,4.055397531527946,False,983,911
D:\brain_tumor\🧠 Brain Tumor MRI Dataset\classification_task\test\pituitary\brisc2025_test_00973_pi_sa_t1.jpg,pituitary,sagittal,0.9543071161055534,0.9126074498592376,0.967790945002498,0.9411938534296338,0.9982945037971452,3.1622776601683795,3.1622776601683795,False,3291,3384
D:\brain_tumor\🧠 Brain Tumor MRI Dataset\classification_task\test\pituitary\brisc2025_test_00974_pi_sa_t1.jpg,pituitary,sagittal,0.9050746268713389,0.8266085060167275,0.9266503667571332,0.8844807468046113,0.9990723418729432,3.0,3.0,False,818,857
D:\brain_tumor\🧠 Brain Tumor MRI Dataset\classification_task\test\pituitary\brisc2025_test_00975_pi_sa_t1.jpg,pituitary,sagittal,0.92741312741593,0.8646508279435097,0.9346303501996397,0.9203065134160685,0.9986922202674742,3.1622776601683795,3.1622776601683795,False,1285,1305
D:\brain_tumor\🧠 Brain Tumor MRI Dataset\classification_task\test\pituitary\brisc2025_test_00976_pi_sa_t1.jpg,pituitary,sagittal,0.7786752827498102,0.6375661376620195,0.8310344828168845,0.7325227964338836,0.9992485469351462,4.47213595499958,4.47213595499958,False,290,329
D:\brain_tumor\🧠 Brain Tumor MRI Dataset\classification_task\test\pituitary\brisc2025_test_00977_pi_sa_t1.jpg,pituitary,sagittal,0.9080000000092,0.8315018315326921,0.906187624769224,0.9098196392966293,0.9992773344403966,2.23606797749979,2.23606797749979,False,501,499
D:\brain_tumor\🧠 Brain Tumor MRI Dataset\classification_task\test\pituitary\brisc2025_test_00978_pi_sa_t1.jpg,pituitary,sagittal,0.8744038156002537,0.7768361582551311,0.9046052631892746,0.8461538462011834,0.9995552897517297,3.0,3.0,False,304,325
D:\brain_tumor\🧠 Brain Tumor MRI Dataset\classification_task\test\pituitary\brisc2025_test_00979_pi_sa_t1.jpg,pituitary,sagittal,0.8354430380094002,0.7173913044502205,0.8425531915563603,0.8284518829169657,0.999433358347245,2.965685424949235,2.965685424949235,False,235,239
D:\brain_tumor\🧠 Brain Tumor MRI Dataset\classification_task\test\pituitary\brisc2025_test_00980_pi_sa_t1.jpg,pituitary,sagittal,0.8468468468928388,0.7343750001383463,0.8294117648062284,0.865030674929429,0.9995563917825409,2.23606797749979,2.23606797749979,False,170,163
D:\brain_tumor\🧠 Brain Tumor MRI Dataset\classification_task\test\pituitary\brisc2025_test_00981_pi_sa_t1.jpg,pituitary,sagittal,0.8423326134249821,0.7276119404001448,0.7991803279511556,0.8904109589541502,0.9992498124531144,2.23606797749979,2.23606797749979,False,244,219
D:\brain_tumor\🧠 Brain Tumor MRI Dataset\classification_task\test\pituitary\brisc2025_test_00982_pi_sa_t1.jpg,pituitary,sagittal,0.7536945813414545,0.6047430831601806,0.656652360662381,0.8843930636506399,0.9987760659700461,3.605551275463989,3.605551275463989,False,233,173
D:\brain_tumor\🧠 Brain Tumor MRI Dataset\classification_task\test\pituitary\brisc2025_test_00983_pi_sa_t1.jpg,pituitary,sagittal,0.9149220490015625,0.8431855500949765,0.9153297682784911,0.9145146927947895,0.998525142440193,3.605551275463989,3.605551275463989,False,1122,1123
D:\brain_tumor\🧠 Brain Tumor MRI Dataset\classification_task\test\pituitary\brisc2025_test_00984_pi_sa_t1.jpg,pituitary,sagittal,0.8357894736928532,0.7179023508392492,0.8565264293574405,0.8160328879942412,0.9979399965924788,6.3003760413329,6.3003760413329,False,927,973
D:\brain_tumor\🧠 Brain Tumor MRI Dataset\classification_task\test\pituitary\brisc2025_test_00985_pi_sa_t1.jpg,pituitary,sagittal,0.823742637071874,0.70030816643295,0.9701173959476929,0.715748031518445,0.9995643108331006,8.491153611346464,8.491153611346464,False,937,1270
D:\brain_tumor\🧠 Brain Tumor MRI Dataset\classification_task\test\pituitary\brisc2025_test_00986_pi_sa_t1.jpg,pituitary,sagittal,0.7745664740318755,0.6320754718138126,0.6979166667715566,0.870129870186091,0.9986677896026358,3.605551275463989,3.605551275463989,False,288,231
D:\brain_tumor\🧠 Brain Tumor MRI Dataset\classification_task\test\pituitary\brisc2025_test_00987_pi_sa_t1.jpg,pituitary,sagittal,0.8690176322583101,0.7683741648622775,0.8273381295378086,0.9151193634177403,0.9988950106662182,3.0,3.0,False,417,377
D:\brain_tumor\🧠 Brain Tumor MRI Dataset\classification_task\test\pituitary\brisc2025_test_00988_pi_sa_t1.jpg,pituitary,sagittal,0.8000000000625,0.6666666668402778,0.8152866243214735,0.7852760737513643,0.9995563917825409,3.0,3.0,False,157,163
D:\brain_tumor\🧠 Brain Tumor MRI Dataset\classification_task\test\pituitary\brisc2025_test_00989_pi_sa_t1.jpg,pituitary,sagittal,0.8219178082598362,0.6976744187218316,0.9278350515835901,0.7377049181402848,0.9997855786313794,4.0,4.0,False,194,244
D:\brain_tumor\🧠 Brain Tumor MRI Dataset\classification_task\test\pituitary\brisc2025_test_00990_pi_sa_t1.jpg,pituitary,sagittal,0.9145880574516563,0.8426183844230336,0.9084084084221609,0.9208523592205704,0.9990597882211516,3.0,3.0,False,666,657
D:\brain_tumor\🧠 Brain Tumor MRI Dataset\classification_task\test\pituitary\brisc2025_test_00991_pi_sa_t1.jpg,pituitary,sagittal,0.8051948052369708,0.6739130435964082,0.7045454546573691,0.9393939394245485,0.9988062077198586,2.8284271247461903,2.8284271247461903,False,264,198
D:\brain_tumor\🧠 Brain Tumor MRI Dataset\classification_task\test\pituitary\brisc2025_test_00992_pi_sa_t1.jpg,pituitary,sagittal,0.5229885058841987,0.354085603364169,0.37448559696523226,0.8666666667936508,0.9976769421222392,5.96619037896906,5.96619037896906,False,243,105
D:\brain_tumor\🧠 Brain Tumor MRI Dataset\classification_task\test\pituitary\brisc2025_test_00993_pi_sa_t1.jpg,pituitary,sagittal,0.9128878281674888,0.8397365532557918,0.9883720930247581,0.8481152993516502,0.9998607544017083,4.0,4.0,False,774,902
D:\brain_tumor\🧠 Brain Tumor MRI Dataset\classification_task\test\pituitary\brisc2025_test_00994_pi_sa_t1.jpg,pituitary,sagittal,0.8256333830364183,0.7030456853545569,0.7759103642084285,0.8821656051330683,0.9987734200116544,3.1622776601683795,3.1622776601683795,False,357,314
D:\brain_tumor\🧠 Brain Tumor MRI Dataset\classification_task\test\pituitary\brisc2025_test_00995_pi_sa_t1.jpg,pituitary,sagittal,0.8888888888974623,0.8000000000277777,0.9056603773733238,0.8727272727465565,0.9990751587644136,3.0,3.0,False,636,660
D:\brain_tumor\🧠 Brain Tumor MRI Dataset\classification_task\test\pituitary\brisc2025_test_00996_pi_sa_t1.jpg,pituitary,sagittal,0.5571205008171266,0.3861171367260177,0.7639484979047321,0.43842364538935674,0.99830047586676,20.0,20.0,False,466,812
D:\brain_tumor\🧠 Brain Tumor MRI Dataset\classification_task\test\pituitary\brisc2025_test_00997_pi_sa_t1.jpg,pituitary,sagittal,0.9347631814139182,0.8775167785303403,0.9378362223587665,0.9317102137807773,0.9983712334774191,3.1622776601683795,3.1622776601683795,False,1673,1684
D:\brain_tumor\🧠 Brain Tumor MRI Dataset\classification_task\test\pituitary\brisc2025_test_00998_pi_sa_t1.jpg,pituitary,sagittal,0.8908926961275523,0.8032520325363209,0.8797862867426726,0.9022831050317549,0.997905060442889,3.1622776601683795,3.1622776601683795,False,1123,1095
D:\brain_tumor\🧠 Brain Tumor MRI Dataset\classification_task\test\pituitary\brisc2025_test_00999_pi_sa_t1.jpg,pituitary,sagittal,0.9219467401321422,0.8551959114263035,0.9152233363796514,0.9287696577309186,0.9985571328834093,3.0,3.0,False,1097,1081
D:\brain_tumor\🧠 Brain Tumor MRI Dataset\classification_task\test\pituitary\brisc2025_test_01000_pi_sa_t1.jpg,pituitary,sagittal,0.9337379868521124,0.8757115749643536,0.9614583333373481,0.9075712881113499,0.9994265255196153,3.0,3.0,False,960,1017
