index_a,index_b,distance,class_a,class_b,same_class,path_a,path_b
13,1310,6,glioma,meningioma,False,D:\brain_tumor\🧠 Brain Tumor MRI Dataset\classification_task\train\glioma\brisc2025_train_00014_gl_ax_t1.jpg,D:\brain_tumor\🧠 Brain Tumor MRI Dataset\classification_task\train\meningioma\brisc2025_train_01316_me_ax_t1.jpg
13,1311,6,glioma,meningioma,False,D:\brain_tumor\🧠 Brain Tumor MRI Dataset\classification_task\train\glioma\brisc2025_train_00014_gl_ax_t1.jpg,D:\brain_tumor\🧠 Brain Tumor MRI Dataset\classification_task\train\meningioma\brisc2025_train_01317_me_ax_t1.jpg
13,2359,4,glioma,meningioma,False,D:\brain_tumor\🧠 Brain Tumor MRI Dataset\classification_task\train\glioma\brisc2025_train_00014_gl_ax_t1.jpg,D:\brain_tumor\🧠 Brain Tumor MRI Dataset\classification_task\train\meningioma\brisc2025_train_02378_me_sa_t1.jpg
20,21,6,glioma,glioma,True,D:\brain_tumor\🧠 Brain Tumor MRI Dataset\classification_task\train\glioma\brisc2025_train_00021_gl_ax_t1.jpg,D:\brain_tumor\🧠 Brain Tumor MRI Dataset\classification_task\train\glioma\brisc2025_train_00022_gl_ax_t1.jpg
22,319,6,glioma,glioma,True,D:\brain_tumor\🧠 Brain Tumor MRI Dataset\classification_task\train\glioma\brisc2025_train_00023_gl_ax_t1.jpg,D:\brain_tumor\🧠 Brain Tumor MRI Dataset\classification_task\train\glioma\brisc2025_train_00320_gl_ax_t1.jpg
22,320,6,glioma,glioma,True,D:\brain_tumor\🧠 Brain Tumor MRI Dataset\classification_task\train\glioma\brisc2025_train_00023_gl_ax_t1.jpg,D:\brain_tumor\🧠 Brain Tumor MRI Dataset\classification_task\train\glioma\brisc2025_train_00321_gl_ax_t1.jpg
22,1189,6,glioma,meningioma,False,D:\brain_tumor\🧠 Brain Tumor MRI Dataset\classification_task\train\glioma\brisc2025_train_00023_gl_ax_t1.jpg,D:\brain_tumor\🧠 Brain Tumor MRI Dataset\classification_task\train\meningioma\brisc2025_train_01190_me_ax_t1.jpg
26,1161,6,glioma,meningioma,False,D:\brain_tumor\🧠 Brain Tumor MRI Dataset\classification_task\train\glioma\brisc2025_train_00027_gl_ax_t1.jpg,D:\brain_tumor\🧠 Brain Tumor MRI Dataset\classification_task\train\meningioma\brisc2025_train_01162_me_ax_t1.jpg
30,271,6,glioma,glioma,True,D:\brain_tumor\🧠 Brain Tumor MRI Dataset\classification_task\train\glioma\brisc2025_train_00031_gl_ax_t1.jpg,D:\brain_tumor\🧠 Brain Tumor MRI Dataset\classification_task\train\glioma\brisc2025_train_00272_gl_ax_t1.jpg
30,272,6,glioma,glioma,True,D:\brain_tumor\🧠 Brain Tumor MRI Dataset\classification_task\train\glioma\brisc2025_train_00031_gl_ax_t1.jpg,D:\brain_tumor\🧠 Brain Tumor MRI Dataset\classification_task\train\glioma\brisc2025_train_00273_gl_ax_t1.jpg
47,48,4,glioma,glioma,True,D:\brain_tumor\🧠 Brain Tumor MRI Dataset\classification_task\train\glioma\brisc2025_train_00048_gl_ax_t1.jpg,D:\brain_tumor\🧠 Brain Tumor MRI Dataset\classification_task\train\glioma\brisc2025_train_00049_gl_ax_t1.jpg
53,54,2,glioma,glioma,True,D:\brain_tumor\🧠 Brain Tumor MRI Dataset\classification_task\train\glioma\brisc2025_train_00054_gl_ax_t1.jpg,D:\brain_tumor\🧠 Brain Tumor MRI Dataset\classification_task\train\glioma\brisc2025_train_00055_gl_ax_t1.jpg
53,55,4,glioma,glioma,True,D:\brain_tumor\🧠 Brain Tumor MRI Dataset\classification_task\train\glioma\brisc2025_train_00054_gl_ax_t1.jpg,D:\brain_tumor\🧠 Brain Tumor MRI Dataset\classification_task\train\glioma\brisc2025_train_00056_gl_ax_t1.jpg
53,56,6,glioma,glioma,True,D:\brain_tumor\🧠 Brain Tumor MRI Dataset\classification_task\train\glioma\brisc2025_train_00054_gl_ax_t1.jpg,D:\brain_tumor\🧠 Brain Tumor MRI Dataset\classification_task\train\glioma\brisc2025_train_00057_gl_ax_t1.jpg
53,58,6,glioma,glioma,True,D:\brain_tumor\🧠 Brain Tumor MRI Dataset\classification_task\train\glioma\brisc2025_train_00054_gl_ax_t1.jpg,D:\brain_tumor\🧠 Brain Tumor MRI Dataset\classification_task\train\glioma\brisc2025_train_00059_gl_ax_t1.jpg
53,1519,6,glioma,meningioma,False,D:\brain_tumor\🧠 Brain Tumor MRI Dataset\classification_task\train\glioma\brisc2025_train_00054_gl_ax_t1.jpg,D:\brain_tumor\🧠 Brain Tumor MRI Dataset\classification_task\train\meningioma\brisc2025_train_01526_me_ax_t1.jpg
53,1520,6,glioma,meningioma,False,D:\brain_tumor\🧠 Brain Tumor MRI Dataset\classification_task\train\glioma\brisc2025_train_00054_gl_ax_t1.jpg,D:\brain_tumor\🧠 Brain Tumor MRI Dataset\classification_task\train\meningioma\brisc2025_train_01527_me_ax_t1.jpg
54,55,2,glioma,glioma,True,D:\brain_tumor\🧠 Brain Tumor MRI Dataset\classification_task\train\glioma\brisc2025_train_00055_gl_ax_t1.jpg,D:\brain_tumor\🧠 Brain Tumor MRI Dataset\classification_task\train\glioma\brisc2025_train_00056_gl_ax_t1.jpg
54,56,4,glioma,glioma,True,D:\brain_tumor\🧠 Brain Tumor MRI Dataset\classification_task\train\glioma\brisc2025_train_00055_gl_ax_t1.jpg,D:\brain_tumor\🧠 Brain Tumor MRI Dataset\classification_task\train\glioma\brisc2025_train_00057_gl_ax_t1.jpg
54,57,6,glioma,glioma,True,D:\brain_tumor\🧠 Brain Tumor MRI Dataset\classification_task\train\glioma\brisc2025_train_00055_gl_ax_t1.jpg,D:\brain_tumor\🧠 Brain Tumor MRI Dataset\classification_task\train\glioma\brisc2025_train_00058_gl_ax_t1.jpg
54,58,4,glioma,glioma,True,D:\brain_tumor\🧠 Brain Tumor MRI Dataset\classification_task\train\glioma\brisc2025_train_00055_gl_ax_t1.jpg,D:\brain_tumor\🧠 Brain Tumor MRI Dataset\classification_task\train\glioma\brisc2025_train_00059_gl_ax_t1.jpg
54,1531,6,glioma,meningioma,False,D:\brain_tumor\🧠 Brain Tumor MRI Dataset\classification_task\train\glioma\brisc2025_train_00055_gl_ax_t1.jpg,D:\brain_tumor\🧠 Brain Tumor MRI Dataset\classification_task\train\meningioma\brisc2025_train_01538_me_ax_t1.jpg
54,2781,6,glioma,no_tumor,False,D:\brain_tumor\🧠 Brain Tumor MRI Dataset\classification_task\train\glioma\brisc2025_train_00055_gl_ax_t1.jpg,D:\brain_tumor\🧠 Brain Tumor MRI Dataset\classification_task\train\no_tumor\brisc2025_train_02801_no_ax_t1.jpg
54,2802,6,glioma,no_tumor,False,D:\brain_tumor\🧠 Brain Tumor MRI Dataset\classification_task\train\glioma\brisc2025_train_00055_gl_ax_t1.jpg,D:\brain_tumor\🧠 Brain Tumor MRI Dataset\classification_task\train\no_tumor\brisc2025_train_02822_no_ax_t1.jpg
55,56,2,glioma,glioma,True,D:\brain_tumor\🧠 Brain Tumor MRI Dataset\classification_task\train\glioma\brisc2025_train_00056_gl_ax_t1.jpg,D:\brain_tumor\🧠 Brain Tumor MRI Dataset\classification_task\train\glioma\brisc2025_train_00057_gl_ax_t1.jpg
55,57,4,glioma,glioma,True,D:\brain_tumor\🧠 Brain Tumor MRI Dataset\classification_task\train\glioma\brisc2025_train_00056_gl_ax_t1.jpg,D:\brain_tumor\🧠 Brain Tumor MRI Dataset\classification_task\train\glioma\brisc2025_train_00058_gl_ax_t1.jpg
55,58,2,glioma,glioma,True,D:\brain_tumor\🧠 Brain Tumor MRI Dataset\classification_task\train\glioma\brisc2025_train_00056_gl_ax_t1.jpg,D:\brain_tumor\🧠 Brain Tumor MRI Dataset\classification_task\train\glioma\brisc2025_train_00059_gl_ax_t1.jpg
55,59,6,glioma,glioma,True,D:\brain_tumor\🧠 Brain Tumor MRI Dataset\classification_task\train\glioma\brisc2025_train_00056_gl_ax_t1.jpg,D:\brain_tumor\🧠 Brain Tumor MRI Dataset\classification_task\train\glioma\brisc2025_train_00060_gl_ax_t1.jpg
55,246,6,glioma,glioma,True,D:\brain_tumor\🧠 Brain Tumor MRI Dataset\classification_task\train\glioma\brisc2025_train_00056_gl_ax_t1.jpg,D:\brain_tumor\🧠 Brain Tumor MRI Dataset\classification_task\train\glioma\brisc2025_train_00247_gl_ax_t1.jpg
55,252,6,glioma,glioma,True,D:\brain_tumor\🧠 Brain Tumor MRI Dataset\classification_task\train\glioma\brisc2025_train_00056_gl_ax_t1.jpg,D:\brain_tumor\🧠 Brain Tumor MRI Dataset\classification_task\train\glioma\brisc2025_train_00253_gl_ax_t1.jpg
55,253,6,glioma,glioma,True,D:\brain_tumor\🧠 Brain Tumor MRI Dataset\classification_task\train\glioma\brisc2025_train_00056_gl_ax_t1.jpg,D:\brain_tumor\🧠 Brain Tumor MRI Dataset\classification_task\train\glioma\brisc2025_train_00254_gl_ax_t1.jpg
55,1522,6,glioma,meningioma,False,D:\brain_tumor\🧠 Brain Tumor MRI Dataset\classification_task\train\glioma\brisc2025_train_00056_gl_ax_t1.jpg,D:\brain_tumor\🧠 Brain Tumor MRI Dataset\classification_task\train\meningioma\brisc2025_train_01529_me_ax_t1.jpg
56,57,2,glioma,glioma,True,D:\brain_tumor\🧠 Brain Tumor MRI Dataset\classification_task\train\glioma\brisc2025_train_00057_gl_ax_t1.jpg,D:\brain_tumor\🧠 Brain Tumor MRI Dataset\classification_task\train\glioma\brisc2025_train_00058_gl_ax_t1.jpg
56,58,0,glioma,glioma,True,D:\brain_tumor\🧠 Brain Tumor MRI Dataset\classification_task\train\glioma\brisc2025_train_00057_gl_ax_t1.jpg,D:\brain_tumor\🧠 Brain Tumor MRI Dataset\classification_task\train\glioma\brisc2025_train_00059_gl_ax_t1.jpg
56,59,4,glioma,glioma,True,D:\brain_tumor\🧠 Brain Tumor MRI Dataset\classification_task\train\glioma\brisc2025_train_00057_gl_ax_t1.jpg,D:\brain_tumor\🧠 Brain Tumor MRI Dataset\classification_task\train\glioma\brisc2025_train_00060_gl_ax_t1.jpg
56,246,4,glioma,glioma,True,D:\brain_tumor\🧠 Brain Tumor MRI Dataset\classification_task\train\glioma\brisc2025_train_00057_gl_ax_t1.jpg,D:\brain_tumor\🧠 Brain Tumor MRI Dataset\classification_task\train\glioma\brisc2025_train_00247_gl_ax_t1.jpg
56,247,6,glioma,glioma,True,D:\brain_tumor\🧠 Brain Tumor MRI Dataset\classification_task\train\glioma\brisc2025_train_00057_gl_ax_t1.jpg,D:\brain_tumor\🧠 Brain Tumor MRI Dataset\classification_task\train\glioma\brisc2025_train_00248_gl_ax_t1.jpg
56,248,6,glioma,glioma,True,D:\brain_tumor\🧠 Brain Tumor MRI Dataset\classification_task\train\glioma\brisc2025_train_00057_gl_ax_t1.jpg,D:\brain_tumor\🧠 Brain Tumor MRI Dataset\classification_task\train\glioma\brisc2025_train_00249_gl_ax_t1.jpg
56,1521,6,glioma,meningioma,False,D:\brain_tumor\🧠 Brain Tumor MRI Dataset\classification_task\train\glioma\brisc2025_train_00057_gl_ax_t1.jpg,D:\brain_tumor\🧠 Brain Tumor MRI Dataset\classification_task\train\meningioma\brisc2025_train_01528_me_ax_t1.jpg
56,1522,4,glioma,meningioma,False,D:\brain_tumor\🧠 Brain Tumor MRI Dataset\classification_task\train\glioma\brisc2025_train_00057_gl_ax_t1.jpg,D:\brain_tumor\🧠 Brain Tumor MRI Dataset\classification_task\train\meningioma\brisc2025_train_01529_me_ax_t1.jpg
56,1523,6,glioma,meningioma,False,D:\brain_tumor\🧠 Brain Tumor MRI Dataset\classification_task\train\glioma\brisc2025_train_00057_gl_ax_t1.jpg,D:\brain_tumor\🧠 Brain Tumor MRI Dataset\classification_task\train\meningioma\brisc2025_train_01530_me_ax_t1.jpg
56,1838,6,glioma,meningioma,False,D:\brain_tumor\🧠 Brain Tumor MRI Dataset\classification_task\train\glioma\brisc2025_train_00057_gl_ax_t1.jpg,D:\brain_tumor\🧠 Brain Tumor MRI Dataset\classification_task\train\meningioma\brisc2025_train_01851_me_co_t1.jpg
56,2122,6,glioma,meningioma,False,D:\brain_tumor\🧠 Brain Tumor MRI Dataset\classification_task\train\glioma\brisc2025_train_00057_gl_ax_t1.jpg,D:\brain_tumor\🧠 Brain Tumor MRI Dataset\classification_task\train\meningioma\brisc2025_train_02138_me_sa_t1.jpg
56,2619,6,glioma,no_tumor,False,D:\brain_tumor\🧠 Brain Tumor MRI Dataset\classification_task\train\glioma\brisc2025_train_00057_gl_ax_t1.jpg,D:\brain_tumor\🧠 Brain Tumor MRI Dataset\classification_task\train\no_tumor\brisc2025_train_02639_no_ax_t1.jpg
57,58,2,glioma,glioma,True,D:\brain_tumor\🧠 Brain Tumor MRI Dataset\classification_task\train\glioma\brisc2025_train_00058_gl_ax_t1.jpg,D:\brain_tumor\🧠 Brain Tumor MRI Dataset\classification_task\train\glioma\brisc2025_train_00059_gl_ax_t1.jpg
57,59,6,glioma,glioma,True,D:\brain_tumor\🧠 Brain Tumor MRI Dataset\classification_task\train\glioma\brisc2025_train_00058_gl_ax_t1.jpg,D:\brain_tumor\🧠 Brain Tumor MRI Dataset\classification_task\train\glioma\brisc2025_train_00060_gl_ax_t1.jpg
57,246,6,glioma,glioma,True,D:\brain_tumor\🧠 Brain Tumor MRI Dataset\classification_task\train\glioma\brisc2025_train_00058_gl_ax_t1.jpg,D:\brain_tumor\🧠 Brain Tumor MRI Dataset\classification_task\train\glioma\brisc2025_train_00247_gl_ax_t1.jpg
57,252,6,glioma,glioma,True,D:\brain_tumor\🧠 Brain Tumor MRI Dataset\classification_task\train\glioma\brisc2025_train_00058_gl_ax_t1.jpg,D:\brain_tumor\🧠 Brain Tumor MRI Dataset\classification_task\train\glioma\brisc2025_train_00253_gl_ax_t1.jpg
57,253,6,glioma,glioma,True,D:\brain_tumor\🧠 Brain Tumor MRI Dataset\classification_task\train\glioma\brisc2025_train_00058_gl_ax_t1.jpg,D:\brain_tumor\🧠 Brain Tumor MRI Dataset\classification_task\train\glioma\brisc2025_train_00254_gl_ax_t1.jpg
57,1510,6,glioma,meningioma,False,D:\brain_tumor\🧠 Brain Tumor MRI Dataset\classification_task\train\glioma\brisc2025_train_00058_gl_ax_t1.jpg,D:\brain_tumor\🧠 Brain Tumor MRI Dataset\classification_task\train\meningioma\brisc2025_train_01517_me_ax_t1.jpg
57,1519,6,glioma,meningioma,False,D:\brain_tumor\🧠 Brain Tumor MRI Dataset\classification_task\train\glioma\brisc2025_train_00058_gl_ax_t1.jpg,D:\brain_tumor\🧠 Brain Tumor MRI Dataset\classification_task\train\meningioma\brisc2025_train_01526_me_ax_t1.jpg
57,1520,6,glioma,meningioma,False,D:\brain_tumor\🧠 Brain Tumor MRI Dataset\classification_task\train\glioma\brisc2025_train_00058_gl_ax_t1.jpg,D:\brain_tumor\🧠 Brain Tumor MRI Dataset\classification_task\train\meningioma\brisc2025_train_01527_me_ax_t1.jpg
57,1521,4,glioma,meningioma,False,D:\brain_tumor\🧠 Brain Tumor MRI Dataset\classification_task\train\glioma\brisc2025_train_00058_gl_ax_t1.jpg,D:\brain_tumor\🧠 Brain Tumor MRI Dataset\classification_task\train\meningioma\brisc2025_train_01528_me_ax_t1.jpg
57,1522,2,glioma,meningioma,False,D:\brain_tumor\🧠 Brain Tumor MRI Dataset\classification_task\train\glioma\brisc2025_train_00058_gl_ax_t1.jpg,D:\brain_tumor\🧠 Brain Tumor MRI Dataset\classification_task\train\meningioma\brisc2025_train_01529_me_ax_t1.jpg
57,1523,4,glioma,meningioma,False,D:\brain_tumor\🧠 Brain Tumor MRI Dataset\classification_task\train\glioma\brisc2025_train_00058_gl_ax_t1.jpg,D:\brain_tumor\🧠 Brain Tumor MRI Dataset\classification_task\train\meningioma\brisc2025_train_01530_me_ax_t1.jpg
58,59,4,glioma,glioma,True,D:\brain_tumor\🧠 Brain Tumor MRI Dataset\classification_task\train\glioma\brisc2025_train_00059_gl_ax_t1.jpg,D:\brain_tumor\🧠 Brain Tumor MRI Dataset\classification_task\train\glioma\brisc2025_train_00060_gl_ax_t1.jpg
58,246,4,glioma,glioma,True,D:\brain_tumor\🧠 Brain Tumor MRI Dataset\classification_task\train\glioma\brisc2025_train_00059_gl_ax_t1.jpg,D:\brain_tumor\🧠 Brain Tumor MRI Dataset\classification_task\train\glioma\brisc2025_train_00247_gl_ax_t1.jpg
58,247,6,glioma,glioma,True,D:\brain_tumor\🧠 Brain Tumor MRI Dataset\classification_task\train\glioma\brisc2025_train_00059_gl_ax_t1.jpg,D:\brain_tumor\🧠 Brain Tumor MRI Dataset\classification_task\train\glioma\brisc2025_train_00248_gl_ax_t1.jpg
58,248,6,glioma,glioma,True,D:\brain_tumor\🧠 Brain Tumor MRI Dataset\classification_task\train\glioma\brisc2025_train_00059_gl_ax_t1.jpg,D:\brain_tumor\🧠 Brain Tumor MRI Dataset\classification_task\train\glioma\brisc2025_train_00249_gl_ax_t1.jpg
58,1521,6,glioma,meningioma,False,D:\brain_tumor\🧠 Brain Tumor MRI Dataset\classification_task\train\glioma\brisc2025_train_00059_gl_ax_t1.jpg,D:\brain_tumor\🧠 Brain Tumor MRI Dataset\classification_task\train\meningioma\brisc2025_train_01528_me_ax_t1.jpg
58,1522,4,glioma,meningioma,False,D:\brain_tumor\🧠 Brain Tumor MRI Dataset\classification_task\train\glioma\brisc2025_train_00059_gl_ax_t1.jpg,D:\brain_tumor\🧠 Brain Tumor MRI Dataset\classification_task\train\meningioma\brisc2025_train_01529_me_ax_t1.jpg
58,1523,6,glioma,meningioma,False,D:\brain_tumor\🧠 Brain Tumor MRI Dataset\classification_task\train\glioma\brisc2025_train_00059_gl_ax_t1.jpg,D:\brain_tumor\🧠 Brain Tumor MRI Dataset\classification_task\train\meningioma\brisc2025_train_01530_me_ax_t1.jpg
58,1838,6,glioma,meningioma,False,D:\brain_tumor\🧠 Brain Tumor MRI Dataset\classification_task\train\glioma\brisc2025_train_00059_gl_ax_t1.jpg,D:\brain_tumor\🧠 Brain Tumor MRI Dataset\classification_task\train\meningioma\brisc2025_train_01851_me_co_t1.jpg
58,2122,6,glioma,meningioma,False,D:\brain_tumor\🧠 Brain Tumor MRI Dataset\classification_task\train\glioma\brisc2025_train_00059_gl_ax_t1.jpg,D:\brain_tumor\🧠 Brain Tumor MRI Dataset\classification_task\train\meningioma\brisc2025_train_02138_me_sa_t1.jpg
58,2619,6,glioma,no_tumor,False,D:\brain_tumor\🧠 Brain Tumor MRI Dataset\classification_task\train\glioma\brisc2025_train_00059_gl_ax_t1.jpg,D:\brain_tumor\🧠 Brain Tumor MRI Dataset\classification_task\train\no_tumor\brisc2025_train_02639_no_ax_t1.jpg
59,254,6,glioma,glioma,True,D:\brain_tumor\🧠 Brain Tumor MRI Dataset\classification_task\train\glioma\brisc2025_train_00060_gl_ax_t1.jpg,D:\brain_tumor\🧠 Brain Tumor MRI Dataset\classification_task\train\glioma\brisc2025_train_00255_gl_ax_t1.jpg
59,255,6,glioma,glioma,True,D:\brain_tumor\🧠 Brain Tumor MRI Dataset\classification_task\train\glioma\brisc2025_train_00060_gl_ax_t1.jpg,D:\brain_tumor\🧠 Brain Tumor MRI Dataset\classification_task\train\glioma\brisc2025_train_00256_gl_ax_t1.jpg
60,65,6,glioma,glioma,True,D:\brain_tumor\🧠 Brain Tumor MRI Dataset\classification_task\train\glioma\brisc2025_train_00061_gl_ax_t1.jpg,D:\brain_tumor\🧠 Brain Tumor MRI Dataset\classification_task\train\glioma\brisc2025_train_00066_gl_ax_t1.jpg
60,66,2,glioma,glioma,True,D:\brain_tumor\🧠 Brain Tumor MRI Dataset\classification_task\train\glioma\brisc2025_train_00061_gl_ax_t1.jpg,D:\brain_tumor\🧠 Brain Tumor MRI Dataset\classification_task\train\glioma\brisc2025_train_00067_gl_ax_t1.jpg
61,62,0,glioma,glioma,True,D:\brain_tumor\🧠 Brain Tumor MRI Dataset\classification_task\train\glioma\brisc2025_train_00062_gl_ax_t1.jpg,D:\brain_tumor\🧠 Brain Tumor MRI Dataset\classification_task\train\glioma\brisc2025_train_00063_gl_ax_t1.jpg
61,157,4,glioma,glioma,True,D:\brain_tumor\🧠 Brain Tumor MRI Dataset\classification_task\train\glioma\brisc2025_train_00062_gl_ax_t1.jpg,D:\brain_tumor\🧠 Brain Tumor MRI Dataset\classification_task\train\glioma\brisc2025_train_00158_gl_ax_t1.jpg
61,169,6,glioma,glioma,True,D:\brain_tumor\🧠 Brain Tumor MRI Dataset\classification_task\train\glioma\brisc2025_train_00062_gl_ax_t1.jpg,D:\brain_tumor\🧠 Brain Tumor MRI Dataset\classification_task\train\glioma\brisc2025_train_00170_gl_ax_t1.jpg
61,1530,6,glioma,meningioma,False,D:\brain_tumor\🧠 Brain Tumor MRI Dataset\classification_task\train\glioma\brisc2025_train_00062_gl_ax_t1.jpg,D:\brain_tumor\🧠 Brain Tumor MRI Dataset\classification_task\train\meningioma\brisc2025_train_01537_me_ax_t1.jpg
62,157,4,glioma,glioma,True,D:\brain_tumor\🧠 Brain Tumor MRI Dataset\classification_task\train\glioma\brisc2025_train_00063_gl_ax_t1.jpg,D:\brain_tumor\🧠 Brain Tumor MRI Dataset\classification_task\train\glioma\brisc2025_train_00158_gl_ax_t1.jpg
62,169,6,glioma,glioma,True,D:\brain_tumor\🧠 Brain Tumor MRI Dataset\classification_task\train\glioma\brisc2025_train_00063_gl_ax_t1.jpg,D:\brain_tumor\🧠 Brain Tumor MRI Dataset\classification_task\train\glioma\brisc2025_train_00170_gl_ax_t1.jpg
62,1530,6,glioma,meningioma,False,D:\brain_tumor\🧠 Brain Tumor MRI Dataset\classification_task\train\glioma\brisc2025_train_00063_gl_ax_t1.jpg,D:\brain_tumor\🧠 Brain Tumor MRI Dataset\classification_task\train\meningioma\brisc2025_train_01537_me_ax_t1.jpg
64,65,2,glioma,glioma,True,D:\brain_tumor\🧠 Brain Tumor MRI Dataset\classification_task\train\glioma\brisc2025_train_00065_gl_ax_t1.jpg,D:\brain_tumor\🧠 Brain Tumor MRI Dataset\classification_task\train\glioma\brisc2025_train_00066_gl_ax_t1.jpg
65,66,6,glioma,glioma,True,D:\brain_tumor\🧠 Brain Tumor MRI Dataset\classification_task\train\glioma\brisc2025_train_00066_gl_ax_t1.jpg,D:\brain_tumor\🧠 Brain Tumor MRI Dataset\classification_task\train\glioma\brisc2025_train_00067_gl_ax_t1.jpg
67,3581,6,glioma,pituitary,False,D:\brain_tumor\🧠 Brain Tumor MRI Dataset\classification_task\train\glioma\brisc2025_train_00068_gl_ax_t1.jpg,D:\brain_tumor\🧠 Brain Tumor MRI Dataset\classification_task\train\pituitary\brisc2025_train_03610_pi_ax_t1.jpg
68,69,4,glioma,glioma,True,D:\brain_tumor\🧠 Brain Tumor MRI Dataset\classification_task\train\glioma\brisc2025_train_00069_gl_ax_t1.jpg,D:\brain_tumor\🧠 Brain Tumor MRI Dataset\classification_task\train\glioma\brisc2025_train_00070_gl_ax_t1.jpg
69,70,6,glioma,glioma,True,D:\brain_tumor\🧠 Brain Tumor MRI Dataset\classification_task\train\glioma\brisc2025_train_00070_gl_ax_t1.jpg,D:\brain_tumor\🧠 Brain Tumor MRI Dataset\classification_task\train\glioma\brisc2025_train_00071_gl_ax_t1.jpg
71,72,4,glioma,glioma,True,D:\brain_tumor\🧠 Brain Tumor MRI Dataset\classification_task\train\glioma\brisc2025_train_00072_gl_ax_t1.jpg,D:\brain_tumor\🧠 Brain Tumor MRI Dataset\classification_task\train\glioma\brisc2025_train_00073_gl_ax_t1.jpg
72,139,6,glioma,glioma,True,D:\brain_tumor\🧠 Brain Tumor MRI Dataset\classification_task\train\glioma\brisc2025_train_00073_gl_ax_t1.jpg,D:\brain_tumor\🧠 Brain Tumor MRI Dataset\classification_task\train\glioma\brisc2025_train_00140_gl_ax_t1.jpg
73,156,6,glioma,glioma,True,D:\brain_tumor\🧠 Brain Tumor MRI Dataset\classification_task\train\glioma\brisc2025_train_00074_gl_ax_t1.jpg,D:\brain_tumor\🧠 Brain Tumor MRI Dataset\classification_task\train\glioma\brisc2025_train_00157_gl_ax_t1.jpg
73,386,6,glioma,glioma,True,D:\brain_tumor\🧠 Brain Tumor MRI Dataset\classification_task\train\glioma\brisc2025_train_00074_gl_ax_t1.jpg,D:\brain_tumor\🧠 Brain Tumor MRI Dataset\classification_task\train\glioma\brisc2025_train_00387_gl_ax_t1.jpg
73,491,6,glioma,glioma,True,D:\brain_tumor\🧠 Brain Tumor MRI Dataset\classification_task\train\glioma\brisc2025_train_00074_gl_ax_t1.jpg,D:\brain_tumor\🧠 Brain Tumor MRI Dataset\classification_task\train\glioma\brisc2025_train_00492_gl_co_t1.jpg
74,75,4,glioma,glioma,True,D:\brain_tumor\🧠 Brain Tumor MRI Dataset\classification_task\train\glioma\brisc2025_train_00075_gl_ax_t1.jpg,D:\brain_tumor\🧠 Brain Tumor MRI Dataset\classification_task\train\glioma\brisc2025_train_00076_gl_ax_t1.jpg
74,358,4,glioma,glioma,True,D:\brain_tumor\🧠 Brain Tumor MRI Dataset\classification_task\train\glioma\brisc2025_train_00075_gl_ax_t1.jpg,D:\brain_tumor\🧠 Brain Tumor MRI Dataset\classification_task\train\glioma\brisc2025_train_00359_gl_ax_t1.jpg
75,76,6,glioma,glioma,True,D:\brain_tumor\🧠 Brain Tumor MRI Dataset\classification_task\train\glioma\brisc2025_train_00076_gl_ax_t1.jpg,D:\brain_tumor\🧠 Brain Tumor MRI Dataset\classification_task\train\glioma\brisc2025_train_00077_gl_ax_t1.jpg
75,358,6,glioma,glioma,True,D:\brain_tumor\🧠 Brain Tumor MRI Dataset\classification_task\train\glioma\brisc2025_train_00076_gl_ax_t1.jpg,D:\brain_tumor\🧠 Brain Tumor MRI Dataset\classification_task\train\glioma\brisc2025_train_00359_gl_ax_t1.jpg
77,78,6,glioma,glioma,True,D:\brain_tumor\🧠 Brain Tumor MRI Dataset\classification_task\train\glioma\brisc2025_train_00078_gl_ax_t1.jpg,D:\brain_tumor\🧠 Brain Tumor MRI Dataset\classification_task\train\glioma\brisc2025_train_00079_gl_ax_t1.jpg
77,82,6,glioma,glioma,True,D:\brain_tumor\🧠 Brain Tumor MRI Dataset\classification_task\train\glioma\brisc2025_train_00078_gl_ax_t1.jpg,D:\brain_tumor\🧠 Brain Tumor MRI Dataset\classification_task\train\glioma\brisc2025_train_00083_gl_ax_t1.jpg
77,84,6,glioma,glioma,True,D:\brain_tumor\🧠 Brain Tumor MRI Dataset\classification_task\train\glioma\brisc2025_train_00078_gl_ax_t1.jpg,D:\brain_tumor\🧠 Brain Tumor MRI Dataset\classification_task\train\glioma\brisc2025_train_00085_gl_ax_t1.jpg
77,2663,6,glioma,no_tumor,False,D:\brain_tumor\🧠 Brain Tumor MRI Dataset\classification_task\train\glioma\brisc2025_train_00078_gl_ax_t1.jpg,D:\brain_tumor\🧠 Brain Tumor MRI Dataset\classification_task\train\no_tumor\brisc2025_train_02683_no_ax_t1.jpg
78,82,4,glioma,glioma,True,D:\brain_tumor\🧠 Brain Tumor MRI Dataset\classification_task\train\glioma\brisc2025_train_00079_gl_ax_t1.jpg,D:\brain_tumor\🧠 Brain Tumor MRI Dataset\classification_task\train\glioma\brisc2025_train_00083_gl_ax_t1.jpg
78,83,6,glioma,glioma,True,D:\brain_tumor\🧠 Brain Tumor MRI Dataset\classification_task\train\glioma\brisc2025_train_00079_gl_ax_t1.jpg,D:\brain_tumor\🧠 Brain Tumor MRI Dataset\classification_task\train\glioma\brisc2025_train_00084_gl_ax_t1.jpg
78,84,6,glioma,glioma,True,D:\brain_tumor\🧠 Brain Tumor MRI Dataset\classification_task\train\glioma\brisc2025_train_00079_gl_ax_t1.jpg,D:\brain_tumor\🧠 Brain Tumor MRI Dataset\classification_task\train\glioma\brisc2025_train_00085_gl_ax_t1.jpg
79,80,6,glioma,glioma,True,D:\brain_tumor\🧠 Brain Tumor MRI Dataset\classification_task\train\glioma\brisc2025_train_00080_gl_ax_t1.jpg,D:\brain_tumor\🧠 Brain Tumor MRI Dataset\classification_task\train\glioma\brisc2025_train_00081_gl_ax_t1.jpg
79,2576,4,glioma,no_tumor,False,D:\brain_tumor\🧠 Brain Tumor MRI Dataset\classification_task\train\glioma\brisc2025_train_00080_gl_ax_t1.jpg,D:\brain_tumor\🧠 Brain Tumor MRI Dataset\classification_task\train\no_tumor\brisc2025_train_02596_no_ax_t1.jpg
82,83,4,glioma,glioma,True,D:\brain_tumor\🧠 Brain Tumor MRI Dataset\classification_task\train\glioma\brisc2025_train_00083_gl_ax_t1.jpg,D:\brain_tumor\🧠 Brain Tumor MRI Dataset\classification_task\train\glioma\brisc2025_train_00084_gl_ax_t1.jpg
82,84,2,glioma,glioma,True,D:\brain_tumor\🧠 Brain Tumor MRI Dataset\classification_task\train\glioma\brisc2025_train_00083_gl_ax_t1.jpg,D:\brain_tumor\🧠 Brain Tumor MRI Dataset\classification_task\train\glioma\brisc2025_train_00085_gl_ax_t1.jpg
82,85,4,glioma,glioma,True,D:\brain_tumor\🧠 Brain Tumor MRI Dataset\classification_task\train\glioma\brisc2025_train_00083_gl_ax_t1.jpg,D:\brain_tumor\🧠 Brain Tumor MRI Dataset\classification_task\train\glioma\brisc2025_train_00086_gl_ax_t1.jpg
82,2663,6,glioma,no_tumor,False,D:\brain_tumor\🧠 Brain Tumor MRI Dataset\classification_task\train\glioma\brisc2025_train_00083_gl_ax_t1.jpg,D:\brain_tumor\🧠 Brain Tumor MRI Dataset\classification_task\train\no_tumor\brisc2025_train_02683_no_ax_t1.jpg
83,84,4,glioma,glioma,True,D:\brain_tumor\🧠 Brain Tumor MRI Dataset\classification_task\train\glioma\brisc2025_train_00084_gl_ax_t1.jpg,D:\brain_tumor\🧠 Brain Tumor MRI Dataset\classification_task\train\glioma\brisc2025_train_00085_gl_ax_t1.jpg
83,85,6,glioma,glioma,True,D:\brain_tumor\🧠 Brain Tumor MRI Dataset\classification_task\train\glioma\brisc2025_train_00084_gl_ax_t1.jpg,D:\brain_tumor\🧠 Brain Tumor MRI Dataset\classification_task\train\glioma\brisc2025_train_00086_gl_ax_t1.jpg
83,2663,6,glioma,no_tumor,False,D:\brain_tumor\🧠 Brain Tumor MRI Dataset\classification_task\train\glioma\brisc2025_train_00084_gl_ax_t1.jpg,D:\brain_tumor\🧠 Brain Tumor MRI Dataset\classification_task\train\no_tumor\brisc2025_train_02683_no_ax_t1.jpg
84,85,2,glioma,glioma,True,D:\brain_tumor\🧠 Brain Tumor MRI Dataset\classification_task\train\glioma\brisc2025_train_00085_gl_ax_t1.jpg,D:\brain_tumor\🧠 Brain Tumor MRI Dataset\classification_task\train\glioma\brisc2025_train_00086_gl_ax_t1.jpg
84,86,6,glioma,glioma,True,D:\brain_tumor\🧠 Brain Tumor MRI Dataset\classification_task\train\glioma\brisc2025_train_00085_gl_ax_t1.jpg,D:\brain_tumor\🧠 Brain Tumor MRI Dataset\classification_task\train\glioma\brisc2025_train_00087_gl_ax_t1.jpg
84,2663,4,glioma,no_tumor,False,D:\brain_tumor\🧠 Brain Tumor MRI Dataset\classification_task\train\glioma\brisc2025_train_00085_gl_ax_t1.jpg,D:\brain_tumor\🧠 Brain Tumor MRI Dataset\classification_task\train\no_tumor\brisc2025_train_02683_no_ax_t1.jpg
85,86,6,glioma,glioma,True,D:\brain_tumor\🧠 Brain Tumor MRI Dataset\classification_task\train\glioma\brisc2025_train_00086_gl_ax_t1.jpg,D:\brain_tumor\🧠 Brain Tumor MRI Dataset\classification_task\train\glioma\brisc2025_train_00087_gl_ax_t1.jpg
85,2663,6,glioma,no_tumor,False,D:\brain_tumor\🧠 Brain Tumor MRI Dataset\classification_task\train\glioma\brisc2025_train_00086_gl_ax_t1.jpg,D:\brain_tumor\🧠 Brain Tumor MRI Dataset\classification_task\train\no_tumor\brisc2025_train_02683_no_ax_t1.jpg
86,87,6,glioma,glioma,True,D:\brain_tumor\🧠 Brain Tumor MRI Dataset\classification_task\train\glioma\brisc2025_train_00087_gl_ax_t1.jpg,D:\brain_tumor\🧠 Brain Tumor MRI Dataset\classification_task\train\glioma\brisc2025_train_00088_gl_ax_t1.jpg
86,2663,6,glioma,no_tumor,False,D:\brain_tumor\🧠 Brain Tumor MRI Dataset\classification_task\train\glioma\brisc2025_train_00087_gl_ax_t1.jpg,D:\brain_tumor\🧠 Brain Tumor MRI Dataset\classification_task\train\no_tumor\brisc2025_train_02683_no_ax_t1.jpg
88,2808,6,glioma,no_tumor,False,D:\brain_tumor\🧠 Brain Tumor MRI Dataset\classification_task\train\glioma\brisc2025_train_00089_gl_ax_t1.jpg,D:\brain_tumor\🧠 Brain Tumor MRI Dataset\classification_task\train\no_tumor\brisc2025_train_02828_no_ax_t1.jpg
90,91,4,glioma,glioma,True,D:\brain_tumor\🧠 Brain Tumor MRI Dataset\classification_task\train\glioma\brisc2025_train_00091_gl_ax_t1.jpg,D:\brain_tumor\🧠 Brain Tumor MRI Dataset\classification_task\train\glioma\brisc2025_train_00092_gl_ax_t1.jpg
91,92,6,glioma,glioma,True,D:\brain_tumor\🧠 Brain Tumor MRI Dataset\classification_task\train\glioma\brisc2025_train_00092_gl_ax_t1.jpg,D:\brain_tumor\🧠 Brain Tumor MRI Dataset\classification_task\train\glioma\brisc2025_train_00093_gl_ax_t1.jpg
91,93,4,glioma,glioma,True,D:\brain_tumor\🧠 Brain Tumor MRI Dataset\classification_task\train\glioma\brisc2025_train_00092_gl_ax_t1.jpg,D:\brain_tumor\🧠 Brain Tumor MRI Dataset\classification_task\train\glioma\brisc2025_train_00094_gl_ax_t1.jpg
92,93,2,glioma,glioma,True,D:\brain_tumor\🧠 Brain Tumor MRI Dataset\classification_task\train\glioma\brisc2025_train_00093_gl_ax_t1.jpg,D:\brain_tumor\🧠 Brain Tumor MRI Dataset\classification_task\train\glioma\brisc2025_train_00094_gl_ax_t1.jpg
99,100,6,glioma,glioma,True,D:\brain_tumor\🧠 Brain Tumor MRI Dataset\classification_task\train\glioma\brisc2025_train_00100_gl_ax_t1.jpg,D:\brain_tumor\🧠 Brain Tumor MRI Dataset\classification_task\train\glioma\brisc2025_train_00101_gl_ax_t1.jpg
99,156,6,glioma,glioma,True,D:\brain_tumor\🧠 Brain Tumor MRI Dataset\classification_task\train\glioma\brisc2025_train_00100_gl_ax_t1.jpg,D:\brain_tumor\🧠 Brain Tumor MRI Dataset\classification_task\train\glioma\brisc2025_train_00157_gl_ax_t1.jpg
100,255,6,glioma,glioma,True,D:\brain_tumor\🧠 Brain Tumor MRI Dataset\classification_task\train\glioma\brisc2025_train_00101_gl_ax_t1.jpg,D:\brain_tumor\🧠 Brain Tumor MRI Dataset\classification_task\train\glioma\brisc2025_train_00256_gl_ax_t1.jpg
100,2627,6,glioma,no_tumor,False,D:\brain_tumor\🧠 Brain Tumor MRI Dataset\classification_task\train\glioma\brisc2025_train_00101_gl_ax_t1.jpg,D:\brain_tumor\🧠 Brain Tumor MRI Dataset\classification_task\train\no_tumor\brisc2025_train_02647_no_ax_t1.jpg
101,107,4,glioma,glioma,True,D:\brain_tumor\🧠 Brain Tumor MRI Dataset\classification_task\train\glioma\brisc2025_train_00102_gl_ax_t1.jpg,D:\brain_tumor\🧠 Brain Tumor MRI Dataset\classification_task\train\glioma\brisc2025_train_00108_gl_ax_t1.jpg
101,270,4,glioma,glioma,True,D:\brain_tumor\🧠 Brain Tumor MRI Dataset\classification_task\train\glioma\brisc2025_train_00102_gl_ax_t1.jpg,D:\brain_tumor\🧠 Brain Tumor MRI Dataset\classification_task\train\glioma\brisc2025_train_00271_gl_ax_t1.jpg
101,280,6,glioma,glioma,True,D:\brain_tumor\🧠 Brain Tumor MRI Dataset\classification_task\train\glioma\brisc2025_train_00102_gl_ax_t1.jpg,D:\brain_tumor\🧠 Brain Tumor MRI Dataset\classification_task\train\glioma\brisc2025_train_00281_gl_ax_t1.jpg
101,1427,6,glioma,meningioma,False,D:\brain_tumor\🧠 Brain Tumor MRI Dataset\classification_task\train\glioma\brisc2025_train_00102_gl_ax_t1.jpg,D:\brain_tumor\🧠 Brain Tumor MRI Dataset\classification_task\train\meningioma\brisc2025_train_01434_me_ax_t1.jpg
101,2535,6,glioma,no_tumor,False,D:\brain_tumor\🧠 Brain Tumor MRI Dataset\classification_task\train\glioma\brisc2025_train_00102_gl_ax_t1.jpg,D:\brain_tumor\🧠 Brain Tumor MRI Dataset\classification_task\train\no_tumor\brisc2025_train_02555_no_ax_t1.jpg
102,103,4,glioma,glioma,True,D:\brain_tumor\🧠 Brain Tumor MRI Dataset\classification_task\train\glioma\brisc2025_train_00103_gl_ax_t1.jpg,D:\brain_tumor\🧠 Brain Tumor MRI Dataset\classification_task\train\glioma\brisc2025_train_00104_gl_ax_t1.jpg
102,104,4,glioma,glioma,True,D:\brain_tumor\🧠 Brain Tumor MRI Dataset\classification_task\train\glioma\brisc2025_train_00103_gl_ax_t1.jpg,D:\brain_tumor\🧠 Brain Tumor MRI Dataset\classification_task\train\glioma\brisc2025_train_00105_gl_ax_t1.jpg
103,104,6,glioma,glioma,True,D:\brain_tumor\🧠 Brain Tumor MRI Dataset\classification_task\train\glioma\brisc2025_train_00104_gl_ax_t1.jpg,D:\brain_tumor\🧠 Brain Tumor MRI Dataset\classification_task\train\glioma\brisc2025_train_00105_gl_ax_t1.jpg
106,107,4,glioma,glioma,True,D:\brain_tumor\🧠 Brain Tumor MRI Dataset\classification_task\train\glioma\brisc2025_train_00107_gl_ax_t1.jpg,D:\brain_tumor\🧠 Brain Tumor MRI Dataset\classification_task\train\glioma\brisc2025_train_00108_gl_ax_t1.jpg
106,287,6,glioma,glioma,True,D:\brain_tumor\🧠 Brain Tumor MRI Dataset\classification_task\train\glioma\brisc2025_train_00107_gl_ax_t1.jpg,D:\brain_tumor\🧠 Brain Tumor MRI Dataset\classification_task\train\glioma\brisc2025_train_00288_gl_ax_t1.jpg
107,270,6,glioma,glioma,True,D:\brain_tumor\🧠 Brain Tumor MRI Dataset\classification_task\train\glioma\brisc2025_train_00108_gl_ax_t1.jpg,D:\brain_tumor\🧠 Brain Tumor MRI Dataset\classification_task\train\glioma\brisc2025_train_00271_gl_ax_t1.jpg
107,1427,6,glioma,meningioma,False,D:\brain_tumor\🧠 Brain Tumor MRI Dataset\classification_task\train\glioma\brisc2025_train_00108_gl_ax_t1.jpg,D:\brain_tumor\🧠 Brain Tumor MRI Dataset\classification_task\train\meningioma\brisc2025_train_01434_me_ax_t1.jpg
108,109,6,glioma,glioma,True,D:\brain_tumor\🧠 Brain Tumor MRI Dataset\classification_task\train\glioma\brisc2025_train_00109_gl_ax_t1.jpg,D:\brain_tumor\🧠 Brain Tumor MRI Dataset\classification_task\train\glioma\brisc2025_train_00110_gl_ax_t1.jpg
109,110,6,glioma,glioma,True,D:\brain_tumor\🧠 Brain Tumor MRI Dataset\classification_task\train\glioma\brisc2025_train_00110_gl_ax_t1.jpg,D:\brain_tumor\🧠 Brain Tumor MRI Dataset\classification_task\train\glioma\brisc2025_train_00111_gl_ax_t1.jpg
109,272,6,glioma,glioma,True,D:\brain_tumor\🧠 Brain Tumor MRI Dataset\classification_task\train\glioma\brisc2025_train_00110_gl_ax_t1.jpg,D:\brain_tumor\🧠 Brain Tumor MRI Dataset\classification_task\train\glioma\brisc2025_train_00273_gl_ax_t1.jpg
109,374,6,glioma,glioma,True,D:\brain_tumor\🧠 Brain Tumor MRI Dataset\classification_task\train\glioma\brisc2025_train_00110_gl_ax_t1.jpg,D:\brain_tumor\🧠 Brain Tumor MRI Dataset\classification_task\train\glioma\brisc2025_train_00375_gl_ax_t1.jpg
110,111,6,glioma,glioma,True,D:\brain_tumor\🧠 Brain Tumor MRI Dataset\classification_task\train\glioma\brisc2025_train_00111_gl_ax_t1.jpg,D:\brain_tumor\🧠 Brain Tumor MRI Dataset\classification_task\train\glioma\brisc2025_train_00112_gl_ax_t1.jpg
111,112,6,glioma,glioma,True,D:\brain_tumor\🧠 Brain Tumor MRI Dataset\classification_task\train\glioma\brisc2025_train_00112_gl_ax_t1.jpg,D:\brain_tumor\🧠 Brain Tumor MRI Dataset\classification_task\train\glioma\brisc2025_train_00113_gl_ax_t1.jpg
112,113,6,glioma,glioma,True,D:\brain_tumor\🧠 Brain Tumor MRI Dataset\classification_task\train\glioma\brisc2025_train_00113_gl_ax_t1.jpg,D:\brain_tumor\🧠 Brain Tumor MRI Dataset\classification_task\train\glioma\brisc2025_train_00114_gl_ax_t1.jpg
115,116,6,glioma,glioma,True,D:\brain_tumor\🧠 Brain Tumor MRI Dataset\classification_task\train\glioma\brisc2025_train_00116_gl_ax_t1.jpg,D:\brain_tumor\🧠 Brain Tumor MRI Dataset\classification_task\train\glioma\brisc2025_train_00117_gl_ax_t1.jpg
115,117,6,glioma,glioma,True,D:\brain_tumor\🧠 Brain Tumor MRI Dataset\classification_task\train\glioma\brisc2025_train_00116_gl_ax_t1.jpg,D:\brain_tumor\🧠 Brain Tumor MRI Dataset\classification_task\train\glioma\brisc2025_train_00118_gl_ax_t1.jpg
115,118,6,glioma,glioma,True,D:\brain_tumor\🧠 Brain Tumor MRI Dataset\classification_task\train\glioma\brisc2025_train_00116_gl_ax_t1.jpg,D:\brain_tumor\🧠 Brain Tumor MRI Dataset\classification_task\train\glioma\brisc2025_train_00119_gl_ax_t1.jpg
115,119,6,glioma,glioma,True,D:\brain_tumor\🧠 Brain Tumor MRI Dataset\classification_task\train\glioma\brisc2025_train_00116_gl_ax_t1.jpg,D:\brain_tumor\🧠 Brain Tumor MRI Dataset\classification_task\train\glioma\brisc2025_train_00120_gl_ax_t1.jpg
116,117,2,glioma,glioma,True,D:\brain_tumor\🧠 Brain Tumor MRI Dataset\classification_task\train\glioma\brisc2025_train_00117_gl_ax_t1.jpg,D:\brain_tumor\🧠 Brain Tumor MRI Dataset\classification_task\train\glioma\brisc2025_train_00118_gl_ax_t1.jpg
116,118,4,glioma,glioma,True,D:\brain_tumor\🧠 Brain Tumor MRI Dataset\classification_task\train\glioma\brisc2025_train_00117_gl_ax_t1.jpg,D:\brain_tumor\🧠 Brain Tumor MRI Dataset\classification_task\train\glioma\brisc2025_train_00119_gl_ax_t1.jpg
116,119,6,glioma,glioma,True,D:\brain_tumor\🧠 Brain Tumor MRI Dataset\classification_task\train\glioma\brisc2025_train_00117_gl_ax_t1.jpg,D:\brain_tumor\🧠 Brain Tumor MRI Dataset\classification_task\train\glioma\brisc2025_train_00120_gl_ax_t1.jpg
116,120,6,glioma,glioma,True,D:\brain_tumor\🧠 Brain Tumor MRI Dataset\classification_task\train\glioma\brisc2025_train_00117_gl_ax_t1.jpg,D:\brain_tumor\🧠 Brain Tumor MRI Dataset\classification_task\train\glioma\brisc2025_train_00121_gl_ax_t1.jpg
117,118,2,glioma,glioma,True,D:\brain_tumor\🧠 Brain Tumor MRI Dataset\classification_task\train\glioma\brisc2025_train_00118_gl_ax_t1.jpg,D:\brain_tumor\🧠 Brain Tumor MRI Dataset\classification_task\train\glioma\brisc2025_train_00119_gl_ax_t1.jpg
117,119,6,glioma,glioma,True,D:\brain_tumor\🧠 Brain Tumor MRI Dataset\classification_task\train\glioma\brisc2025_train_00118_gl_ax_t1.jpg,D:\brain_tumor\🧠 Brain Tumor MRI Dataset\classification_task\train\glioma\brisc2025_train_00120_gl_ax_t1.jpg
117,120,6,glioma,glioma,True,D:\brain_tumor\🧠 Brain Tumor MRI Dataset\classification_task\train\glioma\brisc2025_train_00118_gl_ax_t1.jpg,D:\brain_tumor\🧠 Brain Tumor MRI Dataset\classification_task\train\glioma\brisc2025_train_00121_gl_ax_t1.jpg
118,119,4,glioma,glioma,True,D:\brain_tumor\🧠 Brain Tumor MRI Dataset\classification_task\train\glioma\brisc2025_train_00119_gl_ax_t1.jpg,D:\brain_tumor\🧠 Brain Tumor MRI Dataset\classification_task\train\glioma\brisc2025_train_00120_gl_ax_t1.jpg
118,120,6,glioma,glioma,True,D:\brain_tumor\🧠 Brain Tumor MRI Dataset\classification_task\train\glioma\brisc2025_train_00119_gl_ax_t1.jpg,D:\brain_tumor\🧠 Brain Tumor MRI Dataset\classification_task\train\glioma\brisc2025_train_00121_gl_ax_t1.jpg
118,1457,6,glioma,meningioma,False,D:\brain_tumor\🧠 Brain Tumor MRI Dataset\classification_task\train\glioma\brisc2025_train_00119_gl_ax_t1.jpg,D:\brain_tumor\🧠 Brain Tumor MRI Dataset\classification_task\train\meningioma\brisc2025_train_01464_me_ax_t1.jpg
119,120,2,glioma,glioma,True,D:\brain_tumor\🧠 Brain Tumor MRI Dataset\classification_task\train\glioma\brisc2025_train_00120_gl_ax_t1.jpg,D:\brain_tumor\🧠 Brain Tumor MRI Dataset\classification_task\train\glioma\brisc2025_train_00121_gl_ax_t1.jpg
119,1439,6,glioma,meningioma,False,D:\brain_tumor\🧠 Brain Tumor MRI Dataset\classification_task\train\glioma\brisc2025_train_00120_gl_ax_t1.jpg,D:\brain_tumor\🧠 Brain Tumor MRI Dataset\classification_task\train\meningioma\brisc2025_train_01446_me_ax_t1.jpg
121,371,6,glioma,glioma,True,D:\brain_tumor\🧠 Brain Tumor MRI Dataset\classification_task\train\glioma\brisc2025_train_00122_gl_ax_t1.jpg,D:\brain_tumor\🧠 Brain Tumor MRI Dataset\classification_task\train\glioma\brisc2025_train_00372_gl_ax_t1.jpg
121,1458,6,glioma,meningioma,False,D:\brain_tumor\🧠 Brain Tumor MRI Dataset\classification_task\train\glioma\brisc2025_train_00122_gl_ax_t1.jpg,D:\brain_tumor\🧠 Brain Tumor MRI Dataset\classification_task\train\meningioma\brisc2025_train_01465_me_ax_t1.jpg
122,123,6,glioma,glioma,True,D:\brain_tumor\🧠 Brain Tumor MRI Dataset\classification_task\train\glioma\brisc2025_train_00123_gl_ax_t1.jpg,D:\brain_tumor\🧠 Brain Tumor MRI Dataset\classification_task\train\glioma\brisc2025_train_00124_gl_ax_t1.jpg
125,126,6,glioma,glioma,True,D:\brain_tumor\🧠 Brain Tumor MRI Dataset\classification_task\train\glioma\brisc2025_train_00126_gl_ax_t1.jpg,D:\brain_tumor\🧠 Brain Tumor MRI Dataset\classification_task\train\glioma\brisc2025_train_00127_gl_ax_t1.jpg
125,129,2,glioma,glioma,True,D:\brain_tumor\🧠 Brain Tumor MRI Dataset\classification_task\train\glioma\brisc2025_train_00126_gl_ax_t1.jpg,D:\brain_tumor\🧠 Brain Tumor MRI Dataset\classification_task\train\glioma\brisc2025_train_00130_gl_ax_t1.jpg
125,130,2,glioma,glioma,True,D:\brain_tumor\🧠 Brain Tumor MRI Dataset\classification_task\train\glioma\brisc2025_train_00126_gl_ax_t1.jpg,D:\brain_tumor\🧠 Brain Tumor MRI Dataset\classification_task\train\glioma\brisc2025_train_00131_gl_ax_t1.jpg
126,129,6,glioma,glioma,True,D:\brain_tumor\🧠 Brain Tumor MRI Dataset\classification_task\train\glioma\brisc2025_train_00127_gl_ax_t1.jpg,D:\brain_tumor\🧠 Brain Tumor MRI Dataset\classification_task\train\glioma\brisc2025_train_00130_gl_ax_t1.jpg
129,130,2,glioma,glioma,True,D:\brain_tumor\🧠 Brain Tumor MRI Dataset\classification_task\train\glioma\brisc2025_train_00130_gl_ax_t1.jpg,D:\brain_tumor\🧠 Brain Tumor MRI Dataset\classification_task\train\glioma\brisc2025_train_00131_gl_ax_t1.jpg
132,133,2,glioma,glioma,True,D:\brain_tumor\🧠 Brain Tumor MRI Dataset\classification_task\train\glioma\brisc2025_train_00133_gl_ax_t1.jpg,D:\brain_tumor\🧠 Brain Tumor MRI Dataset\classification_task\train\glioma\brisc2025_train_00134_gl_ax_t1.jpg
132,134,4,glioma,glioma,True,D:\brain_tumor\🧠 Brain Tumor MRI Dataset\classification_task\train\glioma\brisc2025_train_00133_gl_ax_t1.jpg,D:\brain_tumor\🧠 Brain Tumor MRI Dataset\classification_task\train\glioma\brisc2025_train_00135_gl_ax_t1.jpg
132,135,6,glioma,glioma,True,D:\brain_tumor\🧠 Brain Tumor MRI Dataset\classification_task\train\glioma\brisc2025_train_00133_gl_ax_t1.jpg,D:\brain_tumor\🧠 Brain Tumor MRI Dataset\classification_task\train\glioma\brisc2025_train_00136_gl_ax_t1.jpg
133,134,6,glioma,glioma,True,D:\brain_tumor\🧠 Brain Tumor MRI Dataset\classification_task\train\glioma\brisc2025_train_00134_gl_ax_t1.jpg,D:\brain_tumor\🧠 Brain Tumor MRI Dataset\classification_task\train\glioma\brisc2025_train_00135_gl_ax_t1.jpg
134,135,4,glioma,glioma,True,D:\brain_tumor\🧠 Brain Tumor MRI Dataset\classification_task\train\glioma\brisc2025_train_00135_gl_ax_t1.jpg,D:\brain_tumor\🧠 Brain Tumor MRI Dataset\classification_task\train\glioma\brisc2025_train_00136_gl_ax_t1.jpg
137,138,6,glioma,glioma,True,D:\brain_tumor\🧠 Brain Tumor MRI Dataset\classification_task\train\glioma\brisc2025_train_00138_gl_ax_t1.jpg,D:\brain_tumor\🧠 Brain Tumor MRI Dataset\classification_task\train\glioma\brisc2025_train_00139_gl_ax_t1.jpg
137,139,4,glioma,glioma,True,D:\brain_tumor\🧠 Brain Tumor MRI Dataset\classification_task\train\glioma\brisc2025_train_00138_gl_ax_t1.jpg,D:\brain_tumor\🧠 Brain Tumor MRI Dataset\classification_task\train\glioma\brisc2025_train_00140_gl_ax_t1.jpg
138,139,2,glioma,glioma,True,D:\brain_tumor\🧠 Brain Tumor MRI Dataset\classification_task\train\glioma\brisc2025_train_00139_gl_ax_t1.jpg,D:\brain_tumor\🧠 Brain Tumor MRI Dataset\classification_task\train\glioma\brisc2025_train_00140_gl_ax_t1.jpg
138,140,6,glioma,glioma,True,D:\brain_tumor\🧠 Brain Tumor MRI Dataset\classification_task\train\glioma\brisc2025_train_00139_gl_ax_t1.jpg,D:\brain_tumor\🧠 Brain Tumor MRI Dataset\classification_task\train\glioma\brisc2025_train_00141_gl_ax_t1.jpg
138,383,6,glioma,glioma,True,D:\brain_tumor\🧠 Brain Tumor MRI Dataset\classification_task\train\glioma\brisc2025_train_00139_gl_ax_t1.jpg,D:\brain_tumor\🧠 Brain Tumor MRI Dataset\classification_task\train\glioma\brisc2025_train_00384_gl_ax_t1.jpg
138,2526,6,glioma,no_tumor,False,D:\brain_tumor\🧠 Brain Tumor MRI Dataset\classification_task\train\glioma\brisc2025_train_00139_gl_ax_t1.jpg,D:\brain_tumor\🧠 Brain Tumor MRI Dataset\classification_task\train\no_tumor\brisc2025_train_02546_no_ax_t1.jpg
139,140,6,glioma,glioma,True,D:\brain_tumor\🧠 Brain Tumor MRI Dataset\classification_task\train\glioma\brisc2025_train_00140_gl_ax_t1.jpg,D:\brain_tumor\🧠 Brain Tumor MRI Dataset\classification_task\train\glioma\brisc2025_train_00141_gl_ax_t1.jpg
139,150,6,glioma,glioma,True,D:\brain_tumor\🧠 Brain Tumor MRI Dataset\classification_task\train\glioma\brisc2025_train_00140_gl_ax_t1.jpg,D:\brain_tumor\🧠 Brain Tumor MRI Dataset\classification_task\train\glioma\brisc2025_train_00151_gl_ax_t1.jpg
139,152,6,glioma,glioma,True,D:\brain_tumor\🧠 Brain Tumor MRI Dataset\classification_task\train\glioma\brisc2025_train_00140_gl_ax_t1.jpg,D:\brain_tumor\🧠 Brain Tumor MRI Dataset\classification_task\train\glioma\brisc2025_train_00153_gl_ax_t1.jpg
139,383,4,glioma,glioma,True,D:\brain_tumor\🧠 Brain Tumor MRI Dataset\classification_task\train\glioma\brisc2025_train_00140_gl_ax_t1.jpg,D:\brain_tumor\🧠 Brain Tumor MRI Dataset\classification_task\train\glioma\brisc2025_train_00384_gl_ax_t1.jpg
139,384,6,glioma,glioma,True,D:\brain_tumor\🧠 Brain Tumor MRI Dataset\classification_task\train\glioma\brisc2025_train_00140_gl_ax_t1.jpg,D:\brain_tumor\🧠 Brain Tumor MRI Dataset\classification_task\train\glioma\brisc2025_train_00385_gl_ax_t1.jpg
144,145,4,glioma,glioma,True,D:\brain_tumor\🧠 Brain Tumor MRI Dataset\classification_task\train\glioma\brisc2025_train_00145_gl_ax_t1.jpg,D:\brain_tumor\🧠 Brain Tumor MRI Dataset\classification_task\train\glioma\brisc2025_train_00146_gl_ax_t1.jpg
145,146,4,glioma,glioma,True,D:\brain_tumor\🧠 Brain Tumor MRI Dataset\classification_task\train\glioma\brisc2025_train_00146_gl_ax_t1.jpg,D:\brain_tumor\🧠 Brain Tumor MRI Dataset\classification_task\train\glioma\brisc2025_train_00147_gl_ax_t1.jpg
145,147,6,glioma,glioma,True,D:\brain_tumor\🧠 Brain Tumor MRI Dataset\classification_task\train\glioma\brisc2025_train_00146_gl_ax_t1.jpg,D:\brain_tumor\🧠 Brain Tumor MRI Dataset\classification_task\train\glioma\brisc2025_train_00148_gl_ax_t1.jpg
145,271,6,glioma,glioma,True,D:\brain_tumor\🧠 Brain Tumor MRI Dataset\classification_task\train\glioma\brisc2025_train_00146_gl_ax_t1.jpg,D:\brain_tumor\🧠 Brain Tumor MRI Dataset\classification_task\train\glioma\brisc2025_train_00272_gl_ax_t1.jpg
145,321,6,glioma,glioma,True,D:\brain_tumor\🧠 Brain Tumor MRI Dataset\classification_task\train\glioma\brisc2025_train_00146_gl_ax_t1.jpg,D:\brain_tumor\🧠 Brain Tumor MRI Dataset\classification_task\train\glioma\brisc2025_train_00322_gl_ax_t1.jpg
146,147,4,glioma,glioma,True,D:\brain_tumor\🧠 Brain Tumor MRI Dataset\classification_task\train\glioma\brisc2025_train_00147_gl_ax_t1.jpg,D:\brain_tumor\🧠 Brain Tumor MRI Dataset\classification_task\train\glioma\brisc2025_train_00148_gl_ax_t1.jpg
146,271,6,glioma,glioma,True,D:\brain_tumor\🧠 Brain Tumor MRI Dataset\classification_task\train\glioma\brisc2025_train_00147_gl_ax_t1.jpg,D:\brain_tumor\🧠 Brain Tumor MRI Dataset\classification_task\train\glioma\brisc2025_train_00272_gl_ax_t1.jpg
146,272,6,glioma,glioma,True,D:\brain_tumor\🧠 Brain Tumor MRI Dataset\classification_task\train\glioma\brisc2025_train_00147_gl_ax_t1.jpg,D:\brain_tumor\🧠 Brain Tumor MRI Dataset\classification_task\train\glioma\brisc2025_train_00273_gl_ax_t1.jpg
147,148,6,glioma,glioma,True,D:\brain_tumor\🧠 Brain Tumor MRI Dataset\classification_task\train\glioma\brisc2025_train_00148_gl_ax_t1.jpg,D:\brain_tumor\🧠 Brain Tumor MRI Dataset\classification_task\train\glioma\brisc2025_train_00149_gl_ax_t1.jpg
147,179,6,glioma,glioma,True,D:\brain_tumor\🧠 Brain Tumor MRI Dataset\classification_task\train\glioma\brisc2025_train_00148_gl_ax_t1.jpg,D:\brain_tumor\🧠 Brain Tumor MRI Dataset\classification_task\train\glioma\brisc2025_train_00180_gl_ax_t1.jpg
147,180,6,glioma,glioma,True,D:\brain_tumor\🧠 Brain Tumor MRI Dataset\classification_task\train\glioma\brisc2025_train_00148_gl_ax_t1.jpg,D:\brain_tumor\🧠 Brain Tumor MRI Dataset\classification_task\train\glioma\brisc2025_train_00181_gl_ax_t1.jpg
147,322,6,glioma,glioma,True,D:\brain_tumor\🧠 Brain Tumor MRI Dataset\classification_task\train\glioma\brisc2025_train_00148_gl_ax_t1.jpg,D:\brain_tumor\🧠 Brain Tumor MRI Dataset\classification_task\train\glioma\brisc2025_train_00323_gl_ax_t1.jpg
150,152,6,glioma,glioma,True,D:\brain_tumor\🧠 Brain Tumor MRI Dataset\classification_task\train\glioma\brisc2025_train_00151_gl_ax_t1.jpg,D:\brain_tumor\🧠 Brain Tumor MRI Dataset\classification_task\train\glioma\brisc2025_train_00153_gl_ax_t1.jpg
150,153,6,glioma,glioma,True,D:\brain_tumor\🧠 Brain Tumor MRI Dataset\classification_task\train\glioma\brisc2025_train_00151_gl_ax_t1.jpg,D:\brain_tumor\🧠 Brain Tumor MRI Dataset\classification_task\train\glioma\brisc2025_train_00154_gl_ax_t1.jpg
151,152,4,glioma,glioma,True,D:\brain_tumor\🧠 Brain Tumor MRI Dataset\classification_task\train\glioma\brisc2025_train_00152_gl_ax_t1.jpg,D:\brain_tumor\🧠 Brain Tumor MRI Dataset\classification_task\train\glioma\brisc2025_train_00153_gl_ax_t1.jpg
151,153,4,glioma,glioma,True,D:\brain_tumor\🧠 Brain Tumor MRI Dataset\classification_task\train\glioma\brisc2025_train_00152_gl_ax_t1.jpg,D:\brain_tumor\🧠 Brain Tumor MRI Dataset\classification_task\train\glioma\brisc2025_train_00154_gl_ax_t1.jpg
151,154,6,glioma,glioma,True,D:\brain_tumor\🧠 Brain Tumor MRI Dataset\classification_task\train\glioma\brisc2025_train_00152_gl_ax_t1.jpg,D:\brain_tumor\🧠 Brain Tumor MRI Dataset\classification_task\train\glioma\brisc2025_train_00155_gl_ax_t1.jpg
151,1487,4,glioma,meningioma,False,D:\brain_tumor\🧠 Brain Tumor MRI Dataset\classification_task\train\glioma\brisc2025_train_00152_gl_ax_t1.jpg,D:\brain_tumor\🧠 Brain Tumor MRI Dataset\classification_task\train\meningioma\brisc2025_train_01494_me_ax_t1.jpg
151,1495,6,glioma,meningioma,False,D:\brain_tumor\🧠 Brain Tumor MRI Dataset\classification_task\train\glioma\brisc2025_train_00152_gl_ax_t1.jpg,D:\brain_tumor\🧠 Brain Tumor MRI Dataset\classification_task\train\meningioma\brisc2025_train_01502_me_ax_t1.jpg
152,153,2,glioma,glioma,True,D:\brain_tumor\🧠 Brain Tumor MRI Dataset\classification_task\train\glioma\brisc2025_train_00153_gl_ax_t1.jpg,D:\brain_tumor\🧠 Brain Tumor MRI Dataset\classification_task\train\glioma\brisc2025_train_00154_gl_ax_t1.jpg
152,154,4,glioma,glioma,True,D:\brain_tumor\🧠 Brain Tumor MRI Dataset\classification_task\train\glioma\brisc2025_train_00153_gl_ax_t1.jpg,D:\brain_tumor\🧠 Brain Tumor MRI Dataset\classification_task\train\glioma\brisc2025_train_00155_gl_ax_t1.jpg
152,155,6,glioma,glioma,True,D:\brain_tumor\🧠 Brain Tumor MRI Dataset\classification_task\train\glioma\brisc2025_train_00153_gl_ax_t1.jpg,D:\brain_tumor\🧠 Brain Tumor MRI Dataset\classification_task\train\glioma\brisc2025_train_00156_gl_ax_t1.jpg
153,154,2,glioma,glioma,True,D:\brain_tumor\🧠 Brain Tumor MRI Dataset\classification_task\train\glioma\brisc2025_train_00154_gl_ax_t1.jpg,D:\brain_tumor\🧠 Brain Tumor MRI Dataset\classification_task\train\glioma\brisc2025_train_00155_gl_ax_t1.jpg
153,155,4,glioma,glioma,True,D:\brain_tumor\🧠 Brain Tumor MRI Dataset\classification_task\train\glioma\brisc2025_train_00154_gl_ax_t1.jpg,D:\brain_tumor\🧠 Brain Tumor MRI Dataset\classification_task\train\glioma\brisc2025_train_00156_gl_ax_t1.jpg
154,155,4,glioma,glioma,True,D:\brain_tumor\🧠 Brain Tumor MRI Dataset\classification_task\train\glioma\brisc2025_train_00155_gl_ax_t1.jpg,D:\brain_tumor\🧠 Brain Tumor MRI Dataset\classification_task\train\glioma\brisc2025_train_00156_gl_ax_t1.jpg
154,1461,6,glioma,meningioma,False,D:\brain_tumor\🧠 Brain Tumor MRI Dataset\classification_task\train\glioma\brisc2025_train_00155_gl_ax_t1.jpg,D:\brain_tumor\🧠 Brain Tumor MRI Dataset\classification_task\train\meningioma\brisc2025_train_01468_me_ax_t1.jpg
155,156,6,glioma,glioma,True,D:\brain_tumor\🧠 Brain Tumor MRI Dataset\classification_task\train\glioma\brisc2025_train_00156_gl_ax_t1.jpg,D:\brain_tumor\🧠 Brain Tumor MRI Dataset\classification_task\train\glioma\brisc2025_train_00157_gl_ax_t1.jpg
155,1428,6,glioma,meningioma,False,D:\brain_tumor\🧠 Brain Tumor MRI Dataset\classification_task\train\glioma\brisc2025_train_00156_gl_ax_t1.jpg,D:\brain_tumor\🧠 Brain Tumor MRI Dataset\classification_task\train\meningioma\brisc2025_train_01435_me_ax_t1.jpg
156,254,6,glioma,glioma,True,D:\brain_tumor\🧠 Brain Tumor MRI Dataset\classification_task\train\glioma\brisc2025_train_00157_gl_ax_t1.jpg,D:\brain_tumor\🧠 Brain Tumor MRI Dataset\classification_task\train\glioma\brisc2025_train_00255_gl_ax_t1.jpg
156,255,4,glioma,glioma,True,D:\brain_tumor\🧠 Brain Tumor MRI Dataset\classification_task\train\glioma\brisc2025_train_00157_gl_ax_t1.jpg,D:\brain_tumor\🧠 Brain Tumor MRI Dataset\classification_task\train\glioma\brisc2025_train_00256_gl_ax_t1.jpg
156,664,4,glioma,glioma,True,D:\brain_tumor\🧠 Brain Tumor MRI Dataset\classification_task\train\glioma\brisc2025_train_00157_gl_ax_t1.jpg,D:\brain_tumor\🧠 Brain Tumor MRI Dataset\classification_task\train\glioma\brisc2025_train_00665_gl_co_t1.jpg
156,1538,6,glioma,meningioma,False,D:\brain_tumor\🧠 Brain Tumor MRI Dataset\classification_task\train\glioma\brisc2025_train_00157_gl_ax_t1.jpg,D:\brain_tumor\🧠 Brain Tumor MRI Dataset\classification_task\train\meningioma\brisc2025_train_01545_me_ax_t1.jpg
156,1539,6,glioma,meningioma,False,D:\brain_tumor\🧠 Brain Tumor MRI Dataset\classification_task\train\glioma\brisc2025_train_00157_gl_ax_t1.jpg,D:\brain_tumor\🧠 Brain Tumor MRI Dataset\classification_task\train\meningioma\brisc2025_train_01546_me_ax_t1.jpg
157,169,6,glioma,glioma,True,D:\brain_tumor\🧠 Brain Tumor MRI Dataset\classification_task\train\glioma\brisc2025_train_00158_gl_ax_t1.jpg,D:\brain_tumor\🧠 Brain Tumor MRI Dataset\classification_task\train\glioma\brisc2025_train_00170_gl_ax_t1.jpg
157,224,6,glioma,glioma,True,D:\brain_tumor\🧠 Brain Tumor MRI Dataset\classification_task\train\glioma\brisc2025_train_00158_gl_ax_t1.jpg,D:\brain_tumor\🧠 Brain Tumor MRI Dataset\classification_task\train\glioma\brisc2025_train_00225_gl_ax_t1.jpg
157,1530,6,glioma,meningioma,False,D:\brain_tumor\🧠 Brain Tumor MRI Dataset\classification_task\train\glioma\brisc2025_train_00158_gl_ax_t1.jpg,D:\brain_tumor\🧠 Brain Tumor MRI Dataset\classification_task\train\meningioma\brisc2025_train_01537_me_ax_t1.jpg
161,164,6,glioma,glioma,True,D:\brain_tumor\🧠 Brain Tumor MRI Dataset\classification_task\train\glioma\brisc2025_train_00162_gl_ax_t1.jpg,D:\brain_tumor\🧠 Brain Tumor MRI Dataset\classification_task\train\glioma\brisc2025_train_00165_gl_ax_t1.jpg
161,165,6,glioma,glioma,True,D:\brain_tumor\🧠 Brain Tumor MRI Dataset\classification_task\train\glioma\brisc2025_train_00162_gl_ax_t1.jpg,D:\brain_tumor\🧠 Brain Tumor MRI Dataset\classification_task\train\glioma\brisc2025_train_00166_gl_ax_t1.jpg
161,166,6,glioma,glioma,True,D:\brain_tumor\🧠 Brain Tumor MRI Dataset\classification_task\train\glioma\brisc2025_train_00162_gl_ax_t1.jpg,D:\brain_tumor\🧠 Brain Tumor MRI Dataset\classification_task\train\glioma\brisc2025_train_00167_gl_ax_t1.jpg
161,167,6,glioma,glioma,True,D:\brain_tumor\🧠 Brain Tumor MRI Dataset\classification_task\train\glioma\brisc2025_train_00162_gl_ax_t1.jpg,D:\brain_tumor\🧠 Brain Tumor MRI Dataset\classification_task\train\glioma\brisc2025_train_00168_gl_ax_t1.jpg
163,164,2,glioma,glioma,True,D:\brain_tumor\🧠 Brain Tumor MRI Dataset\classification_task\train\glioma\brisc2025_train_00164_gl_ax_t1.jpg,D:\brain_tumor\🧠 Brain Tumor MRI Dataset\classification_task\train\glioma\brisc2025_train_00165_gl_ax_t1.jpg
163,165,4,glioma,glioma,True,D:\brain_tumor\🧠 Brain Tumor MRI Dataset\classification_task\train\glioma\brisc2025_train_00164_gl_ax_t1.jpg,D:\brain_tumor\🧠 Brain Tumor MRI Dataset\classification_task\train\glioma\brisc2025_train_00166_gl_ax_t1.jpg
163,167,6,glioma,glioma,True,D:\brain_tumor\🧠 Brain Tumor MRI Dataset\classification_task\train\glioma\brisc2025_train_00164_gl_ax_t1.jpg,D:\brain_tumor\🧠 Brain Tumor MRI Dataset\classification_task\train\glioma\brisc2025_train_00168_gl_ax_t1.jpg
164,165,2,glioma,glioma,True,D:\brain_tumor\🧠 Brain Tumor MRI Dataset\classification_task\train\glioma\brisc2025_train_00165_gl_ax_t1.jpg,D:\brain_tumor\🧠 Brain Tumor MRI Dataset\classification_task\train\glioma\brisc2025_train_00166_gl_ax_t1.jpg
164,166,6,glioma,glioma,True,D:\brain_tumor\🧠 Brain Tumor MRI Dataset\classification_task\train\glioma\brisc2025_train_00165_gl_ax_t1.jpg,D:\brain_tumor\🧠 Brain Tumor MRI Dataset\classification_task\train\glioma\brisc2025_train_00167_gl_ax_t1.jpg
164,167,4,glioma,glioma,True,D:\brain_tumor\🧠 Brain Tumor MRI Dataset\classification_task\train\glioma\brisc2025_train_00165_gl_ax_t1.jpg,D:\brain_tumor\🧠 Brain Tumor MRI Dataset\classification_task\train\glioma\brisc2025_train_00168_gl_ax_t1.jpg
165,166,6,glioma,glioma,True,D:\brain_tumor\🧠 Brain Tumor MRI Dataset\classification_task\train\glioma\brisc2025_train_00166_gl_ax_t1.jpg,D:\brain_tumor\🧠 Brain Tumor MRI Dataset\classification_task\train\glioma\brisc2025_train_00167_gl_ax_t1.jpg
165,167,6,glioma,glioma,True,D:\brain_tumor\🧠 Brain Tumor MRI Dataset\classification_task\train\glioma\brisc2025_train_00166_gl_ax_t1.jpg,D:\brain_tumor\🧠 Brain Tumor MRI Dataset\classification_task\train\glioma\brisc2025_train_00168_gl_ax_t1.jpg
166,167,6,glioma,glioma,True,D:\brain_tumor\🧠 Brain Tumor MRI Dataset\classification_task\train\glioma\brisc2025_train_00167_gl_ax_t1.jpg,D:\brain_tumor\🧠 Brain Tumor MRI Dataset\classification_task\train\glioma\brisc2025_train_00168_gl_ax_t1.jpg
168,169,6,glioma,glioma,True,D:\brain_tumor\🧠 Brain Tumor MRI Dataset\classification_task\train\glioma\brisc2025_train_00169_gl_ax_t1.jpg,D:\brain_tumor\🧠 Brain Tumor MRI Dataset\classification_task\train\glioma\brisc2025_train_00170_gl_ax_t1.jpg
169,337,6,glioma,glioma,True,D:\brain_tumor\🧠 Brain Tumor MRI Dataset\classification_task\train\glioma\brisc2025_train_00170_gl_ax_t1.jpg,D:\brain_tumor\🧠 Brain Tumor MRI Dataset\classification_task\train\glioma\brisc2025_train_00338_gl_ax_t1.jpg
169,1530,2,glioma,meningioma,False,D:\brain_tumor\🧠 Brain Tumor MRI Dataset\classification_task\train\glioma\brisc2025_train_00170_gl_ax_t1.jpg,D:\brain_tumor\🧠 Brain Tumor MRI Dataset\classification_task\train\meningioma\brisc2025_train_01537_me_ax_t1.jpg
177,178,6,glioma,glioma,True,D:\brain_tumor\🧠 Brain Tumor MRI Dataset\classification_task\train\glioma\brisc2025_train_00178_gl_ax_t1.jpg,D:\brain_tumor\🧠 Brain Tumor MRI Dataset\classification_task\train\glioma\brisc2025_train_00179_gl_ax_t1.jpg
179,180,4,glioma,glioma,True,D:\brain_tumor\🧠 Brain Tumor MRI Dataset\classification_task\train\glioma\brisc2025_train_00180_gl_ax_t1.jpg,D:\brain_tumor\🧠 Brain Tumor MRI Dataset\classification_task\train\glioma\brisc2025_train_00181_gl_ax_t1.jpg
179,2558,6,glioma,no_tumor,False,D:\brain_tumor\🧠 Brain Tumor MRI Dataset\classification_task\train\glioma\brisc2025_train_00180_gl_ax_t1.jpg,D:\brain_tumor\🧠 Brain Tumor MRI Dataset\classification_task\train\no_tumor\brisc2025_train_02578_no_ax_t1.jpg
180,271,6,glioma,glioma,True,D:\brain_tumor\🧠 Brain Tumor MRI Dataset\classification_task\train\glioma\brisc2025_train_00181_gl_ax_t1.jpg,D:\brain_tumor\🧠 Brain Tumor MRI Dataset\classification_task\train\glioma\brisc2025_train_00272_gl_ax_t1.jpg
183,184,4,glioma,glioma,True,D:\brain_tumor\🧠 Brain Tumor MRI Dataset\classification_task\train\glioma\brisc2025_train_00184_gl_ax_t1.jpg,D:\brain_tumor\🧠 Brain Tumor MRI Dataset\classification_task\train\glioma\brisc2025_train_00185_gl_ax_t1.jpg
183,185,4,glioma,glioma,True,D:\brain_tumor\🧠 Brain Tumor MRI Dataset\classification_task\train\glioma\brisc2025_train_00184_gl_ax_t1.jpg,D:\brain_tumor\🧠 Brain Tumor MRI Dataset\classification_task\train\glioma\brisc2025_train_00186_gl_ax_t1.jpg
183,186,4,glioma,glioma,True,D:\brain_tumor\🧠 Brain Tumor MRI Dataset\classification_task\train\glioma\brisc2025_train_00184_gl_ax_t1.jpg,D:\brain_tumor\🧠 Brain Tumor MRI Dataset\classification_task\train\glioma\brisc2025_train_00187_gl_ax_t1.jpg
184,185,2,glioma,glioma,True,D:\brain_tumor\🧠 Brain Tumor MRI Dataset\classification_task\train\glioma\brisc2025_train_00185_gl_ax_t1.jpg,D:\brain_tumor\🧠 Brain Tumor MRI Dataset\classification_task\train\glioma\brisc2025_train_00186_gl_ax_t1.jpg
184,186,4,glioma,glioma,True,D:\brain_tumor\🧠 Brain Tumor MRI Dataset\classification_task\train\glioma\brisc2025_train_00185_gl_ax_t1.jpg,D:\brain_tumor\🧠 Brain Tumor MRI Dataset\classification_task\train\glioma\brisc2025_train_00187_gl_ax_t1.jpg
185,186,2,glioma,glioma,True,D:\brain_tumor\🧠 Brain Tumor MRI Dataset\classification_task\train\glioma\brisc2025_train_00186_gl_ax_t1.jpg,D:\brain_tumor\🧠 Brain Tumor MRI Dataset\classification_task\train\glioma\brisc2025_train_00187_gl_ax_t1.jpg
188,189,4,glioma,glioma,True,D:\brain_tumor\🧠 Brain Tumor MRI Dataset\classification_task\train\glioma\brisc2025_train_00189_gl_ax_t1.jpg,D:\brain_tumor\🧠 Brain Tumor MRI Dataset\classification_task\train\glioma\brisc2025_train_00190_gl_ax_t1.jpg
190,191,4,glioma,glioma,True,D:\brain_tumor\🧠 Brain Tumor MRI Dataset\classification_task\train\glioma\brisc2025_train_00191_gl_ax_t1.jpg,D:\brain_tumor\🧠 Brain Tumor MRI Dataset\classification_task\train\glioma\brisc2025_train_00192_gl_ax_t1.jpg
195,196,4,glioma,glioma,True,D:\brain_tumor\🧠 Brain Tumor MRI Dataset\classification_task\train\glioma\brisc2025_train_00196_gl_ax_t1.jpg,D:\brain_tumor\🧠 Brain Tumor MRI Dataset\classification_task\train\glioma\brisc2025_train_00197_gl_ax_t1.jpg
197,198,6,glioma,glioma,True,D:\brain_tumor\🧠 Brain Tumor MRI Dataset\classification_task\train\glioma\brisc2025_train_00198_gl_ax_t1.jpg,D:\brain_tumor\🧠 Brain Tumor MRI Dataset\classification_task\train\glioma\brisc2025_train_00199_gl_ax_t1.jpg
197,199,6,glioma,glioma,True,D:\brain_tumor\🧠 Brain Tumor MRI Dataset\classification_task\train\glioma\brisc2025_train_00198_gl_ax_t1.jpg,D:\brain_tumor\🧠 Brain Tumor MRI Dataset\classification_task\train\glioma\brisc2025_train_00200_gl_ax_t1.jpg
199,200,6,glioma,glioma,True,D:\brain_tumor\🧠 Brain Tumor MRI Dataset\classification_task\train\glioma\brisc2025_train_00200_gl_ax_t1.jpg,D:\brain_tumor\🧠 Brain Tumor MRI Dataset\classification_task\train\glioma\brisc2025_train_00201_gl_ax_t1.jpg
200,202,6,glioma,glioma,True,D:\brain_tumor\🧠 Brain Tumor MRI Dataset\classification_task\train\glioma\brisc2025_train_00201_gl_ax_t1.jpg,D:\brain_tumor\🧠 Brain Tumor MRI Dataset\classification_task\train\glioma\brisc2025_train_00203_gl_ax_t1.jpg
201,211,6,glioma,glioma,True,D:\brain_tumor\🧠 Brain Tumor MRI Dataset\classification_task\train\glioma\brisc2025_train_00202_gl_ax_t1.jpg,D:\brain_tumor\🧠 Brain Tumor MRI Dataset\classification_task\train\glioma\brisc2025_train_00212_gl_ax_t1.jpg
213,214,6,glioma,glioma,True,D:\brain_tumor\🧠 Brain Tumor MRI Dataset\classification_task\train\glioma\brisc2025_train_00214_gl_ax_t1.jpg,D:\brain_tumor\🧠 Brain Tumor MRI Dataset\classification_task\train\glioma\brisc2025_train_00215_gl_ax_t1.jpg
216,217,4,glioma,glioma,True,D:\brain_tumor\🧠 Brain Tumor MRI Dataset\classification_task\train\glioma\brisc2025_train_00217_gl_ax_t1.jpg,D:\brain_tumor\🧠 Brain Tumor MRI Dataset\classification_task\train\glioma\brisc2025_train_00218_gl_ax_t1.jpg
216,471,6,glioma,glioma,True,D:\brain_tumor\🧠 Brain Tumor MRI Dataset\classification_task\train\glioma\brisc2025_train_00217_gl_ax_t1.jpg,D:\brain_tumor\🧠 Brain Tumor MRI Dataset\classification_task\train\glioma\brisc2025_train_00472_gl_co_t1.jpg
217,218,6,glioma,glioma,True,D:\brain_tumor\🧠 Brain Tumor MRI Dataset\classification_task\train\glioma\brisc2025_train_00218_gl_ax_t1.jpg,D:\brain_tumor\🧠 Brain Tumor MRI Dataset\classification_task\train\glioma\brisc2025_train_00219_gl_ax_t1.jpg
218,1227,6,glioma,meningioma,False,D:\brain_tumor\🧠 Brain Tumor MRI Dataset\classification_task\train\glioma\brisc2025_train_00219_gl_ax_t1.jpg,D:\brain_tumor\🧠 Brain Tumor MRI Dataset\classification_task\train\meningioma\brisc2025_train_01229_me_ax_t1.jpg
218,1228,6,glioma,meningioma,False,D:\brain_tumor\🧠 Brain Tumor MRI Dataset\classification_task\train\glioma\brisc2025_train_00219_gl_ax_t1.jpg,D:\brain_tumor\🧠 Brain Tumor MRI Dataset\classification_task\train\meningioma\brisc2025_train_01230_me_ax_t1.jpg
218,1512,6,glioma,meningioma,False,D:\brain_tumor\🧠 Brain Tumor MRI Dataset\classification_task\train\glioma\brisc2025_train_00219_gl_ax_t1.jpg,D:\brain_tumor\🧠 Brain Tumor MRI Dataset\classification_task\train\meningioma\brisc2025_train_01519_me_ax_t1.jpg
219,220,6,glioma,glioma,True,D:\brain_tumor\🧠 Brain Tumor MRI Dataset\classification_task\train\glioma\brisc2025_train_00220_gl_ax_t1.jpg,D:\brain_tumor\🧠 Brain Tumor MRI Dataset\classification_task\train\glioma\brisc2025_train_00221_gl_ax_t1.jpg
219,270,6,glioma,glioma,True,D:\brain_tumor\🧠 Brain Tumor MRI Dataset\classification_task\train\glioma\brisc2025_train_00220_gl_ax_t1.jpg,D:\brain_tumor\🧠 Brain Tumor MRI Dataset\classification_task\train\glioma\brisc2025_train_00271_gl_ax_t1.jpg
219,1427,6,glioma,meningioma,False,D:\brain_tumor\🧠 Brain Tumor MRI Dataset\classification_task\train\glioma\brisc2025_train_00220_gl_ax_t1.jpg,D:\brain_tumor\🧠 Brain Tumor MRI Dataset\classification_task\train\meningioma\brisc2025_train_01434_me_ax_t1.jpg
220,270,6,glioma,glioma,True,D:\brain_tumor\🧠 Brain Tumor MRI Dataset\classification_task\train\glioma\brisc2025_train_00221_gl_ax_t1.jpg,D:\brain_tumor\🧠 Brain Tumor MRI Dataset\classification_task\train\glioma\brisc2025_train_00271_gl_ax_t1.jpg
220,616,6,glioma,glioma,True,D:\brain_tumor\🧠 Brain Tumor MRI Dataset\classification_task\train\glioma\brisc2025_train_00221_gl_ax_t1.jpg,D:\brain_tumor\🧠 Brain Tumor MRI Dataset\classification_task\train\glioma\brisc2025_train_00617_gl_co_t1.jpg
220,1194,6,glioma,meningioma,False,D:\brain_tumor\🧠 Brain Tumor MRI Dataset\classification_task\train\glioma\brisc2025_train_00221_gl_ax_t1.jpg,D:\brain_tumor\🧠 Brain Tumor MRI Dataset\classification_task\train\meningioma\brisc2025_train_01195_me_ax_t1.jpg
220,1427,6,glioma,meningioma,False,D:\brain_tumor\🧠 Brain Tumor MRI Dataset\classification_task\train\glioma\brisc2025_train_00221_gl_ax_t1.jpg,D:\brain_tumor\🧠 Brain Tumor MRI Dataset\classification_task\train\meningioma\brisc2025_train_01434_me_ax_t1.jpg
221,222,6,glioma,glioma,True,D:\brain_tumor\🧠 Brain Tumor MRI Dataset\classification_task\train\glioma\brisc2025_train_00222_gl_ax_t1.jpg,D:\brain_tumor\🧠 Brain Tumor MRI Dataset\classification_task\train\glioma\brisc2025_train_00223_gl_ax_t1.jpg
223,224,4,glioma,glioma,True,D:\brain_tumor\🧠 Brain Tumor MRI Dataset\classification_task\train\glioma\brisc2025_train_00224_gl_ax_t1.jpg,D:\brain_tumor\🧠 Brain Tumor MRI Dataset\classification_task\train\glioma\brisc2025_train_00225_gl_ax_t1.jpg
225,226,4,glioma,glioma,True,D:\brain_tumor\🧠 Brain Tumor MRI Dataset\classification_task\train\glioma\brisc2025_train_00226_gl_ax_t1.jpg,D:\brain_tumor\🧠 Brain Tumor MRI Dataset\classification_task\train\glioma\brisc2025_train_00227_gl_ax_t1.jpg
232,233,6,glioma,glioma,True,D:\brain_tumor\🧠 Brain Tumor MRI Dataset\classification_task\train\glioma\brisc2025_train_00233_gl_ax_t1.jpg,D:\brain_tumor\🧠 Brain Tumor MRI Dataset\classification_task\train\glioma\brisc2025_train_00234_gl_ax_t1.jpg
240,241,6,glioma,glioma,True,D:\brain_tumor\🧠 Brain Tumor MRI Dataset\classification_task\train\glioma\brisc2025_train_00241_gl_ax_t1.jpg,D:\brain_tumor\🧠 Brain Tumor MRI Dataset\classification_task\train\glioma\brisc2025_train_00242_gl_ax_t1.jpg
242,243,4,glioma,glioma,True,D:\brain_tumor\🧠 Brain Tumor MRI Dataset\classification_task\train\glioma\brisc2025_train_00243_gl_ax_t1.jpg,D:\brain_tumor\🧠 Brain Tumor MRI Dataset\classification_task\train\glioma\brisc2025_train_00244_gl_ax_t1.jpg
243,244,6,glioma,glioma,True,D:\brain_tumor\🧠 Brain Tumor MRI Dataset\classification_task\train\glioma\brisc2025_train_00244_gl_ax_t1.jpg,D:\brain_tumor\🧠 Brain Tumor MRI Dataset\classification_task\train\glioma\brisc2025_train_00245_gl_ax_t1.jpg
244,245,6,glioma,glioma,True,D:\brain_tumor\🧠 Brain Tumor MRI Dataset\classification_task\train\glioma\brisc2025_train_00245_gl_ax_t1.jpg,D:\brain_tumor\🧠 Brain Tumor MRI Dataset\classification_task\train\glioma\brisc2025_train_00246_gl_ax_t1.jpg
246,247,2,glioma,glioma,True,D:\brain_tumor\🧠 Brain Tumor MRI Dataset\classification_task\train\glioma\brisc2025_train_00247_gl_ax_t1.jpg,D:\brain_tumor\🧠 Brain Tumor MRI Dataset\classification_task\train\glioma\brisc2025_train_00248_gl_ax_t1.jpg
246,248,2,glioma,glioma,True,D:\brain_tumor\🧠 Brain Tumor MRI Dataset\classification_task\train\glioma\brisc2025_train_00247_gl_ax_t1.jpg,D:\brain_tumor\🧠 Brain Tumor MRI Dataset\classification_task\train\glioma\brisc2025_train_00249_gl_ax_t1.jpg
246,1152,6,glioma,meningioma,False,D:\brain_tumor\🧠 Brain Tumor MRI Dataset\classification_task\train\glioma\brisc2025_train_00247_gl_ax_t1.jpg,D:\brain_tumor\🧠 Brain Tumor MRI Dataset\classification_task\train\meningioma\brisc2025_train_01153_me_ax_t1.jpg
246,1838,6,glioma,meningioma,False,D:\brain_tumor\🧠 Brain Tumor MRI Dataset\classification_task\train\glioma\brisc2025_train_00247_gl_ax_t1.jpg,D:\brain_tumor\🧠 Brain Tumor MRI Dataset\classification_task\train\meningioma\brisc2025_train_01851_me_co_t1.jpg
246,2122,4,glioma,meningioma,False,D:\brain_tumor\🧠 Brain Tumor MRI Dataset\classification_task\train\glioma\brisc2025_train_00247_gl_ax_t1.jpg,D:\brain_tumor\🧠 Brain Tumor MRI Dataset\classification_task\train\meningioma\brisc2025_train_02138_me_sa_t1.jpg
246,2619,6,glioma,no_tumor,False,D:\brain_tumor\🧠 Brain Tumor MRI Dataset\classification_task\train\glioma\brisc2025_train_00247_gl_ax_t1.jpg,D:\brain_tumor\🧠 Brain Tumor MRI Dataset\classification_task\train\no_tumor\brisc2025_train_02639_no_ax_t1.jpg
247,248,0,glioma,glioma,True,D:\brain_tumor\🧠 Brain Tumor MRI Dataset\classification_task\train\glioma\brisc2025_train_00248_gl_ax_t1.jpg,D:\brain_tumor\🧠 Brain Tumor MRI Dataset\classification_task\train\glioma\brisc2025_train_00249_gl_ax_t1.jpg
247,2122,6,glioma,meningioma,False,D:\brain_tumor\🧠 Brain Tumor MRI Dataset\classification_task\train\glioma\brisc2025_train_00248_gl_ax_t1.jpg,D:\brain_tumor\🧠 Brain Tumor MRI Dataset\classification_task\train\meningioma\brisc2025_train_02138_me_sa_t1.jpg
248,2122,6,glioma,meningioma,False,D:\brain_tumor\🧠 Brain Tumor MRI Dataset\classification_task\train\glioma\brisc2025_train_00249_gl_ax_t1.jpg,D:\brain_tumor\🧠 Brain Tumor MRI Dataset\classification_task\train\meningioma\brisc2025_train_02138_me_sa_t1.jpg
251,252,2,glioma,glioma,True,D:\brain_tumor\🧠 Brain Tumor MRI Dataset\classification_task\train\glioma\brisc2025_train_00252_gl_ax_t1.jpg,D:\brain_tumor\🧠 Brain Tumor MRI Dataset\classification_task\train\glioma\brisc2025_train_00253_gl_ax_t1.jpg
251,253,4,glioma,glioma,True,D:\brain_tumor\🧠 Brain Tumor MRI Dataset\classification_task\train\glioma\brisc2025_train_00252_gl_ax_t1.jpg,D:\brain_tumor\🧠 Brain Tumor MRI Dataset\classification_task\train\glioma\brisc2025_train_00254_gl_ax_t1.jpg
251,1919,6,glioma,meningioma,False,D:\brain_tumor\🧠 Brain Tumor MRI Dataset\classification_task\train\glioma\brisc2025_train_00252_gl_ax_t1.jpg,D:\brain_tumor\🧠 Brain Tumor MRI Dataset\classification_task\train\meningioma\brisc2025_train_01933_me_co_t1.jpg
251,2547,6,glioma,no_tumor,False,D:\brain_tumor\🧠 Brain Tumor MRI Dataset\classification_task\train\glioma\brisc2025_train_00252_gl_ax_t1.jpg,D:\brain_tumor\🧠 Brain Tumor MRI Dataset\classification_task\train\no_tumor\brisc2025_train_02567_no_ax_t1.jpg
252,253,2,glioma,glioma,True,D:\brain_tumor\🧠 Brain Tumor MRI Dataset\classification_task\train\glioma\brisc2025_train_00253_gl_ax_t1.jpg,D:\brain_tumor\🧠 Brain Tumor MRI Dataset\classification_task\train\glioma\brisc2025_train_00254_gl_ax_t1.jpg
252,1919,6,glioma,meningioma,False,D:\brain_tumor\🧠 Brain Tumor MRI Dataset\classification_task\train\glioma\brisc2025_train_00253_gl_ax_t1.jpg,D:\brain_tumor\🧠 Brain Tumor MRI Dataset\classification_task\train\meningioma\brisc2025_train_01933_me_co_t1.jpg
253,254,6,glioma,glioma,True,D:\brain_tumor\🧠 Brain Tumor MRI Dataset\classification_task\train\glioma\brisc2025_train_00254_gl_ax_t1.jpg,D:\brain_tumor\🧠 Brain Tumor MRI Dataset\classification_task\train\glioma\brisc2025_train_00255_gl_ax_t1.jpg
253,1510,6,glioma,meningioma,False,D:\brain_tumor\🧠 Brain Tumor MRI Dataset\classification_task\train\glioma\brisc2025_train_00254_gl_ax_t1.jpg,D:\brain_tumor\🧠 Brain Tumor MRI Dataset\classification_task\train\meningioma\brisc2025_train_01517_me_ax_t1.jpg
253,1919,6,glioma,meningioma,False,D:\brain_tumor\🧠 Brain Tumor MRI Dataset\classification_task\train\glioma\brisc2025_train_00254_gl_ax_t1.jpg,D:\brain_tumor\🧠 Brain Tumor MRI Dataset\classification_task\train\meningioma\brisc2025_train_01933_me_co_t1.jpg
254,255,4,glioma,glioma,True,D:\brain_tumor\🧠 Brain Tumor MRI Dataset\classification_task\train\glioma\brisc2025_train_00255_gl_ax_t1.jpg,D:\brain_tumor\🧠 Brain Tumor MRI Dataset\classification_task\train\glioma\brisc2025_train_00256_gl_ax_t1.jpg
254,1533,6,glioma,meningioma,False,D:\brain_tumor\🧠 Brain Tumor MRI Dataset\classification_task\train\glioma\brisc2025_train_00255_gl_ax_t1.jpg,D:\brain_tumor\🧠 Brain Tumor MRI Dataset\classification_task\train\meningioma\brisc2025_train_01540_me_ax_t1.jpg
254,1538,6,glioma,meningioma,False,D:\brain_tumor\🧠 Brain Tumor MRI Dataset\classification_task\train\glioma\brisc2025_train_00255_gl_ax_t1.jpg,D:\brain_tumor\🧠 Brain Tumor MRI Dataset\classification_task\train\meningioma\brisc2025_train_01545_me_ax_t1.jpg
254,1539,6,glioma,meningioma,False,D:\brain_tumor\🧠 Brain Tumor MRI Dataset\classification_task\train\glioma\brisc2025_train_00255_gl_ax_t1.jpg,D:\brain_tumor\🧠 Brain Tumor MRI Dataset\classification_task\train\meningioma\brisc2025_train_01546_me_ax_t1.jpg
254,1682,6,glioma,meningioma,False,D:\brain_tumor\🧠 Brain Tumor MRI Dataset\classification_task\train\glioma\brisc2025_train_00255_gl_ax_t1.jpg,D:\brain_tumor\🧠 Brain Tumor MRI Dataset\classification_task\train\meningioma\brisc2025_train_01695_me_co_t1.jpg
255,1534,6,glioma,meningioma,False,D:\brain_tumor\🧠 Brain Tumor MRI Dataset\classification_task\train\glioma\brisc2025_train_00256_gl_ax_t1.jpg,D:\brain_tumor\🧠 Brain Tumor MRI Dataset\classification_task\train\meningioma\brisc2025_train_01541_me_ax_t1.jpg
256,257,6,glioma,glioma,True,D:\brain_tumor\🧠 Brain Tumor MRI Dataset\classification_task\train\glioma\brisc2025_train_00257_gl_ax_t1.jpg,D:\brain_tumor\🧠 Brain Tumor MRI Dataset\classification_task\train\glioma\brisc2025_train_00258_gl_ax_t1.jpg
257,258,6,glioma,glioma,True,D:\brain_tumor\🧠 Brain Tumor MRI Dataset\classification_task\train\glioma\brisc2025_train_00258_gl_ax_t1.jpg,D:\brain_tumor\🧠 Brain Tumor MRI Dataset\classification_task\train\glioma\brisc2025_train_00259_gl_ax_t1.jpg
261,262,6,glioma,glioma,True,D:\brain_tumor\🧠 Brain Tumor MRI Dataset\classification_task\train\glioma\brisc2025_train_00262_gl_ax_t1.jpg,D:\brain_tumor\🧠 Brain Tumor MRI Dataset\classification_task\train\glioma\brisc2025_train_00263_gl_ax_t1.jpg
262,263,6,glioma,glioma,True,D:\brain_tumor\🧠 Brain Tumor MRI Dataset\classification_task\train\glioma\brisc2025_train_00263_gl_ax_t1.jpg,D:\brain_tumor\🧠 Brain Tumor MRI Dataset\classification_task\train\glioma\brisc2025_train_00264_gl_ax_t1.jpg
263,265,6,glioma,glioma,True,D:\brain_tumor\🧠 Brain Tumor MRI Dataset\classification_task\train\glioma\brisc2025_train_00264_gl_ax_t1.jpg,D:\brain_tumor\🧠 Brain Tumor MRI Dataset\classification_task\train\glioma\brisc2025_train_00266_gl_ax_t1.jpg
265,266,4,glioma,glioma,True,D:\brain_tumor\🧠 Brain Tumor MRI Dataset\classification_task\train\glioma\brisc2025_train_00266_gl_ax_t1.jpg,D:\brain_tumor\🧠 Brain Tumor MRI Dataset\classification_task\train\glioma\brisc2025_train_00267_gl_ax_t1.jpg
266,267,4,glioma,glioma,True,D:\brain_tumor\🧠 Brain Tumor MRI Dataset\classification_task\train\glioma\brisc2025_train_00267_gl_ax_t1.jpg,D:\brain_tumor\🧠 Brain Tumor MRI Dataset\classification_task\train\glioma\brisc2025_train_00268_gl_ax_t1.jpg
268,269,4,glioma,glioma,True,D:\brain_tumor\🧠 Brain Tumor MRI Dataset\classification_task\train\glioma\brisc2025_train_00269_gl_ax_t1.jpg,D:\brain_tumor\🧠 Brain Tumor MRI Dataset\classification_task\train\glioma\brisc2025_train_00270_gl_ax_t1.jpg
269,270,4,glioma,glioma,True,D:\brain_tumor\🧠 Brain Tumor MRI Dataset\classification_task\train\glioma\brisc2025_train_00270_gl_ax_t1.jpg,D:\brain_tumor\🧠 Brain Tumor MRI Dataset\classification_task\train\glioma\brisc2025_train_00271_gl_ax_t1.jpg
269,1314,6,glioma,meningioma,False,D:\brain_tumor\🧠 Brain Tumor MRI Dataset\classification_task\train\glioma\brisc2025_train_00270_gl_ax_t1.jpg,D:\brain_tumor\🧠 Brain Tumor MRI Dataset\classification_task\train\meningioma\brisc2025_train_01320_me_ax_t1.jpg
269,1425,6,glioma,meningioma,False,D:\brain_tumor\🧠 Brain Tumor MRI Dataset\classification_task\train\glioma\brisc2025_train_00270_gl_ax_t1.jpg,D:\brain_tumor\🧠 Brain Tumor MRI Dataset\classification_task\train\meningioma\brisc2025_train_01432_me_ax_t1.jpg
269,1427,6,glioma,meningioma,False,D:\brain_tumor\🧠 Brain Tumor MRI Dataset\classification_task\train\glioma\brisc2025_train_00270_gl_ax_t1.jpg,D:\brain_tumor\🧠 Brain Tumor MRI Dataset\classification_task\train\meningioma\brisc2025_train_01434_me_ax_t1.jpg
270,1425,6,glioma,meningioma,False,D:\brain_tumor\🧠 Brain Tumor MRI Dataset\classification_task\train\glioma\brisc2025_train_00271_gl_ax_t1.jpg,D:\brain_tumor\🧠 Brain Tumor MRI Dataset\classification_task\train\meningioma\brisc2025_train_01432_me_ax_t1.jpg
270,1427,4,glioma,meningioma,False,D:\brain_tumor\🧠 Brain Tumor MRI Dataset\classification_task\train\glioma\brisc2025_train_00271_gl_ax_t1.jpg,D:\brain_tumor\🧠 Brain Tumor MRI Dataset\classification_task\train\meningioma\brisc2025_train_01434_me_ax_t1.jpg
270,1429,6,glioma,meningioma,False,D:\brain_tumor\🧠 Brain Tumor MRI Dataset\classification_task\train\glioma\brisc2025_train_00271_gl_ax_t1.jpg,D:\brain_tumor\🧠 Brain Tumor MRI Dataset\classification_task\train\meningioma\brisc2025_train_01436_me_ax_t1.jpg
271,272,6,glioma,glioma,True,D:\brain_tumor\🧠 Brain Tumor MRI Dataset\classification_task\train\glioma\brisc2025_train_00272_gl_ax_t1.jpg,D:\brain_tumor\🧠 Brain Tumor MRI Dataset\classification_task\train\glioma\brisc2025_train_00273_gl_ax_t1.jpg
271,320,6,glioma,glioma,True,D:\brain_tumor\🧠 Brain Tumor MRI Dataset\classification_task\train\glioma\brisc2025_train_00272_gl_ax_t1.jpg,D:\brain_tumor\🧠 Brain Tumor MRI Dataset\classification_task\train\glioma\brisc2025_train_00321_gl_ax_t1.jpg
271,321,4,glioma,glioma,True,D:\brain_tumor\🧠 Brain Tumor MRI Dataset\classification_task\train\glioma\brisc2025_train_00272_gl_ax_t1.jpg,D:\brain_tumor\🧠 Brain Tumor MRI Dataset\classification_task\train\glioma\brisc2025_train_00322_gl_ax_t1.jpg
273,274,6,glioma,glioma,True,D:\brain_tumor\🧠 Brain Tumor MRI Dataset\classification_task\train\glioma\brisc2025_train_00274_gl_ax_t1.jpg,D:\brain_tumor\🧠 Brain Tumor MRI Dataset\classification_task\train\glioma\brisc2025_train_00275_gl_ax_t1.jpg
275,276,6,glioma,glioma,True,D:\brain_tumor\🧠 Brain Tumor MRI Dataset\classification_task\train\glioma\brisc2025_train_00276_gl_ax_t1.jpg,D:\brain_tumor\🧠 Brain Tumor MRI Dataset\classification_task\train\glioma\brisc2025_train_00277_gl_ax_t1.jpg
280,281,6,glioma,glioma,True,D:\brain_tumor\🧠 Brain Tumor MRI Dataset\classification_task\train\glioma\brisc2025_train_00281_gl_ax_t1.jpg,D:\brain_tumor\🧠 Brain Tumor MRI Dataset\classification_task\train\glioma\brisc2025_train_00282_gl_ax_t1.jpg
280,288,4,glioma,glioma,True,D:\brain_tumor\🧠 Brain Tumor MRI Dataset\classification_task\train\glioma\brisc2025_train_00281_gl_ax_t1.jpg,D:\brain_tumor\🧠 Brain Tumor MRI Dataset\classification_task\train\glioma\brisc2025_train_00289_gl_ax_t1.jpg
281,1422,6,glioma,meningioma,False,D:\brain_tumor\🧠 Brain Tumor MRI Dataset\classification_task\train\glioma\brisc2025_train_00282_gl_ax_t1.jpg,D:\brain_tumor\🧠 Brain Tumor MRI Dataset\classification_task\train\meningioma\brisc2025_train_01429_me_ax_t1.jpg
294,296,6,glioma,glioma,True,D:\brain_tumor\🧠 Brain Tumor MRI Dataset\classification_task\train\glioma\brisc2025_train_00295_gl_ax_t1.jpg,D:\brain_tumor\🧠 Brain Tumor MRI Dataset\classification_task\train\glioma\brisc2025_train_00297_gl_ax_t1.jpg
295,296,6,glioma,glioma,True,D:\brain_tumor\🧠 Brain Tumor MRI Dataset\classification_task\train\glioma\brisc2025_train_00296_gl_ax_t1.jpg,D:\brain_tumor\🧠 Brain Tumor MRI Dataset\classification_task\train\glioma\brisc2025_train_00297_gl_ax_t1.jpg
304,305,4,glioma,glioma,True,D:\brain_tumor\🧠 Brain Tumor MRI Dataset\classification_task\train\glioma\brisc2025_train_00305_gl_ax_t1.jpg,D:\brain_tumor\🧠 Brain Tumor MRI Dataset\classification_task\train\glioma\brisc2025_train_00306_gl_ax_t1.jpg
309,310,2,glioma,glioma,True,D:\brain_tumor\🧠 Brain Tumor MRI Dataset\classification_task\train\glioma\brisc2025_train_00310_gl_ax_t1.jpg,D:\brain_tumor\🧠 Brain Tumor MRI Dataset\classification_task\train\glioma\brisc2025_train_00311_gl_ax_t1.jpg
314,315,6,glioma,glioma,True,D:\brain_tumor\🧠 Brain Tumor MRI Dataset\classification_task\train\glioma\brisc2025_train_00315_gl_ax_t1.jpg,D:\brain_tumor\🧠 Brain Tumor MRI Dataset\classification_task\train\glioma\brisc2025_train_00316_gl_ax_t1.jpg
317,318,2,glioma,glioma,True,D:\brain_tumor\🧠 Brain Tumor MRI Dataset\classification_task\train\glioma\brisc2025_train_00318_gl_ax_t1.jpg,D:\brain_tumor\🧠 Brain Tumor MRI Dataset\classification_task\train\glioma\brisc2025_train_00319_gl_ax_t1.jpg
317,319,6,glioma,glioma,True,D:\brain_tumor\🧠 Brain Tumor MRI Dataset\classification_task\train\glioma\brisc2025_train_00318_gl_ax_t1.jpg,D:\brain_tumor\🧠 Brain Tumor MRI Dataset\classification_task\train\glioma\brisc2025_train_00320_gl_ax_t1.jpg
317,320,6,glioma,glioma,True,D:\brain_tumor\🧠 Brain Tumor MRI Dataset\classification_task\train\glioma\brisc2025_train_00318_gl_ax_t1.jpg,D:\brain_tumor\🧠 Brain Tumor MRI Dataset\classification_task\train\glioma\brisc2025_train_00321_gl_ax_t1.jpg
318,319,4,glioma,glioma,True,D:\brain_tumor\🧠 Brain Tumor MRI Dataset\classification_task\train\glioma\brisc2025_train_00319_gl_ax_t1.jpg,D:\brain_tumor\🧠 Brain Tumor MRI Dataset\classification_task\train\glioma\brisc2025_train_00320_gl_ax_t1.jpg
318,320,6,glioma,glioma,True,D:\brain_tumor\🧠 Brain Tumor MRI Dataset\classification_task\train\glioma\brisc2025_train_00319_gl_ax_t1.jpg,D:\brain_tumor\🧠 Brain Tumor MRI Dataset\classification_task\train\glioma\brisc2025_train_00321_gl_ax_t1.jpg
319,320,2,glioma,glioma,True,D:\brain_tumor\🧠 Brain Tumor MRI Dataset\classification_task\train\glioma\brisc2025_train_00320_gl_ax_t1.jpg,D:\brain_tumor\🧠 Brain Tumor MRI Dataset\classification_task\train\glioma\brisc2025_train_00321_gl_ax_t1.jpg
319,321,6,glioma,glioma,True,D:\brain_tumor\🧠 Brain Tumor MRI Dataset\classification_task\train\glioma\brisc2025_train_00320_gl_ax_t1.jpg,D:\brain_tumor\🧠 Brain Tumor MRI Dataset\classification_task\train\glioma\brisc2025_train_00322_gl_ax_t1.jpg
320,321,4,glioma,glioma,True,D:\brain_tumor\🧠 Brain Tumor MRI Dataset\classification_task\train\glioma\brisc2025_train_00321_gl_ax_t1.jpg,D:\brain_tumor\🧠 Brain Tumor MRI Dataset\classification_task\train\glioma\brisc2025_train_00322_gl_ax_t1.jpg
321,322,6,glioma,glioma,True,D:\brain_tumor\🧠 Brain Tumor MRI Dataset\classification_task\train\glioma\brisc2025_train_00322_gl_ax_t1.jpg,D:\brain_tumor\🧠 Brain Tumor MRI Dataset\classification_task\train\glioma\brisc2025_train_00323_gl_ax_t1.jpg
328,329,6,glioma,glioma,True,D:\brain_tumor\🧠 Brain Tumor MRI Dataset\classification_task\train\glioma\brisc2025_train_00329_gl_ax_t1.jpg,D:\brain_tumor\🧠 Brain Tumor MRI Dataset\classification_task\train\glioma\brisc2025_train_00330_gl_ax_t1.jpg
329,330,4,glioma,glioma,True,D:\brain_tumor\🧠 Brain Tumor MRI Dataset\classification_task\train\glioma\brisc2025_train_00330_gl_ax_t1.jpg,D:\brain_tumor\🧠 Brain Tumor MRI Dataset\classification_task\train\glioma\brisc2025_train_00331_gl_ax_t1.jpg
337,338,4,glioma,glioma,True,D:\brain_tumor\🧠 Brain Tumor MRI Dataset\classification_task\train\glioma\brisc2025_train_00338_gl_ax_t1.jpg,D:\brain_tumor\🧠 Brain Tumor MRI Dataset\classification_task\train\glioma\brisc2025_train_00339_gl_ax_t1.jpg
339,340,4,glioma,glioma,True,D:\brain_tumor\🧠 Brain Tumor MRI Dataset\classification_task\train\glioma\brisc2025_train_00340_gl_ax_t1.jpg,D:\brain_tumor\🧠 Brain Tumor MRI Dataset\classification_task\train\glioma\brisc2025_train_00341_gl_ax_t1.jpg
339,341,6,glioma,glioma,True,D:\brain_tumor\🧠 Brain Tumor MRI Dataset\classification_task\train\glioma\brisc2025_train_00340_gl_ax_t1.jpg,D:\brain_tumor\🧠 Brain Tumor MRI Dataset\classification_task\train\glioma\brisc2025_train_00342_gl_ax_t1.jpg
340,341,6,glioma,glioma,True,D:\brain_tumor\🧠 Brain Tumor MRI Dataset\classification_task\train\glioma\brisc2025_train_00341_gl_ax_t1.jpg,D:\brain_tumor\🧠 Brain Tumor MRI Dataset\classification_task\train\glioma\brisc2025_train_00342_gl_ax_t1.jpg
341,342,4,glioma,glioma,True,D:\brain_tumor\🧠 Brain Tumor MRI Dataset\classification_task\train\glioma\brisc2025_train_00342_gl_ax_t1.jpg,D:\brain_tumor\🧠 Brain Tumor MRI Dataset\classification_task\train\glioma\brisc2025_train_00343_gl_ax_t1.jpg
344,345,6,glioma,glioma,True,D:\brain_tumor\🧠 Brain Tumor MRI Dataset\classification_task\train\glioma\brisc2025_train_00345_gl_ax_t1.jpg,D:\brain_tumor\🧠 Brain Tumor MRI Dataset\classification_task\train\glioma\brisc2025_train_00346_gl_ax_t1.jpg
352,353,6,glioma,glioma,True,D:\brain_tumor\🧠 Brain Tumor MRI Dataset\classification_task\train\glioma\brisc2025_train_00353_gl_ax_t1.jpg,D:\brain_tumor\🧠 Brain Tumor MRI Dataset\classification_task\train\glioma\brisc2025_train_00354_gl_ax_t1.jpg
354,1412,6,glioma,meningioma,False,D:\brain_tumor\🧠 Brain Tumor MRI Dataset\classification_task\train\glioma\brisc2025_train_00355_gl_ax_t1.jpg,D:\brain_tumor\🧠 Brain Tumor MRI Dataset\classification_task\train\meningioma\brisc2025_train_01419_me_ax_t1.jpg
355,356,6,glioma,glioma,True,D:\brain_tumor\🧠 Brain Tumor MRI Dataset\classification_task\train\glioma\brisc2025_train_00356_gl_ax_t1.jpg,D:\brain_tumor\🧠 Brain Tumor MRI Dataset\classification_task\train\glioma\brisc2025_train_00357_gl_ax_t1.jpg
360,361,4,glioma,glioma,True,D:\brain_tumor\🧠 Brain Tumor MRI Dataset\classification_task\train\glioma\brisc2025_train_00361_gl_ax_t1.jpg,D:\brain_tumor\🧠 Brain Tumor MRI Dataset\classification_task\train\glioma\brisc2025_train_00362_gl_ax_t1.jpg
362,363,6,glioma,glioma,True,D:\brain_tumor\🧠 Brain Tumor MRI Dataset\classification_task\train\glioma\brisc2025_train_00363_gl_ax_t1.jpg,D:\brain_tumor\🧠 Brain Tumor MRI Dataset\classification_task\train\glioma\brisc2025_train_00364_gl_ax_t1.jpg
364,365,6,glioma,glioma,True,D:\brain_tumor\🧠 Brain Tumor MRI Dataset\classification_task\train\glioma\brisc2025_train_00365_gl_ax_t1.jpg,D:\brain_tumor\🧠 Brain Tumor MRI Dataset\classification_task\train\glioma\brisc2025_train_00366_gl_ax_t1.jpg
367,368,6,glioma,glioma,True,D:\brain_tumor\🧠 Brain Tumor MRI Dataset\classification_task\train\glioma\brisc2025_train_00368_gl_ax_t1.jpg,D:\brain_tumor\🧠 Brain Tumor MRI Dataset\classification_task\train\glioma\brisc2025_train_00369_gl_ax_t1.jpg
370,2794,6,glioma,no_tumor,False,D:\brain_tumor\🧠 Brain Tumor MRI Dataset\classification_task\train\glioma\brisc2025_train_00371_gl_ax_t1.jpg,D:\brain_tumor\🧠 Brain Tumor MRI Dataset\classification_task\train\no_tumor\brisc2025_train_02814_no_ax_t1.jpg
372,373,4,glioma,glioma,True,D:\brain_tumor\🧠 Brain Tumor MRI Dataset\classification_task\train\glioma\brisc2025_train_00373_gl_ax_t1.jpg,D:\brain_tumor\🧠 Brain Tumor MRI Dataset\classification_task\train\glioma\brisc2025_train_00374_gl_ax_t1.jpg
372,374,6,glioma,glioma,True,D:\brain_tumor\🧠 Brain Tumor MRI Dataset\classification_task\train\glioma\brisc2025_train_00373_gl_ax_t1.jpg,D:\brain_tumor\🧠 Brain Tumor MRI Dataset\classification_task\train\glioma\brisc2025_train_00375_gl_ax_t1.jpg
373,374,6,glioma,glioma,True,D:\brain_tumor\🧠 Brain Tumor MRI Dataset\classification_task\train\glioma\brisc2025_train_00374_gl_ax_t1.jpg,D:\brain_tumor\🧠 Brain Tumor MRI Dataset\classification_task\train\glioma\brisc2025_train_00375_gl_ax_t1.jpg
383,384,6,glioma,glioma,True,D:\brain_tumor\🧠 Brain Tumor MRI Dataset\classification_task\train\glioma\brisc2025_train_00384_gl_ax_t1.jpg,D:\brain_tumor\🧠 Brain Tumor MRI Dataset\classification_task\train\glioma\brisc2025_train_00385_gl_ax_t1.jpg
385,386,6,glioma,glioma,True,D:\brain_tumor\🧠 Brain Tumor MRI Dataset\classification_task\train\glioma\brisc2025_train_00386_gl_ax_t1.jpg,D:\brain_tumor\🧠 Brain Tumor MRI Dataset\classification_task\train\glioma\brisc2025_train_00387_gl_ax_t1.jpg
390,391,2,glioma,glioma,True,D:\brain_tumor\🧠 Brain Tumor MRI Dataset\classification_task\train\glioma\brisc2025_train_00391_gl_ax_t1.jpg,D:\brain_tumor\🧠 Brain Tumor MRI Dataset\classification_task\train\glioma\brisc2025_train_00392_gl_ax_t1.jpg
390,392,4,glioma,glioma,True,D:\brain_tumor\🧠 Brain Tumor MRI Dataset\classification_task\train\glioma\brisc2025_train_00391_gl_ax_t1.jpg,D:\brain_tumor\🧠 Brain Tumor MRI Dataset\classification_task\train\glioma\brisc2025_train_00393_gl_ax_t1.jpg
391,392,4,glioma,glioma,True,D:\brain_tumor\🧠 Brain Tumor MRI Dataset\classification_task\train\glioma\brisc2025_train_00392_gl_ax_t1.jpg,D:\brain_tumor\🧠 Brain Tumor MRI Dataset\classification_task\train\glioma\brisc2025_train_00393_gl_ax_t1.jpg
392,393,6,glioma,glioma,True,D:\brain_tumor\🧠 Brain Tumor MRI Dataset\classification_task\train\glioma\brisc2025_train_00393_gl_ax_t1.jpg,D:\brain_tumor\🧠 Brain Tumor MRI Dataset\classification_task\train\glioma\brisc2025_train_00394_gl_ax_t1.jpg
406,1824,4,glioma,meningioma,False,D:\brain_tumor\🧠 Brain Tumor MRI Dataset\classification_task\train\glioma\brisc2025_train_00407_gl_co_t1.jpg,D:\brain_tumor\🧠 Brain Tumor MRI Dataset\classification_task\train\meningioma\brisc2025_train_01837_me_co_t1.jpg
408,584,6,glioma,glioma,True,D:\brain_tumor\🧠 Brain Tumor MRI Dataset\classification_task\train\glioma\brisc2025_train_00409_gl_co_t1.jpg,D:\brain_tumor\🧠 Brain Tumor MRI Dataset\classification_task\train\glioma\brisc2025_train_00585_gl_co_t1.jpg
408,1629,6,glioma,meningioma,False,D:\brain_tumor\🧠 Brain Tumor MRI Dataset\classification_task\train\glioma\brisc2025_train_00409_gl_co_t1.jpg,D:\brain_tumor\🧠 Brain Tumor MRI Dataset\classification_task\train\meningioma\brisc2025_train_01636_me_co_t1.jpg
433,1673,6,glioma,meningioma,False,D:\brain_tumor\🧠 Brain Tumor MRI Dataset\classification_task\train\glioma\brisc2025_train_00434_gl_co_t1.jpg,D:\brain_tumor\🧠 Brain Tumor MRI Dataset\classification_task\train\meningioma\brisc2025_train_01686_me_co_t1.jpg
434,495,6,glioma,glioma,True,D:\brain_tumor\🧠 Brain Tumor MRI Dataset\classification_task\train\glioma\brisc2025_train_00435_gl_co_t1.jpg,D:\brain_tumor\🧠 Brain Tumor MRI Dataset\classification_task\train\glioma\brisc2025_train_00496_gl_co_t1.jpg
434,2280,6,glioma,meningioma,False,D:\brain_tumor\🧠 Brain Tumor MRI Dataset\classification_task\train\glioma\brisc2025_train_00435_gl_co_t1.jpg,D:\brain_tumor\🧠 Brain Tumor MRI Dataset\classification_task\train\meningioma\brisc2025_train_02297_me_sa_t1.jpg
447,602,6,glioma,glioma,True,D:\brain_tumor\🧠 Brain Tumor MRI Dataset\classification_task\train\glioma\brisc2025_train_00448_gl_co_t1.jpg,D:\brain_tumor\🧠 Brain Tumor MRI Dataset\classification_task\train\glioma\brisc2025_train_00603_gl_co_t1.jpg
450,451,6,glioma,glioma,True,D:\brain_tumor\🧠 Brain Tumor MRI Dataset\classification_task\train\glioma\brisc2025_train_00451_gl_co_t1.jpg,D:\brain_tumor\🧠 Brain Tumor MRI Dataset\classification_task\train\glioma\brisc2025_train_00452_gl_co_t1.jpg
451,1058,6,glioma,glioma,True,D:\brain_tumor\🧠 Brain Tumor MRI Dataset\classification_task\train\glioma\brisc2025_train_00452_gl_co_t1.jpg,D:\brain_tumor\🧠 Brain Tumor MRI Dataset\classification_task\train\glioma\brisc2025_train_01059_gl_sa_t1.jpg
453,454,6,glioma,glioma,True,D:\brain_tumor\🧠 Brain Tumor MRI Dataset\classification_task\train\glioma\brisc2025_train_00454_gl_co_t1.jpg,D:\brain_tumor\🧠 Brain Tumor MRI Dataset\classification_task\train\glioma\brisc2025_train_00455_gl_co_t1.jpg
456,457,6,glioma,glioma,True,D:\brain_tumor\🧠 Brain Tumor MRI Dataset\classification_task\train\glioma\brisc2025_train_00457_gl_co_t1.jpg,D:\brain_tumor\🧠 Brain Tumor MRI Dataset\classification_task\train\glioma\brisc2025_train_00458_gl_co_t1.jpg
460,461,6,glioma,glioma,True,D:\brain_tumor\🧠 Brain Tumor MRI Dataset\classification_task\train\glioma\brisc2025_train_00461_gl_co_t1.jpg,D:\brain_tumor\🧠 Brain Tumor MRI Dataset\classification_task\train\glioma\brisc2025_train_00462_gl_co_t1.jpg
461,675,6,glioma,glioma,True,D:\brain_tumor\🧠 Brain Tumor MRI Dataset\classification_task\train\glioma\brisc2025_train_00462_gl_co_t1.jpg,D:\brain_tumor\🧠 Brain Tumor MRI Dataset\classification_task\train\glioma\brisc2025_train_00676_gl_co_t1.jpg
463,464,6,glioma,glioma,True,D:\brain_tumor\🧠 Brain Tumor MRI Dataset\classification_task\train\glioma\brisc2025_train_00464_gl_co_t1.jpg,D:\brain_tumor\🧠 Brain Tumor MRI Dataset\classification_task\train\glioma\brisc2025_train_00465_gl_co_t1.jpg
464,465,4,glioma,glioma,True,D:\brain_tumor\🧠 Brain Tumor MRI Dataset\classification_task\train\glioma\brisc2025_train_00465_gl_co_t1.jpg,D:\brain_tumor\🧠 Brain Tumor MRI Dataset\classification_task\train\glioma\brisc2025_train_00466_gl_co_t1.jpg
474,475,4,glioma,glioma,True,D:\brain_tumor\🧠 Brain Tumor MRI Dataset\classification_task\train\glioma\brisc2025_train_00475_gl_co_t1.jpg,D:\brain_tumor\🧠 Brain Tumor MRI Dataset\classification_task\train\glioma\brisc2025_train_00476_gl_co_t1.jpg
475,476,6,glioma,glioma,True,D:\brain_tumor\🧠 Brain Tumor MRI Dataset\classification_task\train\glioma\brisc2025_train_00476_gl_co_t1.jpg,D:\brain_tumor\🧠 Brain Tumor MRI Dataset\classification_task\train\glioma\brisc2025_train_00477_gl_co_t1.jpg
479,481,6,glioma,glioma,True,D:\brain_tumor\🧠 Brain Tumor MRI Dataset\classification_task\train\glioma\brisc2025_train_00480_gl_co_t1.jpg,D:\brain_tumor\🧠 Brain Tumor MRI Dataset\classification_task\train\glioma\brisc2025_train_00482_gl_co_t1.jpg
480,481,4,glioma,glioma,True,D:\brain_tumor\🧠 Brain Tumor MRI Dataset\classification_task\train\glioma\brisc2025_train_00481_gl_co_t1.jpg,D:\brain_tumor\🧠 Brain Tumor MRI Dataset\classification_task\train\glioma\brisc2025_train_00482_gl_co_t1.jpg
486,487,6,glioma,glioma,True,D:\brain_tumor\🧠 Brain Tumor MRI Dataset\classification_task\train\glioma\brisc2025_train_00487_gl_co_t1.jpg,D:\brain_tumor\🧠 Brain Tumor MRI Dataset\classification_task\train\glioma\brisc2025_train_00488_gl_co_t1.jpg
487,488,4,glioma,glioma,True,D:\brain_tumor\🧠 Brain Tumor MRI Dataset\classification_task\train\glioma\brisc2025_train_00488_gl_co_t1.jpg,D:\brain_tumor\🧠 Brain Tumor MRI Dataset\classification_task\train\glioma\brisc2025_train_00489_gl_co_t1.jpg
488,489,4,glioma,glioma,True,D:\brain_tumor\🧠 Brain Tumor MRI Dataset\classification_task\train\glioma\brisc2025_train_00489_gl_co_t1.jpg,D:\brain_tumor\🧠 Brain Tumor MRI Dataset\classification_task\train\glioma\brisc2025_train_00490_gl_co_t1.jpg
493,2283,6,glioma,meningioma,False,D:\brain_tumor\🧠 Brain Tumor MRI Dataset\classification_task\train\glioma\brisc2025_train_00494_gl_co_t1.jpg,D:\brain_tumor\🧠 Brain Tumor MRI Dataset\classification_task\train\meningioma\brisc2025_train_02300_me_sa_t1.jpg
494,667,6,glioma,glioma,True,D:\brain_tumor\🧠 Brain Tumor MRI Dataset\classification_task\train\glioma\brisc2025_train_00495_gl_co_t1.jpg,D:\brain_tumor\🧠 Brain Tumor MRI Dataset\classification_task\train\glioma\brisc2025_train_00668_gl_co_t1.jpg
499,500,6,glioma,glioma,True,D:\brain_tumor\🧠 Brain Tumor MRI Dataset\classification_task\train\glioma\brisc2025_train_00500_gl_co_t1.jpg,D:\brain_tumor\🧠 Brain Tumor MRI Dataset\classification_task\train\glioma\brisc2025_train_00501_gl_co_t1.jpg
501,502,6,glioma,glioma,True,D:\brain_tumor\🧠 Brain Tumor MRI Dataset\classification_task\train\glioma\brisc2025_train_00502_gl_co_t1.jpg,D:\brain_tumor\🧠 Brain Tumor MRI Dataset\classification_task\train\glioma\brisc2025_train_00503_gl_co_t1.jpg
502,503,2,glioma,glioma,True,D:\brain_tumor\🧠 Brain Tumor MRI Dataset\classification_task\train\glioma\brisc2025_train_00503_gl_co_t1.jpg,D:\brain_tumor\🧠 Brain Tumor MRI Dataset\classification_task\train\glioma\brisc2025_train_00504_gl_co_t1.jpg
502,504,6,glioma,glioma,True,D:\brain_tumor\🧠 Brain Tumor MRI Dataset\classification_task\train\glioma\brisc2025_train_00503_gl_co_t1.jpg,D:\brain_tumor\🧠 Brain Tumor MRI Dataset\classification_task\train\glioma\brisc2025_train_00505_gl_co_t1.jpg
503,504,4,glioma,glioma,True,D:\brain_tumor\🧠 Brain Tumor MRI Dataset\classification_task\train\glioma\brisc2025_train_00504_gl_co_t1.jpg,D:\brain_tumor\🧠 Brain Tumor MRI Dataset\classification_task\train\glioma\brisc2025_train_00505_gl_co_t1.jpg
503,1832,6,glioma,meningioma,False,D:\brain_tumor\🧠 Brain Tumor MRI Dataset\classification_task\train\glioma\brisc2025_train_00504_gl_co_t1.jpg,D:\brain_tumor\🧠 Brain Tumor MRI Dataset\classification_task\train\meningioma\brisc2025_train_01845_me_co_t1.jpg
504,505,4,glioma,glioma,True,D:\brain_tumor\🧠 Brain Tumor MRI Dataset\classification_task\train\glioma\brisc2025_train_00505_gl_co_t1.jpg,D:\brain_tumor\🧠 Brain Tumor MRI Dataset\classification_task\train\glioma\brisc2025_train_00506_gl_co_t1.jpg
505,1312,6,glioma,meningioma,False,D:\brain_tumor\🧠 Brain Tumor MRI Dataset\classification_task\train\glioma\brisc2025_train_00506_gl_co_t1.jpg,D:\brain_tumor\🧠 Brain Tumor MRI Dataset\classification_task\train\meningioma\brisc2025_train_01318_me_ax_t1.jpg
511,513,4,glioma,glioma,True,D:\brain_tumor\🧠 Brain Tumor MRI Dataset\classification_task\train\glioma\brisc2025_train_00512_gl_co_t1.jpg,D:\brain_tumor\🧠 Brain Tumor MRI Dataset\classification_task\train\glioma\brisc2025_train_00514_gl_co_t1.jpg
511,514,6,glioma,glioma,True,D:\brain_tumor\🧠 Brain Tumor MRI Dataset\classification_task\train\glioma\brisc2025_train_00512_gl_co_t1.jpg,D:\brain_tumor\🧠 Brain Tumor MRI Dataset\classification_task\train\glioma\brisc2025_train_00515_gl_co_t1.jpg
513,514,2,glioma,glioma,True,D:\brain_tumor\🧠 Brain Tumor MRI Dataset\classification_task\train\glioma\brisc2025_train_00514_gl_co_t1.jpg,D:\brain_tumor\🧠 Brain Tumor MRI Dataset\classification_task\train\glioma\brisc2025_train_00515_gl_co_t1.jpg
513,515,6,glioma,glioma,True,D:\brain_tumor\🧠 Brain Tumor MRI Dataset\classification_task\train\glioma\brisc2025_train_00514_gl_co_t1.jpg,D:\brain_tumor\🧠 Brain Tumor MRI Dataset\classification_task\train\glioma\brisc2025_train_00516_gl_co_t1.jpg
514,515,4,glioma,glioma,True,D:\brain_tumor\🧠 Brain Tumor MRI Dataset\classification_task\train\glioma\brisc2025_train_00515_gl_co_t1.jpg,D:\brain_tumor\🧠 Brain Tumor MRI Dataset\classification_task\train\glioma\brisc2025_train_00516_gl_co_t1.jpg
518,519,6,glioma,glioma,True,D:\brain_tumor\🧠 Brain Tumor MRI Dataset\classification_task\train\glioma\brisc2025_train_00519_gl_co_t1.jpg,D:\brain_tumor\🧠 Brain Tumor MRI Dataset\classification_task\train\glioma\brisc2025_train_00520_gl_co_t1.jpg
520,521,6,glioma,glioma,True,D:\brain_tumor\🧠 Brain Tumor MRI Dataset\classification_task\train\glioma\brisc2025_train_00521_gl_co_t1.jpg,D:\brain_tumor\🧠 Brain Tumor MRI Dataset\classification_task\train\glioma\brisc2025_train_00522_gl_co_t1.jpg
525,526,6,glioma,glioma,True,D:\brain_tumor\🧠 Brain Tumor MRI Dataset\classification_task\train\glioma\brisc2025_train_00526_gl_co_t1.jpg,D:\brain_tumor\🧠 Brain Tumor MRI Dataset\classification_task\train\glioma\brisc2025_train_00527_gl_co_t1.jpg
526,527,4,glioma,glioma,True,D:\brain_tumor\🧠 Brain Tumor MRI Dataset\classification_task\train\glioma\brisc2025_train_00527_gl_co_t1.jpg,D:\brain_tumor\🧠 Brain Tumor MRI Dataset\classification_task\train\glioma\brisc2025_train_00528_gl_co_t1.jpg
527,528,6,glioma,glioma,True,D:\brain_tumor\🧠 Brain Tumor MRI Dataset\classification_task\train\glioma\brisc2025_train_00528_gl_co_t1.jpg,D:\brain_tumor\🧠 Brain Tumor MRI Dataset\classification_task\train\glioma\brisc2025_train_00529_gl_co_t1.jpg
528,529,4,glioma,glioma,True,D:\brain_tumor\🧠 Brain Tumor MRI Dataset\classification_task\train\glioma\brisc2025_train_00529_gl_co_t1.jpg,D:\brain_tumor\🧠 Brain Tumor MRI Dataset\classification_task\train\glioma\brisc2025_train_00530_gl_co_t1.jpg
529,530,4,glioma,glioma,True,D:\brain_tumor\🧠 Brain Tumor MRI Dataset\classification_task\train\glioma\brisc2025_train_00530_gl_co_t1.jpg,D:\brain_tumor\🧠 Brain Tumor MRI Dataset\classification_task\train\glioma\brisc2025_train_00531_gl_co_t1.jpg
529,531,6,glioma,glioma,True,D:\brain_tumor\🧠 Brain Tumor MRI Dataset\classification_task\train\glioma\brisc2025_train_00530_gl_co_t1.jpg,D:\brain_tumor\🧠 Brain Tumor MRI Dataset\classification_task\train\glioma\brisc2025_train_00532_gl_co_t1.jpg
530,531,4,glioma,glioma,True,D:\brain_tumor\🧠 Brain Tumor MRI Dataset\classification_task\train\glioma\brisc2025_train_00531_gl_co_t1.jpg,D:\brain_tumor\🧠 Brain Tumor MRI Dataset\classification_task\train\glioma\brisc2025_train_00532_gl_co_t1.jpg
531,1959,6,glioma,meningioma,False,D:\brain_tumor\🧠 Brain Tumor MRI Dataset\classification_task\train\glioma\brisc2025_train_00532_gl_co_t1.jpg,D:\brain_tumor\🧠 Brain Tumor MRI Dataset\classification_task\train\meningioma\brisc2025_train_01973_me_co_t1.jpg
533,640,6,glioma,glioma,True,D:\brain_tumor\🧠 Brain Tumor MRI Dataset\classification_task\train\glioma\brisc2025_train_00534_gl_co_t1.jpg,D:\brain_tumor\🧠 Brain Tumor MRI Dataset\classification_task\train\glioma\brisc2025_train_00641_gl_co_t1.jpg
533,641,6,glioma,glioma,True,D:\brain_tumor\🧠 Brain Tumor MRI Dataset\classification_task\train\glioma\brisc2025_train_00534_gl_co_t1.jpg,D:\brain_tumor\🧠 Brain Tumor MRI Dataset\classification_task\train\glioma\brisc2025_train_00642_gl_co_t1.jpg
535,536,4,glioma,glioma,True,D:\brain_tumor\🧠 Brain Tumor MRI Dataset\classification_task\train\glioma\brisc2025_train_00536_gl_co_t1.jpg,D:\brain_tumor\🧠 Brain Tumor MRI Dataset\classification_task\train\glioma\brisc2025_train_00537_gl_co_t1.jpg
536,537,6,glioma,glioma,True,D:\brain_tumor\🧠 Brain Tumor MRI Dataset\classification_task\train\glioma\brisc2025_train_00537_gl_co_t1.jpg,D:\brain_tumor\🧠 Brain Tumor MRI Dataset\classification_task\train\glioma\brisc2025_train_00538_gl_co_t1.jpg
540,541,6,glioma,glioma,True,D:\brain_tumor\🧠 Brain Tumor MRI Dataset\classification_task\train\glioma\brisc2025_train_00541_gl_co_t1.jpg,D:\brain_tumor\🧠 Brain Tumor MRI Dataset\classification_task\train\glioma\brisc2025_train_00542_gl_co_t1.jpg
548,549,4,glioma,glioma,True,D:\brain_tumor\🧠 Brain Tumor MRI Dataset\classification_task\train\glioma\brisc2025_train_00549_gl_co_t1.jpg,D:\brain_tumor\🧠 Brain Tumor MRI Dataset\classification_task\train\glioma\brisc2025_train_00550_gl_co_t1.jpg
551,552,6,glioma,glioma,True,D:\brain_tumor\🧠 Brain Tumor MRI Dataset\classification_task\train\glioma\brisc2025_train_00552_gl_co_t1.jpg,D:\brain_tumor\🧠 Brain Tumor MRI Dataset\classification_task\train\glioma\brisc2025_train_00553_gl_co_t1.jpg
556,557,4,glioma,glioma,True,D:\brain_tumor\🧠 Brain Tumor MRI Dataset\classification_task\train\glioma\brisc2025_train_00557_gl_co_t1.jpg,D:\brain_tumor\🧠 Brain Tumor MRI Dataset\classification_task\train\glioma\brisc2025_train_00558_gl_co_t1.jpg
557,558,6,glioma,glioma,True,D:\brain_tumor\🧠 Brain Tumor MRI Dataset\classification_task\train\glioma\brisc2025_train_00558_gl_co_t1.jpg,D:\brain_tumor\🧠 Brain Tumor MRI Dataset\classification_task\train\glioma\brisc2025_train_00559_gl_co_t1.jpg
560,561,6,glioma,glioma,True,D:\brain_tumor\🧠 Brain Tumor MRI Dataset\classification_task\train\glioma\brisc2025_train_00561_gl_co_t1.jpg,D:\brain_tumor\🧠 Brain Tumor MRI Dataset\classification_task\train\glioma\brisc2025_train_00562_gl_co_t1.jpg
564,565,6,glioma,glioma,True,D:\brain_tumor\🧠 Brain Tumor MRI Dataset\classification_task\train\glioma\brisc2025_train_00565_gl_co_t1.jpg,D:\brain_tumor\🧠 Brain Tumor MRI Dataset\classification_task\train\glioma\brisc2025_train_00566_gl_co_t1.jpg
567,569,6,glioma,glioma,True,D:\brain_tumor\🧠 Brain Tumor MRI Dataset\classification_task\train\glioma\brisc2025_train_00568_gl_co_t1.jpg,D:\brain_tumor\🧠 Brain Tumor MRI Dataset\classification_task\train\glioma\brisc2025_train_00570_gl_co_t1.jpg
568,569,6,glioma,glioma,True,D:\brain_tumor\🧠 Brain Tumor MRI Dataset\classification_task\train\glioma\brisc2025_train_00569_gl_co_t1.jpg,D:\brain_tumor\🧠 Brain Tumor MRI Dataset\classification_task\train\glioma\brisc2025_train_00570_gl_co_t1.jpg
579,712,6,glioma,glioma,True,D:\brain_tumor\🧠 Brain Tumor MRI Dataset\classification_task\train\glioma\brisc2025_train_00580_gl_co_t1.jpg,D:\brain_tumor\🧠 Brain Tumor MRI Dataset\classification_task\train\glioma\brisc2025_train_00713_gl_co_t1.jpg
590,2835,6,glioma,no_tumor,False,D:\brain_tumor\🧠 Brain Tumor MRI Dataset\classification_task\train\glioma\brisc2025_train_00591_gl_co_t1.jpg,D:\brain_tumor\🧠 Brain Tumor MRI Dataset\classification_task\train\no_tumor\brisc2025_train_02855_no_co_t1.jpg
593,594,6,glioma,glioma,True,D:\brain_tumor\🧠 Brain Tumor MRI Dataset\classification_task\train\glioma\brisc2025_train_00594_gl_co_t1.jpg,D:\brain_tumor\🧠 Brain Tumor MRI Dataset\classification_task\train\glioma\brisc2025_train_00595_gl_co_t1.jpg
596,597,6,glioma,glioma,True,D:\brain_tumor\🧠 Brain Tumor MRI Dataset\classification_task\train\glioma\brisc2025_train_00597_gl_co_t1.jpg,D:\brain_tumor\🧠 Brain Tumor MRI Dataset\classification_task\train\glioma\brisc2025_train_00598_gl_co_t1.jpg
603,604,2,glioma,glioma,True,D:\brain_tumor\🧠 Brain Tumor MRI Dataset\classification_task\train\glioma\brisc2025_train_00604_gl_co_t1.jpg,D:\brain_tumor\🧠 Brain Tumor MRI Dataset\classification_task\train\glioma\brisc2025_train_00605_gl_co_t1.jpg
607,608,6,glioma,glioma,True,D:\brain_tumor\🧠 Brain Tumor MRI Dataset\classification_task\train\glioma\brisc2025_train_00608_gl_co_t1.jpg,D:\brain_tumor\🧠 Brain Tumor MRI Dataset\classification_task\train\glioma\brisc2025_train_00609_gl_co_t1.jpg
607,743,6,glioma,glioma,True,D:\brain_tumor\🧠 Brain Tumor MRI Dataset\classification_task\train\glioma\brisc2025_train_00608_gl_co_t1.jpg,D:\brain_tumor\🧠 Brain Tumor MRI Dataset\classification_task\train\glioma\brisc2025_train_00744_gl_co_t1.jpg
608,609,6,glioma,glioma,True,D:\brain_tumor\🧠 Brain Tumor MRI Dataset\classification_task\train\glioma\brisc2025_train_00609_gl_co_t1.jpg,D:\brain_tumor\🧠 Brain Tumor MRI Dataset\classification_task\train\glioma\brisc2025_train_00610_gl_co_t1.jpg
608,743,6,glioma,glioma,True,D:\brain_tumor\🧠 Brain Tumor MRI Dataset\classification_task\train\glioma\brisc2025_train_00609_gl_co_t1.jpg,D:\brain_tumor\🧠 Brain Tumor MRI Dataset\classification_task\train\glioma\brisc2025_train_00744_gl_co_t1.jpg
609,743,4,glioma,glioma,True,D:\brain_tumor\🧠 Brain Tumor MRI Dataset\classification_task\train\glioma\brisc2025_train_00610_gl_co_t1.jpg,D:\brain_tumor\🧠 Brain Tumor MRI Dataset\classification_task\train\glioma\brisc2025_train_00744_gl_co_t1.jpg
609,756,6,glioma,glioma,True,D:\brain_tumor\🧠 Brain Tumor MRI Dataset\classification_task\train\glioma\brisc2025_train_00610_gl_co_t1.jpg,D:\brain_tumor\🧠 Brain Tumor MRI Dataset\classification_task\train\glioma\brisc2025_train_00757_gl_co_t1.jpg
614,615,2,glioma,glioma,True,D:\brain_tumor\🧠 Brain Tumor MRI Dataset\classification_task\train\glioma\brisc2025_train_00615_gl_co_t1.jpg,D:\brain_tumor\🧠 Brain Tumor MRI Dataset\classification_task\train\glioma\brisc2025_train_00616_gl_co_t1.jpg
616,617,6,glioma,glioma,True,D:\brain_tumor\🧠 Brain Tumor MRI Dataset\classification_task\train\glioma\brisc2025_train_00617_gl_co_t1.jpg,D:\brain_tumor\🧠 Brain Tumor MRI Dataset\classification_task\train\glioma\brisc2025_train_00618_gl_co_t1.jpg
616,1314,6,glioma,meningioma,False,D:\brain_tumor\🧠 Brain Tumor MRI Dataset\classification_task\train\glioma\brisc2025_train_00617_gl_co_t1.jpg,D:\brain_tumor\🧠 Brain Tumor MRI Dataset\classification_task\train\meningioma\brisc2025_train_01320_me_ax_t1.jpg
616,1427,6,glioma,meningioma,False,D:\brain_tumor\🧠 Brain Tumor MRI Dataset\classification_task\train\glioma\brisc2025_train_00617_gl_co_t1.jpg,D:\brain_tumor\🧠 Brain Tumor MRI Dataset\classification_task\train\meningioma\brisc2025_train_01434_me_ax_t1.jpg
617,1315,6,glioma,meningioma,False,D:\brain_tumor\🧠 Brain Tumor MRI Dataset\classification_task\train\glioma\brisc2025_train_00618_gl_co_t1.jpg,D:\brain_tumor\🧠 Brain Tumor MRI Dataset\classification_task\train\meningioma\brisc2025_train_01321_me_ax_t1.jpg
618,619,6,glioma,glioma,True,D:\brain_tumor\🧠 Brain Tumor MRI Dataset\classification_task\train\glioma\brisc2025_train_00619_gl_co_t1.jpg,D:\brain_tumor\🧠 Brain Tumor MRI Dataset\classification_task\train\glioma\brisc2025_train_00620_gl_co_t1.jpg
621,622,6,glioma,glioma,True,D:\brain_tumor\🧠 Brain Tumor MRI Dataset\classification_task\train\glioma\brisc2025_train_00622_gl_co_t1.jpg,D:\brain_tumor\🧠 Brain Tumor MRI Dataset\classification_task\train\glioma\brisc2025_train_00623_gl_co_t1.jpg
628,629,4,glioma,glioma,True,D:\brain_tumor\🧠 Brain Tumor MRI Dataset\classification_task\train\glioma\brisc2025_train_00629_gl_co_t1.jpg,D:\brain_tumor\🧠 Brain Tumor MRI Dataset\classification_task\train\glioma\brisc2025_train_00630_gl_co_t1.jpg
638,639,6,glioma,glioma,True,D:\brain_tumor\🧠 Brain Tumor MRI Dataset\classification_task\train\glioma\brisc2025_train_00639_gl_co_t1.jpg,D:\brain_tumor\🧠 Brain Tumor MRI Dataset\classification_task\train\glioma\brisc2025_train_00640_gl_co_t1.jpg
640,641,2,glioma,glioma,True,D:\brain_tumor\🧠 Brain Tumor MRI Dataset\classification_task\train\glioma\brisc2025_train_00641_gl_co_t1.jpg,D:\brain_tumor\🧠 Brain Tumor MRI Dataset\classification_task\train\glioma\brisc2025_train_00642_gl_co_t1.jpg
641,642,6,glioma,glioma,True,D:\brain_tumor\🧠 Brain Tumor MRI Dataset\classification_task\train\glioma\brisc2025_train_00642_gl_co_t1.jpg,D:\brain_tumor\🧠 Brain Tumor MRI Dataset\classification_task\train\glioma\brisc2025_train_00643_gl_co_t1.jpg
645,2703,6,glioma,no_tumor,False,D:\brain_tumor\🧠 Brain Tumor MRI Dataset\classification_task\train\glioma\brisc2025_train_00646_gl_co_t1.jpg,D:\brain_tumor\🧠 Brain Tumor MRI Dataset\classification_task\train\no_tumor\brisc2025_train_02723_no_ax_t1.jpg
647,648,6,glioma,glioma,True,D:\brain_tumor\🧠 Brain Tumor MRI Dataset\classification_task\train\glioma\brisc2025_train_00648_gl_co_t1.jpg,D:\brain_tumor\🧠 Brain Tumor MRI Dataset\classification_task\train\glioma\brisc2025_train_00649_gl_co_t1.jpg
651,652,4,glioma,glioma,True,D:\brain_tumor\🧠 Brain Tumor MRI Dataset\classification_task\train\glioma\brisc2025_train_00652_gl_co_t1.jpg,D:\brain_tumor\🧠 Brain Tumor MRI Dataset\classification_task\train\glioma\brisc2025_train_00653_gl_co_t1.jpg
654,655,6,glioma,glioma,True,D:\brain_tumor\🧠 Brain Tumor MRI Dataset\classification_task\train\glioma\brisc2025_train_00655_gl_co_t1.jpg,D:\brain_tumor\🧠 Brain Tumor MRI Dataset\classification_task\train\glioma\brisc2025_train_00656_gl_co_t1.jpg
658,659,6,glioma,glioma,True,D:\brain_tumor\🧠 Brain Tumor MRI Dataset\classification_task\train\glioma\brisc2025_train_00659_gl_co_t1.jpg,D:\brain_tumor\🧠 Brain Tumor MRI Dataset\classification_task\train\glioma\brisc2025_train_00660_gl_co_t1.jpg
659,660,6,glioma,glioma,True,D:\brain_tumor\🧠 Brain Tumor MRI Dataset\classification_task\train\glioma\brisc2025_train_00660_gl_co_t1.jpg,D:\brain_tumor\🧠 Brain Tumor MRI Dataset\classification_task\train\glioma\brisc2025_train_00661_gl_co_t1.jpg
664,665,6,glioma,glioma,True,D:\brain_tumor\🧠 Brain Tumor MRI Dataset\classification_task\train\glioma\brisc2025_train_00665_gl_co_t1.jpg,D:\brain_tumor\🧠 Brain Tumor MRI Dataset\classification_task\train\glioma\brisc2025_train_00666_gl_co_t1.jpg
664,1538,6,glioma,meningioma,False,D:\brain_tumor\🧠 Brain Tumor MRI Dataset\classification_task\train\glioma\brisc2025_train_00665_gl_co_t1.jpg,D:\brain_tumor\🧠 Brain Tumor MRI Dataset\classification_task\train\meningioma\brisc2025_train_01545_me_ax_t1.jpg
664,1539,6,glioma,meningioma,False,D:\brain_tumor\🧠 Brain Tumor MRI Dataset\classification_task\train\glioma\brisc2025_train_00665_gl_co_t1.jpg,D:\brain_tumor\🧠 Brain Tumor MRI Dataset\classification_task\train\meningioma\brisc2025_train_01546_me_ax_t1.jpg
665,666,2,glioma,glioma,True,D:\brain_tumor\🧠 Brain Tumor MRI Dataset\classification_task\train\glioma\brisc2025_train_00666_gl_co_t1.jpg,D:\brain_tumor\🧠 Brain Tumor MRI Dataset\classification_task\train\glioma\brisc2025_train_00667_gl_co_t1.jpg
667,668,6,glioma,glioma,True,D:\brain_tumor\🧠 Brain Tumor MRI Dataset\classification_task\train\glioma\brisc2025_train_00668_gl_co_t1.jpg,D:\brain_tumor\🧠 Brain Tumor MRI Dataset\classification_task\train\glioma\brisc2025_train_00669_gl_co_t1.jpg
670,671,6,glioma,glioma,True,D:\brain_tumor\🧠 Brain Tumor MRI Dataset\classification_task\train\glioma\brisc2025_train_00671_gl_co_t1.jpg,D:\brain_tumor\🧠 Brain Tumor MRI Dataset\classification_task\train\glioma\brisc2025_train_00672_gl_co_t1.jpg
672,673,4,glioma,glioma,True,D:\brain_tumor\🧠 Brain Tumor MRI Dataset\classification_task\train\glioma\brisc2025_train_00673_gl_co_t1.jpg,D:\brain_tumor\🧠 Brain Tumor MRI Dataset\classification_task\train\glioma\brisc2025_train_00674_gl_co_t1.jpg
673,747,4,glioma,glioma,True,D:\brain_tumor\🧠 Brain Tumor MRI Dataset\classification_task\train\glioma\brisc2025_train_00674_gl_co_t1.jpg,D:\brain_tumor\🧠 Brain Tumor MRI Dataset\classification_task\train\glioma\brisc2025_train_00748_gl_co_t1.jpg
674,675,6,glioma,glioma,True,D:\brain_tumor\🧠 Brain Tumor MRI Dataset\classification_task\train\glioma\brisc2025_train_00675_gl_co_t1.jpg,D:\brain_tumor\🧠 Brain Tumor MRI Dataset\classification_task\train\glioma\brisc2025_train_00676_gl_co_t1.jpg
683,684,6,glioma,glioma,True,D:\brain_tumor\🧠 Brain Tumor MRI Dataset\classification_task\train\glioma\brisc2025_train_00684_gl_co_t1.jpg,D:\brain_tumor\🧠 Brain Tumor MRI Dataset\classification_task\train\glioma\brisc2025_train_00685_gl_co_t1.jpg
690,691,6,glioma,glioma,True,D:\brain_tumor\🧠 Brain Tumor MRI Dataset\classification_task\train\glioma\brisc2025_train_00691_gl_co_t1.jpg,D:\brain_tumor\🧠 Brain Tumor MRI Dataset\classification_task\train\glioma\brisc2025_train_00692_gl_co_t1.jpg
691,692,4,glioma,glioma,True,D:\brain_tumor\🧠 Brain Tumor MRI Dataset\classification_task\train\glioma\brisc2025_train_00692_gl_co_t1.jpg,D:\brain_tumor\🧠 Brain Tumor MRI Dataset\classification_task\train\glioma\brisc2025_train_00693_gl_co_t1.jpg
691,693,6,glioma,glioma,True,D:\brain_tumor\🧠 Brain Tumor MRI Dataset\classification_task\train\glioma\brisc2025_train_00692_gl_co_t1.jpg,D:\brain_tumor\🧠 Brain Tumor MRI Dataset\classification_task\train\glioma\brisc2025_train_00694_gl_co_t1.jpg
692,693,2,glioma,glioma,True,D:\brain_tumor\🧠 Brain Tumor MRI Dataset\classification_task\train\glioma\brisc2025_train_00693_gl_co_t1.jpg,D:\brain_tumor\🧠 Brain Tumor MRI Dataset\classification_task\train\glioma\brisc2025_train_00694_gl_co_t1.jpg
696,4218,6,glioma,pituitary,False,D:\brain_tumor\🧠 Brain Tumor MRI Dataset\classification_task\train\glioma\brisc2025_train_00697_gl_co_t1.jpg,D:\brain_tumor\🧠 Brain Tumor MRI Dataset\classification_task\train\pituitary\brisc2025_train_04257_pi_co_t1.jpg
698,699,6,glioma,glioma,True,D:\brain_tumor\🧠 Brain Tumor MRI Dataset\classification_task\train\glioma\brisc2025_train_00699_gl_co_t1.jpg,D:\brain_tumor\🧠 Brain Tumor MRI Dataset\classification_task\train\glioma\brisc2025_train_00700_gl_co_t1.jpg
699,700,6,glioma,glioma,True,D:\brain_tumor\🧠 Brain Tumor MRI Dataset\classification_task\train\glioma\brisc2025_train_00700_gl_co_t1.jpg,D:\brain_tumor\🧠 Brain Tumor MRI Dataset\classification_task\train\glioma\brisc2025_train_00701_gl_co_t1.jpg
706,707,6,glioma,glioma,True,D:\brain_tumor\🧠 Brain Tumor MRI Dataset\classification_task\train\glioma\brisc2025_train_00707_gl_co_t1.jpg,D:\brain_tumor\🧠 Brain Tumor MRI Dataset\classification_task\train\glioma\brisc2025_train_00708_gl_co_t1.jpg
707,708,6,glioma,glioma,True,D:\brain_tumor\🧠 Brain Tumor MRI Dataset\classification_task\train\glioma\brisc2025_train_00708_gl_co_t1.jpg,D:\brain_tumor\🧠 Brain Tumor MRI Dataset\classification_task\train\glioma\brisc2025_train_00709_gl_co_t1.jpg
716,717,2,glioma,glioma,True,D:\brain_tumor\🧠 Brain Tumor MRI Dataset\classification_task\train\glioma\brisc2025_train_00717_gl_co_t1.jpg,D:\brain_tumor\🧠 Brain Tumor MRI Dataset\classification_task\train\glioma\brisc2025_train_00718_gl_co_t1.jpg
716,718,6,glioma,glioma,True,D:\brain_tumor\🧠 Brain Tumor MRI Dataset\classification_task\train\glioma\brisc2025_train_00717_gl_co_t1.jpg,D:\brain_tumor\🧠 Brain Tumor MRI Dataset\classification_task\train\glioma\brisc2025_train_00719_gl_co_t1.jpg
717,718,4,glioma,glioma,True,D:\brain_tumor\🧠 Brain Tumor MRI Dataset\classification_task\train\glioma\brisc2025_train_00718_gl_co_t1.jpg,D:\brain_tumor\🧠 Brain Tumor MRI Dataset\classification_task\train\glioma\brisc2025_train_00719_gl_co_t1.jpg
718,1711,6,glioma,meningioma,False,D:\brain_tumor\🧠 Brain Tumor MRI Dataset\classification_task\train\glioma\brisc2025_train_00719_gl_co_t1.jpg,D:\brain_tumor\🧠 Brain Tumor MRI Dataset\classification_task\train\meningioma\brisc2025_train_01724_me_co_t1.jpg
730,731,6,glioma,glioma,True,D:\brain_tumor\🧠 Brain Tumor MRI Dataset\classification_task\train\glioma\brisc2025_train_00731_gl_co_t1.jpg,D:\brain_tumor\🧠 Brain Tumor MRI Dataset\classification_task\train\glioma\brisc2025_train_00732_gl_co_t1.jpg
737,738,2,glioma,glioma,True,D:\brain_tumor\🧠 Brain Tumor MRI Dataset\classification_task\train\glioma\brisc2025_train_00738_gl_co_t1.jpg,D:\brain_tumor\🧠 Brain Tumor MRI Dataset\classification_task\train\glioma\brisc2025_train_00739_gl_co_t1.jpg
740,741,6,glioma,glioma,True,D:\brain_tumor\🧠 Brain Tumor MRI Dataset\classification_task\train\glioma\brisc2025_train_00741_gl_co_t1.jpg,D:\brain_tumor\🧠 Brain Tumor MRI Dataset\classification_task\train\glioma\brisc2025_train_00742_gl_co_t1.jpg
742,743,6,glioma,glioma,True,D:\brain_tumor\🧠 Brain Tumor MRI Dataset\classification_task\train\glioma\brisc2025_train_00743_gl_co_t1.jpg,D:\brain_tumor\🧠 Brain Tumor MRI Dataset\classification_task\train\glioma\brisc2025_train_00744_gl_co_t1.jpg
744,745,4,glioma,glioma,True,D:\brain_tumor\🧠 Brain Tumor MRI Dataset\classification_task\train\glioma\brisc2025_train_00745_gl_co_t1.jpg,D:\brain_tumor\🧠 Brain Tumor MRI Dataset\classification_task\train\glioma\brisc2025_train_00746_gl_co_t1.jpg
744,746,4,glioma,glioma,True,D:\brain_tumor\🧠 Brain Tumor MRI Dataset\classification_task\train\glioma\brisc2025_train_00745_gl_co_t1.jpg,D:\brain_tumor\🧠 Brain Tumor MRI Dataset\classification_task\train\glioma\brisc2025_train_00747_gl_co_t1.jpg
745,746,4,glioma,glioma,True,D:\brain_tumor\🧠 Brain Tumor MRI Dataset\classification_task\train\glioma\brisc2025_train_00746_gl_co_t1.jpg,D:\brain_tumor\🧠 Brain Tumor MRI Dataset\classification_task\train\glioma\brisc2025_train_00747_gl_co_t1.jpg
745,791,6,glioma,glioma,True,D:\brain_tumor\🧠 Brain Tumor MRI Dataset\classification_task\train\glioma\brisc2025_train_00746_gl_co_t1.jpg,D:\brain_tumor\🧠 Brain Tumor MRI Dataset\classification_task\train\glioma\brisc2025_train_00792_gl_co_t1.jpg
747,1583,6,glioma,meningioma,False,D:\brain_tumor\🧠 Brain Tumor MRI Dataset\classification_task\train\glioma\brisc2025_train_00748_gl_co_t1.jpg,D:\brain_tumor\🧠 Brain Tumor MRI Dataset\classification_task\train\meningioma\brisc2025_train_01590_me_co_t1.jpg
756,757,6,glioma,glioma,True,D:\brain_tumor\🧠 Brain Tumor MRI Dataset\classification_task\train\glioma\brisc2025_train_00757_gl_co_t1.jpg,D:\brain_tumor\🧠 Brain Tumor MRI Dataset\classification_task\train\glioma\brisc2025_train_00758_gl_co_t1.jpg
756,781,6,glioma,glioma,True,D:\brain_tumor\🧠 Brain Tumor MRI Dataset\classification_task\train\glioma\brisc2025_train_00757_gl_co_t1.jpg,D:\brain_tumor\🧠 Brain Tumor MRI Dataset\classification_task\train\glioma\brisc2025_train_00782_gl_co_t1.jpg
757,758,2,glioma,glioma,True,D:\brain_tumor\🧠 Brain Tumor MRI Dataset\classification_task\train\glioma\brisc2025_train_00758_gl_co_t1.jpg,D:\brain_tumor\🧠 Brain Tumor MRI Dataset\classification_task\train\glioma\brisc2025_train_00759_gl_co_t1.jpg
759,760,6,glioma,glioma,True,D:\brain_tumor\🧠 Brain Tumor MRI Dataset\classification_task\train\glioma\brisc2025_train_00760_gl_co_t1.jpg,D:\brain_tumor\🧠 Brain Tumor MRI Dataset\classification_task\train\glioma\brisc2025_train_00761_gl_co_t1.jpg
769,770,2,glioma,glioma,True,D:\brain_tumor\🧠 Brain Tumor MRI Dataset\classification_task\train\glioma\brisc2025_train_00770_gl_co_t1.jpg,D:\brain_tumor\🧠 Brain Tumor MRI Dataset\classification_task\train\glioma\brisc2025_train_00771_gl_co_t1.jpg
771,772,6,glioma,glioma,True,D:\brain_tumor\🧠 Brain Tumor MRI Dataset\classification_task\train\glioma\brisc2025_train_00772_gl_co_t1.jpg,D:\brain_tumor\🧠 Brain Tumor MRI Dataset\classification_task\train\glioma\brisc2025_train_00773_gl_co_t1.jpg
772,773,6,glioma,glioma,True,D:\brain_tumor\🧠 Brain Tumor MRI Dataset\classification_task\train\glioma\brisc2025_train_00773_gl_co_t1.jpg,D:\brain_tumor\🧠 Brain Tumor MRI Dataset\classification_task\train\glioma\brisc2025_train_00774_gl_co_t1.jpg
776,777,6,glioma,glioma,True,D:\brain_tumor\🧠 Brain Tumor MRI Dataset\classification_task\train\glioma\brisc2025_train_00777_gl_co_t1.jpg,D:\brain_tumor\🧠 Brain Tumor MRI Dataset\classification_task\train\glioma\brisc2025_train_00778_gl_co_t1.jpg
783,784,4,glioma,glioma,True,D:\brain_tumor\🧠 Brain Tumor MRI Dataset\classification_task\train\glioma\brisc2025_train_00784_gl_co_t1.jpg,D:\brain_tumor\🧠 Brain Tumor MRI Dataset\classification_task\train\glioma\brisc2025_train_00785_gl_co_t1.jpg
783,785,4,glioma,glioma,True,D:\brain_tumor\🧠 Brain Tumor MRI Dataset\classification_task\train\glioma\brisc2025_train_00784_gl_co_t1.jpg,D:\brain_tumor\🧠 Brain Tumor MRI Dataset\classification_task\train\glioma\brisc2025_train_00786_gl_co_t1.jpg
784,785,6,glioma,glioma,True,D:\brain_tumor\🧠 Brain Tumor MRI Dataset\classification_task\train\glioma\brisc2025_train_00785_gl_co_t1.jpg,D:\brain_tumor\🧠 Brain Tumor MRI Dataset\classification_task\train\glioma\brisc2025_train_00786_gl_co_t1.jpg
793,1895,6,glioma,meningioma,False,D:\brain_tumor\🧠 Brain Tumor MRI Dataset\classification_task\train\glioma\brisc2025_train_00794_gl_co_t1.jpg,D:\brain_tumor\🧠 Brain Tumor MRI Dataset\classification_task\train\meningioma\brisc2025_train_01909_me_co_t1.jpg
794,795,2,glioma,glioma,True,D:\brain_tumor\🧠 Brain Tumor MRI Dataset\classification_task\train\glioma\brisc2025_train_00795_gl_co_t1.jpg,D:\brain_tumor\🧠 Brain Tumor MRI Dataset\classification_task\train\glioma\brisc2025_train_00796_gl_co_t1.jpg
796,797,4,glioma,glioma,True,D:\brain_tumor\🧠 Brain Tumor MRI Dataset\classification_task\train\glioma\brisc2025_train_00797_gl_co_t1.jpg,D:\brain_tumor\🧠 Brain Tumor MRI Dataset\classification_task\train\glioma\brisc2025_train_00798_gl_co_t1.jpg
797,798,6,glioma,glioma,True,D:\brain_tumor\🧠 Brain Tumor MRI Dataset\classification_task\train\glioma\brisc2025_train_00798_gl_co_t1.jpg,D:\brain_tumor\🧠 Brain Tumor MRI Dataset\classification_task\train\glioma\brisc2025_train_00799_gl_co_t1.jpg
797,2069,6,glioma,meningioma,False,D:\brain_tumor\🧠 Brain Tumor MRI Dataset\classification_task\train\glioma\brisc2025_train_00798_gl_co_t1.jpg,D:\brain_tumor\🧠 Brain Tumor MRI Dataset\classification_task\train\meningioma\brisc2025_train_02084_me_sa_t1.jpg
798,799,6,glioma,glioma,True,D:\brain_tumor\🧠 Brain Tumor MRI Dataset\classification_task\train\glioma\brisc2025_train_00799_gl_co_t1.jpg,D:\brain_tumor\🧠 Brain Tumor MRI Dataset\classification_task\train\glioma\brisc2025_train_00800_gl_co_t1.jpg
798,2069,6,glioma,meningioma,False,D:\brain_tumor\🧠 Brain Tumor MRI Dataset\classification_task\train\glioma\brisc2025_train_00799_gl_co_t1.jpg,D:\brain_tumor\🧠 Brain Tumor MRI Dataset\classification_task\train\meningioma\brisc2025_train_02084_me_sa_t1.jpg
801,802,4,glioma,glioma,True,D:\brain_tumor\🧠 Brain Tumor MRI Dataset\classification_task\train\glioma\brisc2025_train_00802_gl_co_t1.jpg,D:\brain_tumor\🧠 Brain Tumor MRI Dataset\classification_task\train\glioma\brisc2025_train_00803_gl_co_t1.jpg
809,1744,6,glioma,meningioma,False,D:\brain_tumor\🧠 Brain Tumor MRI Dataset\classification_task\train\glioma\brisc2025_train_00810_gl_co_t1.jpg,D:\brain_tumor\🧠 Brain Tumor MRI Dataset\classification_task\train\meningioma\brisc2025_train_01757_me_co_t1.jpg
809,1745,6,glioma,meningioma,False,D:\brain_tumor\🧠 Brain Tumor MRI Dataset\classification_task\train\glioma\brisc2025_train_00810_gl_co_t1.jpg,D:\brain_tumor\🧠 Brain Tumor MRI Dataset\classification_task\train\meningioma\brisc2025_train_01758_me_co_t1.jpg
809,1749,6,glioma,meningioma,False,D:\brain_tumor\🧠 Brain Tumor MRI Dataset\classification_task\train\glioma\brisc2025_train_00810_gl_co_t1.jpg,D:\brain_tumor\🧠 Brain Tumor MRI Dataset\classification_task\train\meningioma\brisc2025_train_01762_me_co_t1.jpg
810,811,4,glioma,glioma,True,D:\brain_tumor\🧠 Brain Tumor MRI Dataset\classification_task\train\glioma\brisc2025_train_00811_gl_co_t1.jpg,D:\brain_tumor\🧠 Brain Tumor MRI Dataset\classification_task\train\glioma\brisc2025_train_00812_gl_co_t1.jpg
815,1736,6,glioma,meningioma,False,D:\brain_tumor\🧠 Brain Tumor MRI Dataset\classification_task\train\glioma\brisc2025_train_00816_gl_co_t1.jpg,D:\brain_tumor\🧠 Brain Tumor MRI Dataset\classification_task\train\meningioma\brisc2025_train_01749_me_co_t1.jpg
818,819,6,glioma,glioma,True,D:\brain_tumor\🧠 Brain Tumor MRI Dataset\classification_task\train\glioma\brisc2025_train_00819_gl_co_t1.jpg,D:\brain_tumor\🧠 Brain Tumor MRI Dataset\classification_task\train\glioma\brisc2025_train_00820_gl_co_t1.jpg
822,823,6,glioma,glioma,True,D:\brain_tumor\🧠 Brain Tumor MRI Dataset\classification_task\train\glioma\brisc2025_train_00823_gl_co_t1.jpg,D:\brain_tumor\🧠 Brain Tumor MRI Dataset\classification_task\train\glioma\brisc2025_train_00824_gl_co_t1.jpg
827,1929,6,glioma,meningioma,False,D:\brain_tumor\🧠 Brain Tumor MRI Dataset\classification_task\train\glioma\brisc2025_train_00828_gl_sa_t1.jpg,D:\brain_tumor\🧠 Brain Tumor MRI Dataset\classification_task\train\meningioma\brisc2025_train_01943_me_co_t1.jpg
830,2245,6,glioma,meningioma,False,D:\brain_tumor\🧠 Brain Tumor MRI Dataset\classification_task\train\glioma\brisc2025_train_00831_gl_sa_t1.jpg,D:\brain_tumor\🧠 Brain Tumor MRI Dataset\classification_task\train\meningioma\brisc2025_train_02261_me_sa_t1.jpg
838,839,4,glioma,glioma,True,D:\brain_tumor\🧠 Brain Tumor MRI Dataset\classification_task\train\glioma\brisc2025_train_00839_gl_sa_t1.jpg,D:\brain_tumor\🧠 Brain Tumor MRI Dataset\classification_task\train\glioma\brisc2025_train_00840_gl_sa_t1.jpg
840,841,6,glioma,glioma,True,D:\brain_tumor\🧠 Brain Tumor MRI Dataset\classification_task\train\glioma\brisc2025_train_00841_gl_sa_t1.jpg,D:\brain_tumor\🧠 Brain Tumor MRI Dataset\classification_task\train\glioma\brisc2025_train_00842_gl_sa_t1.jpg
840,960,6,glioma,glioma,True,D:\brain_tumor\🧠 Brain Tumor MRI Dataset\classification_task\train\glioma\brisc2025_train_00841_gl_sa_t1.jpg,D:\brain_tumor\🧠 Brain Tumor MRI Dataset\classification_task\train\glioma\brisc2025_train_00961_gl_sa_t1.jpg
847,848,4,glioma,glioma,True,D:\brain_tumor\🧠 Brain Tumor MRI Dataset\classification_task\train\glioma\brisc2025_train_00848_gl_sa_t1.jpg,D:\brain_tumor\🧠 Brain Tumor MRI Dataset\classification_task\train\glioma\brisc2025_train_00849_gl_sa_t1.jpg
849,920,4,glioma,glioma,True,D:\brain_tumor\🧠 Brain Tumor MRI Dataset\classification_task\train\glioma\brisc2025_train_00850_gl_sa_t1.jpg,D:\brain_tumor\🧠 Brain Tumor MRI Dataset\classification_task\train\glioma\brisc2025_train_00921_gl_sa_t1.jpg
849,2346,6,glioma,meningioma,False,D:\brain_tumor\🧠 Brain Tumor MRI Dataset\classification_task\train\glioma\brisc2025_train_00850_gl_sa_t1.jpg,D:\brain_tumor\🧠 Brain Tumor MRI Dataset\classification_task\train\meningioma\brisc2025_train_02364_me_sa_t1.jpg
850,919,6,glioma,glioma,True,D:\brain_tumor\🧠 Brain Tumor MRI Dataset\classification_task\train\glioma\brisc2025_train_00851_gl_sa_t1.jpg,D:\brain_tumor\🧠 Brain Tumor MRI Dataset\classification_task\train\glioma\brisc2025_train_00920_gl_sa_t1.jpg
851,852,4,glioma,glioma,True,D:\brain_tumor\🧠 Brain Tumor MRI Dataset\classification_task\train\glioma\brisc2025_train_00852_gl_sa_t1.jpg,D:\brain_tumor\🧠 Brain Tumor MRI Dataset\classification_task\train\glioma\brisc2025_train_00853_gl_sa_t1.jpg
855,2315,6,glioma,meningioma,False,D:\brain_tumor\🧠 Brain Tumor MRI Dataset\classification_task\train\glioma\brisc2025_train_00856_gl_sa_t1.jpg,D:\brain_tumor\🧠 Brain Tumor MRI Dataset\classification_task\train\meningioma\brisc2025_train_02333_me_sa_t1.jpg
855,2316,6,glioma,meningioma,False,D:\brain_tumor\🧠 Brain Tumor MRI Dataset\classification_task\train\glioma\brisc2025_train_00856_gl_sa_t1.jpg,D:\brain_tumor\🧠 Brain Tumor MRI Dataset\classification_task\train\meningioma\brisc2025_train_02334_me_sa_t1.jpg
856,857,4,glioma,glioma,True,D:\brain_tumor\🧠 Brain Tumor MRI Dataset\classification_task\train\glioma\brisc2025_train_00857_gl_sa_t1.jpg,D:\brain_tumor\🧠 Brain Tumor MRI Dataset\classification_task\train\glioma\brisc2025_train_00858_gl_sa_t1.jpg
856,896,6,glioma,glioma,True,D:\brain_tumor\🧠 Brain Tumor MRI Dataset\classification_task\train\glioma\brisc2025_train_00857_gl_sa_t1.jpg,D:\brain_tumor\🧠 Brain Tumor MRI Dataset\classification_task\train\glioma\brisc2025_train_00897_gl_sa_t1.jpg
856,960,6,glioma,glioma,True,D:\brain_tumor\🧠 Brain Tumor MRI Dataset\classification_task\train\glioma\brisc2025_train_00857_gl_sa_t1.jpg,D:\brain_tumor\🧠 Brain Tumor MRI Dataset\classification_task\train\glioma\brisc2025_train_00961_gl_sa_t1.jpg
856,961,6,glioma,glioma,True,D:\brain_tumor\🧠 Brain Tumor MRI Dataset\classification_task\train\glioma\brisc2025_train_00857_gl_sa_t1.jpg,D:\brain_tumor\🧠 Brain Tumor MRI Dataset\classification_task\train\glioma\brisc2025_train_00962_gl_sa_t1.jpg
856,1058,2,glioma,glioma,True,D:\brain_tumor\🧠 Brain Tumor MRI Dataset\classification_task\train\glioma\brisc2025_train_00857_gl_sa_t1.jpg,D:\brain_tumor\🧠 Brain Tumor MRI Dataset\classification_task\train\glioma\brisc2025_train_01059_gl_sa_t1.jpg
856,2336,6,glioma,meningioma,False,D:\brain_tumor\🧠 Brain Tumor MRI Dataset\classification_task\train\glioma\brisc2025_train_00857_gl_sa_t1.jpg,D:\brain_tumor\🧠 Brain Tumor MRI Dataset\classification_task\train\meningioma\brisc2025_train_02354_me_sa_t1.jpg
857,894,6,glioma,glioma,True,D:\brain_tumor\🧠 Brain Tumor MRI Dataset\classification_task\train\glioma\brisc2025_train_00858_gl_sa_t1.jpg,D:\brain_tumor\🧠 Brain Tumor MRI Dataset\classification_task\train\glioma\brisc2025_train_00895_gl_sa_t1.jpg
857,896,6,glioma,glioma,True,D:\brain_tumor\🧠 Brain Tumor MRI Dataset\classification_task\train\glioma\brisc2025_train_00858_gl_sa_t1.jpg,D:\brain_tumor\🧠 Brain Tumor MRI Dataset\classification_task\train\glioma\brisc2025_train_00897_gl_sa_t1.jpg
857,960,4,glioma,glioma,True,D:\brain_tumor\🧠 Brain Tumor MRI Dataset\classification_task\train\glioma\brisc2025_train_00858_gl_sa_t1.jpg,D:\brain_tumor\🧠 Brain Tumor MRI Dataset\classification_task\train\glioma\brisc2025_train_00961_gl_sa_t1.jpg
857,1058,4,glioma,glioma,True,D:\brain_tumor\🧠 Brain Tumor MRI Dataset\classification_task\train\glioma\brisc2025_train_00858_gl_sa_t1.jpg,D:\brain_tumor\🧠 Brain Tumor MRI Dataset\classification_task\train\glioma\brisc2025_train_01059_gl_sa_t1.jpg
857,1059,6,glioma,glioma,True,D:\brain_tumor\🧠 Brain Tumor MRI Dataset\classification_task\train\glioma\brisc2025_train_00858_gl_sa_t1.jpg,D:\brain_tumor\🧠 Brain Tumor MRI Dataset\classification_task\train\glioma\brisc2025_train_01060_gl_sa_t1.jpg
857,2257,6,glioma,meningioma,False,D:\brain_tumor\🧠 Brain Tumor MRI Dataset\classification_task\train\glioma\brisc2025_train_00858_gl_sa_t1.jpg,D:\brain_tumor\🧠 Brain Tumor MRI Dataset\classification_task\train\meningioma\brisc2025_train_02273_me_sa_t1.jpg
857,2336,6,glioma,meningioma,False,D:\brain_tumor\🧠 Brain Tumor MRI Dataset\classification_task\train\glioma\brisc2025_train_00858_gl_sa_t1.jpg,D:\brain_tumor\🧠 Brain Tumor MRI Dataset\classification_task\train\meningioma\brisc2025_train_02354_me_sa_t1.jpg
861,956,4,glioma,glioma,True,D:\brain_tumor\🧠 Brain Tumor MRI Dataset\classification_task\train\glioma\brisc2025_train_00862_gl_sa_t1.jpg,D:\brain_tumor\🧠 Brain Tumor MRI Dataset\classification_task\train\glioma\brisc2025_train_00957_gl_sa_t1.jpg
861,1023,6,glioma,glioma,True,D:\brain_tumor\🧠 Brain Tumor MRI Dataset\classification_task\train\glioma\brisc2025_train_00862_gl_sa_t1.jpg,D:\brain_tumor\🧠 Brain Tumor MRI Dataset\classification_task\train\glioma\brisc2025_train_01024_gl_sa_t1.jpg
861,2281,6,glioma,meningioma,False,D:\brain_tumor\🧠 Brain Tumor MRI Dataset\classification_task\train\glioma\brisc2025_train_00862_gl_sa_t1.jpg,D:\brain_tumor\🧠 Brain Tumor MRI Dataset\classification_task\train\meningioma\brisc2025_train_02298_me_sa_t1.jpg
863,864,6,glioma,glioma,True,D:\brain_tumor\🧠 Brain Tumor MRI Dataset\classification_task\train\glioma\brisc2025_train_00864_gl_sa_t1.jpg,D:\brain_tumor\🧠 Brain Tumor MRI Dataset\classification_task\train\glioma\brisc2025_train_00865_gl_sa_t1.jpg
864,4940,6,glioma,pituitary,False,D:\brain_tumor\🧠 Brain Tumor MRI Dataset\classification_task\train\glioma\brisc2025_train_00865_gl_sa_t1.jpg,D:\brain_tumor\🧠 Brain Tumor MRI Dataset\classification_task\train\pituitary\brisc2025_train_04986_pi_sa_t1.jpg
868,967,6,glioma,glioma,True,D:\brain_tumor\🧠 Brain Tumor MRI Dataset\classification_task\train\glioma\brisc2025_train_00869_gl_sa_t1.jpg,D:\brain_tumor\🧠 Brain Tumor MRI Dataset\classification_task\train\glioma\brisc2025_train_00968_gl_sa_t1.jpg
869,2264,6,glioma,meningioma,False,D:\brain_tumor\🧠 Brain Tumor MRI Dataset\classification_task\train\glioma\brisc2025_train_00870_gl_sa_t1.jpg,D:\brain_tumor\🧠 Brain Tumor MRI Dataset\classification_task\train\meningioma\brisc2025_train_02280_me_sa_t1.jpg
870,871,6,glioma,glioma,True,D:\brain_tumor\🧠 Brain Tumor MRI Dataset\classification_task\train\glioma\brisc2025_train_00871_gl_sa_t1.jpg,D:\brain_tumor\🧠 Brain Tumor MRI Dataset\classification_task\train\glioma\brisc2025_train_00872_gl_sa_t1.jpg
871,872,6,glioma,glioma,True,D:\brain_tumor\🧠 Brain Tumor MRI Dataset\classification_task\train\glioma\brisc2025_train_00872_gl_sa_t1.jpg,D:\brain_tumor\🧠 Brain Tumor MRI Dataset\classification_task\train\glioma\brisc2025_train_00873_gl_sa_t1.jpg
871,873,6,glioma,glioma,True,D:\brain_tumor\🧠 Brain Tumor MRI Dataset\classification_task\train\glioma\brisc2025_train_00872_gl_sa_t1.jpg,D:\brain_tumor\🧠 Brain Tumor MRI Dataset\classification_task\train\glioma\brisc2025_train_00874_gl_sa_t1.jpg
874,875,4,glioma,glioma,True,D:\brain_tumor\🧠 Brain Tumor MRI Dataset\classification_task\train\glioma\brisc2025_train_00875_gl_sa_t1.jpg,D:\brain_tumor\🧠 Brain Tumor MRI Dataset\classification_task\train\glioma\brisc2025_train_00876_gl_sa_t1.jpg
875,2381,6,glioma,meningioma,False,D:\brain_tumor\🧠 Brain Tumor MRI Dataset\classification_task\train\glioma\brisc2025_train_00876_gl_sa_t1.jpg,D:\brain_tumor\🧠 Brain Tumor MRI Dataset\classification_task\train\meningioma\brisc2025_train_02401_me_sa_t1.jpg
877,878,6,glioma,glioma,True,D:\brain_tumor\🧠 Brain Tumor MRI Dataset\classification_task\train\glioma\brisc2025_train_00878_gl_sa_t1.jpg,D:\brain_tumor\🧠 Brain Tumor MRI Dataset\classification_task\train\glioma\brisc2025_train_00879_gl_sa_t1.jpg
880,881,4,glioma,glioma,True,D:\brain_tumor\🧠 Brain Tumor MRI Dataset\classification_task\train\glioma\brisc2025_train_00881_gl_sa_t1.jpg,D:\brain_tumor\🧠 Brain Tumor MRI Dataset\classification_task\train\glioma\brisc2025_train_00882_gl_sa_t1.jpg
881,882,4,glioma,glioma,True,D:\brain_tumor\🧠 Brain Tumor MRI Dataset\classification_task\train\glioma\brisc2025_train_00882_gl_sa_t1.jpg,D:\brain_tumor\🧠 Brain Tumor MRI Dataset\classification_task\train\glioma\brisc2025_train_00883_gl_sa_t1.jpg
884,885,4,glioma,glioma,True,D:\brain_tumor\🧠 Brain Tumor MRI Dataset\classification_task\train\glioma\brisc2025_train_00885_gl_sa_t1.jpg,D:\brain_tumor\🧠 Brain Tumor MRI Dataset\classification_task\train\glioma\brisc2025_train_00886_gl_sa_t1.jpg
885,979,6,glioma,glioma,True,D:\brain_tumor\🧠 Brain Tumor MRI Dataset\classification_task\train\glioma\brisc2025_train_00886_gl_sa_t1.jpg,D:\brain_tumor\🧠 Brain Tumor MRI Dataset\classification_task\train\glioma\brisc2025_train_00980_gl_sa_t1.jpg
889,890,4,glioma,glioma,True,D:\brain_tumor\🧠 Brain Tumor MRI Dataset\classification_task\train\glioma\brisc2025_train_00890_gl_sa_t1.jpg,D:\brain_tumor\🧠 Brain Tumor MRI Dataset\classification_task\train\glioma\brisc2025_train_00891_gl_sa_t1.jpg
894,895,6,glioma,glioma,True,D:\brain_tumor\🧠 Brain Tumor MRI Dataset\classification_task\train\glioma\brisc2025_train_00895_gl_sa_t1.jpg,D:\brain_tumor\🧠 Brain Tumor MRI Dataset\classification_task\train\glioma\brisc2025_train_00896_gl_sa_t1.jpg
894,960,6,glioma,glioma,True,D:\brain_tumor\🧠 Brain Tumor MRI Dataset\classification_task\train\glioma\brisc2025_train_00895_gl_sa_t1.jpg,D:\brain_tumor\🧠 Brain Tumor MRI Dataset\classification_task\train\glioma\brisc2025_train_00961_gl_sa_t1.jpg
894,2336,6,glioma,meningioma,False,D:\brain_tumor\🧠 Brain Tumor MRI Dataset\classification_task\train\glioma\brisc2025_train_00895_gl_sa_t1.jpg,D:\brain_tumor\🧠 Brain Tumor MRI Dataset\classification_task\train\meningioma\brisc2025_train_02354_me_sa_t1.jpg
895,896,6,glioma,glioma,True,D:\brain_tumor\🧠 Brain Tumor MRI Dataset\classification_task\train\glioma\brisc2025_train_00896_gl_sa_t1.jpg,D:\brain_tumor\🧠 Brain Tumor MRI Dataset\classification_task\train\glioma\brisc2025_train_00897_gl_sa_t1.jpg
895,961,6,glioma,glioma,True,D:\brain_tumor\🧠 Brain Tumor MRI Dataset\classification_task\train\glioma\brisc2025_train_00896_gl_sa_t1.jpg,D:\brain_tumor\🧠 Brain Tumor MRI Dataset\classification_task\train\glioma\brisc2025_train_00962_gl_sa_t1.jpg
895,1104,4,glioma,glioma,True,D:\brain_tumor\🧠 Brain Tumor MRI Dataset\classification_task\train\glioma\brisc2025_train_00896_gl_sa_t1.jpg,D:\brain_tumor\🧠 Brain Tumor MRI Dataset\classification_task\train\glioma\brisc2025_train_01105_gl_sa_t1.jpg
896,1104,6,glioma,glioma,True,D:\brain_tumor\🧠 Brain Tumor MRI Dataset\classification_task\train\glioma\brisc2025_train_00897_gl_sa_t1.jpg,D:\brain_tumor\🧠 Brain Tumor MRI Dataset\classification_task\train\glioma\brisc2025_train_01105_gl_sa_t1.jpg
896,2310,6,glioma,meningioma,False,D:\brain_tumor\🧠 Brain Tumor MRI Dataset\classification_task\train\glioma\brisc2025_train_00897_gl_sa_t1.jpg,D:\brain_tumor\🧠 Brain Tumor MRI Dataset\classification_task\train\meningioma\brisc2025_train_02328_me_sa_t1.jpg
896,2336,6,glioma,meningioma,False,D:\brain_tumor\🧠 Brain Tumor MRI Dataset\classification_task\train\glioma\brisc2025_train_00897_gl_sa_t1.jpg,D:\brain_tumor\🧠 Brain Tumor MRI Dataset\classification_task\train\meningioma\brisc2025_train_02354_me_sa_t1.jpg
900,972,6,glioma,glioma,True,D:\brain_tumor\🧠 Brain Tumor MRI Dataset\classification_task\train\glioma\brisc2025_train_00901_gl_sa_t1.jpg,D:\brain_tumor\🧠 Brain Tumor MRI Dataset\classification_task\train\glioma\brisc2025_train_00973_gl_sa_t1.jpg
900,973,6,glioma,glioma,True,D:\brain_tumor\🧠 Brain Tumor MRI Dataset\classification_task\train\glioma\brisc2025_train_00901_gl_sa_t1.jpg,D:\brain_tumor\🧠 Brain Tumor MRI Dataset\classification_task\train\glioma\brisc2025_train_00974_gl_sa_t1.jpg
901,1107,6,glioma,glioma,True,D:\brain_tumor\🧠 Brain Tumor MRI Dataset\classification_task\train\glioma\brisc2025_train_00902_gl_sa_t1.jpg,D:\brain_tumor\🧠 Brain Tumor MRI Dataset\classification_task\train\glioma\brisc2025_train_01108_gl_sa_t1.jpg
901,2404,4,glioma,meningioma,False,D:\brain_tumor\🧠 Brain Tumor MRI Dataset\classification_task\train\glioma\brisc2025_train_00902_gl_sa_t1.jpg,D:\brain_tumor\🧠 Brain Tumor MRI Dataset\classification_task\train\meningioma\brisc2025_train_02424_me_sa_t1.jpg
902,941,6,glioma,glioma,True,D:\brain_tumor\🧠 Brain Tumor MRI Dataset\classification_task\train\glioma\brisc2025_train_00903_gl_sa_t1.jpg,D:\brain_tumor\🧠 Brain Tumor MRI Dataset\classification_task\train\glioma\brisc2025_train_00942_gl_sa_t1.jpg
902,1109,6,glioma,glioma,True,D:\brain_tumor\🧠 Brain Tumor MRI Dataset\classification_task\train\glioma\brisc2025_train_00903_gl_sa_t1.jpg,D:\brain_tumor\🧠 Brain Tumor MRI Dataset\classification_task\train\glioma\brisc2025_train_01110_gl_sa_t1.jpg
902,2279,6,glioma,meningioma,False,D:\brain_tumor\🧠 Brain Tumor MRI Dataset\classification_task\train\glioma\brisc2025_train_00903_gl_sa_t1.jpg,D:\brain_tumor\🧠 Brain Tumor MRI Dataset\classification_task\train\meningioma\brisc2025_train_02296_me_sa_t1.jpg
902,2352,6,glioma,meningioma,False,D:\brain_tumor\🧠 Brain Tumor MRI Dataset\classification_task\train\glioma\brisc2025_train_00903_gl_sa_t1.jpg,D:\brain_tumor\🧠 Brain Tumor MRI Dataset\classification_task\train\meningioma\brisc2025_train_02371_me_sa_t1.jpg
902,2358,6,glioma,meningioma,False,D:\brain_tumor\🧠 Brain Tumor MRI Dataset\classification_task\train\glioma\brisc2025_train_00903_gl_sa_t1.jpg,D:\brain_tumor\🧠 Brain Tumor MRI Dataset\classification_task\train\meningioma\brisc2025_train_02377_me_sa_t1.jpg
902,2380,6,glioma,meningioma,False,D:\brain_tumor\🧠 Brain Tumor MRI Dataset\classification_task\train\glioma\brisc2025_train_00903_gl_sa_t1.jpg,D:\brain_tumor\🧠 Brain Tumor MRI Dataset\classification_task\train\meningioma\brisc2025_train_02400_me_sa_t1.jpg
903,904,4,glioma,glioma,True,D:\brain_tumor\🧠 Brain Tumor MRI Dataset\classification_task\train\glioma\brisc2025_train_00904_gl_sa_t1.jpg,D:\brain_tumor\🧠 Brain Tumor MRI Dataset\classification_task\train\glioma\brisc2025_train_00905_gl_sa_t1.jpg
903,905,2,glioma,glioma,True,D:\brain_tumor\🧠 Brain Tumor MRI Dataset\classification_task\train\glioma\brisc2025_train_00904_gl_sa_t1.jpg,D:\brain_tumor\🧠 Brain Tumor MRI Dataset\classification_task\train\glioma\brisc2025_train_00906_gl_sa_t1.jpg
903,906,6,glioma,glioma,True,D:\brain_tumor\🧠 Brain Tumor MRI Dataset\classification_task\train\glioma\brisc2025_train_00904_gl_sa_t1.jpg,D:\brain_tumor\🧠 Brain Tumor MRI Dataset\classification_task\train\glioma\brisc2025_train_00907_gl_sa_t1.jpg
903,907,6,glioma,glioma,True,D:\brain_tumor\🧠 Brain Tumor MRI Dataset\classification_task\train\glioma\brisc2025_train_00904_gl_sa_t1.jpg,D:\brain_tumor\🧠 Brain Tumor MRI Dataset\classification_task\train\glioma\brisc2025_train_00908_gl_sa_t1.jpg
903,1109,4,glioma,glioma,True,D:\brain_tumor\🧠 Brain Tumor MRI Dataset\classification_task\train\glioma\brisc2025_train_00904_gl_sa_t1.jpg,D:\brain_tumor\🧠 Brain Tumor MRI Dataset\classification_task\train\glioma\brisc2025_train_01110_gl_sa_t1.jpg
903,2291,6,glioma,meningioma,False,D:\brain_tumor\🧠 Brain Tumor MRI Dataset\classification_task\train\glioma\brisc2025_train_00904_gl_sa_t1.jpg,D:\brain_tumor\🧠 Brain Tumor MRI Dataset\classification_task\train\meningioma\brisc2025_train_02308_me_sa_t1.jpg
903,4033,6,glioma,pituitary,False,D:\brain_tumor\🧠 Brain Tumor MRI Dataset\classification_task\train\glioma\brisc2025_train_00904_gl_sa_t1.jpg,D:\brain_tumor\🧠 Brain Tumor MRI Dataset\classification_task\train\pituitary\brisc2025_train_04065_pi_co_t1.jpg
904,905,6,glioma,glioma,True,D:\brain_tumor\🧠 Brain Tumor MRI Dataset\classification_task\train\glioma\brisc2025_train_00905_gl_sa_t1.jpg,D:\brain_tumor\🧠 Brain Tumor MRI Dataset\classification_task\train\glioma\brisc2025_train_00906_gl_sa_t1.jpg
904,1109,6,glioma,glioma,True,D:\brain_tumor\🧠 Brain Tumor MRI Dataset\classification_task\train\glioma\brisc2025_train_00905_gl_sa_t1.jpg,D:\brain_tumor\🧠 Brain Tumor MRI Dataset\classification_task\train\glioma\brisc2025_train_01110_gl_sa_t1.jpg
904,2265,6,glioma,meningioma,False,D:\brain_tumor\🧠 Brain Tumor MRI Dataset\classification_task\train\glioma\brisc2025_train_00905_gl_sa_t1.jpg,D:\brain_tumor\🧠 Brain Tumor MRI Dataset\classification_task\train\meningioma\brisc2025_train_02281_me_sa_t1.jpg
904,2279,6,glioma,meningioma,False,D:\brain_tumor\🧠 Brain Tumor MRI Dataset\classification_task\train\glioma\brisc2025_train_00905_gl_sa_t1.jpg,D:\brain_tumor\🧠 Brain Tumor MRI Dataset\classification_task\train\meningioma\brisc2025_train_02296_me_sa_t1.jpg
905,906,4,glioma,glioma,True,D:\brain_tumor\🧠 Brain Tumor MRI Dataset\classification_task\train\glioma\brisc2025_train_00906_gl_sa_t1.jpg,D:\brain_tumor\🧠 Brain Tumor MRI Dataset\classification_task\train\glioma\brisc2025_train_00907_gl_sa_t1.jpg
905,965,6,glioma,glioma,True,D:\brain_tumor\🧠 Brain Tumor MRI Dataset\classification_task\train\glioma\brisc2025_train_00906_gl_sa_t1.jpg,D:\brain_tumor\🧠 Brain Tumor MRI Dataset\classification_task\train\glioma\brisc2025_train_00966_gl_sa_t1.jpg
905,1109,6,glioma,glioma,True,D:\brain_tumor\🧠 Brain Tumor MRI Dataset\classification_task\train\glioma\brisc2025_train_00906_gl_sa_t1.jpg,D:\brain_tumor\🧠 Brain Tumor MRI Dataset\classification_task\train\glioma\brisc2025_train_01110_gl_sa_t1.jpg
905,2291,4,glioma,meningioma,False,D:\brain_tumor\🧠 Brain Tumor MRI Dataset\classification_task\train\glioma\brisc2025_train_00906_gl_sa_t1.jpg,D:\brain_tumor\🧠 Brain Tumor MRI Dataset\classification_task\train\meningioma\brisc2025_train_02308_me_sa_t1.jpg
905,4033,6,glioma,pituitary,False,D:\brain_tumor\🧠 Brain Tumor MRI Dataset\classification_task\train\glioma\brisc2025_train_00906_gl_sa_t1.jpg,D:\brain_tumor\🧠 Brain Tumor MRI Dataset\classification_task\train\pituitary\brisc2025_train_04065_pi_co_t1.jpg
906,934,6,glioma,glioma,True,D:\brain_tumor\🧠 Brain Tumor MRI Dataset\classification_task\train\glioma\brisc2025_train_00907_gl_sa_t1.jpg,D:\brain_tumor\🧠 Brain Tumor MRI Dataset\classification_task\train\glioma\brisc2025_train_00935_gl_sa_t1.jpg
906,965,6,glioma,glioma,True,D:\brain_tumor\🧠 Brain Tumor MRI Dataset\classification_task\train\glioma\brisc2025_train_00907_gl_sa_t1.jpg,D:\brain_tumor\🧠 Brain Tumor MRI Dataset\classification_task\train\glioma\brisc2025_train_00966_gl_sa_t1.jpg
906,2291,6,glioma,meningioma,False,D:\brain_tumor\🧠 Brain Tumor MRI Dataset\classification_task\train\glioma\brisc2025_train_00907_gl_sa_t1.jpg,D:\brain_tumor\🧠 Brain Tumor MRI Dataset\classification_task\train\meningioma\brisc2025_train_02308_me_sa_t1.jpg
907,2291,6,glioma,meningioma,False,D:\brain_tumor\🧠 Brain Tumor MRI Dataset\classification_task\train\glioma\brisc2025_train_00908_gl_sa_t1.jpg,D:\brain_tumor\🧠 Brain Tumor MRI Dataset\classification_task\train\meningioma\brisc2025_train_02308_me_sa_t1.jpg
908,1003,6,glioma,glioma,True,D:\brain_tumor\🧠 Brain Tumor MRI Dataset\classification_task\train\glioma\brisc2025_train_00909_gl_sa_t1.jpg,D:\brain_tumor\🧠 Brain Tumor MRI Dataset\classification_task\train\glioma\brisc2025_train_01004_gl_sa_t1.jpg
913,914,6,glioma,glioma,True,D:\brain_tumor\🧠 Brain Tumor MRI Dataset\classification_task\train\glioma\brisc2025_train_00914_gl_sa_t1.jpg,D:\brain_tumor\🧠 Brain Tumor MRI Dataset\classification_task\train\glioma\brisc2025_train_00915_gl_sa_t1.jpg
914,915,6,glioma,glioma,True,D:\brain_tumor\🧠 Brain Tumor MRI Dataset\classification_task\train\glioma\brisc2025_train_00915_gl_sa_t1.jpg,D:\brain_tumor\🧠 Brain Tumor MRI Dataset\classification_task\train\glioma\brisc2025_train_00916_gl_sa_t1.jpg
915,916,6,glioma,glioma,True,D:\brain_tumor\🧠 Brain Tumor MRI Dataset\classification_task\train\glioma\brisc2025_train_00916_gl_sa_t1.jpg,D:\brain_tumor\🧠 Brain Tumor MRI Dataset\classification_task\train\glioma\brisc2025_train_00917_gl_sa_t1.jpg
919,1031,6,glioma,glioma,True,D:\brain_tumor\🧠 Brain Tumor MRI Dataset\classification_task\train\glioma\brisc2025_train_00920_gl_sa_t1.jpg,D:\brain_tumor\🧠 Brain Tumor MRI Dataset\classification_task\train\glioma\brisc2025_train_01032_gl_sa_t1.jpg
920,921,6,glioma,glioma,True,D:\brain_tumor\🧠 Brain Tumor MRI Dataset\classification_task\train\glioma\brisc2025_train_00921_gl_sa_t1.jpg,D:\brain_tumor\🧠 Brain Tumor MRI Dataset\classification_task\train\glioma\brisc2025_train_00922_gl_sa_t1.jpg
920,2346,6,glioma,meningioma,False,D:\brain_tumor\🧠 Brain Tumor MRI Dataset\classification_task\train\glioma\brisc2025_train_00921_gl_sa_t1.jpg,D:\brain_tumor\🧠 Brain Tumor MRI Dataset\classification_task\train\meningioma\brisc2025_train_02364_me_sa_t1.jpg
920,2347,6,glioma,meningioma,False,D:\brain_tumor\🧠 Brain Tumor MRI Dataset\classification_task\train\glioma\brisc2025_train_00921_gl_sa_t1.jpg,D:\brain_tumor\🧠 Brain Tumor MRI Dataset\classification_task\train\meningioma\brisc2025_train_02366_me_sa_t1.jpg
921,954,6,glioma,glioma,True,D:\brain_tumor\🧠 Brain Tumor MRI Dataset\classification_task\train\glioma\brisc2025_train_00922_gl_sa_t1.jpg,D:\brain_tumor\🧠 Brain Tumor MRI Dataset\classification_task\train\glioma\brisc2025_train_00955_gl_sa_t1.jpg
922,4025,6,glioma,pituitary,False,D:\brain_tumor\🧠 Brain Tumor MRI Dataset\classification_task\train\glioma\brisc2025_train_00923_gl_sa_t1.jpg,D:\brain_tumor\🧠 Brain Tumor MRI Dataset\classification_task\train\pituitary\brisc2025_train_04057_pi_co_t1.jpg
925,926,6,glioma,glioma,True,D:\brain_tumor\🧠 Brain Tumor MRI Dataset\classification_task\train\glioma\brisc2025_train_00926_gl_sa_t1.jpg,D:\brain_tumor\🧠 Brain Tumor MRI Dataset\classification_task\train\glioma\brisc2025_train_00927_gl_sa_t1.jpg
928,929,2,glioma,glioma,True,D:\brain_tumor\🧠 Brain Tumor MRI Dataset\classification_task\train\glioma\brisc2025_train_00929_gl_sa_t1.jpg,D:\brain_tumor\🧠 Brain Tumor MRI Dataset\classification_task\train\glioma\brisc2025_train_00930_gl_sa_t1.jpg
928,930,4,glioma,glioma,True,D:\brain_tumor\🧠 Brain Tumor MRI Dataset\classification_task\train\glioma\brisc2025_train_00929_gl_sa_t1.jpg,D:\brain_tumor\🧠 Brain Tumor MRI Dataset\classification_task\train\glioma\brisc2025_train_00931_gl_sa_t1.jpg
928,2282,6,glioma,meningioma,False,D:\brain_tumor\🧠 Brain Tumor MRI Dataset\classification_task\train\glioma\brisc2025_train_00929_gl_sa_t1.jpg,D:\brain_tumor\🧠 Brain Tumor MRI Dataset\classification_task\train\meningioma\brisc2025_train_02299_me_sa_t1.jpg
929,930,4,glioma,glioma,True,D:\brain_tumor\🧠 Brain Tumor MRI Dataset\classification_task\train\glioma\brisc2025_train_00930_gl_sa_t1.jpg,D:\brain_tumor\🧠 Brain Tumor MRI Dataset\classification_task\train\glioma\brisc2025_train_00931_gl_sa_t1.jpg
929,2282,6,glioma,meningioma,False,D:\brain_tumor\🧠 Brain Tumor MRI Dataset\classification_task\train\glioma\brisc2025_train_00930_gl_sa_t1.jpg,D:\brain_tumor\🧠 Brain Tumor MRI Dataset\classification_task\train\meningioma\brisc2025_train_02299_me_sa_t1.jpg
930,2282,6,glioma,meningioma,False,D:\brain_tumor\🧠 Brain Tumor MRI Dataset\classification_task\train\glioma\brisc2025_train_00931_gl_sa_t1.jpg,D:\brain_tumor\🧠 Brain Tumor MRI Dataset\classification_task\train\meningioma\brisc2025_train_02299_me_sa_t1.jpg
930,2323,6,glioma,meningioma,False,D:\brain_tumor\🧠 Brain Tumor MRI Dataset\classification_task\train\glioma\brisc2025_train_00931_gl_sa_t1.jpg,D:\brain_tumor\🧠 Brain Tumor MRI Dataset\classification_task\train\meningioma\brisc2025_train_02341_me_sa_t1.jpg
931,932,6,glioma,glioma,True,D:\brain_tumor\🧠 Brain Tumor MRI Dataset\classification_task\train\glioma\brisc2025_train_00932_gl_sa_t1.jpg,D:\brain_tumor\🧠 Brain Tumor MRI Dataset\classification_task\train\glioma\brisc2025_train_00933_gl_sa_t1.jpg
934,965,6,glioma,glioma,True,D:\brain_tumor\🧠 Brain Tumor MRI Dataset\classification_task\train\glioma\brisc2025_train_00935_gl_sa_t1.jpg,D:\brain_tumor\🧠 Brain Tumor MRI Dataset\classification_task\train\glioma\brisc2025_train_00966_gl_sa_t1.jpg
941,2380,6,glioma,meningioma,False,D:\brain_tumor\🧠 Brain Tumor MRI Dataset\classification_task\train\glioma\brisc2025_train_00942_gl_sa_t1.jpg,D:\brain_tumor\🧠 Brain Tumor MRI Dataset\classification_task\train\meningioma\brisc2025_train_02400_me_sa_t1.jpg
945,946,6,glioma,glioma,True,D:\brain_tumor\🧠 Brain Tumor MRI Dataset\classification_task\train\glioma\brisc2025_train_00946_gl_sa_t1.jpg,D:\brain_tumor\🧠 Brain Tumor MRI Dataset\classification_task\train\glioma\brisc2025_train_00947_gl_sa_t1.jpg
954,1030,6,glioma,glioma,True,D:\brain_tumor\🧠 Brain Tumor MRI Dataset\classification_task\train\glioma\brisc2025_train_00955_gl_sa_t1.jpg,D:\brain_tumor\🧠 Brain Tumor MRI Dataset\classification_task\train\glioma\brisc2025_train_01031_gl_sa_t1.jpg
954,2346,6,glioma,meningioma,False,D:\brain_tumor\🧠 Brain Tumor MRI Dataset\classification_task\train\glioma\brisc2025_train_00955_gl_sa_t1.jpg,D:\brain_tumor\🧠 Brain Tumor MRI Dataset\classification_task\train\meningioma\brisc2025_train_02364_me_sa_t1.jpg
954,2352,6,glioma,meningioma,False,D:\brain_tumor\🧠 Brain Tumor MRI Dataset\classification_task\train\glioma\brisc2025_train_00955_gl_sa_t1.jpg,D:\brain_tumor\🧠 Brain Tumor MRI Dataset\classification_task\train\meningioma\brisc2025_train_02371_me_sa_t1.jpg
954,2379,6,glioma,meningioma,False,D:\brain_tumor\🧠 Brain Tumor MRI Dataset\classification_task\train\glioma\brisc2025_train_00955_gl_sa_t1.jpg,D:\brain_tumor\🧠 Brain Tumor MRI Dataset\classification_task\train\meningioma\brisc2025_train_02399_me_sa_t1.jpg
954,2380,4,glioma,meningioma,False,D:\brain_tumor\🧠 Brain Tumor MRI Dataset\classification_task\train\glioma\brisc2025_train_00955_gl_sa_t1.jpg,D:\brain_tumor\🧠 Brain Tumor MRI Dataset\classification_task\train\meningioma\brisc2025_train_02400_me_sa_t1.jpg
954,2404,6,glioma,meningioma,False,D:\brain_tumor\🧠 Brain Tumor MRI Dataset\classification_task\train\glioma\brisc2025_train_00955_gl_sa_t1.jpg,D:\brain_tumor\🧠 Brain Tumor MRI Dataset\classification_task\train\meningioma\brisc2025_train_02424_me_sa_t1.jpg
956,2281,6,glioma,meningioma,False,D:\brain_tumor\🧠 Brain Tumor MRI Dataset\classification_task\train\glioma\brisc2025_train_00957_gl_sa_t1.jpg,D:\brain_tumor\🧠 Brain Tumor MRI Dataset\classification_task\train\meningioma\brisc2025_train_02298_me_sa_t1.jpg
959,960,6,glioma,glioma,True,D:\brain_tumor\🧠 Brain Tumor MRI Dataset\classification_task\train\glioma\brisc2025_train_00960_gl_sa_t1.jpg,D:\brain_tumor\🧠 Brain Tumor MRI Dataset\classification_task\train\glioma\brisc2025_train_00961_gl_sa_t1.jpg
960,961,6,glioma,glioma,True,D:\brain_tumor\🧠 Brain Tumor MRI Dataset\classification_task\train\glioma\brisc2025_train_00961_gl_sa_t1.jpg,D:\brain_tumor\🧠 Brain Tumor MRI Dataset\classification_task\train\glioma\brisc2025_train_00962_gl_sa_t1.jpg
960,1058,6,glioma,glioma,True,D:\brain_tumor\🧠 Brain Tumor MRI Dataset\classification_task\train\glioma\brisc2025_train_00961_gl_sa_t1.jpg,D:\brain_tumor\🧠 Brain Tumor MRI Dataset\classification_task\train\glioma\brisc2025_train_01059_gl_sa_t1.jpg
963,965,6,glioma,glioma,True,D:\brain_tumor\🧠 Brain Tumor MRI Dataset\classification_task\train\glioma\brisc2025_train_00964_gl_sa_t1.jpg,D:\brain_tumor\🧠 Brain Tumor MRI Dataset\classification_task\train\glioma\brisc2025_train_00966_gl_sa_t1.jpg
964,965,6,glioma,glioma,True,D:\brain_tumor\🧠 Brain Tumor MRI Dataset\classification_task\train\glioma\brisc2025_train_00965_gl_sa_t1.jpg,D:\brain_tumor\🧠 Brain Tumor MRI Dataset\classification_task\train\glioma\brisc2025_train_00966_gl_sa_t1.jpg
965,2291,6,glioma,meningioma,False,D:\brain_tumor\🧠 Brain Tumor MRI Dataset\classification_task\train\glioma\brisc2025_train_00966_gl_sa_t1.jpg,D:\brain_tumor\🧠 Brain Tumor MRI Dataset\classification_task\train\meningioma\brisc2025_train_02308_me_sa_t1.jpg
974,975,6,glioma,glioma,True,D:\brain_tumor\🧠 Brain Tumor MRI Dataset\classification_task\train\glioma\brisc2025_train_00975_gl_sa_t1.jpg,D:\brain_tumor\🧠 Brain Tumor MRI Dataset\classification_task\train\glioma\brisc2025_train_00976_gl_sa_t1.jpg
976,977,6,glioma,glioma,True,D:\brain_tumor\🧠 Brain Tumor MRI Dataset\classification_task\train\glioma\brisc2025_train_00977_gl_sa_t1.jpg,D:\brain_tumor\🧠 Brain Tumor MRI Dataset\classification_task\train\glioma\brisc2025_train_00978_gl_sa_t1.jpg
978,979,2,glioma,glioma,True,D:\brain_tumor\🧠 Brain Tumor MRI Dataset\classification_task\train\glioma\brisc2025_train_00979_gl_sa_t1.jpg,D:\brain_tumor\🧠 Brain Tumor MRI Dataset\classification_task\train\glioma\brisc2025_train_00980_gl_sa_t1.jpg
981,2398,6,glioma,meningioma,False,D:\brain_tumor\🧠 Brain Tumor MRI Dataset\classification_task\train\glioma\brisc2025_train_00982_gl_sa_t1.jpg,D:\brain_tumor\🧠 Brain Tumor MRI Dataset\classification_task\train\meningioma\brisc2025_train_02418_me_sa_t1.jpg
982,983,4,glioma,glioma,True,D:\brain_tumor\🧠 Brain Tumor MRI Dataset\classification_task\train\glioma\brisc2025_train_00983_gl_sa_t1.jpg,D:\brain_tumor\🧠 Brain Tumor MRI Dataset\classification_task\train\glioma\brisc2025_train_00984_gl_sa_t1.jpg
983,984,6,glioma,glioma,True,D:\brain_tumor\🧠 Brain Tumor MRI Dataset\classification_task\train\glioma\brisc2025_train_00984_gl_sa_t1.jpg,D:\brain_tumor\🧠 Brain Tumor MRI Dataset\classification_task\train\glioma\brisc2025_train_00985_gl_sa_t1.jpg
989,990,6,glioma,glioma,True,D:\brain_tumor\🧠 Brain Tumor MRI Dataset\classification_task\train\glioma\brisc2025_train_00990_gl_sa_t1.jpg,D:\brain_tumor\🧠 Brain Tumor MRI Dataset\classification_task\train\glioma\brisc2025_train_00991_gl_sa_t1.jpg
991,992,6,glioma,glioma,True,D:\brain_tumor\🧠 Brain Tumor MRI Dataset\classification_task\train\glioma\brisc2025_train_00992_gl_sa_t1.jpg,D:\brain_tumor\🧠 Brain Tumor MRI Dataset\classification_task\train\glioma\brisc2025_train_00993_gl_sa_t1.jpg
992,993,6,glioma,glioma,True,D:\brain_tumor\🧠 Brain Tumor MRI Dataset\classification_task\train\glioma\brisc2025_train_00993_gl_sa_t1.jpg,D:\brain_tumor\🧠 Brain Tumor MRI Dataset\classification_task\train\glioma\brisc2025_train_00994_gl_sa_t1.jpg
994,2395,6,glioma,meningioma,False,D:\brain_tumor\🧠 Brain Tumor MRI Dataset\classification_task\train\glioma\brisc2025_train_00995_gl_sa_t1.jpg,D:\brain_tumor\🧠 Brain Tumor MRI Dataset\classification_task\train\meningioma\brisc2025_train_02415_me_sa_t1.jpg
1003,2404,6,glioma,meningioma,False,D:\brain_tumor\🧠 Brain Tumor MRI Dataset\classification_task\train\glioma\brisc2025_train_01004_gl_sa_t1.jpg,D:\brain_tumor\🧠 Brain Tumor MRI Dataset\classification_task\train\meningioma\brisc2025_train_02424_me_sa_t1.jpg
1004,1005,2,glioma,glioma,True,D:\brain_tumor\🧠 Brain Tumor MRI Dataset\classification_task\train\glioma\brisc2025_train_01005_gl_sa_t1.jpg,D:\brain_tumor\🧠 Brain Tumor MRI Dataset\classification_task\train\glioma\brisc2025_train_01006_gl_sa_t1.jpg
1005,2336,6,glioma,meningioma,False,D:\brain_tumor\🧠 Brain Tumor MRI Dataset\classification_task\train\glioma\brisc2025_train_01006_gl_sa_t1.jpg,D:\brain_tumor\🧠 Brain Tumor MRI Dataset\classification_task\train\meningioma\brisc2025_train_02354_me_sa_t1.jpg
1006,1007,4,glioma,glioma,True,D:\brain_tumor\🧠 Brain Tumor MRI Dataset\classification_task\train\glioma\brisc2025_train_01007_gl_sa_t1.jpg,D:\brain_tumor\🧠 Brain Tumor MRI Dataset\classification_task\train\glioma\brisc2025_train_01008_gl_sa_t1.jpg
1008,1009,6,glioma,glioma,True,D:\brain_tumor\🧠 Brain Tumor MRI Dataset\classification_task\train\glioma\brisc2025_train_01009_gl_sa_t1.jpg,D:\brain_tumor\🧠 Brain Tumor MRI Dataset\classification_task\train\glioma\brisc2025_train_01010_gl_sa_t1.jpg
1008,4748,6,glioma,pituitary,False,D:\brain_tumor\🧠 Brain Tumor MRI Dataset\classification_task\train\glioma\brisc2025_train_01009_gl_sa_t1.jpg,D:\brain_tumor\🧠 Brain Tumor MRI Dataset\classification_task\train\pituitary\brisc2025_train_04794_pi_sa_t1.jpg
1008,4814,6,glioma,pituitary,False,D:\brain_tumor\🧠 Brain Tumor MRI Dataset\classification_task\train\glioma\brisc2025_train_01009_gl_sa_t1.jpg,D:\brain_tumor\🧠 Brain Tumor MRI Dataset\classification_task\train\pituitary\brisc2025_train_04860_pi_sa_t1.jpg
1008,4906,6,glioma,pituitary,False,D:\brain_tumor\🧠 Brain Tumor MRI Dataset\classification_task\train\glioma\brisc2025_train_01009_gl_sa_t1.jpg,D:\brain_tumor\🧠 Brain Tumor MRI Dataset\classification_task\train\pituitary\brisc2025_train_04952_pi_sa_t1.jpg
1010,4729,6,glioma,pituitary,False,D:\brain_tumor\🧠 Brain Tumor MRI Dataset\classification_task\train\glioma\brisc2025_train_01011_gl_sa_t1.jpg,D:\brain_tumor\🧠 Brain Tumor MRI Dataset\classification_task\train\pituitary\brisc2025_train_04775_pi_sa_t1.jpg
1010,4732,6,glioma,pituitary,False,D:\brain_tumor\🧠 Brain Tumor MRI Dataset\classification_task\train\glioma\brisc2025_train_01011_gl_sa_t1.jpg,D:\brain_tumor\🧠 Brain Tumor MRI Dataset\classification_task\train\pituitary\brisc2025_train_04778_pi_sa_t1.jpg
1010,4748,6,glioma,pituitary,False,D:\brain_tumor\🧠 Brain Tumor MRI Dataset\classification_task\train\glioma\brisc2025_train_01011_gl_sa_t1.jpg,D:\brain_tumor\🧠 Brain Tumor MRI Dataset\classification_task\train\pituitary\brisc2025_train_04794_pi_sa_t1.jpg
1010,4952,6,glioma,pituitary,False,D:\brain_tumor\🧠 Brain Tumor MRI Dataset\classification_task\train\glioma\brisc2025_train_01011_gl_sa_t1.jpg,D:\brain_tumor\🧠 Brain Tumor MRI Dataset\classification_task\train\pituitary\brisc2025_train_04998_pi_sa_t1.jpg
1011,4906,6,glioma,pituitary,False,D:\brain_tumor\🧠 Brain Tumor MRI Dataset\classification_task\train\glioma\brisc2025_train_01012_gl_sa_t1.jpg,D:\brain_tumor\🧠 Brain Tumor MRI Dataset\classification_task\train\pituitary\brisc2025_train_04952_pi_sa_t1.jpg
1012,1013,4,glioma,glioma,True,D:\brain_tumor\🧠 Brain Tumor MRI Dataset\classification_task\train\glioma\brisc2025_train_01013_gl_sa_t1.jpg,D:\brain_tumor\🧠 Brain Tumor MRI Dataset\classification_task\train\glioma\brisc2025_train_01014_gl_sa_t1.jpg
1016,1017,6,glioma,glioma,True,D:\brain_tumor\🧠 Brain Tumor MRI Dataset\classification_task\train\glioma\brisc2025_train_01017_gl_sa_t1.jpg,D:\brain_tumor\🧠 Brain Tumor MRI Dataset\classification_task\train\glioma\brisc2025_train_01018_gl_sa_t1.jpg
1017,1018,6,glioma,glioma,True,D:\brain_tumor\🧠 Brain Tumor MRI Dataset\classification_task\train\glioma\brisc2025_train_01018_gl_sa_t1.jpg,D:\brain_tumor\🧠 Brain Tumor MRI Dataset\classification_task\train\glioma\brisc2025_train_01019_gl_sa_t1.jpg
1019,1020,4,glioma,glioma,True,D:\brain_tumor\🧠 Brain Tumor MRI Dataset\classification_task\train\glioma\brisc2025_train_01020_gl_sa_t1.jpg,D:\brain_tumor\🧠 Brain Tumor MRI Dataset\classification_task\train\glioma\brisc2025_train_01021_gl_sa_t1.jpg
1019,1021,6,glioma,glioma,True,D:\brain_tumor\🧠 Brain Tumor MRI Dataset\classification_task\train\glioma\brisc2025_train_01020_gl_sa_t1.jpg,D:\brain_tumor\🧠 Brain Tumor MRI Dataset\classification_task\train\glioma\brisc2025_train_01022_gl_sa_t1.jpg
1019,1022,4,glioma,glioma,True,D:\brain_tumor\🧠 Brain Tumor MRI Dataset\classification_task\train\glioma\brisc2025_train_01020_gl_sa_t1.jpg,D:\brain_tumor\🧠 Brain Tumor MRI Dataset\classification_task\train\glioma\brisc2025_train_01023_gl_sa_t1.jpg
1021,1022,2,glioma,glioma,True,D:\brain_tumor\🧠 Brain Tumor MRI Dataset\classification_task\train\glioma\brisc2025_train_01022_gl_sa_t1.jpg,D:\brain_tumor\🧠 Brain Tumor MRI Dataset\classification_task\train\glioma\brisc2025_train_01023_gl_sa_t1.jpg
1029,1030,6,glioma,glioma,True,D:\brain_tumor\🧠 Brain Tumor MRI Dataset\classification_task\train\glioma\brisc2025_train_01030_gl_sa_t1.jpg,D:\brain_tumor\🧠 Brain Tumor MRI Dataset\classification_task\train\glioma\brisc2025_train_01031_gl_sa_t1.jpg
1037,1100,4,glioma,glioma,True,D:\brain_tumor\🧠 Brain Tumor MRI Dataset\classification_task\train\glioma\brisc2025_train_01038_gl_sa_t1.jpg,D:\brain_tumor\🧠 Brain Tumor MRI Dataset\classification_task\train\glioma\brisc2025_train_01101_gl_sa_t1.jpg
1039,1046,6,glioma,glioma,True,D:\brain_tumor\🧠 Brain Tumor MRI Dataset\classification_task\train\glioma\brisc2025_train_01040_gl_sa_t1.jpg,D:\brain_tumor\🧠 Brain Tumor MRI Dataset\classification_task\train\glioma\brisc2025_train_01047_gl_sa_t1.jpg
1039,1137,6,glioma,glioma,True,D:\brain_tumor\🧠 Brain Tumor MRI Dataset\classification_task\train\glioma\brisc2025_train_01040_gl_sa_t1.jpg,D:\brain_tumor\🧠 Brain Tumor MRI Dataset\classification_task\train\glioma\brisc2025_train_01138_gl_sa_t1.jpg
1041,1042,2,glioma,glioma,True,D:\brain_tumor\🧠 Brain Tumor MRI Dataset\classification_task\train\glioma\brisc2025_train_01042_gl_sa_t1.jpg,D:\brain_tumor\🧠 Brain Tumor MRI Dataset\classification_task\train\glioma\brisc2025_train_01043_gl_sa_t1.jpg
1046,1137,6,glioma,glioma,True,D:\brain_tumor\🧠 Brain Tumor MRI Dataset\classification_task\train\glioma\brisc2025_train_01047_gl_sa_t1.jpg,D:\brain_tumor\🧠 Brain Tumor MRI Dataset\classification_task\train\glioma\brisc2025_train_01138_gl_sa_t1.jpg
1050,4941,6,glioma,pituitary,False,D:\brain_tumor\🧠 Brain Tumor MRI Dataset\classification_task\train\glioma\brisc2025_train_01051_gl_sa_t1.jpg,D:\brain_tumor\🧠 Brain Tumor MRI Dataset\classification_task\train\pituitary\brisc2025_train_04987_pi_sa_t1.jpg
1058,2336,6,glioma,meningioma,False,D:\brain_tumor\🧠 Brain Tumor MRI Dataset\classification_task\train\glioma\brisc2025_train_01059_gl_sa_t1.jpg,D:\brain_tumor\🧠 Brain Tumor MRI Dataset\classification_task\train\meningioma\brisc2025_train_02354_me_sa_t1.jpg
1062,1063,4,glioma,glioma,True,D:\brain_tumor\🧠 Brain Tumor MRI Dataset\classification_task\train\glioma\brisc2025_train_01063_gl_sa_t1.jpg,D:\brain_tumor\🧠 Brain Tumor MRI Dataset\classification_task\train\glioma\brisc2025_train_01064_gl_sa_t1.jpg
1064,1091,4,glioma,glioma,True,D:\brain_tumor\🧠 Brain Tumor MRI Dataset\classification_task\train\glioma\brisc2025_train_01065_gl_sa_t1.jpg,D:\brain_tumor\🧠 Brain Tumor MRI Dataset\classification_task\train\glioma\brisc2025_train_01092_gl_sa_t1.jpg
1066,1067,4,glioma,glioma,True,D:\brain_tumor\🧠 Brain Tumor MRI Dataset\classification_task\train\glioma\brisc2025_train_01067_gl_sa_t1.jpg,D:\brain_tumor\🧠 Brain Tumor MRI Dataset\classification_task\train\glioma\brisc2025_train_01068_gl_sa_t1.jpg
1066,1068,4,glioma,glioma,True,D:\brain_tumor\🧠 Brain Tumor MRI Dataset\classification_task\train\glioma\brisc2025_train_01067_gl_sa_t1.jpg,D:\brain_tumor\🧠 Brain Tumor MRI Dataset\classification_task\train\glioma\brisc2025_train_01069_gl_sa_t1.jpg
1066,2281,6,glioma,meningioma,False,D:\brain_tumor\🧠 Brain Tumor MRI Dataset\classification_task\train\glioma\brisc2025_train_01067_gl_sa_t1.jpg,D:\brain_tumor\🧠 Brain Tumor MRI Dataset\classification_task\train\meningioma\brisc2025_train_02298_me_sa_t1.jpg
1067,1068,4,glioma,glioma,True,D:\brain_tumor\🧠 Brain Tumor MRI Dataset\classification_task\train\glioma\brisc2025_train_01068_gl_sa_t1.jpg,D:\brain_tumor\🧠 Brain Tumor MRI Dataset\classification_task\train\glioma\brisc2025_train_01069_gl_sa_t1.jpg
1067,2258,6,glioma,meningioma,False,D:\brain_tumor\🧠 Brain Tumor MRI Dataset\classification_task\train\glioma\brisc2025_train_01068_gl_sa_t1.jpg,D:\brain_tumor\🧠 Brain Tumor MRI Dataset\classification_task\train\meningioma\brisc2025_train_02274_me_sa_t1.jpg
1067,2281,4,glioma,meningioma,False,D:\brain_tumor\🧠 Brain Tumor MRI Dataset\classification_task\train\glioma\brisc2025_train_01068_gl_sa_t1.jpg,D:\brain_tumor\🧠 Brain Tumor MRI Dataset\classification_task\train\meningioma\brisc2025_train_02298_me_sa_t1.jpg
1067,2310,6,glioma,meningioma,False,D:\brain_tumor\🧠 Brain Tumor MRI Dataset\classification_task\train\glioma\brisc2025_train_01068_gl_sa_t1.jpg,D:\brain_tumor\🧠 Brain Tumor MRI Dataset\classification_task\train\meningioma\brisc2025_train_02328_me_sa_t1.jpg
1067,2404,6,glioma,meningioma,False,D:\brain_tumor\🧠 Brain Tumor MRI Dataset\classification_task\train\glioma\brisc2025_train_01068_gl_sa_t1.jpg,D:\brain_tumor\🧠 Brain Tumor MRI Dataset\classification_task\train\meningioma\brisc2025_train_02424_me_sa_t1.jpg
1068,2281,4,glioma,meningioma,False,D:\brain_tumor\🧠 Brain Tumor MRI Dataset\classification_task\train\glioma\brisc2025_train_01069_gl_sa_t1.jpg,D:\brain_tumor\🧠 Brain Tumor MRI Dataset\classification_task\train\meningioma\brisc2025_train_02298_me_sa_t1.jpg
1068,2449,6,glioma,meningioma,False,D:\brain_tumor\🧠 Brain Tumor MRI Dataset\classification_task\train\glioma\brisc2025_train_01069_gl_sa_t1.jpg,D:\brain_tumor\🧠 Brain Tumor MRI Dataset\classification_task\train\meningioma\brisc2025_train_02469_me_sa_t1.jpg
1072,1073,2,glioma,glioma,True,D:\brain_tumor\🧠 Brain Tumor MRI Dataset\classification_task\train\glioma\brisc2025_train_01073_gl_sa_t1.jpg,D:\brain_tumor\🧠 Brain Tumor MRI Dataset\classification_task\train\glioma\brisc2025_train_01074_gl_sa_t1.jpg
1078,1115,6,glioma,glioma,True,D:\brain_tumor\🧠 Brain Tumor MRI Dataset\classification_task\train\glioma\brisc2025_train_01079_gl_sa_t1.jpg,D:\brain_tumor\🧠 Brain Tumor MRI Dataset\classification_task\train\glioma\brisc2025_train_01116_gl_sa_t1.jpg
1079,1120,6,glioma,glioma,True,D:\brain_tumor\🧠 Brain Tumor MRI Dataset\classification_task\train\glioma\brisc2025_train_01080_gl_sa_t1.jpg,D:\brain_tumor\🧠 Brain Tumor MRI Dataset\classification_task\train\glioma\brisc2025_train_01121_gl_sa_t1.jpg
1087,2444,6,glioma,meningioma,False,D:\brain_tumor\🧠 Brain Tumor MRI Dataset\classification_task\train\glioma\brisc2025_train_01088_gl_sa_t1.jpg,D:\brain_tumor\🧠 Brain Tumor MRI Dataset\classification_task\train\meningioma\brisc2025_train_02464_me_sa_t1.jpg
1088,2264,4,glioma,meningioma,False,D:\brain_tumor\🧠 Brain Tumor MRI Dataset\classification_task\train\glioma\brisc2025_train_01089_gl_sa_t1.jpg,D:\brain_tumor\🧠 Brain Tumor MRI Dataset\classification_task\train\meningioma\brisc2025_train_02280_me_sa_t1.jpg
1089,2264,6,glioma,meningioma,False,D:\brain_tumor\🧠 Brain Tumor MRI Dataset\classification_task\train\glioma\brisc2025_train_01090_gl_sa_t1.jpg,D:\brain_tumor\🧠 Brain Tumor MRI Dataset\classification_task\train\meningioma\brisc2025_train_02280_me_sa_t1.jpg
1103,1122,6,glioma,glioma,True,D:\brain_tumor\🧠 Brain Tumor MRI Dataset\classification_task\train\glioma\brisc2025_train_01104_gl_sa_t1.jpg,D:\brain_tumor\🧠 Brain Tumor MRI Dataset\classification_task\train\glioma\brisc2025_train_01123_gl_sa_t1.jpg
1103,1125,6,glioma,glioma,True,D:\brain_tumor\🧠 Brain Tumor MRI Dataset\classification_task\train\glioma\brisc2025_train_01104_gl_sa_t1.jpg,D:\brain_tumor\🧠 Brain Tumor MRI Dataset\classification_task\train\glioma\brisc2025_train_01126_gl_sa_t1.jpg
1106,1107,4,glioma,glioma,True,D:\brain_tumor\🧠 Brain Tumor MRI Dataset\classification_task\train\glioma\brisc2025_train_01107_gl_sa_t1.jpg,D:\brain_tumor\🧠 Brain Tumor MRI Dataset\classification_task\train\glioma\brisc2025_train_01108_gl_sa_t1.jpg
1106,1108,6,glioma,glioma,True,D:\brain_tumor\🧠 Brain Tumor MRI Dataset\classification_task\train\glioma\brisc2025_train_01107_gl_sa_t1.jpg,D:\brain_tumor\🧠 Brain Tumor MRI Dataset\classification_task\train\glioma\brisc2025_train_01109_gl_sa_t1.jpg
1111,1112,4,glioma,glioma,True,D:\brain_tumor\🧠 Brain Tumor MRI Dataset\classification_task\train\glioma\brisc2025_train_01112_gl_sa_t1.jpg,D:\brain_tumor\🧠 Brain Tumor MRI Dataset\classification_task\train\glioma\brisc2025_train_01113_gl_sa_t1.jpg
1119,2282,6,glioma,meningioma,False,D:\brain_tumor\🧠 Brain Tumor MRI Dataset\classification_task\train\glioma\brisc2025_train_01120_gl_sa_t1.jpg,D:\brain_tumor\🧠 Brain Tumor MRI Dataset\classification_task\train\meningioma\brisc2025_train_02299_me_sa_t1.jpg
1122,2310,6,glioma,meningioma,False,D:\brain_tumor\🧠 Brain Tumor MRI Dataset\classification_task\train\glioma\brisc2025_train_01123_gl_sa_t1.jpg,D:\brain_tumor\🧠 Brain Tumor MRI Dataset\classification_task\train\meningioma\brisc2025_train_02328_me_sa_t1.jpg
1123,2288,6,glioma,meningioma,False,D:\brain_tumor\🧠 Brain Tumor MRI Dataset\classification_task\train\glioma\brisc2025_train_01124_gl_sa_t1.jpg,D:\brain_tumor\🧠 Brain Tumor MRI Dataset\classification_task\train\meningioma\brisc2025_train_02305_me_sa_t1.jpg
1126,1127,4,glioma,glioma,True,D:\brain_tumor\🧠 Brain Tumor MRI Dataset\classification_task\train\glioma\brisc2025_train_01127_gl_sa_t1.jpg,D:\brain_tumor\🧠 Brain Tumor MRI Dataset\classification_task\train\glioma\brisc2025_train_01128_gl_sa_t1.jpg
1140,1141,6,glioma,glioma,True,D:\brain_tumor\🧠 Brain Tumor MRI Dataset\classification_task\train\glioma\brisc2025_train_01141_gl_sa_t1.jpg,D:\brain_tumor\🧠 Brain Tumor MRI Dataset\classification_task\train\glioma\brisc2025_train_01142_gl_sa_t1.jpg
1145,1146,4,glioma,glioma,True,D:\brain_tumor\🧠 Brain Tumor MRI Dataset\classification_task\train\glioma\brisc2025_train_01146_gl_sa_t1.jpg,D:\brain_tumor\🧠 Brain Tumor MRI Dataset\classification_task\train\glioma\brisc2025_train_01147_gl_sa_t1.jpg
1147,1148,6,meningioma,meningioma,True,D:\brain_tumor\🧠 Brain Tumor MRI Dataset\classification_task\train\meningioma\brisc2025_train_01148_me_ax_t1.jpg,D:\brain_tumor\🧠 Brain Tumor MRI Dataset\classification_task\train\meningioma\brisc2025_train_01149_me_ax_t1.jpg
1147,1243,2,meningioma,meningioma,True,D:\brain_tumor\🧠 Brain Tumor MRI Dataset\classification_task\train\meningioma\brisc2025_train_01148_me_ax_t1.jpg,D:\brain_tumor\🧠 Brain Tumor MRI Dataset\classification_task\train\meningioma\brisc2025_train_01245_me_ax_t1.jpg
1152,1153,6,meningioma,meningioma,True,D:\brain_tumor\🧠 Brain Tumor MRI Dataset\classification_task\train\meningioma\brisc2025_train_01153_me_ax_t1.jpg,D:\brain_tumor\🧠 Brain Tumor MRI Dataset\classification_task\train\meningioma\brisc2025_train_01154_me_ax_t1.jpg
1155,1156,2,meningioma,meningioma,True,D:\brain_tumor\🧠 Brain Tumor MRI Dataset\classification_task\train\meningioma\brisc2025_train_01156_me_ax_t1.jpg,D:\brain_tumor\🧠 Brain Tumor MRI Dataset\classification_task\train\meningioma\brisc2025_train_01157_me_ax_t1.jpg
1161,1162,4,meningioma,meningioma,True,D:\brain_tumor\🧠 Brain Tumor MRI Dataset\classification_task\train\meningioma\brisc2025_train_01162_me_ax_t1.jpg,D:\brain_tumor\🧠 Brain Tumor MRI Dataset\classification_task\train\meningioma\brisc2025_train_01163_me_ax_t1.jpg
1162,1163,6,meningioma,meningioma,True,D:\brain_tumor\🧠 Brain Tumor MRI Dataset\classification_task\train\meningioma\brisc2025_train_01163_me_ax_t1.jpg,D:\brain_tumor\🧠 Brain Tumor MRI Dataset\classification_task\train\meningioma\brisc2025_train_01164_me_ax_t1.jpg
1173,1209,6,meningioma,meningioma,True,D:\brain_tumor\🧠 Brain Tumor MRI Dataset\classification_task\train\meningioma\brisc2025_train_01174_me_ax_t1.jpg,D:\brain_tumor\🧠 Brain Tumor MRI Dataset\classification_task\train\meningioma\brisc2025_train_01211_me_ax_t1.jpg
1174,1175,6,meningioma,meningioma,True,D:\brain_tumor\🧠 Brain Tumor MRI Dataset\classification_task\train\meningioma\brisc2025_train_01175_me_ax_t1.jpg,D:\brain_tumor\🧠 Brain Tumor MRI Dataset\classification_task\train\meningioma\brisc2025_train_01176_me_ax_t1.jpg
1175,1210,6,meningioma,meningioma,True,D:\brain_tumor\🧠 Brain Tumor MRI Dataset\classification_task\train\meningioma\brisc2025_train_01176_me_ax_t1.jpg,D:\brain_tumor\🧠 Brain Tumor MRI Dataset\classification_task\train\meningioma\brisc2025_train_01212_me_ax_t1.jpg
1176,1177,4,meningioma,meningioma,True,D:\brain_tumor\🧠 Brain Tumor MRI Dataset\classification_task\train\meningioma\brisc2025_train_01177_me_ax_t1.jpg,D:\brain_tumor\🧠 Brain Tumor MRI Dataset\classification_task\train\meningioma\brisc2025_train_01178_me_ax_t1.jpg
1177,1178,6,meningioma,meningioma,True,D:\brain_tumor\🧠 Brain Tumor MRI Dataset\classification_task\train\meningioma\brisc2025_train_01178_me_ax_t1.jpg,D:\brain_tumor\🧠 Brain Tumor MRI Dataset\classification_task\train\meningioma\brisc2025_train_01179_me_ax_t1.jpg
1179,1180,6,meningioma,meningioma,True,D:\brain_tumor\🧠 Brain Tumor MRI Dataset\classification_task\train\meningioma\brisc2025_train_01180_me_ax_t1.jpg,D:\brain_tumor\🧠 Brain Tumor MRI Dataset\classification_task\train\meningioma\brisc2025_train_01181_me_ax_t1.jpg
1179,1415,6,meningioma,meningioma,True,D:\brain_tumor\🧠 Brain Tumor MRI Dataset\classification_task\train\meningioma\brisc2025_train_01180_me_ax_t1.jpg,D:\brain_tumor\🧠 Brain Tumor MRI Dataset\classification_task\train\meningioma\brisc2025_train_01422_me_ax_t1.jpg
1179,1416,6,meningioma,meningioma,True,D:\brain_tumor\🧠 Brain Tumor MRI Dataset\classification_task\train\meningioma\brisc2025_train_01180_me_ax_t1.jpg,D:\brain_tumor\🧠 Brain Tumor MRI Dataset\classification_task\train\meningioma\brisc2025_train_01423_me_ax_t1.jpg
1182,1183,2,meningioma,meningioma,True,D:\brain_tumor\🧠 Brain Tumor MRI Dataset\classification_task\train\meningioma\brisc2025_train_01183_me_ax_t1.jpg,D:\brain_tumor\🧠 Brain Tumor MRI Dataset\classification_task\train\meningioma\brisc2025_train_01184_me_ax_t1.jpg
1182,1184,6,meningioma,meningioma,True,D:\brain_tumor\🧠 Brain Tumor MRI Dataset\classification_task\train\meningioma\brisc2025_train_01183_me_ax_t1.jpg,D:\brain_tumor\🧠 Brain Tumor MRI Dataset\classification_task\train\meningioma\brisc2025_train_01185_me_ax_t1.jpg
1183,1184,6,meningioma,meningioma,True,D:\brain_tumor\🧠 Brain Tumor MRI Dataset\classification_task\train\meningioma\brisc2025_train_01184_me_ax_t1.jpg,D:\brain_tumor\🧠 Brain Tumor MRI Dataset\classification_task\train\meningioma\brisc2025_train_01185_me_ax_t1.jpg
1184,1185,4,meningioma,meningioma,True,D:\brain_tumor\🧠 Brain Tumor MRI Dataset\classification_task\train\meningioma\brisc2025_train_01185_me_ax_t1.jpg,D:\brain_tumor\🧠 Brain Tumor MRI Dataset\classification_task\train\meningioma\brisc2025_train_01186_me_ax_t1.jpg
1185,1186,4,meningioma,meningioma,True,D:\brain_tumor\🧠 Brain Tumor MRI Dataset\classification_task\train\meningioma\brisc2025_train_01186_me_ax_t1.jpg,D:\brain_tumor\🧠 Brain Tumor MRI Dataset\classification_task\train\meningioma\brisc2025_train_01187_me_ax_t1.jpg
1188,1189,4,meningioma,meningioma,True,D:\brain_tumor\🧠 Brain Tumor MRI Dataset\classification_task\train\meningioma\brisc2025_train_01189_me_ax_t1.jpg,D:\brain_tumor\🧠 Brain Tumor MRI Dataset\classification_task\train\meningioma\brisc2025_train_01190_me_ax_t1.jpg
1190,1195,6,meningioma,meningioma,True,D:\brain_tumor\🧠 Brain Tumor MRI Dataset\classification_task\train\meningioma\brisc2025_train_01191_me_ax_t1.jpg,D:\brain_tumor\🧠 Brain Tumor MRI Dataset\classification_task\train\meningioma\brisc2025_train_01196_me_ax_t1.jpg
1191,1195,6,meningioma,meningioma,True,D:\brain_tumor\🧠 Brain Tumor MRI Dataset\classification_task\train\meningioma\brisc2025_train_01192_me_ax_t1.jpg,D:\brain_tumor\🧠 Brain Tumor MRI Dataset\classification_task\train\meningioma\brisc2025_train_01196_me_ax_t1.jpg
1191,1196,6,meningioma,meningioma,True,D:\brain_tumor\🧠 Brain Tumor MRI Dataset\classification_task\train\meningioma\brisc2025_train_01192_me_ax_t1.jpg,D:\brain_tumor\🧠 Brain Tumor MRI Dataset\classification_task\train\meningioma\brisc2025_train_01197_me_ax_t1.jpg
1194,1195,4,meningioma,meningioma,True,D:\brain_tumor\🧠 Brain Tumor MRI Dataset\classification_task\train\meningioma\brisc2025_train_01195_me_ax_t1.jpg,D:\brain_tumor\🧠 Brain Tumor MRI Dataset\classification_task\train\meningioma\brisc2025_train_01196_me_ax_t1.jpg
1194,1196,6,meningioma,meningioma,True,D:\brain_tumor\🧠 Brain Tumor MRI Dataset\classification_task\train\meningioma\brisc2025_train_01195_me_ax_t1.jpg,D:\brain_tumor\🧠 Brain Tumor MRI Dataset\classification_task\train\meningioma\brisc2025_train_01197_me_ax_t1.jpg
1195,1196,6,meningioma,meningioma,True,D:\brain_tumor\🧠 Brain Tumor MRI Dataset\classification_task\train\meningioma\brisc2025_train_01196_me_ax_t1.jpg,D:\brain_tumor\🧠 Brain Tumor MRI Dataset\classification_task\train\meningioma\brisc2025_train_01197_me_ax_t1.jpg
1197,1198,6,meningioma,meningioma,True,D:\brain_tumor\🧠 Brain Tumor MRI Dataset\classification_task\train\meningioma\brisc2025_train_01198_me_ax_t1.jpg,D:\brain_tumor\🧠 Brain Tumor MRI Dataset\classification_task\train\meningioma\brisc2025_train_01199_me_ax_t1.jpg
1201,1202,6,meningioma,meningioma,True,D:\brain_tumor\🧠 Brain Tumor MRI Dataset\classification_task\train\meningioma\brisc2025_train_01202_me_ax_t1.jpg,D:\brain_tumor\🧠 Brain Tumor MRI Dataset\classification_task\train\meningioma\brisc2025_train_01203_me_ax_t1.jpg
1204,1205,6,meningioma,meningioma,True,D:\brain_tumor\🧠 Brain Tumor MRI Dataset\classification_task\train\meningioma\brisc2025_train_01205_me_ax_t1.jpg,D:\brain_tumor\🧠 Brain Tumor MRI Dataset\classification_task\train\meningioma\brisc2025_train_01206_me_ax_t1.jpg
1206,1415,6,meningioma,meningioma,True,D:\brain_tumor\🧠 Brain Tumor MRI Dataset\classification_task\train\meningioma\brisc2025_train_01207_me_ax_t1.jpg,D:\brain_tumor\🧠 Brain Tumor MRI Dataset\classification_task\train\meningioma\brisc2025_train_01422_me_ax_t1.jpg
1209,1210,6,meningioma,meningioma,True,D:\brain_tumor\🧠 Brain Tumor MRI Dataset\classification_task\train\meningioma\brisc2025_train_01211_me_ax_t1.jpg,D:\brain_tumor\🧠 Brain Tumor MRI Dataset\classification_task\train\meningioma\brisc2025_train_01212_me_ax_t1.jpg
1214,1215,6,meningioma,meningioma,True,D:\brain_tumor\🧠 Brain Tumor MRI Dataset\classification_task\train\meningioma\brisc2025_train_01216_me_ax_t1.jpg,D:\brain_tumor\🧠 Brain Tumor MRI Dataset\classification_task\train\meningioma\brisc2025_train_01217_me_ax_t1.jpg
1217,1218,6,meningioma,meningioma,True,D:\brain_tumor\🧠 Brain Tumor MRI Dataset\classification_task\train\meningioma\brisc2025_train_01219_me_ax_t1.jpg,D:\brain_tumor\🧠 Brain Tumor MRI Dataset\classification_task\train\meningioma\brisc2025_train_01220_me_ax_t1.jpg
1218,1219,4,meningioma,meningioma,True,D:\brain_tumor\🧠 Brain Tumor MRI Dataset\classification_task\train\meningioma\brisc2025_train_01220_me_ax_t1.jpg,D:\brain_tumor\🧠 Brain Tumor MRI Dataset\classification_task\train\meningioma\brisc2025_train_01221_me_ax_t1.jpg
1221,1223,6,meningioma,meningioma,True,D:\brain_tumor\🧠 Brain Tumor MRI Dataset\classification_task\train\meningioma\brisc2025_train_01223_me_ax_t1.jpg,D:\brain_tumor\🧠 Brain Tumor MRI Dataset\classification_task\train\meningioma\brisc2025_train_01225_me_ax_t1.jpg
1226,1227,2,meningioma,meningioma,True,D:\brain_tumor\🧠 Brain Tumor MRI Dataset\classification_task\train\meningioma\brisc2025_train_01228_me_ax_t1.jpg,D:\brain_tumor\🧠 Brain Tumor MRI Dataset\classification_task\train\meningioma\brisc2025_train_01229_me_ax_t1.jpg
1228,1229,6,meningioma,meningioma,True,D:\brain_tumor\🧠 Brain Tumor MRI Dataset\classification_task\train\meningioma\brisc2025_train_01230_me_ax_t1.jpg,D:\brain_tumor\🧠 Brain Tumor MRI Dataset\classification_task\train\meningioma\brisc2025_train_01231_me_ax_t1.jpg
1229,1233,6,meningioma,meningioma,True,D:\brain_tumor\🧠 Brain Tumor MRI Dataset\classification_task\train\meningioma\brisc2025_train_01231_me_ax_t1.jpg,D:\brain_tumor\🧠 Brain Tumor MRI Dataset\classification_task\train\meningioma\brisc2025_train_01235_me_ax_t1.jpg
1229,1512,6,meningioma,meningioma,True,D:\brain_tumor\🧠 Brain Tumor MRI Dataset\classification_task\train\meningioma\brisc2025_train_01231_me_ax_t1.jpg,D:\brain_tumor\🧠 Brain Tumor MRI Dataset\classification_task\train\meningioma\brisc2025_train_01519_me_ax_t1.jpg
1229,1553,6,meningioma,meningioma,True,D:\brain_tumor\🧠 Brain Tumor MRI Dataset\classification_task\train\meningioma\brisc2025_train_01231_me_ax_t1.jpg,D:\brain_tumor\🧠 Brain Tumor MRI Dataset\classification_task\train\meningioma\brisc2025_train_01560_me_ax_t1.jpg
1230,1231,2,meningioma,meningioma,True,D:\brain_tumor\🧠 Brain Tumor MRI Dataset\classification_task\train\meningioma\brisc2025_train_01232_me_ax_t1.jpg,D:\brain_tumor\🧠 Brain Tumor MRI Dataset\classification_task\train\meningioma\brisc2025_train_01233_me_ax_t1.jpg
1230,1370,2,meningioma,meningioma,True,D:\brain_tumor\🧠 Brain Tumor MRI Dataset\classification_task\train\meningioma\brisc2025_train_01232_me_ax_t1.jpg,D:\brain_tumor\🧠 Brain Tumor MRI Dataset\classification_task\train\meningioma\brisc2025_train_01376_me_ax_t1.jpg
1230,1371,4,meningioma,meningioma,True,D:\brain_tumor\🧠 Brain Tumor MRI Dataset\classification_task\train\meningioma\brisc2025_train_01232_me_ax_t1.jpg,D:\brain_tumor\🧠 Brain Tumor MRI Dataset\classification_task\train\meningioma\brisc2025_train_01377_me_ax_t1.jpg
1231,1232,6,meningioma,meningioma,True,D:\brain_tumor\🧠 Brain Tumor MRI Dataset\classification_task\train\meningioma\brisc2025_train_01233_me_ax_t1.jpg,D:\brain_tumor\🧠 Brain Tumor MRI Dataset\classification_task\train\meningioma\brisc2025_train_01234_me_ax_t1.jpg
1231,1370,2,meningioma,meningioma,True,D:\brain_tumor\🧠 Brain Tumor MRI Dataset\classification_task\train\meningioma\brisc2025_train_01233_me_ax_t1.jpg,D:\brain_tumor\🧠 Brain Tumor MRI Dataset\classification_task\train\meningioma\brisc2025_train_01376_me_ax_t1.jpg
1231,1371,4,meningioma,meningioma,True,D:\brain_tumor\🧠 Brain Tumor MRI Dataset\classification_task\train\meningioma\brisc2025_train_01233_me_ax_t1.jpg,D:\brain_tumor\🧠 Brain Tumor MRI Dataset\classification_task\train\meningioma\brisc2025_train_01377_me_ax_t1.jpg
1232,1234,4,meningioma,meningioma,True,D:\brain_tumor\🧠 Brain Tumor MRI Dataset\classification_task\train\meningioma\brisc2025_train_01234_me_ax_t1.jpg,D:\brain_tumor\🧠 Brain Tumor MRI Dataset\classification_task\train\meningioma\brisc2025_train_01236_me_ax_t1.jpg
1233,1514,6,meningioma,meningioma,True,D:\brain_tumor\🧠 Brain Tumor MRI Dataset\classification_task\train\meningioma\brisc2025_train_01235_me_ax_t1.jpg,D:\brain_tumor\🧠 Brain Tumor MRI Dataset\classification_task\train\meningioma\brisc2025_train_01521_me_ax_t1.jpg
1233,1553,6,meningioma,meningioma,True,D:\brain_tumor\🧠 Brain Tumor MRI Dataset\classification_task\train\meningioma\brisc2025_train_01235_me_ax_t1.jpg,D:\brain_tumor\🧠 Brain Tumor MRI Dataset\classification_task\train\meningioma\brisc2025_train_01560_me_ax_t1.jpg
1237,1238,6,meningioma,meningioma,True,D:\brain_tumor\🧠 Brain Tumor MRI Dataset\classification_task\train\meningioma\brisc2025_train_01239_me_ax_t1.jpg,D:\brain_tumor\🧠 Brain Tumor MRI Dataset\classification_task\train\meningioma\brisc2025_train_01240_me_ax_t1.jpg
1244,1263,0,meningioma,meningioma,True,D:\brain_tumor\🧠 Brain Tumor MRI Dataset\classification_task\train\meningioma\brisc2025_train_01246_me_ax_t1.jpg,D:\brain_tumor\🧠 Brain Tumor MRI Dataset\classification_task\train\meningioma\brisc2025_train_01265_me_ax_t1.jpg
1248,1290,0,meningioma,meningioma,True,D:\brain_tumor\🧠 Brain Tumor MRI Dataset\classification_task\train\meningioma\brisc2025_train_01250_me_ax_t1.jpg,D:\brain_tumor\🧠 Brain Tumor MRI Dataset\classification_task\train\meningioma\brisc2025_train_01294_me_ax_t1.jpg
1252,1275,2,meningioma,meningioma,True,D:\brain_tumor\🧠 Brain Tumor MRI Dataset\classification_task\train\meningioma\brisc2025_train_01254_me_ax_t1.jpg,D:\brain_tumor\🧠 Brain Tumor MRI Dataset\classification_task\train\meningioma\brisc2025_train_01279_me_ax_t1.jpg
1252,1289,0,meningioma,meningioma,True,D:\brain_tumor\🧠 Brain Tumor MRI Dataset\classification_task\train\meningioma\brisc2025_train_01254_me_ax_t1.jpg,D:\brain_tumor\🧠 Brain Tumor MRI Dataset\classification_task\train\meningioma\brisc2025_train_01293_me_ax_t1.jpg
1254,1307,2,meningioma,meningioma,True,D:\brain_tumor\🧠 Brain Tumor MRI Dataset\classification_task\train\meningioma\brisc2025_train_01256_me_ax_t1.jpg,D:\brain_tumor\🧠 Brain Tumor MRI Dataset\classification_task\train\meningioma\brisc2025_train_01313_me_ax_t1.jpg
1254,1395,0,meningioma,meningioma,True,D:\brain_tumor\🧠 Brain Tumor MRI Dataset\classification_task\train\meningioma\brisc2025_train_01256_me_ax_t1.jpg,D:\brain_tumor\🧠 Brain Tumor MRI Dataset\classification_task\train\meningioma\brisc2025_train_01402_me_ax_t1.jpg
1266,1287,0,meningioma,meningioma,True,D:\brain_tumor\🧠 Brain Tumor MRI Dataset\classification_task\train\meningioma\brisc2025_train_01269_me_ax_t1.jpg,D:\brain_tumor\🧠 Brain Tumor MRI Dataset\classification_task\train\meningioma\brisc2025_train_01291_me_ax_t1.jpg
1267,1372,6,meningioma,meningioma,True,D:\brain_tumor\🧠 Brain Tumor MRI Dataset\classification_task\train\meningioma\brisc2025_train_01270_me_ax_t1.jpg,D:\brain_tumor\🧠 Brain Tumor MRI Dataset\classification_task\train\meningioma\brisc2025_train_01378_me_ax_t1.jpg
1273,1276,4,meningioma,meningioma,True,D:\brain_tumor\🧠 Brain Tumor MRI Dataset\classification_task\train\meningioma\brisc2025_train_01276_me_ax_t1.jpg,D:\brain_tumor\🧠 Brain Tumor MRI Dataset\classification_task\train\meningioma\brisc2025_train_01280_me_ax_t1.jpg
1275,1289,2,meningioma,meningioma,True,D:\brain_tumor\🧠 Brain Tumor MRI Dataset\classification_task\train\meningioma\brisc2025_train_01279_me_ax_t1.jpg,D:\brain_tumor\🧠 Brain Tumor MRI Dataset\classification_task\train\meningioma\brisc2025_train_01293_me_ax_t1.jpg
1286,1299,4,meningioma,meningioma,True,D:\brain_tumor\🧠 Brain Tumor MRI Dataset\classification_task\train\meningioma\brisc2025_train_01290_me_ax_t1.jpg,D:\brain_tumor\🧠 Brain Tumor MRI Dataset\classification_task\train\meningioma\brisc2025_train_01305_me_ax_t1.jpg
1292,1380,4,meningioma,meningioma,True,D:\brain_tumor\🧠 Brain Tumor MRI Dataset\classification_task\train\meningioma\brisc2025_train_01296_me_ax_t1.jpg,D:\brain_tumor\🧠 Brain Tumor MRI Dataset\classification_task\train\meningioma\brisc2025_train_01387_me_ax_t1.jpg
1296,1403,4,meningioma,meningioma,True,D:\brain_tumor\🧠 Brain Tumor MRI Dataset\classification_task\train\meningioma\brisc2025_train_01300_me_ax_t1.jpg,D:\brain_tumor\🧠 Brain Tumor MRI Dataset\classification_task\train\meningioma\brisc2025_train_01410_me_ax_t1.jpg
1297,1299,6,meningioma,meningioma,True,D:\brain_tumor\🧠 Brain Tumor MRI Dataset\classification_task\train\meningioma\brisc2025_train_01301_me_ax_t1.jpg,D:\brain_tumor\🧠 Brain Tumor MRI Dataset\classification_task\train\meningioma\brisc2025_train_01305_me_ax_t1.jpg
1298,1378,2,meningioma,meningioma,True,D:\brain_tumor\🧠 Brain Tumor MRI Dataset\classification_task\train\meningioma\brisc2025_train_01303_me_ax_t1.jpg,D:\brain_tumor\🧠 Brain Tumor MRI Dataset\classification_task\train\meningioma\brisc2025_train_01384_me_ax_t1.jpg
1300,1301,2,meningioma,meningioma,True,D:\brain_tumor\🧠 Brain Tumor MRI Dataset\classification_task\train\meningioma\brisc2025_train_01306_me_ax_t1.jpg,D:\brain_tumor\🧠 Brain Tumor MRI Dataset\classification_task\train\meningioma\brisc2025_train_01307_me_ax_t1.jpg
1300,1302,6,meningioma,meningioma,True,D:\brain_tumor\🧠 Brain Tumor MRI Dataset\classification_task\train\meningioma\brisc2025_train_01306_me_ax_t1.jpg,D:\brain_tumor\🧠 Brain Tumor MRI Dataset\classification_task\train\meningioma\brisc2025_train_01308_me_ax_t1.jpg
1301,1302,4,meningioma,meningioma,True,D:\brain_tumor\🧠 Brain Tumor MRI Dataset\classification_task\train\meningioma\brisc2025_train_01307_me_ax_t1.jpg,D:\brain_tumor\🧠 Brain Tumor MRI Dataset\classification_task\train\meningioma\brisc2025_train_01308_me_ax_t1.jpg
1306,1308,4,meningioma,meningioma,True,D:\brain_tumor\🧠 Brain Tumor MRI Dataset\classification_task\train\meningioma\brisc2025_train_01312_me_ax_t1.jpg,D:\brain_tumor\🧠 Brain Tumor MRI Dataset\classification_task\train\meningioma\brisc2025_train_01314_me_ax_t1.jpg
1307,1395,2,meningioma,meningioma,True,D:\brain_tumor\🧠 Brain Tumor MRI Dataset\classification_task\train\meningioma\brisc2025_train_01313_me_ax_t1.jpg,D:\brain_tumor\🧠 Brain Tumor MRI Dataset\classification_task\train\meningioma\brisc2025_train_01402_me_ax_t1.jpg
1309,1310,4,meningioma,meningioma,True,D:\brain_tumor\🧠 Brain Tumor MRI Dataset\classification_task\train\meningioma\brisc2025_train_01315_me_ax_t1.jpg,D:\brain_tumor\🧠 Brain Tumor MRI Dataset\classification_task\train\meningioma\brisc2025_train_01316_me_ax_t1.jpg
1309,1311,2,meningioma,meningioma,True,D:\brain_tumor\🧠 Brain Tumor MRI Dataset\classification_task\train\meningioma\brisc2025_train_01315_me_ax_t1.jpg,D:\brain_tumor\🧠 Brain Tumor MRI Dataset\classification_task\train\meningioma\brisc2025_train_01317_me_ax_t1.jpg
1310,1311,2,meningioma,meningioma,True,D:\brain_tumor\🧠 Brain Tumor MRI Dataset\classification_task\train\meningioma\brisc2025_train_01316_me_ax_t1.jpg,D:\brain_tumor\🧠 Brain Tumor MRI Dataset\classification_task\train\meningioma\brisc2025_train_01317_me_ax_t1.jpg
1310,2359,6,meningioma,meningioma,True,D:\brain_tumor\🧠 Brain Tumor MRI Dataset\classification_task\train\meningioma\brisc2025_train_01316_me_ax_t1.jpg,D:\brain_tumor\🧠 Brain Tumor MRI Dataset\classification_task\train\meningioma\brisc2025_train_02378_me_sa_t1.jpg
1311,2359,6,meningioma,meningioma,True,D:\brain_tumor\🧠 Brain Tumor MRI Dataset\classification_task\train\meningioma\brisc2025_train_01317_me_ax_t1.jpg,D:\brain_tumor\🧠 Brain Tumor MRI Dataset\classification_task\train\meningioma\brisc2025_train_02378_me_sa_t1.jpg
1312,1313,6,meningioma,meningioma,True,D:\brain_tumor\🧠 Brain Tumor MRI Dataset\classification_task\train\meningioma\brisc2025_train_01318_me_ax_t1.jpg,D:\brain_tumor\🧠 Brain Tumor MRI Dataset\classification_task\train\meningioma\brisc2025_train_01319_me_ax_t1.jpg
1314,1315,6,meningioma,meningioma,True,D:\brain_tumor\🧠 Brain Tumor MRI Dataset\classification_task\train\meningioma\brisc2025_train_01320_me_ax_t1.jpg,D:\brain_tumor\🧠 Brain Tumor MRI Dataset\classification_task\train\meningioma\brisc2025_train_01321_me_ax_t1.jpg
1314,1427,6,meningioma,meningioma,True,D:\brain_tumor\🧠 Brain Tumor MRI Dataset\classification_task\train\meningioma\brisc2025_train_01320_me_ax_t1.jpg,D:\brain_tumor\🧠 Brain Tumor MRI Dataset\classification_task\train\meningioma\brisc2025_train_01434_me_ax_t1.jpg
1315,2535,6,meningioma,no_tumor,False,D:\brain_tumor\🧠 Brain Tumor MRI Dataset\classification_task\train\meningioma\brisc2025_train_01321_me_ax_t1.jpg,D:\brain_tumor\🧠 Brain Tumor MRI Dataset\classification_task\train\no_tumor\brisc2025_train_02555_no_ax_t1.jpg
1316,1317,4,meningioma,meningioma,True,D:\brain_tumor\🧠 Brain Tumor MRI Dataset\classification_task\train\meningioma\brisc2025_train_01322_me_ax_t1.jpg,D:\brain_tumor\🧠 Brain Tumor MRI Dataset\classification_task\train\meningioma\brisc2025_train_01323_me_ax_t1.jpg
1316,1319,6,meningioma,meningioma,True,D:\brain_tumor\🧠 Brain Tumor MRI Dataset\classification_task\train\meningioma\brisc2025_train_01322_me_ax_t1.jpg,D:\brain_tumor\🧠 Brain Tumor MRI Dataset\classification_task\train\meningioma\brisc2025_train_01325_me_ax_t1.jpg
1317,1319,4,meningioma,meningioma,True,D:\brain_tumor\🧠 Brain Tumor MRI Dataset\classification_task\train\meningioma\brisc2025_train_01323_me_ax_t1.jpg,D:\brain_tumor\🧠 Brain Tumor MRI Dataset\classification_task\train\meningioma\brisc2025_train_01325_me_ax_t1.jpg
1323,1324,6,meningioma,meningioma,True,D:\brain_tumor\🧠 Brain Tumor MRI Dataset\classification_task\train\meningioma\brisc2025_train_01329_me_ax_t1.jpg,D:\brain_tumor\🧠 Brain Tumor MRI Dataset\classification_task\train\meningioma\brisc2025_train_01330_me_ax_t1.jpg
1324,1325,6,meningioma,meningioma,True,D:\brain_tumor\🧠 Brain Tumor MRI Dataset\classification_task\train\meningioma\brisc2025_train_01330_me_ax_t1.jpg,D:\brain_tumor\🧠 Brain Tumor MRI Dataset\classification_task\train\meningioma\brisc2025_train_01331_me_ax_t1.jpg
1324,1327,6,meningioma,meningioma,True,D:\brain_tumor\🧠 Brain Tumor MRI Dataset\classification_task\train\meningioma\brisc2025_train_01330_me_ax_t1.jpg,D:\brain_tumor\🧠 Brain Tumor MRI Dataset\classification_task\train\meningioma\brisc2025_train_01333_me_ax_t1.jpg
1325,1326,4,meningioma,meningioma,True,D:\brain_tumor\🧠 Brain Tumor MRI Dataset\classification_task\train\meningioma\brisc2025_train_01331_me_ax_t1.jpg,D:\brain_tumor\🧠 Brain Tumor MRI Dataset\classification_task\train\meningioma\brisc2025_train_01332_me_ax_t1.jpg
1325,1327,6,meningioma,meningioma,True,D:\brain_tumor\🧠 Brain Tumor MRI Dataset\classification_task\train\meningioma\brisc2025_train_01331_me_ax_t1.jpg,D:\brain_tumor\🧠 Brain Tumor MRI Dataset\classification_task\train\meningioma\brisc2025_train_01333_me_ax_t1.jpg
1326,1327,6,meningioma,meningioma,True,D:\brain_tumor\🧠 Brain Tumor MRI Dataset\classification_task\train\meningioma\brisc2025_train_01332_me_ax_t1.jpg,D:\brain_tumor\🧠 Brain Tumor MRI Dataset\classification_task\train\meningioma\brisc2025_train_01333_me_ax_t1.jpg
1326,3528,6,meningioma,pituitary,False,D:\brain_tumor\🧠 Brain Tumor MRI Dataset\classification_task\train\meningioma\brisc2025_train_01332_me_ax_t1.jpg,D:\brain_tumor\🧠 Brain Tumor MRI Dataset\classification_task\train\pituitary\brisc2025_train_03557_pi_ax_t1.jpg
1327,1328,4,meningioma,meningioma,True,D:\brain_tumor\🧠 Brain Tumor MRI Dataset\classification_task\train\meningioma\brisc2025_train_01333_me_ax_t1.jpg,D:\brain_tumor\🧠 Brain Tumor MRI Dataset\classification_task\train\meningioma\brisc2025_train_01334_me_ax_t1.jpg
1333,1334,2,meningioma,meningioma,True,D:\brain_tumor\🧠 Brain Tumor MRI Dataset\classification_task\train\meningioma\brisc2025_train_01339_me_ax_t1.jpg,D:\brain_tumor\🧠 Brain Tumor MRI Dataset\classification_task\train\meningioma\brisc2025_train_01340_me_ax_t1.jpg
1334,1335,6,meningioma,meningioma,True,D:\brain_tumor\🧠 Brain Tumor MRI Dataset\classification_task\train\meningioma\brisc2025_train_01340_me_ax_t1.jpg,D:\brain_tumor\🧠 Brain Tumor MRI Dataset\classification_task\train\meningioma\brisc2025_train_01341_me_ax_t1.jpg
1335,1336,2,meningioma,meningioma,True,D:\brain_tumor\🧠 Brain Tumor MRI Dataset\classification_task\train\meningioma\brisc2025_train_01341_me_ax_t1.jpg,D:\brain_tumor\🧠 Brain Tumor MRI Dataset\classification_task\train\meningioma\brisc2025_train_01342_me_ax_t1.jpg
1338,1339,6,meningioma,meningioma,True,D:\brain_tumor\🧠 Brain Tumor MRI Dataset\classification_task\train\meningioma\brisc2025_train_01344_me_ax_t1.jpg,D:\brain_tumor\🧠 Brain Tumor MRI Dataset\classification_task\train\meningioma\brisc2025_train_01345_me_ax_t1.jpg
1339,1340,6,meningioma,meningioma,True,D:\brain_tumor\🧠 Brain Tumor MRI Dataset\classification_task\train\meningioma\brisc2025_train_01345_me_ax_t1.jpg,D:\brain_tumor\🧠 Brain Tumor MRI Dataset\classification_task\train\meningioma\brisc2025_train_01346_me_ax_t1.jpg
1339,1341,6,meningioma,meningioma,True,D:\brain_tumor\🧠 Brain Tumor MRI Dataset\classification_task\train\meningioma\brisc2025_train_01345_me_ax_t1.jpg,D:\brain_tumor\🧠 Brain Tumor MRI Dataset\classification_task\train\meningioma\brisc2025_train_01347_me_ax_t1.jpg
1340,1341,0,meningioma,meningioma,True,D:\brain_tumor\🧠 Brain Tumor MRI Dataset\classification_task\train\meningioma\brisc2025_train_01346_me_ax_t1.jpg,D:\brain_tumor\🧠 Brain Tumor MRI Dataset\classification_task\train\meningioma\brisc2025_train_01347_me_ax_t1.jpg
1340,1342,4,meningioma,meningioma,True,D:\brain_tumor\🧠 Brain Tumor MRI Dataset\classification_task\train\meningioma\brisc2025_train_01346_me_ax_t1.jpg,D:\brain_tumor\🧠 Brain Tumor MRI Dataset\classification_task\train\meningioma\brisc2025_train_01348_me_ax_t1.jpg
1340,1359,4,meningioma,meningioma,True,D:\brain_tumor\🧠 Brain Tumor MRI Dataset\classification_task\train\meningioma\brisc2025_train_01346_me_ax_t1.jpg,D:\brain_tumor\🧠 Brain Tumor MRI Dataset\classification_task\train\meningioma\brisc2025_train_01365_me_ax_t1.jpg
1341,1342,4,meningioma,meningioma,True,D:\brain_tumor\🧠 Brain Tumor MRI Dataset\classification_task\train\meningioma\brisc2025_train_01347_me_ax_t1.jpg,D:\brain_tumor\🧠 Brain Tumor MRI Dataset\classification_task\train\meningioma\brisc2025_train_01348_me_ax_t1.jpg
1341,1359,4,meningioma,meningioma,True,D:\brain_tumor\🧠 Brain Tumor MRI Dataset\classification_task\train\meningioma\brisc2025_train_01347_me_ax_t1.jpg,D:\brain_tumor\🧠 Brain Tumor MRI Dataset\classification_task\train\meningioma\brisc2025_train_01365_me_ax_t1.jpg
1342,1359,4,meningioma,meningioma,True,D:\brain_tumor\🧠 Brain Tumor MRI Dataset\classification_task\train\meningioma\brisc2025_train_01348_me_ax_t1.jpg,D:\brain_tumor\🧠 Brain Tumor MRI Dataset\classification_task\train\meningioma\brisc2025_train_01365_me_ax_t1.jpg
1342,1360,6,meningioma,meningioma,True,D:\brain_tumor\🧠 Brain Tumor MRI Dataset\classification_task\train\meningioma\brisc2025_train_01348_me_ax_t1.jpg,D:\brain_tumor\🧠 Brain Tumor MRI Dataset\classification_task\train\meningioma\brisc2025_train_01366_me_ax_t1.jpg
1342,1407,6,meningioma,meningioma,True,D:\brain_tumor\🧠 Brain Tumor MRI Dataset\classification_task\train\meningioma\brisc2025_train_01348_me_ax_t1.jpg,D:\brain_tumor\🧠 Brain Tumor MRI Dataset\classification_task\train\meningioma\brisc2025_train_01414_me_ax_t1.jpg
1346,1368,6,meningioma,meningioma,True,D:\brain_tumor\🧠 Brain Tumor MRI Dataset\classification_task\train\meningioma\brisc2025_train_01352_me_ax_t1.jpg,D:\brain_tumor\🧠 Brain Tumor MRI Dataset\classification_task\train\meningioma\brisc2025_train_01374_me_ax_t1.jpg
1346,2521,6,meningioma,no_tumor,False,D:\brain_tumor\🧠 Brain Tumor MRI Dataset\classification_task\train\meningioma\brisc2025_train_01352_me_ax_t1.jpg,D:\brain_tumor\🧠 Brain Tumor MRI Dataset\classification_task\train\no_tumor\brisc2025_train_02541_no_ax_t1.jpg
1351,1352,6,meningioma,meningioma,True,D:\brain_tumor\🧠 Brain Tumor MRI Dataset\classification_task\train\meningioma\brisc2025_train_01357_me_ax_t1.jpg,D:\brain_tumor\🧠 Brain Tumor MRI Dataset\classification_task\train\meningioma\brisc2025_train_01358_me_ax_t1.jpg
1355,1356,4,meningioma,meningioma,True,D:\brain_tumor\🧠 Brain Tumor MRI Dataset\classification_task\train\meningioma\brisc2025_train_01361_me_ax_t1.jpg,D:\brain_tumor\🧠 Brain Tumor MRI Dataset\classification_task\train\meningioma\brisc2025_train_01362_me_ax_t1.jpg
1355,1357,4,meningioma,meningioma,True,D:\brain_tumor\🧠 Brain Tumor MRI Dataset\classification_task\train\meningioma\brisc2025_train_01361_me_ax_t1.jpg,D:\brain_tumor\🧠 Brain Tumor MRI Dataset\classification_task\train\meningioma\brisc2025_train_01363_me_ax_t1.jpg
1355,1358,6,meningioma,meningioma,True,D:\brain_tumor\🧠 Brain Tumor MRI Dataset\classification_task\train\meningioma\brisc2025_train_01361_me_ax_t1.jpg,D:\brain_tumor\🧠 Brain Tumor MRI Dataset\classification_task\train\meningioma\brisc2025_train_01364_me_ax_t1.jpg
1357,1358,4,meningioma,meningioma,True,D:\brain_tumor\🧠 Brain Tumor MRI Dataset\classification_task\train\meningioma\brisc2025_train_01363_me_ax_t1.jpg,D:\brain_tumor\🧠 Brain Tumor MRI Dataset\classification_task\train\meningioma\brisc2025_train_01364_me_ax_t1.jpg
1359,1360,4,meningioma,meningioma,True,D:\brain_tumor\🧠 Brain Tumor MRI Dataset\classification_task\train\meningioma\brisc2025_train_01365_me_ax_t1.jpg,D:\brain_tumor\🧠 Brain Tumor MRI Dataset\classification_task\train\meningioma\brisc2025_train_01366_me_ax_t1.jpg
1362,1363,6,meningioma,meningioma,True,D:\brain_tumor\🧠 Brain Tumor MRI Dataset\classification_task\train\meningioma\brisc2025_train_01368_me_ax_t1.jpg,D:\brain_tumor\🧠 Brain Tumor MRI Dataset\classification_task\train\meningioma\brisc2025_train_01369_me_ax_t1.jpg
1363,1364,6,meningioma,meningioma,True,D:\brain_tumor\🧠 Brain Tumor MRI Dataset\classification_task\train\meningioma\brisc2025_train_01369_me_ax_t1.jpg,D:\brain_tumor\🧠 Brain Tumor MRI Dataset\classification_task\train\meningioma\brisc2025_train_01370_me_ax_t1.jpg
1366,1367,6,meningioma,meningioma,True,D:\brain_tumor\🧠 Brain Tumor MRI Dataset\classification_task\train\meningioma\brisc2025_train_01372_me_ax_t1.jpg,D:\brain_tumor\🧠 Brain Tumor MRI Dataset\classification_task\train\meningioma\brisc2025_train_01373_me_ax_t1.jpg
1366,2579,6,meningioma,no_tumor,False,D:\brain_tumor\🧠 Brain Tumor MRI Dataset\classification_task\train\meningioma\brisc2025_train_01372_me_ax_t1.jpg,D:\brain_tumor\🧠 Brain Tumor MRI Dataset\classification_task\train\no_tumor\brisc2025_train_02599_no_ax_t1.jpg
1367,1368,6,meningioma,meningioma,True,D:\brain_tumor\🧠 Brain Tumor MRI Dataset\classification_task\train\meningioma\brisc2025_train_01373_me_ax_t1.jpg,D:\brain_tumor\🧠 Brain Tumor MRI Dataset\classification_task\train\meningioma\brisc2025_train_01374_me_ax_t1.jpg
1370,1371,2,meningioma,meningioma,True,D:\brain_tumor\🧠 Brain Tumor MRI Dataset\classification_task\train\meningioma\brisc2025_train_01376_me_ax_t1.jpg,D:\brain_tumor\🧠 Brain Tumor MRI Dataset\classification_task\train\meningioma\brisc2025_train_01377_me_ax_t1.jpg
1372,1379,2,meningioma,meningioma,True,D:\brain_tumor\🧠 Brain Tumor MRI Dataset\classification_task\train\meningioma\brisc2025_train_01378_me_ax_t1.jpg,D:\brain_tumor\🧠 Brain Tumor MRI Dataset\classification_task\train\meningioma\brisc2025_train_01385_me_ax_t1.jpg
1397,1556,6,meningioma,meningioma,True,D:\brain_tumor\🧠 Brain Tumor MRI Dataset\classification_task\train\meningioma\brisc2025_train_01404_me_ax_t1.jpg,D:\brain_tumor\🧠 Brain Tumor MRI Dataset\classification_task\train\meningioma\brisc2025_train_01563_me_ax_t1.jpg
1399,1558,4,meningioma,meningioma,True,D:\brain_tumor\🧠 Brain Tumor MRI Dataset\classification_task\train\meningioma\brisc2025_train_01406_me_ax_t1.jpg,D:\brain_tumor\🧠 Brain Tumor MRI Dataset\classification_task\train\meningioma\brisc2025_train_01565_me_ax_t1.jpg
1401,1402,4,meningioma,meningioma,True,D:\brain_tumor\🧠 Brain Tumor MRI Dataset\classification_task\train\meningioma\brisc2025_train_01408_me_ax_t1.jpg,D:\brain_tumor\🧠 Brain Tumor MRI Dataset\classification_task\train\meningioma\brisc2025_train_01409_me_ax_t1.jpg
1406,1434,4,meningioma,meningioma,True,D:\brain_tumor\🧠 Brain Tumor MRI Dataset\classification_task\train\meningioma\brisc2025_train_01413_me_ax_t1.jpg,D:\brain_tumor\🧠 Brain Tumor MRI Dataset\classification_task\train\meningioma\brisc2025_train_01441_me_ax_t1.jpg
1407,1418,4,meningioma,meningioma,True,D:\brain_tumor\🧠 Brain Tumor MRI Dataset\classification_task\train\meningioma\brisc2025_train_01414_me_ax_t1.jpg,D:\brain_tumor\🧠 Brain Tumor MRI Dataset\classification_task\train\meningioma\brisc2025_train_01425_me_ax_t1.jpg
1407,1421,6,meningioma,meningioma,True,D:\brain_tumor\🧠 Brain Tumor MRI Dataset\classification_task\train\meningioma\brisc2025_train_01414_me_ax_t1.jpg,D:\brain_tumor\🧠 Brain Tumor MRI Dataset\classification_task\train\meningioma\brisc2025_train_01428_me_ax_t1.jpg
1409,1430,4,meningioma,meningioma,True,D:\brain_tumor\🧠 Brain Tumor MRI Dataset\classification_task\train\meningioma\brisc2025_train_01416_me_ax_t1.jpg,D:\brain_tumor\🧠 Brain Tumor MRI Dataset\classification_task\train\meningioma\brisc2025_train_01437_me_ax_t1.jpg
1409,1436,2,meningioma,meningioma,True,D:\brain_tumor\🧠 Brain Tumor MRI Dataset\classification_task\train\meningioma\brisc2025_train_01416_me_ax_t1.jpg,D:\brain_tumor\🧠 Brain Tumor MRI Dataset\classification_task\train\meningioma\brisc2025_train_01443_me_ax_t1.jpg
1409,1501,6,meningioma,meningioma,True,D:\brain_tumor\🧠 Brain Tumor MRI Dataset\classification_task\train\meningioma\brisc2025_train_01416_me_ax_t1.jpg,D:\brain_tumor\🧠 Brain Tumor MRI Dataset\classification_task\train\meningioma\brisc2025_train_01508_me_ax_t1.jpg
1414,1415,6,meningioma,meningioma,True,D:\brain_tumor\🧠 Brain Tumor MRI Dataset\classification_task\train\meningioma\brisc2025_train_01421_me_ax_t1.jpg,D:\brain_tumor\🧠 Brain Tumor MRI Dataset\classification_task\train\meningioma\brisc2025_train_01422_me_ax_t1.jpg
1415,1416,4,meningioma,meningioma,True,D:\brain_tumor\🧠 Brain Tumor MRI Dataset\classification_task\train\meningioma\brisc2025_train_01422_me_ax_t1.jpg,D:\brain_tumor\🧠 Brain Tumor MRI Dataset\classification_task\train\meningioma\brisc2025_train_01423_me_ax_t1.jpg
1418,1421,4,meningioma,meningioma,True,D:\brain_tumor\🧠 Brain Tumor MRI Dataset\classification_task\train\meningioma\brisc2025_train_01425_me_ax_t1.jpg,D:\brain_tumor\🧠 Brain Tumor MRI Dataset\classification_task\train\meningioma\brisc2025_train_01428_me_ax_t1.jpg
1425,1427,6,meningioma,meningioma,True,D:\brain_tumor\🧠 Brain Tumor MRI Dataset\classification_task\train\meningioma\brisc2025_train_01432_me_ax_t1.jpg,D:\brain_tumor\🧠 Brain Tumor MRI Dataset\classification_task\train\meningioma\brisc2025_train_01434_me_ax_t1.jpg
1426,1428,6,meningioma,meningioma,True,D:\brain_tumor\🧠 Brain Tumor MRI Dataset\classification_task\train\meningioma\brisc2025_train_01433_me_ax_t1.jpg,D:\brain_tumor\🧠 Brain Tumor MRI Dataset\classification_task\train\meningioma\brisc2025_train_01435_me_ax_t1.jpg
1426,1919,6,meningioma,meningioma,True,D:\brain_tumor\🧠 Brain Tumor MRI Dataset\classification_task\train\meningioma\brisc2025_train_01433_me_ax_t1.jpg,D:\brain_tumor\🧠 Brain Tumor MRI Dataset\classification_task\train\meningioma\brisc2025_train_01933_me_co_t1.jpg
1427,1429,2,meningioma,meningioma,True,D:\brain_tumor\🧠 Brain Tumor MRI Dataset\classification_task\train\meningioma\brisc2025_train_01434_me_ax_t1.jpg,D:\brain_tumor\🧠 Brain Tumor MRI Dataset\classification_task\train\meningioma\brisc2025_train_01436_me_ax_t1.jpg
1428,1919,6,meningioma,meningioma,True,D:\brain_tumor\🧠 Brain Tumor MRI Dataset\classification_task\train\meningioma\brisc2025_train_01435_me_ax_t1.jpg,D:\brain_tumor\🧠 Brain Tumor MRI Dataset\classification_task\train\meningioma\brisc2025_train_01933_me_co_t1.jpg
1430,1436,6,meningioma,meningioma,True,D:\brain_tumor\🧠 Brain Tumor MRI Dataset\classification_task\train\meningioma\brisc2025_train_01437_me_ax_t1.jpg,D:\brain_tumor\🧠 Brain Tumor MRI Dataset\classification_task\train\meningioma\brisc2025_train_01443_me_ax_t1.jpg
1436,1501,4,meningioma,meningioma,True,D:\brain_tumor\🧠 Brain Tumor MRI Dataset\classification_task\train\meningioma\brisc2025_train_01443_me_ax_t1.jpg,D:\brain_tumor\🧠 Brain Tumor MRI Dataset\classification_task\train\meningioma\brisc2025_train_01508_me_ax_t1.jpg
1439,1457,6,meningioma,meningioma,True,D:\brain_tumor\🧠 Brain Tumor MRI Dataset\classification_task\train\meningioma\brisc2025_train_01446_me_ax_t1.jpg,D:\brain_tumor\🧠 Brain Tumor MRI Dataset\classification_task\train\meningioma\brisc2025_train_01464_me_ax_t1.jpg
1442,1445,4,meningioma,meningioma,True,D:\brain_tumor\🧠 Brain Tumor MRI Dataset\classification_task\train\meningioma\brisc2025_train_01449_me_ax_t1.jpg,D:\brain_tumor\🧠 Brain Tumor MRI Dataset\classification_task\train\meningioma\brisc2025_train_01452_me_ax_t1.jpg
1443,1444,6,meningioma,meningioma,True,D:\brain_tumor\🧠 Brain Tumor MRI Dataset\classification_task\train\meningioma\brisc2025_train_01450_me_ax_t1.jpg,D:\brain_tumor\🧠 Brain Tumor MRI Dataset\classification_task\train\meningioma\brisc2025_train_01451_me_ax_t1.jpg
1443,1445,6,meningioma,meningioma,True,D:\brain_tumor\🧠 Brain Tumor MRI Dataset\classification_task\train\meningioma\brisc2025_train_01450_me_ax_t1.jpg,D:\brain_tumor\🧠 Brain Tumor MRI Dataset\classification_task\train\meningioma\brisc2025_train_01452_me_ax_t1.jpg
1449,1451,4,meningioma,meningioma,True,D:\brain_tumor\🧠 Brain Tumor MRI Dataset\classification_task\train\meningioma\brisc2025_train_01456_me_ax_t1.jpg,D:\brain_tumor\🧠 Brain Tumor MRI Dataset\classification_task\train\meningioma\brisc2025_train_01458_me_ax_t1.jpg
1451,1452,6,meningioma,meningioma,True,D:\brain_tumor\🧠 Brain Tumor MRI Dataset\classification_task\train\meningioma\brisc2025_train_01458_me_ax_t1.jpg,D:\brain_tumor\🧠 Brain Tumor MRI Dataset\classification_task\train\meningioma\brisc2025_train_01459_me_ax_t1.jpg
1455,1456,6,meningioma,meningioma,True,D:\brain_tumor\🧠 Brain Tumor MRI Dataset\classification_task\train\meningioma\brisc2025_train_01462_me_ax_t1.jpg,D:\brain_tumor\🧠 Brain Tumor MRI Dataset\classification_task\train\meningioma\brisc2025_train_01463_me_ax_t1.jpg
1456,1457,2,meningioma,meningioma,True,D:\brain_tumor\🧠 Brain Tumor MRI Dataset\classification_task\train\meningioma\brisc2025_train_01463_me_ax_t1.jpg,D:\brain_tumor\🧠 Brain Tumor MRI Dataset\classification_task\train\meningioma\brisc2025_train_01464_me_ax_t1.jpg
1456,1473,6,meningioma,meningioma,True,D:\brain_tumor\🧠 Brain Tumor MRI Dataset\classification_task\train\meningioma\brisc2025_train_01463_me_ax_t1.jpg,D:\brain_tumor\🧠 Brain Tumor MRI Dataset\classification_task\train\meningioma\brisc2025_train_01480_me_ax_t1.jpg
1457,1473,6,meningioma,meningioma,True,D:\brain_tumor\🧠 Brain Tumor MRI Dataset\classification_task\train\meningioma\brisc2025_train_01464_me_ax_t1.jpg,D:\brain_tumor\🧠 Brain Tumor MRI Dataset\classification_task\train\meningioma\brisc2025_train_01480_me_ax_t1.jpg
1463,1464,6,meningioma,meningioma,True,D:\brain_tumor\🧠 Brain Tumor MRI Dataset\classification_task\train\meningioma\brisc2025_train_01470_me_ax_t1.jpg,D:\brain_tumor\🧠 Brain Tumor MRI Dataset\classification_task\train\meningioma\brisc2025_train_01471_me_ax_t1.jpg
1469,1470,4,meningioma,meningioma,True,D:\brain_tumor\🧠 Brain Tumor MRI Dataset\classification_task\train\meningioma\brisc2025_train_01476_me_ax_t1.jpg,D:\brain_tumor\🧠 Brain Tumor MRI Dataset\classification_task\train\meningioma\brisc2025_train_01477_me_ax_t1.jpg
1469,1471,6,meningioma,meningioma,True,D:\brain_tumor\🧠 Brain Tumor MRI Dataset\classification_task\train\meningioma\brisc2025_train_01476_me_ax_t1.jpg,D:\brain_tumor\🧠 Brain Tumor MRI Dataset\classification_task\train\meningioma\brisc2025_train_01478_me_ax_t1.jpg
1471,1472,4,meningioma,meningioma,True,D:\brain_tumor\🧠 Brain Tumor MRI Dataset\classification_task\train\meningioma\brisc2025_train_01478_me_ax_t1.jpg,D:\brain_tumor\🧠 Brain Tumor MRI Dataset\classification_task\train\meningioma\brisc2025_train_01479_me_ax_t1.jpg
1474,1475,6,meningioma,meningioma,True,D:\brain_tumor\🧠 Brain Tumor MRI Dataset\classification_task\train\meningioma\brisc2025_train_01481_me_ax_t1.jpg,D:\brain_tumor\🧠 Brain Tumor MRI Dataset\classification_task\train\meningioma\brisc2025_train_01482_me_ax_t1.jpg
1475,1476,6,meningioma,meningioma,True,D:\brain_tumor\🧠 Brain Tumor MRI Dataset\classification_task\train\meningioma\brisc2025_train_01482_me_ax_t1.jpg,D:\brain_tumor\🧠 Brain Tumor MRI Dataset\classification_task\train\meningioma\brisc2025_train_01483_me_ax_t1.jpg
1478,1479,6,meningioma,meningioma,True,D:\brain_tumor\🧠 Brain Tumor MRI Dataset\classification_task\train\meningioma\brisc2025_train_01485_me_ax_t1.jpg,D:\brain_tumor\🧠 Brain Tumor MRI Dataset\classification_task\train\meningioma\brisc2025_train_01486_me_ax_t1.jpg
1482,1483,2,meningioma,meningioma,True,D:\brain_tumor\🧠 Brain Tumor MRI Dataset\classification_task\train\meningioma\brisc2025_train_01489_me_ax_t1.jpg,D:\brain_tumor\🧠 Brain Tumor MRI Dataset\classification_task\train\meningioma\brisc2025_train_01490_me_ax_t1.jpg
1482,1484,2,meningioma,meningioma,True,D:\brain_tumor\🧠 Brain Tumor MRI Dataset\classification_task\train\meningioma\brisc2025_train_01489_me_ax_t1.jpg,D:\brain_tumor\🧠 Brain Tumor MRI Dataset\classification_task\train\meningioma\brisc2025_train_01491_me_ax_t1.jpg
1482,1485,6,meningioma,meningioma,True,D:\brain_tumor\🧠 Brain Tumor MRI Dataset\classification_task\train\meningioma\brisc2025_train_01489_me_ax_t1.jpg,D:\brain_tumor\🧠 Brain Tumor MRI Dataset\classification_task\train\meningioma\brisc2025_train_01492_me_ax_t1.jpg
1483,1484,4,meningioma,meningioma,True,D:\brain_tumor\🧠 Brain Tumor MRI Dataset\classification_task\train\meningioma\brisc2025_train_01490_me_ax_t1.jpg,D:\brain_tumor\🧠 Brain Tumor MRI Dataset\classification_task\train\meningioma\brisc2025_train_01491_me_ax_t1.jpg
1484,1485,4,meningioma,meningioma,True,D:\brain_tumor\🧠 Brain Tumor MRI Dataset\classification_task\train\meningioma\brisc2025_train_01491_me_ax_t1.jpg,D:\brain_tumor\🧠 Brain Tumor MRI Dataset\classification_task\train\meningioma\brisc2025_train_01492_me_ax_t1.jpg
1485,1486,6,meningioma,meningioma,True,D:\brain_tumor\🧠 Brain Tumor MRI Dataset\classification_task\train\meningioma\brisc2025_train_01492_me_ax_t1.jpg,D:\brain_tumor\🧠 Brain Tumor MRI Dataset\classification_task\train\meningioma\brisc2025_train_01493_me_ax_t1.jpg
1487,1495,6,meningioma,meningioma,True,D:\brain_tumor\🧠 Brain Tumor MRI Dataset\classification_task\train\meningioma\brisc2025_train_01494_me_ax_t1.jpg,D:\brain_tumor\🧠 Brain Tumor MRI Dataset\classification_task\train\meningioma\brisc2025_train_01502_me_ax_t1.jpg
1496,1497,6,meningioma,meningioma,True,D:\brain_tumor\🧠 Brain Tumor MRI Dataset\classification_task\train\meningioma\brisc2025_train_01503_me_ax_t1.jpg,D:\brain_tumor\🧠 Brain Tumor MRI Dataset\classification_task\train\meningioma\brisc2025_train_01504_me_ax_t1.jpg
1502,1503,6,meningioma,meningioma,True,D:\brain_tumor\🧠 Brain Tumor MRI Dataset\classification_task\train\meningioma\brisc2025_train_01509_me_ax_t1.jpg,D:\brain_tumor\🧠 Brain Tumor MRI Dataset\classification_task\train\meningioma\brisc2025_train_01510_me_ax_t1.jpg
1506,1507,6,meningioma,meningioma,True,D:\brain_tumor\🧠 Brain Tumor MRI Dataset\classification_task\train\meningioma\brisc2025_train_01513_me_ax_t1.jpg,D:\brain_tumor\🧠 Brain Tumor MRI Dataset\classification_task\train\meningioma\brisc2025_train_01514_me_ax_t1.jpg
1509,1510,4,meningioma,meningioma,True,D:\brain_tumor\🧠 Brain Tumor MRI Dataset\classification_task\train\meningioma\brisc2025_train_01516_me_ax_t1.jpg,D:\brain_tumor\🧠 Brain Tumor MRI Dataset\classification_task\train\meningioma\brisc2025_train_01517_me_ax_t1.jpg
1510,1511,6,meningioma,meningioma,True,D:\brain_tumor\🧠 Brain Tumor MRI Dataset\classification_task\train\meningioma\brisc2025_train_01517_me_ax_t1.jpg,D:\brain_tumor\🧠 Brain Tumor MRI Dataset\classification_task\train\meningioma\brisc2025_train_01518_me_ax_t1.jpg
1512,1514,4,meningioma,meningioma,True,D:\brain_tumor\🧠 Brain Tumor MRI Dataset\classification_task\train\meningioma\brisc2025_train_01519_me_ax_t1.jpg,D:\brain_tumor\🧠 Brain Tumor MRI Dataset\classification_task\train\meningioma\brisc2025_train_01521_me_ax_t1.jpg
1517,1529,6,meningioma,meningioma,True,D:\brain_tumor\🧠 Brain Tumor MRI Dataset\classification_task\train\meningioma\brisc2025_train_01524_me_ax_t1.jpg,D:\brain_tumor\🧠 Brain Tumor MRI Dataset\classification_task\train\meningioma\brisc2025_train_01536_me_ax_t1.jpg
1519,1520,0,meningioma,meningioma,True,D:\brain_tumor\🧠 Brain Tumor MRI Dataset\classification_task\train\meningioma\brisc2025_train_01526_me_ax_t1.jpg,D:\brain_tumor\🧠 Brain Tumor MRI Dataset\classification_task\train\meningioma\brisc2025_train_01527_me_ax_t1.jpg
1519,1521,4,meningioma,meningioma,True,D:\brain_tumor\🧠 Brain Tumor MRI Dataset\classification_task\train\meningioma\brisc2025_train_01526_me_ax_t1.jpg,D:\brain_tumor\🧠 Brain Tumor MRI Dataset\classification_task\train\meningioma\brisc2025_train_01528_me_ax_t1.jpg
1519,1522,6,meningioma,meningioma,True,D:\brain_tumor\🧠 Brain Tumor MRI Dataset\classification_task\train\meningioma\brisc2025_train_01526_me_ax_t1.jpg,D:\brain_tumor\🧠 Brain Tumor MRI Dataset\classification_task\train\meningioma\brisc2025_train_01529_me_ax_t1.jpg
1519,1523,6,meningioma,meningioma,True,D:\brain_tumor\🧠 Brain Tumor MRI Dataset\classification_task\train\meningioma\brisc2025_train_01526_me_ax_t1.jpg,D:\brain_tumor\🧠 Brain Tumor MRI Dataset\classification_task\train\meningioma\brisc2025_train_01530_me_ax_t1.jpg
1520,1521,4,meningioma,meningioma,True,D:\brain_tumor\🧠 Brain Tumor MRI Dataset\classification_task\train\meningioma\brisc2025_train_01527_me_ax_t1.jpg,D:\brain_tumor\🧠 Brain Tumor MRI Dataset\classification_task\train\meningioma\brisc2025_train_01528_me_ax_t1.jpg
1520,1522,6,meningioma,meningioma,True,D:\brain_tumor\🧠 Brain Tumor MRI Dataset\classification_task\train\meningioma\brisc2025_train_01527_me_ax_t1.jpg,D:\brain_tumor\🧠 Brain Tumor MRI Dataset\classification_task\train\meningioma\brisc2025_train_01529_me_ax_t1.jpg
1520,1523,6,meningioma,meningioma,True,D:\brain_tumor\🧠 Brain Tumor MRI Dataset\classification_task\train\meningioma\brisc2025_train_01527_me_ax_t1.jpg,D:\brain_tumor\🧠 Brain Tumor MRI Dataset\classification_task\train\meningioma\brisc2025_train_01530_me_ax_t1.jpg
1521,1522,2,meningioma,meningioma,True,D:\brain_tumor\🧠 Brain Tumor MRI Dataset\classification_task\train\meningioma\brisc2025_train_01528_me_ax_t1.jpg,D:\brain_tumor\🧠 Brain Tumor MRI Dataset\classification_task\train\meningioma\brisc2025_train_01529_me_ax_t1.jpg
1521,1523,2,meningioma,meningioma,True,D:\brain_tumor\🧠 Brain Tumor MRI Dataset\classification_task\train\meningioma\brisc2025_train_01528_me_ax_t1.jpg,D:\brain_tumor\🧠 Brain Tumor MRI Dataset\classification_task\train\meningioma\brisc2025_train_01530_me_ax_t1.jpg
1522,1523,2,meningioma,meningioma,True,D:\brain_tumor\🧠 Brain Tumor MRI Dataset\classification_task\train\meningioma\brisc2025_train_01529_me_ax_t1.jpg,D:\brain_tumor\🧠 Brain Tumor MRI Dataset\classification_task\train\meningioma\brisc2025_train_01530_me_ax_t1.jpg
1523,1524,6,meningioma,meningioma,True,D:\brain_tumor\🧠 Brain Tumor MRI Dataset\classification_task\train\meningioma\brisc2025_train_01530_me_ax_t1.jpg,D:\brain_tumor\🧠 Brain Tumor MRI Dataset\classification_task\train\meningioma\brisc2025_train_01531_me_ax_t1.jpg
1524,1526,6,meningioma,meningioma,True,D:\brain_tumor\🧠 Brain Tumor MRI Dataset\classification_task\train\meningioma\brisc2025_train_01531_me_ax_t1.jpg,D:\brain_tumor\🧠 Brain Tumor MRI Dataset\classification_task\train\meningioma\brisc2025_train_01533_me_ax_t1.jpg
1527,1528,6,meningioma,meningioma,True,D:\brain_tumor\🧠 Brain Tumor MRI Dataset\classification_task\train\meningioma\brisc2025_train_01534_me_ax_t1.jpg,D:\brain_tumor\🧠 Brain Tumor MRI Dataset\classification_task\train\meningioma\brisc2025_train_01535_me_ax_t1.jpg
1528,1530,6,meningioma,meningioma,True,D:\brain_tumor\🧠 Brain Tumor MRI Dataset\classification_task\train\meningioma\brisc2025_train_01535_me_ax_t1.jpg,D:\brain_tumor\🧠 Brain Tumor MRI Dataset\classification_task\train\meningioma\brisc2025_train_01537_me_ax_t1.jpg
1529,1540,6,meningioma,meningioma,True,D:\brain_tumor\🧠 Brain Tumor MRI Dataset\classification_task\train\meningioma\brisc2025_train_01536_me_ax_t1.jpg,D:\brain_tumor\🧠 Brain Tumor MRI Dataset\classification_task\train\meningioma\brisc2025_train_01547_me_ax_t1.jpg
1532,1533,6,meningioma,meningioma,True,D:\brain_tumor\🧠 Brain Tumor MRI Dataset\classification_task\train\meningioma\brisc2025_train_01539_me_ax_t1.jpg,D:\brain_tumor\🧠 Brain Tumor MRI Dataset\classification_task\train\meningioma\brisc2025_train_01540_me_ax_t1.jpg
1533,1534,6,meningioma,meningioma,True,D:\brain_tumor\🧠 Brain Tumor MRI Dataset\classification_task\train\meningioma\brisc2025_train_01540_me_ax_t1.jpg,D:\brain_tumor\🧠 Brain Tumor MRI Dataset\classification_task\train\meningioma\brisc2025_train_01541_me_ax_t1.jpg
1533,1538,6,meningioma,meningioma,True,D:\brain_tumor\🧠 Brain Tumor MRI Dataset\classification_task\train\meningioma\brisc2025_train_01540_me_ax_t1.jpg,D:\brain_tumor\🧠 Brain Tumor MRI Dataset\classification_task\train\meningioma\brisc2025_train_01545_me_ax_t1.jpg
1533,1539,6,meningioma,meningioma,True,D:\brain_tumor\🧠 Brain Tumor MRI Dataset\classification_task\train\meningioma\brisc2025_train_01540_me_ax_t1.jpg,D:\brain_tumor\🧠 Brain Tumor MRI Dataset\classification_task\train\meningioma\brisc2025_train_01546_me_ax_t1.jpg
1536,1559,6,meningioma,meningioma,True,D:\brain_tumor\🧠 Brain Tumor MRI Dataset\classification_task\train\meningioma\brisc2025_train_01543_me_ax_t1.jpg,D:\brain_tumor\🧠 Brain Tumor MRI Dataset\classification_task\train\meningioma\brisc2025_train_01566_me_ax_t1.jpg
1538,1539,0,meningioma,meningioma,True,D:\brain_tumor\🧠 Brain Tumor MRI Dataset\classification_task\train\meningioma\brisc2025_train_01545_me_ax_t1.jpg,D:\brain_tumor\🧠 Brain Tumor MRI Dataset\classification_task\train\meningioma\brisc2025_train_01546_me_ax_t1.jpg
1540,1549,6,meningioma,meningioma,True,D:\brain_tumor\🧠 Brain Tumor MRI Dataset\classification_task\train\meningioma\brisc2025_train_01547_me_ax_t1.jpg,D:\brain_tumor\🧠 Brain Tumor MRI Dataset\classification_task\train\meningioma\brisc2025_train_01556_me_ax_t1.jpg
1544,1545,6,meningioma,meningioma,True,D:\brain_tumor\🧠 Brain Tumor MRI Dataset\classification_task\train\meningioma\brisc2025_train_01551_me_ax_t1.jpg,D:\brain_tumor\🧠 Brain Tumor MRI Dataset\classification_task\train\meningioma\brisc2025_train_01552_me_ax_t1.jpg
1546,1547,6,meningioma,meningioma,True,D:\brain_tumor\🧠 Brain Tumor MRI Dataset\classification_task\train\meningioma\brisc2025_train_01553_me_ax_t1.jpg,D:\brain_tumor\🧠 Brain Tumor MRI Dataset\classification_task\train\meningioma\brisc2025_train_01554_me_ax_t1.jpg
1547,1548,4,meningioma,meningioma,True,D:\brain_tumor\🧠 Brain Tumor MRI Dataset\classification_task\train\meningioma\brisc2025_train_01554_me_ax_t1.jpg,D:\brain_tumor\🧠 Brain Tumor MRI Dataset\classification_task\train\meningioma\brisc2025_train_01555_me_ax_t1.jpg
1548,1550,6,meningioma,meningioma,True,D:\brain_tumor\🧠 Brain Tumor MRI Dataset\classification_task\train\meningioma\brisc2025_train_01555_me_ax_t1.jpg,D:\brain_tumor\🧠 Brain Tumor MRI Dataset\classification_task\train\meningioma\brisc2025_train_01557_me_ax_t1.jpg
1549,1558,6,meningioma,meningioma,True,D:\brain_tumor\🧠 Brain Tumor MRI Dataset\classification_task\train\meningioma\brisc2025_train_01556_me_ax_t1.jpg,D:\brain_tumor\🧠 Brain Tumor MRI Dataset\classification_task\train\meningioma\brisc2025_train_01565_me_ax_t1.jpg
1552,1553,6,meningioma,meningioma,True,D:\brain_tumor\🧠 Brain Tumor MRI Dataset\classification_task\train\meningioma\brisc2025_train_01559_me_ax_t1.jpg,D:\brain_tumor\🧠 Brain Tumor MRI Dataset\classification_task\train\meningioma\brisc2025_train_01560_me_ax_t1.jpg
1559,1560,4,meningioma,meningioma,True,D:\brain_tumor\🧠 Brain Tumor MRI Dataset\classification_task\train\meningioma\brisc2025_train_01566_me_ax_t1.jpg,D:\brain_tumor\🧠 Brain Tumor MRI Dataset\classification_task\train\meningioma\brisc2025_train_01567_me_ax_t1.jpg
1564,1565,2,meningioma,meningioma,True,D:\brain_tumor\🧠 Brain Tumor MRI Dataset\classification_task\train\meningioma\brisc2025_train_01571_me_co_t1.jpg,D:\brain_tumor\🧠 Brain Tumor MRI Dataset\classification_task\train\meningioma\brisc2025_train_01572_me_co_t1.jpg
1564,1744,6,meningioma,meningioma,True,D:\brain_tumor\🧠 Brain Tumor MRI Dataset\classification_task\train\meningioma\brisc2025_train_01571_me_co_t1.jpg,D:\brain_tumor\🧠 Brain Tumor MRI Dataset\classification_task\train\meningioma\brisc2025_train_01757_me_co_t1.jpg
1565,1744,4,meningioma,meningioma,True,D:\brain_tumor\🧠 Brain Tumor MRI Dataset\classification_task\train\meningioma\brisc2025_train_01572_me_co_t1.jpg,D:\brain_tumor\🧠 Brain Tumor MRI Dataset\classification_task\train\meningioma\brisc2025_train_01757_me_co_t1.jpg
1565,1745,6,meningioma,meningioma,True,D:\brain_tumor\🧠 Brain Tumor MRI Dataset\classification_task\train\meningioma\brisc2025_train_01572_me_co_t1.jpg,D:\brain_tumor\🧠 Brain Tumor MRI Dataset\classification_task\train\meningioma\brisc2025_train_01758_me_co_t1.jpg
1565,2690,6,meningioma,no_tumor,False,D:\brain_tumor\🧠 Brain Tumor MRI Dataset\classification_task\train\meningioma\brisc2025_train_01572_me_co_t1.jpg,D:\brain_tumor\🧠 Brain Tumor MRI Dataset\classification_task\train\no_tumor\brisc2025_train_02710_no_ax_t1.jpg
1567,1568,6,meningioma,meningioma,True,D:\brain_tumor\🧠 Brain Tumor MRI Dataset\classification_task\train\meningioma\brisc2025_train_01574_me_co_t1.jpg,D:\brain_tumor\🧠 Brain Tumor MRI Dataset\classification_task\train\meningioma\brisc2025_train_01575_me_co_t1.jpg
1567,1569,6,meningioma,meningioma,True,D:\brain_tumor\🧠 Brain Tumor MRI Dataset\classification_task\train\meningioma\brisc2025_train_01574_me_co_t1.jpg,D:\brain_tumor\🧠 Brain Tumor MRI Dataset\classification_task\train\meningioma\brisc2025_train_01576_me_co_t1.jpg
1567,1570,4,meningioma,meningioma,True,D:\brain_tumor\🧠 Brain Tumor MRI Dataset\classification_task\train\meningioma\brisc2025_train_01574_me_co_t1.jpg,D:\brain_tumor\🧠 Brain Tumor MRI Dataset\classification_task\train\meningioma\brisc2025_train_01577_me_co_t1.jpg
1568,1569,4,meningioma,meningioma,True,D:\brain_tumor\🧠 Brain Tumor MRI Dataset\classification_task\train\meningioma\brisc2025_train_01575_me_co_t1.jpg,D:\brain_tumor\🧠 Brain Tumor MRI Dataset\classification_task\train\meningioma\brisc2025_train_01576_me_co_t1.jpg
1568,1570,6,meningioma,meningioma,True,D:\brain_tumor\🧠 Brain Tumor MRI Dataset\classification_task\train\meningioma\brisc2025_train_01575_me_co_t1.jpg,D:\brain_tumor\🧠 Brain Tumor MRI Dataset\classification_task\train\meningioma\brisc2025_train_01577_me_co_t1.jpg
1569,1570,6,meningioma,meningioma,True,D:\brain_tumor\🧠 Brain Tumor MRI Dataset\classification_task\train\meningioma\brisc2025_train_01576_me_co_t1.jpg,D:\brain_tumor\🧠 Brain Tumor MRI Dataset\classification_task\train\meningioma\brisc2025_train_01577_me_co_t1.jpg
1575,1576,2,meningioma,meningioma,True,D:\brain_tumor\🧠 Brain Tumor MRI Dataset\classification_task\train\meningioma\brisc2025_train_01582_me_co_t1.jpg,D:\brain_tumor\🧠 Brain Tumor MRI Dataset\classification_task\train\meningioma\brisc2025_train_01583_me_co_t1.jpg
1575,1577,6,meningioma,meningioma,True,D:\brain_tumor\🧠 Brain Tumor MRI Dataset\classification_task\train\meningioma\brisc2025_train_01582_me_co_t1.jpg,D:\brain_tumor\🧠 Brain Tumor MRI Dataset\classification_task\train\meningioma\brisc2025_train_01584_me_co_t1.jpg
1575,1578,6,meningioma,meningioma,True,D:\brain_tumor\🧠 Brain Tumor MRI Dataset\classification_task\train\meningioma\brisc2025_train_01582_me_co_t1.jpg,D:\brain_tumor\🧠 Brain Tumor MRI Dataset\classification_task\train\meningioma\brisc2025_train_01585_me_co_t1.jpg
1576,1577,4,meningioma,meningioma,True,D:\brain_tumor\🧠 Brain Tumor MRI Dataset\classification_task\train\meningioma\brisc2025_train_01583_me_co_t1.jpg,D:\brain_tumor\🧠 Brain Tumor MRI Dataset\classification_task\train\meningioma\brisc2025_train_01584_me_co_t1.jpg
1576,1578,6,meningioma,meningioma,True,D:\brain_tumor\🧠 Brain Tumor MRI Dataset\classification_task\train\meningioma\brisc2025_train_01583_me_co_t1.jpg,D:\brain_tumor\🧠 Brain Tumor MRI Dataset\classification_task\train\meningioma\brisc2025_train_01585_me_co_t1.jpg
1577,1578,6,meningioma,meningioma,True,D:\brain_tumor\🧠 Brain Tumor MRI Dataset\classification_task\train\meningioma\brisc2025_train_01584_me_co_t1.jpg,D:\brain_tumor\🧠 Brain Tumor MRI Dataset\classification_task\train\meningioma\brisc2025_train_01585_me_co_t1.jpg
1581,1582,6,meningioma,meningioma,True,D:\brain_tumor\🧠 Brain Tumor MRI Dataset\classification_task\train\meningioma\brisc2025_train_01588_me_co_t1.jpg,D:\brain_tumor\🧠 Brain Tumor MRI Dataset\classification_task\train\meningioma\brisc2025_train_01589_me_co_t1.jpg
1582,1583,4,meningioma,meningioma,True,D:\brain_tumor\🧠 Brain Tumor MRI Dataset\classification_task\train\meningioma\brisc2025_train_01589_me_co_t1.jpg,D:\brain_tumor\🧠 Brain Tumor MRI Dataset\classification_task\train\meningioma\brisc2025_train_01590_me_co_t1.jpg
1585,1805,6,meningioma,meningioma,True,D:\brain_tumor\🧠 Brain Tumor MRI Dataset\classification_task\train\meningioma\brisc2025_train_01592_me_co_t1.jpg,D:\brain_tumor\🧠 Brain Tumor MRI Dataset\classification_task\train\meningioma\brisc2025_train_01818_me_co_t1.jpg
1589,1590,6,meningioma,meningioma,True,D:\brain_tumor\🧠 Brain Tumor MRI Dataset\classification_task\train\meningioma\brisc2025_train_01596_me_co_t1.jpg,D:\brain_tumor\🧠 Brain Tumor MRI Dataset\classification_task\train\meningioma\brisc2025_train_01597_me_co_t1.jpg
1591,1592,6,meningioma,meningioma,True,D:\brain_tumor\🧠 Brain Tumor MRI Dataset\classification_task\train\meningioma\brisc2025_train_01598_me_co_t1.jpg,D:\brain_tumor\🧠 Brain Tumor MRI Dataset\classification_task\train\meningioma\brisc2025_train_01599_me_co_t1.jpg
1604,1605,6,meningioma,meningioma,True,D:\brain_tumor\🧠 Brain Tumor MRI Dataset\classification_task\train\meningioma\brisc2025_train_01611_me_co_t1.jpg,D:\brain_tumor\🧠 Brain Tumor MRI Dataset\classification_task\train\meningioma\brisc2025_train_01612_me_co_t1.jpg
1605,1606,6,meningioma,meningioma,True,D:\brain_tumor\🧠 Brain Tumor MRI Dataset\classification_task\train\meningioma\brisc2025_train_01612_me_co_t1.jpg,D:\brain_tumor\🧠 Brain Tumor MRI Dataset\classification_task\train\meningioma\brisc2025_train_01613_me_co_t1.jpg
1612,1613,2,meningioma,meningioma,True,D:\brain_tumor\🧠 Brain Tumor MRI Dataset\classification_task\train\meningioma\brisc2025_train_01619_me_co_t1.jpg,D:\brain_tumor\🧠 Brain Tumor MRI Dataset\classification_task\train\meningioma\brisc2025_train_01620_me_co_t1.jpg
1613,1912,6,meningioma,meningioma,True,D:\brain_tumor\🧠 Brain Tumor MRI Dataset\classification_task\train\meningioma\brisc2025_train_01620_me_co_t1.jpg,D:\brain_tumor\🧠 Brain Tumor MRI Dataset\classification_task\train\meningioma\brisc2025_train_01926_me_co_t1.jpg
1616,1617,4,meningioma,meningioma,True,D:\brain_tumor\🧠 Brain Tumor MRI Dataset\classification_task\train\meningioma\brisc2025_train_01623_me_co_t1.jpg,D:\brain_tumor\🧠 Brain Tumor MRI Dataset\classification_task\train\meningioma\brisc2025_train_01624_me_co_t1.jpg
1618,1619,4,meningioma,meningioma,True,D:\brain_tumor\🧠 Brain Tumor MRI Dataset\classification_task\train\meningioma\brisc2025_train_01625_me_co_t1.jpg,D:\brain_tumor\🧠 Brain Tumor MRI Dataset\classification_task\train\meningioma\brisc2025_train_01626_me_co_t1.jpg
1618,1880,6,meningioma,meningioma,True,D:\brain_tumor\🧠 Brain Tumor MRI Dataset\classification_task\train\meningioma\brisc2025_train_01625_me_co_t1.jpg,D:\brain_tumor\🧠 Brain Tumor MRI Dataset\classification_task\train\meningioma\brisc2025_train_01894_me_co_t1.jpg
1620,1621,4,meningioma,meningioma,True,D:\brain_tumor\🧠 Brain Tumor MRI Dataset\classification_task\train\meningioma\brisc2025_train_01627_me_co_t1.jpg,D:\brain_tumor\🧠 Brain Tumor MRI Dataset\classification_task\train\meningioma\brisc2025_train_01628_me_co_t1.jpg
1620,1622,6,meningioma,meningioma,True,D:\brain_tumor\🧠 Brain Tumor MRI Dataset\classification_task\train\meningioma\brisc2025_train_01627_me_co_t1.jpg,D:\brain_tumor\🧠 Brain Tumor MRI Dataset\classification_task\train\meningioma\brisc2025_train_01629_me_co_t1.jpg
1621,1622,6,meningioma,meningioma,True,D:\brain_tumor\🧠 Brain Tumor MRI Dataset\classification_task\train\meningioma\brisc2025_train_01628_me_co_t1.jpg,D:\brain_tumor\🧠 Brain Tumor MRI Dataset\classification_task\train\meningioma\brisc2025_train_01629_me_co_t1.jpg
1622,1623,6,meningioma,meningioma,True,D:\brain_tumor\🧠 Brain Tumor MRI Dataset\classification_task\train\meningioma\brisc2025_train_01629_me_co_t1.jpg,D:\brain_tumor\🧠 Brain Tumor MRI Dataset\classification_task\train\meningioma\brisc2025_train_01630_me_co_t1.jpg
1627,1628,4,meningioma,meningioma,True,D:\brain_tumor\🧠 Brain Tumor MRI Dataset\classification_task\train\meningioma\brisc2025_train_01634_me_co_t1.jpg,D:\brain_tumor\🧠 Brain Tumor MRI Dataset\classification_task\train\meningioma\brisc2025_train_01635_me_co_t1.jpg
1635,1636,6,meningioma,meningioma,True,D:\brain_tumor\🧠 Brain Tumor MRI Dataset\classification_task\train\meningioma\brisc2025_train_01642_me_co_t1.jpg,D:\brain_tumor\🧠 Brain Tumor MRI Dataset\classification_task\train\meningioma\brisc2025_train_01643_me_co_t1.jpg
1640,1782,2,meningioma,meningioma,True,D:\brain_tumor\🧠 Brain Tumor MRI Dataset\classification_task\train\meningioma\brisc2025_train_01647_me_co_t1.jpg,D:\brain_tumor\🧠 Brain Tumor MRI Dataset\classification_task\train\meningioma\brisc2025_train_01795_me_co_t1.jpg
1646,1656,2,meningioma,meningioma,True,D:\brain_tumor\🧠 Brain Tumor MRI Dataset\classification_task\train\meningioma\brisc2025_train_01658_me_co_t1.jpg,D:\brain_tumor\🧠 Brain Tumor MRI Dataset\classification_task\train\meningioma\brisc2025_train_01669_me_co_t1.jpg
1648,1652,0,meningioma,meningioma,True,D:\brain_tumor\🧠 Brain Tumor MRI Dataset\classification_task\train\meningioma\brisc2025_train_01660_me_co_t1.jpg,D:\brain_tumor\🧠 Brain Tumor MRI Dataset\classification_task\train\meningioma\brisc2025_train_01664_me_co_t1.jpg
1660,1749,4,meningioma,meningioma,True,D:\brain_tumor\🧠 Brain Tumor MRI Dataset\classification_task\train\meningioma\brisc2025_train_01673_me_co_t1.jpg,D:\brain_tumor\🧠 Brain Tumor MRI Dataset\classification_task\train\meningioma\brisc2025_train_01762_me_co_t1.jpg
1665,1666,6,meningioma,meningioma,True,D:\brain_tumor\🧠 Brain Tumor MRI Dataset\classification_task\train\meningioma\brisc2025_train_01678_me_co_t1.jpg,D:\brain_tumor\🧠 Brain Tumor MRI Dataset\classification_task\train\meningioma\brisc2025_train_01679_me_co_t1.jpg
1669,1670,4,meningioma,meningioma,True,D:\brain_tumor\🧠 Brain Tumor MRI Dataset\classification_task\train\meningioma\brisc2025_train_01682_me_co_t1.jpg,D:\brain_tumor\🧠 Brain Tumor MRI Dataset\classification_task\train\meningioma\brisc2025_train_01683_me_co_t1.jpg
1670,1671,6,meningioma,meningioma,True,D:\brain_tumor\🧠 Brain Tumor MRI Dataset\classification_task\train\meningioma\brisc2025_train_01683_me_co_t1.jpg,D:\brain_tumor\🧠 Brain Tumor MRI Dataset\classification_task\train\meningioma\brisc2025_train_01684_me_co_t1.jpg
1672,1683,4,meningioma,meningioma,True,D:\brain_tumor\🧠 Brain Tumor MRI Dataset\classification_task\train\meningioma\brisc2025_train_01685_me_co_t1.jpg,D:\brain_tumor\🧠 Brain Tumor MRI Dataset\classification_task\train\meningioma\brisc2025_train_01696_me_co_t1.jpg
1674,1675,6,meningioma,meningioma,True,D:\brain_tumor\🧠 Brain Tumor MRI Dataset\classification_task\train\meningioma\brisc2025_train_01687_me_co_t1.jpg,D:\brain_tumor\🧠 Brain Tumor MRI Dataset\classification_task\train\meningioma\brisc2025_train_01688_me_co_t1.jpg
1677,1678,6,meningioma,meningioma,True,D:\brain_tumor\🧠 Brain Tumor MRI Dataset\classification_task\train\meningioma\brisc2025_train_01690_me_co_t1.jpg,D:\brain_tumor\🧠 Brain Tumor MRI Dataset\classification_task\train\meningioma\brisc2025_train_01691_me_co_t1.jpg
1685,1686,4,meningioma,meningioma,True,D:\brain_tumor\🧠 Brain Tumor MRI Dataset\classification_task\train\meningioma\brisc2025_train_01698_me_co_t1.jpg,D:\brain_tumor\🧠 Brain Tumor MRI Dataset\classification_task\train\meningioma\brisc2025_train_01699_me_co_t1.jpg
1695,1696,6,meningioma,meningioma,True,D:\brain_tumor\🧠 Brain Tumor MRI Dataset\classification_task\train\meningioma\brisc2025_train_01708_me_co_t1.jpg,D:\brain_tumor\🧠 Brain Tumor MRI Dataset\classification_task\train\meningioma\brisc2025_train_01709_me_co_t1.jpg
1695,4089,6,meningioma,pituitary,False,D:\brain_tumor\🧠 Brain Tumor MRI Dataset\classification_task\train\meningioma\brisc2025_train_01708_me_co_t1.jpg,D:\brain_tumor\🧠 Brain Tumor MRI Dataset\classification_task\train\pituitary\brisc2025_train_04122_pi_co_t1.jpg
1696,1697,4,meningioma,meningioma,True,D:\brain_tumor\🧠 Brain Tumor MRI Dataset\classification_task\train\meningioma\brisc2025_train_01709_me_co_t1.jpg,D:\brain_tumor\🧠 Brain Tumor MRI Dataset\classification_task\train\meningioma\brisc2025_train_01710_me_co_t1.jpg
1697,1698,4,meningioma,meningioma,True,D:\brain_tumor\🧠 Brain Tumor MRI Dataset\classification_task\train\meningioma\brisc2025_train_01710_me_co_t1.jpg,D:\brain_tumor\🧠 Brain Tumor MRI Dataset\classification_task\train\meningioma\brisc2025_train_01711_me_co_t1.jpg
1697,1847,6,meningioma,meningioma,True,D:\brain_tumor\🧠 Brain Tumor MRI Dataset\classification_task\train\meningioma\brisc2025_train_01710_me_co_t1.jpg,D:\brain_tumor\🧠 Brain Tumor MRI Dataset\classification_task\train\meningioma\brisc2025_train_01860_me_co_t1.jpg
1701,1702,6,meningioma,meningioma,True,D:\brain_tumor\🧠 Brain Tumor MRI Dataset\classification_task\train\meningioma\brisc2025_train_01714_me_co_t1.jpg,D:\brain_tumor\🧠 Brain Tumor MRI Dataset\classification_task\train\meningioma\brisc2025_train_01715_me_co_t1.jpg
1706,1707,6,meningioma,meningioma,True,D:\brain_tumor\🧠 Brain Tumor MRI Dataset\classification_task\train\meningioma\brisc2025_train_01719_me_co_t1.jpg,D:\brain_tumor\🧠 Brain Tumor MRI Dataset\classification_task\train\meningioma\brisc2025_train_01720_me_co_t1.jpg
1709,2690,6,meningioma,no_tumor,False,D:\brain_tumor\🧠 Brain Tumor MRI Dataset\classification_task\train\meningioma\brisc2025_train_01722_me_co_t1.jpg,D:\brain_tumor\🧠 Brain Tumor MRI Dataset\classification_task\train\no_tumor\brisc2025_train_02710_no_ax_t1.jpg
1713,1714,6,meningioma,meningioma,True,D:\brain_tumor\🧠 Brain Tumor MRI Dataset\classification_task\train\meningioma\brisc2025_train_01726_me_co_t1.jpg,D:\brain_tumor\🧠 Brain Tumor MRI Dataset\classification_task\train\meningioma\brisc2025_train_01727_me_co_t1.jpg
1722,1723,4,meningioma,meningioma,True,D:\brain_tumor\🧠 Brain Tumor MRI Dataset\classification_task\train\meningioma\brisc2025_train_01735_me_co_t1.jpg,D:\brain_tumor\🧠 Brain Tumor MRI Dataset\classification_task\train\meningioma\brisc2025_train_01736_me_co_t1.jpg
1726,1874,6,meningioma,meningioma,True,D:\brain_tumor\🧠 Brain Tumor MRI Dataset\classification_task\train\meningioma\brisc2025_train_01739_me_co_t1.jpg,D:\brain_tumor\🧠 Brain Tumor MRI Dataset\classification_task\train\meningioma\brisc2025_train_01888_me_co_t1.jpg
1727,1765,6,meningioma,meningioma,True,D:\brain_tumor\🧠 Brain Tumor MRI Dataset\classification_task\train\meningioma\brisc2025_train_01740_me_co_t1.jpg,D:\brain_tumor\🧠 Brain Tumor MRI Dataset\classification_task\train\meningioma\brisc2025_train_01778_me_co_t1.jpg
1733,1734,6,meningioma,meningioma,True,D:\brain_tumor\🧠 Brain Tumor MRI Dataset\classification_task\train\meningioma\brisc2025_train_01746_me_co_t1.jpg,D:\brain_tumor\🧠 Brain Tumor MRI Dataset\classification_task\train\meningioma\brisc2025_train_01747_me_co_t1.jpg
1736,1940,6,meningioma,meningioma,True,D:\brain_tumor\🧠 Brain Tumor MRI Dataset\classification_task\train\meningioma\brisc2025_train_01749_me_co_t1.jpg,D:\brain_tumor\🧠 Brain Tumor MRI Dataset\classification_task\train\meningioma\brisc2025_train_01954_me_co_t1.jpg
1738,1747,4,meningioma,meningioma,True,D:\brain_tumor\🧠 Brain Tumor MRI Dataset\classification_task\train\meningioma\brisc2025_train_01751_me_co_t1.jpg,D:\brain_tumor\🧠 Brain Tumor MRI Dataset\classification_task\train\meningioma\brisc2025_train_01760_me_co_t1.jpg
1744,1745,4,meningioma,meningioma,True,D:\brain_tumor\🧠 Brain Tumor MRI Dataset\classification_task\train\meningioma\brisc2025_train_01757_me_co_t1.jpg,D:\brain_tumor\🧠 Brain Tumor MRI Dataset\classification_task\train\meningioma\brisc2025_train_01758_me_co_t1.jpg
1744,1749,6,meningioma,meningioma,True,D:\brain_tumor\🧠 Brain Tumor MRI Dataset\classification_task\train\meningioma\brisc2025_train_01757_me_co_t1.jpg,D:\brain_tumor\🧠 Brain Tumor MRI Dataset\classification_task\train\meningioma\brisc2025_train_01762_me_co_t1.jpg
1744,2112,6,meningioma,meningioma,True,D:\brain_tumor\🧠 Brain Tumor MRI Dataset\classification_task\train\meningioma\brisc2025_train_01757_me_co_t1.jpg,D:\brain_tumor\🧠 Brain Tumor MRI Dataset\classification_task\train\meningioma\brisc2025_train_02128_me_sa_t1.jpg
1744,2664,6,meningioma,no_tumor,False,D:\brain_tumor\🧠 Brain Tumor MRI Dataset\classification_task\train\meningioma\brisc2025_train_01757_me_co_t1.jpg,D:\brain_tumor\🧠 Brain Tumor MRI Dataset\classification_task\train\no_tumor\brisc2025_train_02684_no_ax_t1.jpg
1745,2112,4,meningioma,meningioma,True,D:\brain_tumor\🧠 Brain Tumor MRI Dataset\classification_task\train\meningioma\brisc2025_train_01758_me_co_t1.jpg,D:\brain_tumor\🧠 Brain Tumor MRI Dataset\classification_task\train\meningioma\brisc2025_train_02128_me_sa_t1.jpg
1745,2664,6,meningioma,no_tumor,False,D:\brain_tumor\🧠 Brain Tumor MRI Dataset\classification_task\train\meningioma\brisc2025_train_01758_me_co_t1.jpg,D:\brain_tumor\🧠 Brain Tumor MRI Dataset\classification_task\train\no_tumor\brisc2025_train_02684_no_ax_t1.jpg
1748,1750,2,meningioma,meningioma,True,D:\brain_tumor\🧠 Brain Tumor MRI Dataset\classification_task\train\meningioma\brisc2025_train_01761_me_co_t1.jpg,D:\brain_tumor\🧠 Brain Tumor MRI Dataset\classification_task\train\meningioma\brisc2025_train_01763_me_co_t1.jpg
1752,1753,6,meningioma,meningioma,True,D:\brain_tumor\🧠 Brain Tumor MRI Dataset\classification_task\train\meningioma\brisc2025_train_01765_me_co_t1.jpg,D:\brain_tumor\🧠 Brain Tumor MRI Dataset\classification_task\train\meningioma\brisc2025_train_01766_me_co_t1.jpg
1753,1754,6,meningioma,meningioma,True,D:\brain_tumor\🧠 Brain Tumor MRI Dataset\classification_task\train\meningioma\brisc2025_train_01766_me_co_t1.jpg,D:\brain_tumor\🧠 Brain Tumor MRI Dataset\classification_task\train\meningioma\brisc2025_train_01767_me_co_t1.jpg
1754,1755,4,meningioma,meningioma,True,D:\brain_tumor\🧠 Brain Tumor MRI Dataset\classification_task\train\meningioma\brisc2025_train_01767_me_co_t1.jpg,D:\brain_tumor\🧠 Brain Tumor MRI Dataset\classification_task\train\meningioma\brisc2025_train_01768_me_co_t1.jpg
1756,1757,6,meningioma,meningioma,True,D:\brain_tumor\🧠 Brain Tumor MRI Dataset\classification_task\train\meningioma\brisc2025_train_01769_me_co_t1.jpg,D:\brain_tumor\🧠 Brain Tumor MRI Dataset\classification_task\train\meningioma\brisc2025_train_01770_me_co_t1.jpg
1757,1758,4,meningioma,meningioma,True,D:\brain_tumor\🧠 Brain Tumor MRI Dataset\classification_task\train\meningioma\brisc2025_train_01770_me_co_t1.jpg,D:\brain_tumor\🧠 Brain Tumor MRI Dataset\classification_task\train\meningioma\brisc2025_train_01771_me_co_t1.jpg
1760,1771,6,meningioma,meningioma,True,D:\brain_tumor\🧠 Brain Tumor MRI Dataset\classification_task\train\meningioma\brisc2025_train_01773_me_co_t1.jpg,D:\brain_tumor\🧠 Brain Tumor MRI Dataset\classification_task\train\meningioma\brisc2025_train_01784_me_co_t1.jpg
1764,1765,4,meningioma,meningioma,True,D:\brain_tumor\🧠 Brain Tumor MRI Dataset\classification_task\train\meningioma\brisc2025_train_01777_me_co_t1.jpg,D:\brain_tumor\🧠 Brain Tumor MRI Dataset\classification_task\train\meningioma\brisc2025_train_01778_me_co_t1.jpg
1766,1767,6,meningioma,meningioma,True,D:\brain_tumor\🧠 Brain Tumor MRI Dataset\classification_task\train\meningioma\brisc2025_train_01779_me_co_t1.jpg,D:\brain_tumor\🧠 Brain Tumor MRI Dataset\classification_task\train\meningioma\brisc2025_train_01780_me_co_t1.jpg
1770,1772,2,meningioma,meningioma,True,D:\brain_tumor\🧠 Brain Tumor MRI Dataset\classification_task\train\meningioma\brisc2025_train_01783_me_co_t1.jpg,D:\brain_tumor\🧠 Brain Tumor MRI Dataset\classification_task\train\meningioma\brisc2025_train_01785_me_co_t1.jpg
1770,1773,6,meningioma,meningioma,True,D:\brain_tumor\🧠 Brain Tumor MRI Dataset\classification_task\train\meningioma\brisc2025_train_01783_me_co_t1.jpg,D:\brain_tumor\🧠 Brain Tumor MRI Dataset\classification_task\train\meningioma\brisc2025_train_01786_me_co_t1.jpg
1770,1774,6,meningioma,meningioma,True,D:\brain_tumor\🧠 Brain Tumor MRI Dataset\classification_task\train\meningioma\brisc2025_train_01783_me_co_t1.jpg,D:\brain_tumor\🧠 Brain Tumor MRI Dataset\classification_task\train\meningioma\brisc2025_train_01787_me_co_t1.jpg
1772,1773,4,meningioma,meningioma,True,D:\brain_tumor\🧠 Brain Tumor MRI Dataset\classification_task\train\meningioma\brisc2025_train_01785_me_co_t1.jpg,D:\brain_tumor\🧠 Brain Tumor MRI Dataset\classification_task\train\meningioma\brisc2025_train_01786_me_co_t1.jpg
1772,1774,6,meningioma,meningioma,True,D:\brain_tumor\🧠 Brain Tumor MRI Dataset\classification_task\train\meningioma\brisc2025_train_01785_me_co_t1.jpg,D:\brain_tumor\🧠 Brain Tumor MRI Dataset\classification_task\train\meningioma\brisc2025_train_01787_me_co_t1.jpg
1779,1780,6,meningioma,meningioma,True,D:\brain_tumor\🧠 Brain Tumor MRI Dataset\classification_task\train\meningioma\brisc2025_train_01792_me_co_t1.jpg,D:\brain_tumor\🧠 Brain Tumor MRI Dataset\classification_task\train\meningioma\brisc2025_train_01793_me_co_t1.jpg
1781,1785,6,meningioma,meningioma,True,D:\brain_tumor\🧠 Brain Tumor MRI Dataset\classification_task\train\meningioma\brisc2025_train_01794_me_co_t1.jpg,D:\brain_tumor\🧠 Brain Tumor MRI Dataset\classification_task\train\meningioma\brisc2025_train_01798_me_co_t1.jpg
1781,1796,6,meningioma,meningioma,True,D:\brain_tumor\🧠 Brain Tumor MRI Dataset\classification_task\train\meningioma\brisc2025_train_01794_me_co_t1.jpg,D:\brain_tumor\🧠 Brain Tumor MRI Dataset\classification_task\train\meningioma\brisc2025_train_01809_me_co_t1.jpg
1785,1796,4,meningioma,meningioma,True,D:\brain_tumor\🧠 Brain Tumor MRI Dataset\classification_task\train\meningioma\brisc2025_train_01798_me_co_t1.jpg,D:\brain_tumor\🧠 Brain Tumor MRI Dataset\classification_task\train\meningioma\brisc2025_train_01809_me_co_t1.jpg
1795,1797,4,meningioma,meningioma,True,D:\brain_tumor\🧠 Brain Tumor MRI Dataset\classification_task\train\meningioma\brisc2025_train_01808_me_co_t1.jpg,D:\brain_tumor\🧠 Brain Tumor MRI Dataset\classification_task\train\meningioma\brisc2025_train_01810_me_co_t1.jpg
1803,1805,6,meningioma,meningioma,True,D:\brain_tumor\🧠 Brain Tumor MRI Dataset\classification_task\train\meningioma\brisc2025_train_01816_me_co_t1.jpg,D:\brain_tumor\🧠 Brain Tumor MRI Dataset\classification_task\train\meningioma\brisc2025_train_01818_me_co_t1.jpg
1804,1805,6,meningioma,meningioma,True,D:\brain_tumor\🧠 Brain Tumor MRI Dataset\classification_task\train\meningioma\brisc2025_train_01817_me_co_t1.jpg,D:\brain_tumor\🧠 Brain Tumor MRI Dataset\classification_task\train\meningioma\brisc2025_train_01818_me_co_t1.jpg
1808,1809,2,meningioma,meningioma,True,D:\brain_tumor\🧠 Brain Tumor MRI Dataset\classification_task\train\meningioma\brisc2025_train_01821_me_co_t1.jpg,D:\brain_tumor\🧠 Brain Tumor MRI Dataset\classification_task\train\meningioma\brisc2025_train_01822_me_co_t1.jpg
1809,1810,6,meningioma,meningioma,True,D:\brain_tumor\🧠 Brain Tumor MRI Dataset\classification_task\train\meningioma\brisc2025_train_01822_me_co_t1.jpg,D:\brain_tumor\🧠 Brain Tumor MRI Dataset\classification_task\train\meningioma\brisc2025_train_01823_me_co_t1.jpg
1811,1812,6,meningioma,meningioma,True,D:\brain_tumor\🧠 Brain Tumor MRI Dataset\classification_task\train\meningioma\brisc2025_train_01824_me_co_t1.jpg,D:\brain_tumor\🧠 Brain Tumor MRI Dataset\classification_task\train\meningioma\brisc2025_train_01825_me_co_t1.jpg
1816,1817,6,meningioma,meningioma,True,D:\brain_tumor\🧠 Brain Tumor MRI Dataset\classification_task\train\meningioma\brisc2025_train_01829_me_co_t1.jpg,D:\brain_tumor\🧠 Brain Tumor MRI Dataset\classification_task\train\meningioma\brisc2025_train_01830_me_co_t1.jpg
1817,1818,4,meningioma,meningioma,True,D:\brain_tumor\🧠 Brain Tumor MRI Dataset\classification_task\train\meningioma\brisc2025_train_01830_me_co_t1.jpg,D:\brain_tumor\🧠 Brain Tumor MRI Dataset\classification_task\train\meningioma\brisc2025_train_01831_me_co_t1.jpg
1823,1824,4,meningioma,meningioma,True,D:\brain_tumor\🧠 Brain Tumor MRI Dataset\classification_task\train\meningioma\brisc2025_train_01836_me_co_t1.jpg,D:\brain_tumor\🧠 Brain Tumor MRI Dataset\classification_task\train\meningioma\brisc2025_train_01837_me_co_t1.jpg
1829,1830,4,meningioma,meningioma,True,D:\brain_tumor\🧠 Brain Tumor MRI Dataset\classification_task\train\meningioma\brisc2025_train_01842_me_co_t1.jpg,D:\brain_tumor\🧠 Brain Tumor MRI Dataset\classification_task\train\meningioma\brisc2025_train_01843_me_co_t1.jpg
1829,1838,6,meningioma,meningioma,True,D:\brain_tumor\🧠 Brain Tumor MRI Dataset\classification_task\train\meningioma\brisc2025_train_01842_me_co_t1.jpg,D:\brain_tumor\🧠 Brain Tumor MRI Dataset\classification_task\train\meningioma\brisc2025_train_01851_me_co_t1.jpg
1835,1836,6,meningioma,meningioma,True,D:\brain_tumor\🧠 Brain Tumor MRI Dataset\classification_task\train\meningioma\brisc2025_train_01848_me_co_t1.jpg,D:\brain_tumor\🧠 Brain Tumor MRI Dataset\classification_task\train\meningioma\brisc2025_train_01849_me_co_t1.jpg
1838,2122,6,meningioma,meningioma,True,D:\brain_tumor\🧠 Brain Tumor MRI Dataset\classification_task\train\meningioma\brisc2025_train_01851_me_co_t1.jpg,D:\brain_tumor\🧠 Brain Tumor MRI Dataset\classification_task\train\meningioma\brisc2025_train_02138_me_sa_t1.jpg
1840,1841,4,meningioma,meningioma,True,D:\brain_tumor\🧠 Brain Tumor MRI Dataset\classification_task\train\meningioma\brisc2025_train_01853_me_co_t1.jpg,D:\brain_tumor\🧠 Brain Tumor MRI Dataset\classification_task\train\meningioma\brisc2025_train_01854_me_co_t1.jpg
1841,1842,6,meningioma,meningioma,True,D:\brain_tumor\🧠 Brain Tumor MRI Dataset\classification_task\train\meningioma\brisc2025_train_01854_me_co_t1.jpg,D:\brain_tumor\🧠 Brain Tumor MRI Dataset\classification_task\train\meningioma\brisc2025_train_01855_me_co_t1.jpg
1846,1847,2,meningioma,meningioma,True,D:\brain_tumor\🧠 Brain Tumor MRI Dataset\classification_task\train\meningioma\brisc2025_train_01859_me_co_t1.jpg,D:\brain_tumor\🧠 Brain Tumor MRI Dataset\classification_task\train\meningioma\brisc2025_train_01860_me_co_t1.jpg
1849,1850,4,meningioma,meningioma,True,D:\brain_tumor\🧠 Brain Tumor MRI Dataset\classification_task\train\meningioma\brisc2025_train_01862_me_co_t1.jpg,D:\brain_tumor\🧠 Brain Tumor MRI Dataset\classification_task\train\meningioma\brisc2025_train_01863_me_co_t1.jpg
1852,1853,6,meningioma,meningioma,True,D:\brain_tumor\🧠 Brain Tumor MRI Dataset\classification_task\train\meningioma\brisc2025_train_01865_me_co_t1.jpg,D:\brain_tumor\🧠 Brain Tumor MRI Dataset\classification_task\train\meningioma\brisc2025_train_01866_me_co_t1.jpg
1857,1858,6,meningioma,meningioma,True,D:\brain_tumor\🧠 Brain Tumor MRI Dataset\classification_task\train\meningioma\brisc2025_train_01870_me_co_t1.jpg,D:\brain_tumor\🧠 Brain Tumor MRI Dataset\classification_task\train\meningioma\brisc2025_train_01871_me_co_t1.jpg
1867,1868,2,meningioma,meningioma,True,D:\brain_tumor\🧠 Brain Tumor MRI Dataset\classification_task\train\meningioma\brisc2025_train_01880_me_co_t1.jpg,D:\brain_tumor\🧠 Brain Tumor MRI Dataset\classification_task\train\meningioma\brisc2025_train_01881_me_co_t1.jpg
1878,1879,6,meningioma,meningioma,True,D:\brain_tumor\🧠 Brain Tumor MRI Dataset\classification_task\train\meningioma\brisc2025_train_01892_me_co_t1.jpg,D:\brain_tumor\🧠 Brain Tumor MRI Dataset\classification_task\train\meningioma\brisc2025_train_01893_me_co_t1.jpg
1892,2146,6,meningioma,meningioma,True,D:\brain_tumor\🧠 Brain Tumor MRI Dataset\classification_task\train\meningioma\brisc2025_train_01906_me_co_t1.jpg,D:\brain_tumor\🧠 Brain Tumor MRI Dataset\classification_task\train\meningioma\brisc2025_train_02162_me_sa_t1.jpg
1903,1904,6,meningioma,meningioma,True,D:\brain_tumor\🧠 Brain Tumor MRI Dataset\classification_task\train\meningioma\brisc2025_train_01917_me_co_t1.jpg,D:\brain_tumor\🧠 Brain Tumor MRI Dataset\classification_task\train\meningioma\brisc2025_train_01918_me_co_t1.jpg
1908,1909,6,meningioma,meningioma,True,D:\brain_tumor\🧠 Brain Tumor MRI Dataset\classification_task\train\meningioma\brisc2025_train_01922_me_co_t1.jpg,D:\brain_tumor\🧠 Brain Tumor MRI Dataset\classification_task\train\meningioma\brisc2025_train_01923_me_co_t1.jpg
1910,1911,4,meningioma,meningioma,True,D:\brain_tumor\🧠 Brain Tumor MRI Dataset\classification_task\train\meningioma\brisc2025_train_01924_me_co_t1.jpg,D:\brain_tumor\🧠 Brain Tumor MRI Dataset\classification_task\train\meningioma\brisc2025_train_01925_me_co_t1.jpg
1911,1912,4,meningioma,meningioma,True,D:\brain_tumor\🧠 Brain Tumor MRI Dataset\classification_task\train\meningioma\brisc2025_train_01925_me_co_t1.jpg,D:\brain_tumor\🧠 Brain Tumor MRI Dataset\classification_task\train\meningioma\brisc2025_train_01926_me_co_t1.jpg
1915,1916,6,meningioma,meningioma,True,D:\brain_tumor\🧠 Brain Tumor MRI Dataset\classification_task\train\meningioma\brisc2025_train_01929_me_co_t1.jpg,D:\brain_tumor\🧠 Brain Tumor MRI Dataset\classification_task\train\meningioma\brisc2025_train_01930_me_co_t1.jpg
1916,1917,6,meningioma,meningioma,True,D:\brain_tumor\🧠 Brain Tumor MRI Dataset\classification_task\train\meningioma\brisc2025_train_01930_me_co_t1.jpg,D:\brain_tumor\🧠 Brain Tumor MRI Dataset\classification_task\train\meningioma\brisc2025_train_01931_me_co_t1.jpg
1920,1921,6,meningioma,meningioma,True,D:\brain_tumor\🧠 Brain Tumor MRI Dataset\classification_task\train\meningioma\brisc2025_train_01934_me_co_t1.jpg,D:\brain_tumor\🧠 Brain Tumor MRI Dataset\classification_task\train\meningioma\brisc2025_train_01935_me_co_t1.jpg
1943,1944,6,meningioma,meningioma,True,D:\brain_tumor\🧠 Brain Tumor MRI Dataset\classification_task\train\meningioma\brisc2025_train_01957_me_co_t1.jpg,D:\brain_tumor\🧠 Brain Tumor MRI Dataset\classification_task\train\meningioma\brisc2025_train_01958_me_co_t1.jpg
1945,1946,4,meningioma,meningioma,True,D:\brain_tumor\🧠 Brain Tumor MRI Dataset\classification_task\train\meningioma\brisc2025_train_01959_me_co_t1.jpg,D:\brain_tumor\🧠 Brain Tumor MRI Dataset\classification_task\train\meningioma\brisc2025_train_01960_me_co_t1.jpg
1946,2101,6,meningioma,meningioma,True,D:\brain_tumor\🧠 Brain Tumor MRI Dataset\classification_task\train\meningioma\brisc2025_train_01960_me_co_t1.jpg,D:\brain_tumor\🧠 Brain Tumor MRI Dataset\classification_task\train\meningioma\brisc2025_train_02117_me_sa_t1.jpg
1948,1949,6,meningioma,meningioma,True,D:\brain_tumor\🧠 Brain Tumor MRI Dataset\classification_task\train\meningioma\brisc2025_train_01962_me_co_t1.jpg,D:\brain_tumor\🧠 Brain Tumor MRI Dataset\classification_task\train\meningioma\brisc2025_train_01963_me_co_t1.jpg
1951,1952,2,meningioma,meningioma,True,D:\brain_tumor\🧠 Brain Tumor MRI Dataset\classification_task\train\meningioma\brisc2025_train_01965_me_co_t1.jpg,D:\brain_tumor\🧠 Brain Tumor MRI Dataset\classification_task\train\meningioma\brisc2025_train_01966_me_co_t1.jpg
1951,2225,6,meningioma,meningioma,True,D:\brain_tumor\🧠 Brain Tumor MRI Dataset\classification_task\train\meningioma\brisc2025_train_01965_me_co_t1.jpg,D:\brain_tumor\🧠 Brain Tumor MRI Dataset\classification_task\train\meningioma\brisc2025_train_02241_me_sa_t1.jpg
1953,1954,4,meningioma,meningioma,True,D:\brain_tumor\🧠 Brain Tumor MRI Dataset\classification_task\train\meningioma\brisc2025_train_01967_me_co_t1.jpg,D:\brain_tumor\🧠 Brain Tumor MRI Dataset\classification_task\train\meningioma\brisc2025_train_01968_me_co_t1.jpg
1957,1958,6,meningioma,meningioma,True,D:\brain_tumor\🧠 Brain Tumor MRI Dataset\classification_task\train\meningioma\brisc2025_train_01971_me_co_t1.jpg,D:\brain_tumor\🧠 Brain Tumor MRI Dataset\classification_task\train\meningioma\brisc2025_train_01972_me_co_t1.jpg
1959,1960,4,meningioma,meningioma,True,D:\brain_tumor\🧠 Brain Tumor MRI Dataset\classification_task\train\meningioma\brisc2025_train_01973_me_co_t1.jpg,D:\brain_tumor\🧠 Brain Tumor MRI Dataset\classification_task\train\meningioma\brisc2025_train_01974_me_co_t1.jpg
1962,1963,4,meningioma,meningioma,True,D:\brain_tumor\🧠 Brain Tumor MRI Dataset\classification_task\train\meningioma\brisc2025_train_01976_me_co_t1.jpg,D:\brain_tumor\🧠 Brain Tumor MRI Dataset\classification_task\train\meningioma\brisc2025_train_01977_me_co_t1.jpg
1963,1964,6,meningioma,meningioma,True,D:\brain_tumor\🧠 Brain Tumor MRI Dataset\classification_task\train\meningioma\brisc2025_train_01977_me_co_t1.jpg,D:\brain_tumor\🧠 Brain Tumor MRI Dataset\classification_task\train\meningioma\brisc2025_train_01978_me_co_t1.jpg
1965,1966,6,meningioma,meningioma,True,D:\brain_tumor\🧠 Brain Tumor MRI Dataset\classification_task\train\meningioma\brisc2025_train_01979_me_co_t1.jpg,D:\brain_tumor\🧠 Brain Tumor MRI Dataset\classification_task\train\meningioma\brisc2025_train_01980_me_co_t1.jpg
1971,1972,4,meningioma,meningioma,True,D:\brain_tumor\🧠 Brain Tumor MRI Dataset\classification_task\train\meningioma\brisc2025_train_01985_me_co_t1.jpg,D:\brain_tumor\🧠 Brain Tumor MRI Dataset\classification_task\train\meningioma\brisc2025_train_01986_me_co_t1.jpg
1975,1976,4,meningioma,meningioma,True,D:\brain_tumor\🧠 Brain Tumor MRI Dataset\classification_task\train\meningioma\brisc2025_train_01989_me_co_t1.jpg,D:\brain_tumor\🧠 Brain Tumor MRI Dataset\classification_task\train\meningioma\brisc2025_train_01990_me_co_t1.jpg
1976,1977,4,meningioma,meningioma,True,D:\brain_tumor\🧠 Brain Tumor MRI Dataset\classification_task\train\meningioma\brisc2025_train_01990_me_co_t1.jpg,D:\brain_tumor\🧠 Brain Tumor MRI Dataset\classification_task\train\meningioma\brisc2025_train_01991_me_co_t1.jpg
1981,1982,4,meningioma,meningioma,True,D:\brain_tumor\🧠 Brain Tumor MRI Dataset\classification_task\train\meningioma\brisc2025_train_01995_me_co_t1.jpg,D:\brain_tumor\🧠 Brain Tumor MRI Dataset\classification_task\train\meningioma\brisc2025_train_01996_me_co_t1.jpg
1989,1994,2,meningioma,meningioma,True,D:\brain_tumor\🧠 Brain Tumor MRI Dataset\classification_task\train\meningioma\brisc2025_train_02004_me_sa_t1.jpg,D:\brain_tumor\🧠 Brain Tumor MRI Dataset\classification_task\train\meningioma\brisc2025_train_02009_me_sa_t1.jpg
2005,2006,6,meningioma,meningioma,True,D:\brain_tumor\🧠 Brain Tumor MRI Dataset\classification_task\train\meningioma\brisc2025_train_02020_me_sa_t1.jpg,D:\brain_tumor\🧠 Brain Tumor MRI Dataset\classification_task\train\meningioma\brisc2025_train_02021_me_sa_t1.jpg
2010,2011,4,meningioma,meningioma,True,D:\brain_tumor\🧠 Brain Tumor MRI Dataset\classification_task\train\meningioma\brisc2025_train_02025_me_sa_t1.jpg,D:\brain_tumor\🧠 Brain Tumor MRI Dataset\classification_task\train\meningioma\brisc2025_train_02026_me_sa_t1.jpg
2012,2013,6,meningioma,meningioma,True,D:\brain_tumor\🧠 Brain Tumor MRI Dataset\classification_task\train\meningioma\brisc2025_train_02027_me_sa_t1.jpg,D:\brain_tumor\🧠 Brain Tumor MRI Dataset\classification_task\train\meningioma\brisc2025_train_02028_me_sa_t1.jpg
2014,2065,2,meningioma,meningioma,True,D:\brain_tumor\🧠 Brain Tumor MRI Dataset\classification_task\train\meningioma\brisc2025_train_02029_me_sa_t1.jpg,D:\brain_tumor\🧠 Brain Tumor MRI Dataset\classification_task\train\meningioma\brisc2025_train_02080_me_sa_t1.jpg
2014,2066,6,meningioma,meningioma,True,D:\brain_tumor\🧠 Brain Tumor MRI Dataset\classification_task\train\meningioma\brisc2025_train_02029_me_sa_t1.jpg,D:\brain_tumor\🧠 Brain Tumor MRI Dataset\classification_task\train\meningioma\brisc2025_train_02081_me_sa_t1.jpg
2015,2016,2,meningioma,meningioma,True,D:\brain_tumor\🧠 Brain Tumor MRI Dataset\classification_task\train\meningioma\brisc2025_train_02030_me_sa_t1.jpg,D:\brain_tumor\🧠 Brain Tumor MRI Dataset\classification_task\train\meningioma\brisc2025_train_02031_me_sa_t1.jpg
2015,2017,4,meningioma,meningioma,True,D:\brain_tumor\🧠 Brain Tumor MRI Dataset\classification_task\train\meningioma\brisc2025_train_02030_me_sa_t1.jpg,D:\brain_tumor\🧠 Brain Tumor MRI Dataset\classification_task\train\meningioma\brisc2025_train_02032_me_sa_t1.jpg
2016,2017,4,meningioma,meningioma,True,D:\brain_tumor\🧠 Brain Tumor MRI Dataset\classification_task\train\meningioma\brisc2025_train_02031_me_sa_t1.jpg,D:\brain_tumor\🧠 Brain Tumor MRI Dataset\classification_task\train\meningioma\brisc2025_train_02032_me_sa_t1.jpg
2021,2022,2,meningioma,meningioma,True,D:\brain_tumor\🧠 Brain Tumor MRI Dataset\classification_task\train\meningioma\brisc2025_train_02036_me_sa_t1.jpg,D:\brain_tumor\🧠 Brain Tumor MRI Dataset\classification_task\train\meningioma\brisc2025_train_02037_me_sa_t1.jpg
2021,2023,2,meningioma,meningioma,True,D:\brain_tumor\🧠 Brain Tumor MRI Dataset\classification_task\train\meningioma\brisc2025_train_02036_me_sa_t1.jpg,D:\brain_tumor\🧠 Brain Tumor MRI Dataset\classification_task\train\meningioma\brisc2025_train_02038_me_sa_t1.jpg
2021,2024,4,meningioma,meningioma,True,D:\brain_tumor\🧠 Brain Tumor MRI Dataset\classification_task\train\meningioma\brisc2025_train_02036_me_sa_t1.jpg,D:\brain_tumor\🧠 Brain Tumor MRI Dataset\classification_task\train\meningioma\brisc2025_train_02039_me_sa_t1.jpg
2022,2023,2,meningioma,meningioma,True,D:\brain_tumor\🧠 Brain Tumor MRI Dataset\classification_task\train\meningioma\brisc2025_train_02037_me_sa_t1.jpg,D:\brain_tumor\🧠 Brain Tumor MRI Dataset\classification_task\train\meningioma\brisc2025_train_02038_me_sa_t1.jpg
2022,2024,4,meningioma,meningioma,True,D:\brain_tumor\🧠 Brain Tumor MRI Dataset\classification_task\train\meningioma\brisc2025_train_02037_me_sa_t1.jpg,D:\brain_tumor\🧠 Brain Tumor MRI Dataset\classification_task\train\meningioma\brisc2025_train_02039_me_sa_t1.jpg
2023,2024,2,meningioma,meningioma,True,D:\brain_tumor\🧠 Brain Tumor MRI Dataset\classification_task\train\meningioma\brisc2025_train_02038_me_sa_t1.jpg,D:\brain_tumor\🧠 Brain Tumor MRI Dataset\classification_task\train\meningioma\brisc2025_train_02039_me_sa_t1.jpg
2026,2028,6,meningioma,meningioma,True,D:\brain_tumor\🧠 Brain Tumor MRI Dataset\classification_task\train\meningioma\brisc2025_train_02041_me_sa_t1.jpg,D:\brain_tumor\🧠 Brain Tumor MRI Dataset\classification_task\train\meningioma\brisc2025_train_02043_me_sa_t1.jpg
2026,2029,6,meningioma,meningioma,True,D:\brain_tumor\🧠 Brain Tumor MRI Dataset\classification_task\train\meningioma\brisc2025_train_02041_me_sa_t1.jpg,D:\brain_tumor\🧠 Brain Tumor MRI Dataset\classification_task\train\meningioma\brisc2025_train_02044_me_sa_t1.jpg
2027,2028,6,meningioma,meningioma,True,D:\brain_tumor\🧠 Brain Tumor MRI Dataset\classification_task\train\meningioma\brisc2025_train_02042_me_sa_t1.jpg,D:\brain_tumor\🧠 Brain Tumor MRI Dataset\classification_task\train\meningioma\brisc2025_train_02043_me_sa_t1.jpg
2028,2029,6,meningioma,meningioma,True,D:\brain_tumor\🧠 Brain Tumor MRI Dataset\classification_task\train\meningioma\brisc2025_train_02043_me_sa_t1.jpg,D:\brain_tumor\🧠 Brain Tumor MRI Dataset\classification_task\train\meningioma\brisc2025_train_02044_me_sa_t1.jpg
2031,2167,6,meningioma,meningioma,True,D:\brain_tumor\🧠 Brain Tumor MRI Dataset\classification_task\train\meningioma\brisc2025_train_02046_me_sa_t1.jpg,D:\brain_tumor\🧠 Brain Tumor MRI Dataset\classification_task\train\meningioma\brisc2025_train_02183_me_sa_t1.jpg
2032,2246,4,meningioma,meningioma,True,D:\brain_tumor\🧠 Brain Tumor MRI Dataset\classification_task\train\meningioma\brisc2025_train_02047_me_sa_t1.jpg,D:\brain_tumor\🧠 Brain Tumor MRI Dataset\classification_task\train\meningioma\brisc2025_train_02262_me_sa_t1.jpg
2038,2039,6,meningioma,meningioma,True,D:\brain_tumor\🧠 Brain Tumor MRI Dataset\classification_task\train\meningioma\brisc2025_train_02053_me_sa_t1.jpg,D:\brain_tumor\🧠 Brain Tumor MRI Dataset\classification_task\train\meningioma\brisc2025_train_02054_me_sa_t1.jpg
2044,2045,6,meningioma,meningioma,True,D:\brain_tumor\🧠 Brain Tumor MRI Dataset\classification_task\train\meningioma\brisc2025_train_02059_me_sa_t1.jpg,D:\brain_tumor\🧠 Brain Tumor MRI Dataset\classification_task\train\meningioma\brisc2025_train_02060_me_sa_t1.jpg
2047,2048,4,meningioma,meningioma,True,D:\brain_tumor\🧠 Brain Tumor MRI Dataset\classification_task\train\meningioma\brisc2025_train_02062_me_sa_t1.jpg,D:\brain_tumor\🧠 Brain Tumor MRI Dataset\classification_task\train\meningioma\brisc2025_train_02063_me_sa_t1.jpg
2051,2052,6,meningioma,meningioma,True,D:\brain_tumor\🧠 Brain Tumor MRI Dataset\classification_task\train\meningioma\brisc2025_train_02066_me_sa_t1.jpg,D:\brain_tumor\🧠 Brain Tumor MRI Dataset\classification_task\train\meningioma\brisc2025_train_02067_me_sa_t1.jpg
2052,2053,4,meningioma,meningioma,True,D:\brain_tumor\🧠 Brain Tumor MRI Dataset\classification_task\train\meningioma\brisc2025_train_02067_me_sa_t1.jpg,D:\brain_tumor\🧠 Brain Tumor MRI Dataset\classification_task\train\meningioma\brisc2025_train_02068_me_sa_t1.jpg
2052,2071,4,meningioma,meningioma,True,D:\brain_tumor\🧠 Brain Tumor MRI Dataset\classification_task\train\meningioma\brisc2025_train_02067_me_sa_t1.jpg,D:\brain_tumor\🧠 Brain Tumor MRI Dataset\classification_task\train\meningioma\brisc2025_train_02086_me_sa_t1.jpg
2055,2235,6,meningioma,meningioma,True,D:\brain_tumor\🧠 Brain Tumor MRI Dataset\classification_task\train\meningioma\brisc2025_train_02070_me_sa_t1.jpg,D:\brain_tumor\🧠 Brain Tumor MRI Dataset\classification_task\train\meningioma\brisc2025_train_02251_me_sa_t1.jpg
2057,2058,6,meningioma,meningioma,True,D:\brain_tumor\🧠 Brain Tumor MRI Dataset\classification_task\train\meningioma\brisc2025_train_02072_me_sa_t1.jpg,D:\brain_tumor\🧠 Brain Tumor MRI Dataset\classification_task\train\meningioma\brisc2025_train_02073_me_sa_t1.jpg
2059,2060,2,meningioma,meningioma,True,D:\brain_tumor\🧠 Brain Tumor MRI Dataset\classification_task\train\meningioma\brisc2025_train_02074_me_sa_t1.jpg,D:\brain_tumor\🧠 Brain Tumor MRI Dataset\classification_task\train\meningioma\brisc2025_train_02075_me_sa_t1.jpg
2059,2061,6,meningioma,meningioma,True,D:\brain_tumor\🧠 Brain Tumor MRI Dataset\classification_task\train\meningioma\brisc2025_train_02074_me_sa_t1.jpg,D:\brain_tumor\🧠 Brain Tumor MRI Dataset\classification_task\train\meningioma\brisc2025_train_02076_me_sa_t1.jpg
2060,2061,6,meningioma,meningioma,True,D:\brain_tumor\🧠 Brain Tumor MRI Dataset\classification_task\train\meningioma\brisc2025_train_02075_me_sa_t1.jpg,D:\brain_tumor\🧠 Brain Tumor MRI Dataset\classification_task\train\meningioma\brisc2025_train_02076_me_sa_t1.jpg
2065,2066,6,meningioma,meningioma,True,D:\brain_tumor\🧠 Brain Tumor MRI Dataset\classification_task\train\meningioma\brisc2025_train_02080_me_sa_t1.jpg,D:\brain_tumor\🧠 Brain Tumor MRI Dataset\classification_task\train\meningioma\brisc2025_train_02081_me_sa_t1.jpg
2065,2067,6,meningioma,meningioma,True,D:\brain_tumor\🧠 Brain Tumor MRI Dataset\classification_task\train\meningioma\brisc2025_train_02080_me_sa_t1.jpg,D:\brain_tumor\🧠 Brain Tumor MRI Dataset\classification_task\train\meningioma\brisc2025_train_02082_me_sa_t1.jpg
2066,2067,6,meningioma,meningioma,True,D:\brain_tumor\🧠 Brain Tumor MRI Dataset\classification_task\train\meningioma\brisc2025_train_02081_me_sa_t1.jpg,D:\brain_tumor\🧠 Brain Tumor MRI Dataset\classification_task\train\meningioma\brisc2025_train_02082_me_sa_t1.jpg
2069,2070,6,meningioma,meningioma,True,D:\brain_tumor\🧠 Brain Tumor MRI Dataset\classification_task\train\meningioma\brisc2025_train_02084_me_sa_t1.jpg,D:\brain_tumor\🧠 Brain Tumor MRI Dataset\classification_task\train\meningioma\brisc2025_train_02085_me_sa_t1.jpg
2069,2155,6,meningioma,meningioma,True,D:\brain_tumor\🧠 Brain Tumor MRI Dataset\classification_task\train\meningioma\brisc2025_train_02084_me_sa_t1.jpg,D:\brain_tumor\🧠 Brain Tumor MRI Dataset\classification_task\train\meningioma\brisc2025_train_02171_me_sa_t1.jpg
2069,2604,6,meningioma,no_tumor,False,D:\brain_tumor\🧠 Brain Tumor MRI Dataset\classification_task\train\meningioma\brisc2025_train_02084_me_sa_t1.jpg,D:\brain_tumor\🧠 Brain Tumor MRI Dataset\classification_task\train\no_tumor\brisc2025_train_02624_no_ax_t1.jpg
2072,2073,4,meningioma,meningioma,True,D:\brain_tumor\🧠 Brain Tumor MRI Dataset\classification_task\train\meningioma\brisc2025_train_02087_me_sa_t1.jpg,D:\brain_tumor\🧠 Brain Tumor MRI Dataset\classification_task\train\meningioma\brisc2025_train_02088_me_sa_t1.jpg
2073,2160,6,meningioma,meningioma,True,D:\brain_tumor\🧠 Brain Tumor MRI Dataset\classification_task\train\meningioma\brisc2025_train_02088_me_sa_t1.jpg,D:\brain_tumor\🧠 Brain Tumor MRI Dataset\classification_task\train\meningioma\brisc2025_train_02176_me_sa_t1.jpg
2086,2215,6,meningioma,meningioma,True,D:\brain_tumor\🧠 Brain Tumor MRI Dataset\classification_task\train\meningioma\brisc2025_train_02102_me_sa_t1.jpg,D:\brain_tumor\🧠 Brain Tumor MRI Dataset\classification_task\train\meningioma\brisc2025_train_02231_me_sa_t1.jpg
2090,2091,2,meningioma,meningioma,True,D:\brain_tumor\🧠 Brain Tumor MRI Dataset\classification_task\train\meningioma\brisc2025_train_02106_me_sa_t1.jpg,D:\brain_tumor\🧠 Brain Tumor MRI Dataset\classification_task\train\meningioma\brisc2025_train_02107_me_sa_t1.jpg
2090,2093,6,meningioma,meningioma,True,D:\brain_tumor\🧠 Brain Tumor MRI Dataset\classification_task\train\meningioma\brisc2025_train_02106_me_sa_t1.jpg,D:\brain_tumor\🧠 Brain Tumor MRI Dataset\classification_task\train\meningioma\brisc2025_train_02109_me_sa_t1.jpg
2090,2094,4,meningioma,meningioma,True,D:\brain_tumor\🧠 Brain Tumor MRI Dataset\classification_task\train\meningioma\brisc2025_train_02106_me_sa_t1.jpg,D:\brain_tumor\🧠 Brain Tumor MRI Dataset\classification_task\train\meningioma\brisc2025_train_02110_me_sa_t1.jpg
2091,2093,6,meningioma,meningioma,True,D:\brain_tumor\🧠 Brain Tumor MRI Dataset\classification_task\train\meningioma\brisc2025_train_02107_me_sa_t1.jpg,D:\brain_tumor\🧠 Brain Tumor MRI Dataset\classification_task\train\meningioma\brisc2025_train_02109_me_sa_t1.jpg
2091,2094,6,meningioma,meningioma,True,D:\brain_tumor\🧠 Brain Tumor MRI Dataset\classification_task\train\meningioma\brisc2025_train_02107_me_sa_t1.jpg,D:\brain_tumor\🧠 Brain Tumor MRI Dataset\classification_task\train\meningioma\brisc2025_train_02110_me_sa_t1.jpg
2092,2093,6,meningioma,meningioma,True,D:\brain_tumor\🧠 Brain Tumor MRI Dataset\classification_task\train\meningioma\brisc2025_train_02108_me_sa_t1.jpg,D:\brain_tumor\🧠 Brain Tumor MRI Dataset\classification_task\train\meningioma\brisc2025_train_02109_me_sa_t1.jpg
2093,2094,6,meningioma,meningioma,True,D:\brain_tumor\🧠 Brain Tumor MRI Dataset\classification_task\train\meningioma\brisc2025_train_02109_me_sa_t1.jpg,D:\brain_tumor\🧠 Brain Tumor MRI Dataset\classification_task\train\meningioma\brisc2025_train_02110_me_sa_t1.jpg
2096,2097,4,meningioma,meningioma,True,D:\brain_tumor\🧠 Brain Tumor MRI Dataset\classification_task\train\meningioma\brisc2025_train_02112_me_sa_t1.jpg,D:\brain_tumor\🧠 Brain Tumor MRI Dataset\classification_task\train\meningioma\brisc2025_train_02113_me_sa_t1.jpg
2099,2101,4,meningioma,meningioma,True,D:\brain_tumor\🧠 Brain Tumor MRI Dataset\classification_task\train\meningioma\brisc2025_train_02115_me_sa_t1.jpg,D:\brain_tumor\🧠 Brain Tumor MRI Dataset\classification_task\train\meningioma\brisc2025_train_02117_me_sa_t1.jpg
2102,2103,4,meningioma,meningioma,True,D:\brain_tumor\🧠 Brain Tumor MRI Dataset\classification_task\train\meningioma\brisc2025_train_02118_me_sa_t1.jpg,D:\brain_tumor\🧠 Brain Tumor MRI Dataset\classification_task\train\meningioma\brisc2025_train_02119_me_sa_t1.jpg
2108,2109,6,meningioma,meningioma,True,D:\brain_tumor\🧠 Brain Tumor MRI Dataset\classification_task\train\meningioma\brisc2025_train_02124_me_sa_t1.jpg,D:\brain_tumor\🧠 Brain Tumor MRI Dataset\classification_task\train\meningioma\brisc2025_train_02125_me_sa_t1.jpg
2108,2110,6,meningioma,meningioma,True,D:\brain_tumor\🧠 Brain Tumor MRI Dataset\classification_task\train\meningioma\brisc2025_train_02124_me_sa_t1.jpg,D:\brain_tumor\🧠 Brain Tumor MRI Dataset\classification_task\train\meningioma\brisc2025_train_02126_me_sa_t1.jpg
2109,2110,0,meningioma,meningioma,True,D:\brain_tumor\🧠 Brain Tumor MRI Dataset\classification_task\train\meningioma\brisc2025_train_02125_me_sa_t1.jpg,D:\brain_tumor\🧠 Brain Tumor MRI Dataset\classification_task\train\meningioma\brisc2025_train_02126_me_sa_t1.jpg
2111,2123,2,meningioma,meningioma,True,D:\brain_tumor\🧠 Brain Tumor MRI Dataset\classification_task\train\meningioma\brisc2025_train_02127_me_sa_t1.jpg,D:\brain_tumor\🧠 Brain Tumor MRI Dataset\classification_task\train\meningioma\brisc2025_train_02139_me_sa_t1.jpg
2111,2126,6,meningioma,meningioma,True,D:\brain_tumor\🧠 Brain Tumor MRI Dataset\classification_task\train\meningioma\brisc2025_train_02127_me_sa_t1.jpg,D:\brain_tumor\🧠 Brain Tumor MRI Dataset\classification_task\train\meningioma\brisc2025_train_02142_me_sa_t1.jpg
2115,2116,6,meningioma,meningioma,True,D:\brain_tumor\🧠 Brain Tumor MRI Dataset\classification_task\train\meningioma\brisc2025_train_02131_me_sa_t1.jpg,D:\brain_tumor\🧠 Brain Tumor MRI Dataset\classification_task\train\meningioma\brisc2025_train_02132_me_sa_t1.jpg
2115,2117,4,meningioma,meningioma,True,D:\brain_tumor\🧠 Brain Tumor MRI Dataset\classification_task\train\meningioma\brisc2025_train_02131_me_sa_t1.jpg,D:\brain_tumor\🧠 Brain Tumor MRI Dataset\classification_task\train\meningioma\brisc2025_train_02133_me_sa_t1.jpg
2116,2117,6,meningioma,meningioma,True,D:\brain_tumor\🧠 Brain Tumor MRI Dataset\classification_task\train\meningioma\brisc2025_train_02132_me_sa_t1.jpg,D:\brain_tumor\🧠 Brain Tumor MRI Dataset\classification_task\train\meningioma\brisc2025_train_02133_me_sa_t1.jpg
2116,4517,6,meningioma,pituitary,False,D:\brain_tumor\🧠 Brain Tumor MRI Dataset\classification_task\train\meningioma\brisc2025_train_02132_me_sa_t1.jpg,D:\brain_tumor\🧠 Brain Tumor MRI Dataset\classification_task\train\pituitary\brisc2025_train_04557_pi_sa_t1.jpg
2122,2163,6,meningioma,meningioma,True,D:\brain_tumor\🧠 Brain Tumor MRI Dataset\classification_task\train\meningioma\brisc2025_train_02138_me_sa_t1.jpg,D:\brain_tumor\🧠 Brain Tumor MRI Dataset\classification_task\train\meningioma\brisc2025_train_02179_me_sa_t1.jpg
2124,2125,6,meningioma,meningioma,True,D:\brain_tumor\🧠 Brain Tumor MRI Dataset\classification_task\train\meningioma\brisc2025_train_02140_me_sa_t1.jpg,D:\brain_tumor\🧠 Brain Tumor MRI Dataset\classification_task\train\meningioma\brisc2025_train_02141_me_sa_t1.jpg
2129,2130,6,meningioma,meningioma,True,D:\brain_tumor\🧠 Brain Tumor MRI Dataset\classification_task\train\meningioma\brisc2025_train_02145_me_sa_t1.jpg,D:\brain_tumor\🧠 Brain Tumor MRI Dataset\classification_task\train\meningioma\brisc2025_train_02146_me_sa_t1.jpg
2131,2132,6,meningioma,meningioma,True,D:\brain_tumor\🧠 Brain Tumor MRI Dataset\classification_task\train\meningioma\brisc2025_train_02147_me_sa_t1.jpg,D:\brain_tumor\🧠 Brain Tumor MRI Dataset\classification_task\train\meningioma\brisc2025_train_02148_me_sa_t1.jpg
2133,2136,4,meningioma,meningioma,True,D:\brain_tumor\🧠 Brain Tumor MRI Dataset\classification_task\train\meningioma\brisc2025_train_02149_me_sa_t1.jpg,D:\brain_tumor\🧠 Brain Tumor MRI Dataset\classification_task\train\meningioma\brisc2025_train_02152_me_sa_t1.jpg
2139,2140,6,meningioma,meningioma,True,D:\brain_tumor\🧠 Brain Tumor MRI Dataset\classification_task\train\meningioma\brisc2025_train_02155_me_sa_t1.jpg,D:\brain_tumor\🧠 Brain Tumor MRI Dataset\classification_task\train\meningioma\brisc2025_train_02156_me_sa_t1.jpg
2139,2141,6,meningioma,meningioma,True,D:\brain_tumor\🧠 Brain Tumor MRI Dataset\classification_task\train\meningioma\brisc2025_train_02155_me_sa_t1.jpg,D:\brain_tumor\🧠 Brain Tumor MRI Dataset\classification_task\train\meningioma\brisc2025_train_02157_me_sa_t1.jpg
2140,2141,6,meningioma,meningioma,True,D:\brain_tumor\🧠 Brain Tumor MRI Dataset\classification_task\train\meningioma\brisc2025_train_02156_me_sa_t1.jpg,D:\brain_tumor\🧠 Brain Tumor MRI Dataset\classification_task\train\meningioma\brisc2025_train_02157_me_sa_t1.jpg
2141,2212,6,meningioma,meningioma,True,D:\brain_tumor\🧠 Brain Tumor MRI Dataset\classification_task\train\meningioma\brisc2025_train_02157_me_sa_t1.jpg,D:\brain_tumor\🧠 Brain Tumor MRI Dataset\classification_task\train\meningioma\brisc2025_train_02228_me_sa_t1.jpg
2142,2143,4,meningioma,meningioma,True,D:\brain_tumor\🧠 Brain Tumor MRI Dataset\classification_task\train\meningioma\brisc2025_train_02158_me_sa_t1.jpg,D:\brain_tumor\🧠 Brain Tumor MRI Dataset\classification_task\train\meningioma\brisc2025_train_02159_me_sa_t1.jpg
2143,2144,6,meningioma,meningioma,True,D:\brain_tumor\🧠 Brain Tumor MRI Dataset\classification_task\train\meningioma\brisc2025_train_02159_me_sa_t1.jpg,D:\brain_tumor\🧠 Brain Tumor MRI Dataset\classification_task\train\meningioma\brisc2025_train_02160_me_sa_t1.jpg
2144,2146,4,meningioma,meningioma,True,D:\brain_tumor\🧠 Brain Tumor MRI Dataset\classification_task\train\meningioma\brisc2025_train_02160_me_sa_t1.jpg,D:\brain_tumor\🧠 Brain Tumor MRI Dataset\classification_task\train\meningioma\brisc2025_train_02162_me_sa_t1.jpg
2144,2241,6,meningioma,meningioma,True,D:\brain_tumor\🧠 Brain Tumor MRI Dataset\classification_task\train\meningioma\brisc2025_train_02160_me_sa_t1.jpg,D:\brain_tumor\🧠 Brain Tumor MRI Dataset\classification_task\train\meningioma\brisc2025_train_02257_me_sa_t1.jpg
2151,2152,6,meningioma,meningioma,True,D:\brain_tumor\🧠 Brain Tumor MRI Dataset\classification_task\train\meningioma\brisc2025_train_02167_me_sa_t1.jpg,D:\brain_tumor\🧠 Brain Tumor MRI Dataset\classification_task\train\meningioma\brisc2025_train_02168_me_sa_t1.jpg
2156,2166,6,meningioma,meningioma,True,D:\brain_tumor\🧠 Brain Tumor MRI Dataset\classification_task\train\meningioma\brisc2025_train_02172_me_sa_t1.jpg,D:\brain_tumor\🧠 Brain Tumor MRI Dataset\classification_task\train\meningioma\brisc2025_train_02182_me_sa_t1.jpg
2160,2161,6,meningioma,meningioma,True,D:\brain_tumor\🧠 Brain Tumor MRI Dataset\classification_task\train\meningioma\brisc2025_train_02176_me_sa_t1.jpg,D:\brain_tumor\🧠 Brain Tumor MRI Dataset\classification_task\train\meningioma\brisc2025_train_02177_me_sa_t1.jpg
2168,2170,6,meningioma,meningioma,True,D:\brain_tumor\🧠 Brain Tumor MRI Dataset\classification_task\train\meningioma\brisc2025_train_02184_me_sa_t1.jpg,D:\brain_tumor\🧠 Brain Tumor MRI Dataset\classification_task\train\meningioma\brisc2025_train_02186_me_sa_t1.jpg
2169,2204,6,meningioma,meningioma,True,D:\brain_tumor\🧠 Brain Tumor MRI Dataset\classification_task\train\meningioma\brisc2025_train_02185_me_sa_t1.jpg,D:\brain_tumor\🧠 Brain Tumor MRI Dataset\classification_task\train\meningioma\brisc2025_train_02220_me_sa_t1.jpg
2171,2173,6,meningioma,meningioma,True,D:\brain_tumor\🧠 Brain Tumor MRI Dataset\classification_task\train\meningioma\brisc2025_train_02187_me_sa_t1.jpg,D:\brain_tumor\🧠 Brain Tumor MRI Dataset\classification_task\train\meningioma\brisc2025_train_02189_me_sa_t1.jpg
2172,2173,6,meningioma,meningioma,True,D:\brain_tumor\🧠 Brain Tumor MRI Dataset\classification_task\train\meningioma\brisc2025_train_02188_me_sa_t1.jpg,D:\brain_tumor\🧠 Brain Tumor MRI Dataset\classification_task\train\meningioma\brisc2025_train_02189_me_sa_t1.jpg
2178,2179,4,meningioma,meningioma,True,D:\brain_tumor\🧠 Brain Tumor MRI Dataset\classification_task\train\meningioma\brisc2025_train_02194_me_sa_t1.jpg,D:\brain_tumor\🧠 Brain Tumor MRI Dataset\classification_task\train\meningioma\brisc2025_train_02195_me_sa_t1.jpg
2181,2182,6,meningioma,meningioma,True,D:\brain_tumor\🧠 Brain Tumor MRI Dataset\classification_task\train\meningioma\brisc2025_train_02197_me_sa_t1.jpg,D:\brain_tumor\🧠 Brain Tumor MRI Dataset\classification_task\train\meningioma\brisc2025_train_02198_me_sa_t1.jpg
2185,2186,4,meningioma,meningioma,True,D:\brain_tumor\🧠 Brain Tumor MRI Dataset\classification_task\train\meningioma\brisc2025_train_02201_me_sa_t1.jpg,D:\brain_tumor\🧠 Brain Tumor MRI Dataset\classification_task\train\meningioma\brisc2025_train_02202_me_sa_t1.jpg
2192,2193,6,meningioma,meningioma,True,D:\brain_tumor\🧠 Brain Tumor MRI Dataset\classification_task\train\meningioma\brisc2025_train_02208_me_sa_t1.jpg,D:\brain_tumor\🧠 Brain Tumor MRI Dataset\classification_task\train\meningioma\brisc2025_train_02209_me_sa_t1.jpg
2198,2199,2,meningioma,meningioma,True,D:\brain_tumor\🧠 Brain Tumor MRI Dataset\classification_task\train\meningioma\brisc2025_train_02214_me_sa_t1.jpg,D:\brain_tumor\🧠 Brain Tumor MRI Dataset\classification_task\train\meningioma\brisc2025_train_02215_me_sa_t1.jpg
2200,2201,6,meningioma,meningioma,True,D:\brain_tumor\🧠 Brain Tumor MRI Dataset\classification_task\train\meningioma\brisc2025_train_02216_me_sa_t1.jpg,D:\brain_tumor\🧠 Brain Tumor MRI Dataset\classification_task\train\meningioma\brisc2025_train_02217_me_sa_t1.jpg
2200,2204,6,meningioma,meningioma,True,D:\brain_tumor\🧠 Brain Tumor MRI Dataset\classification_task\train\meningioma\brisc2025_train_02216_me_sa_t1.jpg,D:\brain_tumor\🧠 Brain Tumor MRI Dataset\classification_task\train\meningioma\brisc2025_train_02220_me_sa_t1.jpg
2201,2203,4,meningioma,meningioma,True,D:\brain_tumor\🧠 Brain Tumor MRI Dataset\classification_task\train\meningioma\brisc2025_train_02217_me_sa_t1.jpg,D:\brain_tumor\🧠 Brain Tumor MRI Dataset\classification_task\train\meningioma\brisc2025_train_02219_me_sa_t1.jpg
2206,2208,6,meningioma,meningioma,True,D:\brain_tumor\🧠 Brain Tumor MRI Dataset\classification_task\train\meningioma\brisc2025_train_02222_me_sa_t1.jpg,D:\brain_tumor\🧠 Brain Tumor MRI Dataset\classification_task\train\meningioma\brisc2025_train_02224_me_sa_t1.jpg
2207,2208,6,meningioma,meningioma,True,D:\brain_tumor\🧠 Brain Tumor MRI Dataset\classification_task\train\meningioma\brisc2025_train_02223_me_sa_t1.jpg,D:\brain_tumor\🧠 Brain Tumor MRI Dataset\classification_task\train\meningioma\brisc2025_train_02224_me_sa_t1.jpg
2214,2215,6,meningioma,meningioma,True,D:\brain_tumor\🧠 Brain Tumor MRI Dataset\classification_task\train\meningioma\brisc2025_train_02230_me_sa_t1.jpg,D:\brain_tumor\🧠 Brain Tumor MRI Dataset\classification_task\train\meningioma\brisc2025_train_02231_me_sa_t1.jpg
2227,2228,4,meningioma,meningioma,True,D:\brain_tumor\🧠 Brain Tumor MRI Dataset\classification_task\train\meningioma\brisc2025_train_02243_me_sa_t1.jpg,D:\brain_tumor\🧠 Brain Tumor MRI Dataset\classification_task\train\meningioma\brisc2025_train_02244_me_sa_t1.jpg
2234,2236,4,meningioma,meningioma,True,D:\brain_tumor\🧠 Brain Tumor MRI Dataset\classification_task\train\meningioma\brisc2025_train_02250_me_sa_t1.jpg,D:\brain_tumor\🧠 Brain Tumor MRI Dataset\classification_task\train\meningioma\brisc2025_train_02252_me_sa_t1.jpg
2235,2246,6,meningioma,meningioma,True,D:\brain_tumor\🧠 Brain Tumor MRI Dataset\classification_task\train\meningioma\brisc2025_train_02251_me_sa_t1.jpg,D:\brain_tumor\🧠 Brain Tumor MRI Dataset\classification_task\train\meningioma\brisc2025_train_02262_me_sa_t1.jpg
2240,2241,6,meningioma,meningioma,True,D:\brain_tumor\🧠 Brain Tumor MRI Dataset\classification_task\train\meningioma\brisc2025_train_02256_me_sa_t1.jpg,D:\brain_tumor\🧠 Brain Tumor MRI Dataset\classification_task\train\meningioma\brisc2025_train_02257_me_sa_t1.jpg
2244,2245,6,meningioma,meningioma,True,D:\brain_tumor\🧠 Brain Tumor MRI Dataset\classification_task\train\meningioma\brisc2025_train_02260_me_sa_t1.jpg,D:\brain_tumor\🧠 Brain Tumor MRI Dataset\classification_task\train\meningioma\brisc2025_train_02261_me_sa_t1.jpg
2247,2248,6,meningioma,meningioma,True,D:\brain_tumor\🧠 Brain Tumor MRI Dataset\classification_task\train\meningioma\brisc2025_train_02263_me_sa_t1.jpg,D:\brain_tumor\🧠 Brain Tumor MRI Dataset\classification_task\train\meningioma\brisc2025_train_02264_me_sa_t1.jpg
2248,2249,6,meningioma,meningioma,True,D:\brain_tumor\🧠 Brain Tumor MRI Dataset\classification_task\train\meningioma\brisc2025_train_02264_me_sa_t1.jpg,D:\brain_tumor\🧠 Brain Tumor MRI Dataset\classification_task\train\meningioma\brisc2025_train_02265_me_sa_t1.jpg
2257,2258,4,meningioma,meningioma,True,D:\brain_tumor\🧠 Brain Tumor MRI Dataset\classification_task\train\meningioma\brisc2025_train_02273_me_sa_t1.jpg,D:\brain_tumor\🧠 Brain Tumor MRI Dataset\classification_task\train\meningioma\brisc2025_train_02274_me_sa_t1.jpg
2262,2263,6,meningioma,meningioma,True,D:\brain_tumor\🧠 Brain Tumor MRI Dataset\classification_task\train\meningioma\brisc2025_train_02278_me_sa_t1.jpg,D:\brain_tumor\🧠 Brain Tumor MRI Dataset\classification_task\train\meningioma\brisc2025_train_02279_me_sa_t1.jpg
2264,2347,6,meningioma,meningioma,True,D:\brain_tumor\🧠 Brain Tumor MRI Dataset\classification_task\train\meningioma\brisc2025_train_02280_me_sa_t1.jpg,D:\brain_tumor\🧠 Brain Tumor MRI Dataset\classification_task\train\meningioma\brisc2025_train_02366_me_sa_t1.jpg
2264,2352,6,meningioma,meningioma,True,D:\brain_tumor\🧠 Brain Tumor MRI Dataset\classification_task\train\meningioma\brisc2025_train_02280_me_sa_t1.jpg,D:\brain_tumor\🧠 Brain Tumor MRI Dataset\classification_task\train\meningioma\brisc2025_train_02371_me_sa_t1.jpg
2265,2278,6,meningioma,meningioma,True,D:\brain_tumor\🧠 Brain Tumor MRI Dataset\classification_task\train\meningioma\brisc2025_train_02281_me_sa_t1.jpg,D:\brain_tumor\🧠 Brain Tumor MRI Dataset\classification_task\train\meningioma\brisc2025_train_02295_me_sa_t1.jpg
2265,2279,6,meningioma,meningioma,True,D:\brain_tumor\🧠 Brain Tumor MRI Dataset\classification_task\train\meningioma\brisc2025_train_02281_me_sa_t1.jpg,D:\brain_tumor\🧠 Brain Tumor MRI Dataset\classification_task\train\meningioma\brisc2025_train_02296_me_sa_t1.jpg
2266,2267,4,meningioma,meningioma,True,D:\brain_tumor\🧠 Brain Tumor MRI Dataset\classification_task\train\meningioma\brisc2025_train_02282_me_sa_t1.jpg,D:\brain_tumor\🧠 Brain Tumor MRI Dataset\classification_task\train\meningioma\brisc2025_train_02283_me_sa_t1.jpg
2268,2285,6,meningioma,meningioma,True,D:\brain_tumor\🧠 Brain Tumor MRI Dataset\classification_task\train\meningioma\brisc2025_train_02284_me_sa_t1.jpg,D:\brain_tumor\🧠 Brain Tumor MRI Dataset\classification_task\train\meningioma\brisc2025_train_02302_me_sa_t1.jpg
2270,2271,2,meningioma,meningioma,True,D:\brain_tumor\🧠 Brain Tumor MRI Dataset\classification_task\train\meningioma\brisc2025_train_02287_me_sa_t1.jpg,D:\brain_tumor\🧠 Brain Tumor MRI Dataset\classification_task\train\meningioma\brisc2025_train_02288_me_sa_t1.jpg
2270,2272,2,meningioma,meningioma,True,D:\brain_tumor\🧠 Brain Tumor MRI Dataset\classification_task\train\meningioma\brisc2025_train_02287_me_sa_t1.jpg,D:\brain_tumor\🧠 Brain Tumor MRI Dataset\classification_task\train\meningioma\brisc2025_train_02289_me_sa_t1.jpg
2271,2272,4,meningioma,meningioma,True,D:\brain_tumor\🧠 Brain Tumor MRI Dataset\classification_task\train\meningioma\brisc2025_train_02288_me_sa_t1.jpg,D:\brain_tumor\🧠 Brain Tumor MRI Dataset\classification_task\train\meningioma\brisc2025_train_02289_me_sa_t1.jpg
2273,2274,4,meningioma,meningioma,True,D:\brain_tumor\🧠 Brain Tumor MRI Dataset\classification_task\train\meningioma\brisc2025_train_02290_me_sa_t1.jpg,D:\brain_tumor\🧠 Brain Tumor MRI Dataset\classification_task\train\meningioma\brisc2025_train_02291_me_sa_t1.jpg
2273,2276,6,meningioma,meningioma,True,D:\brain_tumor\🧠 Brain Tumor MRI Dataset\classification_task\train\meningioma\brisc2025_train_02290_me_sa_t1.jpg,D:\brain_tumor\🧠 Brain Tumor MRI Dataset\classification_task\train\meningioma\brisc2025_train_02293_me_sa_t1.jpg
2274,2275,6,meningioma,meningioma,True,D:\brain_tumor\🧠 Brain Tumor MRI Dataset\classification_task\train\meningioma\brisc2025_train_02291_me_sa_t1.jpg,D:\brain_tumor\🧠 Brain Tumor MRI Dataset\classification_task\train\meningioma\brisc2025_train_02292_me_sa_t1.jpg
2274,2276,6,meningioma,meningioma,True,D:\brain_tumor\🧠 Brain Tumor MRI Dataset\classification_task\train\meningioma\brisc2025_train_02291_me_sa_t1.jpg,D:\brain_tumor\🧠 Brain Tumor MRI Dataset\classification_task\train\meningioma\brisc2025_train_02293_me_sa_t1.jpg
2278,2279,2,meningioma,meningioma,True,D:\brain_tumor\🧠 Brain Tumor MRI Dataset\classification_task\train\meningioma\brisc2025_train_02295_me_sa_t1.jpg,D:\brain_tumor\🧠 Brain Tumor MRI Dataset\classification_task\train\meningioma\brisc2025_train_02296_me_sa_t1.jpg
2279,2316,6,meningioma,meningioma,True,D:\brain_tumor\🧠 Brain Tumor MRI Dataset\classification_task\train\meningioma\brisc2025_train_02296_me_sa_t1.jpg,D:\brain_tumor\🧠 Brain Tumor MRI Dataset\classification_task\train\meningioma\brisc2025_train_02334_me_sa_t1.jpg
2280,3506,6,meningioma,no_tumor,False,D:\brain_tumor\🧠 Brain Tumor MRI Dataset\classification_task\train\meningioma\brisc2025_train_02297_me_sa_t1.jpg,D:\brain_tumor\🧠 Brain Tumor MRI Dataset\classification_task\train\no_tumor\brisc2025_train_03535_no_sa_t1.jpg
2281,2449,6,meningioma,meningioma,True,D:\brain_tumor\🧠 Brain Tumor MRI Dataset\classification_task\train\meningioma\brisc2025_train_02298_me_sa_t1.jpg,D:\brain_tumor\🧠 Brain Tumor MRI Dataset\classification_task\train\meningioma\brisc2025_train_02469_me_sa_t1.jpg
2286,2287,6,meningioma,meningioma,True,D:\brain_tumor\🧠 Brain Tumor MRI Dataset\classification_task\train\meningioma\brisc2025_train_02303_me_sa_t1.jpg,D:\brain_tumor\🧠 Brain Tumor MRI Dataset\classification_task\train\meningioma\brisc2025_train_02304_me_sa_t1.jpg
2298,2299,2,meningioma,meningioma,True,D:\brain_tumor\🧠 Brain Tumor MRI Dataset\classification_task\train\meningioma\brisc2025_train_02316_me_sa_t1.jpg,D:\brain_tumor\🧠 Brain Tumor MRI Dataset\classification_task\train\meningioma\brisc2025_train_02317_me_sa_t1.jpg
2299,2300,6,meningioma,meningioma,True,D:\brain_tumor\🧠 Brain Tumor MRI Dataset\classification_task\train\meningioma\brisc2025_train_02317_me_sa_t1.jpg,D:\brain_tumor\🧠 Brain Tumor MRI Dataset\classification_task\train\meningioma\brisc2025_train_02318_me_sa_t1.jpg
2306,2307,4,meningioma,meningioma,True,D:\brain_tumor\🧠 Brain Tumor MRI Dataset\classification_task\train\meningioma\brisc2025_train_02324_me_sa_t1.jpg,D:\brain_tumor\🧠 Brain Tumor MRI Dataset\classification_task\train\meningioma\brisc2025_train_02325_me_sa_t1.jpg
2306,2416,4,meningioma,meningioma,True,D:\brain_tumor\🧠 Brain Tumor MRI Dataset\classification_task\train\meningioma\brisc2025_train_02324_me_sa_t1.jpg,D:\brain_tumor\🧠 Brain Tumor MRI Dataset\classification_task\train\meningioma\brisc2025_train_02436_me_sa_t1.jpg
2307,2416,4,meningioma,meningioma,True,D:\brain_tumor\🧠 Brain Tumor MRI Dataset\classification_task\train\meningioma\brisc2025_train_02325_me_sa_t1.jpg,D:\brain_tumor\🧠 Brain Tumor MRI Dataset\classification_task\train\meningioma\brisc2025_train_02436_me_sa_t1.jpg
2310,2423,6,meningioma,meningioma,True,D:\brain_tumor\🧠 Brain Tumor MRI Dataset\classification_task\train\meningioma\brisc2025_train_02328_me_sa_t1.jpg,D:\brain_tumor\🧠 Brain Tumor MRI Dataset\classification_task\train\meningioma\brisc2025_train_02443_me_sa_t1.jpg
2311,2312,6,meningioma,meningioma,True,D:\brain_tumor\🧠 Brain Tumor MRI Dataset\classification_task\train\meningioma\brisc2025_train_02329_me_sa_t1.jpg,D:\brain_tumor\🧠 Brain Tumor MRI Dataset\classification_task\train\meningioma\brisc2025_train_02330_me_sa_t1.jpg
2315,2316,2,meningioma,meningioma,True,D:\brain_tumor\🧠 Brain Tumor MRI Dataset\classification_task\train\meningioma\brisc2025_train_02333_me_sa_t1.jpg,D:\brain_tumor\🧠 Brain Tumor MRI Dataset\classification_task\train\meningioma\brisc2025_train_02334_me_sa_t1.jpg
2315,2400,6,meningioma,meningioma,True,D:\brain_tumor\🧠 Brain Tumor MRI Dataset\classification_task\train\meningioma\brisc2025_train_02333_me_sa_t1.jpg,D:\brain_tumor\🧠 Brain Tumor MRI Dataset\classification_task\train\meningioma\brisc2025_train_02420_me_sa_t1.jpg
2317,2318,6,meningioma,meningioma,True,D:\brain_tumor\🧠 Brain Tumor MRI Dataset\classification_task\train\meningioma\brisc2025_train_02335_me_sa_t1.jpg,D:\brain_tumor\🧠 Brain Tumor MRI Dataset\classification_task\train\meningioma\brisc2025_train_02336_me_sa_t1.jpg
2320,2321,2,meningioma,meningioma,True,D:\brain_tumor\🧠 Brain Tumor MRI Dataset\classification_task\train\meningioma\brisc2025_train_02338_me_sa_t1.jpg,D:\brain_tumor\🧠 Brain Tumor MRI Dataset\classification_task\train\meningioma\brisc2025_train_02339_me_sa_t1.jpg
2324,2325,6,meningioma,meningioma,True,D:\brain_tumor\🧠 Brain Tumor MRI Dataset\classification_task\train\meningioma\brisc2025_train_02342_me_sa_t1.jpg,D:\brain_tumor\🧠 Brain Tumor MRI Dataset\classification_task\train\meningioma\brisc2025_train_02343_me_sa_t1.jpg
2333,2334,4,meningioma,meningioma,True,D:\brain_tumor\🧠 Brain Tumor MRI Dataset\classification_task\train\meningioma\brisc2025_train_02351_me_sa_t1.jpg,D:\brain_tumor\🧠 Brain Tumor MRI Dataset\classification_task\train\meningioma\brisc2025_train_02352_me_sa_t1.jpg
2334,2336,6,meningioma,meningioma,True,D:\brain_tumor\🧠 Brain Tumor MRI Dataset\classification_task\train\meningioma\brisc2025_train_02352_me_sa_t1.jpg,D:\brain_tumor\🧠 Brain Tumor MRI Dataset\classification_task\train\meningioma\brisc2025_train_02354_me_sa_t1.jpg
2336,2337,6,meningioma,meningioma,True,D:\brain_tumor\🧠 Brain Tumor MRI Dataset\classification_task\train\meningioma\brisc2025_train_02354_me_sa_t1.jpg,D:\brain_tumor\🧠 Brain Tumor MRI Dataset\classification_task\train\meningioma\brisc2025_train_02355_me_sa_t1.jpg
2346,2347,6,meningioma,meningioma,True,D:\brain_tumor\🧠 Brain Tumor MRI Dataset\classification_task\train\meningioma\brisc2025_train_02364_me_sa_t1.jpg,D:\brain_tumor\🧠 Brain Tumor MRI Dataset\classification_task\train\meningioma\brisc2025_train_02366_me_sa_t1.jpg
2349,2359,6,meningioma,meningioma,True,D:\brain_tumor\🧠 Brain Tumor MRI Dataset\classification_task\train\meningioma\brisc2025_train_02368_me_sa_t1.jpg,D:\brain_tumor\🧠 Brain Tumor MRI Dataset\classification_task\train\meningioma\brisc2025_train_02378_me_sa_t1.jpg
2353,2354,6,meningioma,meningioma,True,D:\brain_tumor\🧠 Brain Tumor MRI Dataset\classification_task\train\meningioma\brisc2025_train_02372_me_sa_t1.jpg,D:\brain_tumor\🧠 Brain Tumor MRI Dataset\classification_task\train\meningioma\brisc2025_train_02373_me_sa_t1.jpg
2373,2374,2,meningioma,meningioma,True,D:\brain_tumor\🧠 Brain Tumor MRI Dataset\classification_task\train\meningioma\brisc2025_train_02392_me_sa_t1.jpg,D:\brain_tumor\🧠 Brain Tumor MRI Dataset\classification_task\train\meningioma\brisc2025_train_02393_me_sa_t1.jpg
2379,2380,4,meningioma,meningioma,True,D:\brain_tumor\🧠 Brain Tumor MRI Dataset\classification_task\train\meningioma\brisc2025_train_02399_me_sa_t1.jpg,D:\brain_tumor\🧠 Brain Tumor MRI Dataset\classification_task\train\meningioma\brisc2025_train_02400_me_sa_t1.jpg
2379,2404,6,meningioma,meningioma,True,D:\brain_tumor\🧠 Brain Tumor MRI Dataset\classification_task\train\meningioma\brisc2025_train_02399_me_sa_t1.jpg,D:\brain_tumor\🧠 Brain Tumor MRI Dataset\classification_task\train\meningioma\brisc2025_train_02424_me_sa_t1.jpg
2380,2404,6,meningioma,meningioma,True,D:\brain_tumor\🧠 Brain Tumor MRI Dataset\classification_task\train\meningioma\brisc2025_train_02400_me_sa_t1.jpg,D:\brain_tumor\🧠 Brain Tumor MRI Dataset\classification_task\train\meningioma\brisc2025_train_02424_me_sa_t1.jpg
2389,2390,4,meningioma,meningioma,True,D:\brain_tumor\🧠 Brain Tumor MRI Dataset\classification_task\train\meningioma\brisc2025_train_02409_me_sa_t1.jpg,D:\brain_tumor\🧠 Brain Tumor MRI Dataset\classification_task\train\meningioma\brisc2025_train_02410_me_sa_t1.jpg
2394,2395,2,meningioma,meningioma,True,D:\brain_tumor\🧠 Brain Tumor MRI Dataset\classification_task\train\meningioma\brisc2025_train_02414_me_sa_t1.jpg,D:\brain_tumor\🧠 Brain Tumor MRI Dataset\classification_task\train\meningioma\brisc2025_train_02415_me_sa_t1.jpg
2396,2397,4,meningioma,meningioma,True,D:\brain_tumor\🧠 Brain Tumor MRI Dataset\classification_task\train\meningioma\brisc2025_train_02416_me_sa_t1.jpg,D:\brain_tumor\🧠 Brain Tumor MRI Dataset\classification_task\train\meningioma\brisc2025_train_02417_me_sa_t1.jpg
2401,2402,6,meningioma,meningioma,True,D:\brain_tumor\🧠 Brain Tumor MRI Dataset\classification_task\train\meningioma\brisc2025_train_02421_me_sa_t1.jpg,D:\brain_tumor\🧠 Brain Tumor MRI Dataset\classification_task\train\meningioma\brisc2025_train_02422_me_sa_t1.jpg
2409,2410,6,meningioma,meningioma,True,D:\brain_tumor\🧠 Brain Tumor MRI Dataset\classification_task\train\meningioma\brisc2025_train_02429_me_sa_t1.jpg,D:\brain_tumor\🧠 Brain Tumor MRI Dataset\classification_task\train\meningioma\brisc2025_train_02430_me_sa_t1.jpg
2419,2420,6,meningioma,meningioma,True,D:\brain_tumor\🧠 Brain Tumor MRI Dataset\classification_task\train\meningioma\brisc2025_train_02439_me_sa_t1.jpg,D:\brain_tumor\🧠 Brain Tumor MRI Dataset\classification_task\train\meningioma\brisc2025_train_02440_me_sa_t1.jpg
2423,2424,4,meningioma,meningioma,True,D:\brain_tumor\🧠 Brain Tumor MRI Dataset\classification_task\train\meningioma\brisc2025_train_02443_me_sa_t1.jpg,D:\brain_tumor\🧠 Brain Tumor MRI Dataset\classification_task\train\meningioma\brisc2025_train_02444_me_sa_t1.jpg
2426,2427,6,meningioma,meningioma,True,D:\brain_tumor\🧠 Brain Tumor MRI Dataset\classification_task\train\meningioma\brisc2025_train_02446_me_sa_t1.jpg,D:\brain_tumor\🧠 Brain Tumor MRI Dataset\classification_task\train\meningioma\brisc2025_train_02447_me_sa_t1.jpg
2432,2433,6,meningioma,meningioma,True,D:\brain_tumor\🧠 Brain Tumor MRI Dataset\classification_task\train\meningioma\brisc2025_train_02452_me_sa_t1.jpg,D:\brain_tumor\🧠 Brain Tumor MRI Dataset\classification_task\train\meningioma\brisc2025_train_02453_me_sa_t1.jpg
2445,2446,4,meningioma,meningioma,True,D:\brain_tumor\🧠 Brain Tumor MRI Dataset\classification_task\train\meningioma\brisc2025_train_02465_me_sa_t1.jpg,D:\brain_tumor\🧠 Brain Tumor MRI Dataset\classification_task\train\meningioma\brisc2025_train_02466_me_sa_t1.jpg
2448,2449,4,meningioma,meningioma,True,D:\brain_tumor\🧠 Brain Tumor MRI Dataset\classification_task\train\meningioma\brisc2025_train_02468_me_sa_t1.jpg,D:\brain_tumor\🧠 Brain Tumor MRI Dataset\classification_task\train\meningioma\brisc2025_train_02469_me_sa_t1.jpg
2487,2494,6,no_tumor,no_tumor,True,D:\brain_tumor\🧠 Brain Tumor MRI Dataset\classification_task\train\no_tumor\brisc2025_train_02507_no_ax_t1.jpg,D:\brain_tumor\🧠 Brain Tumor MRI Dataset\classification_task\train\no_tumor\brisc2025_train_02514_no_ax_t1.jpg
2536,3061,6,no_tumor,no_tumor,True,D:\brain_tumor\🧠 Brain Tumor MRI Dataset\classification_task\train\no_tumor\brisc2025_train_02556_no_ax_t1.jpg,D:\brain_tumor\🧠 Brain Tumor MRI Dataset\classification_task\train\no_tumor\brisc2025_train_03081_no_co_t1.jpg
2547,2695,6,no_tumor,no_tumor,True,D:\brain_tumor\🧠 Brain Tumor MRI Dataset\classification_task\train\no_tumor\brisc2025_train_02567_no_ax_t1.jpg,D:\brain_tumor\🧠 Brain Tumor MRI Dataset\classification_task\train\no_tumor\brisc2025_train_02715_no_ax_t1.jpg
2558,2715,6,no_tumor,no_tumor,True,D:\brain_tumor\🧠 Brain Tumor MRI Dataset\classification_task\train\no_tumor\brisc2025_train_02578_no_ax_t1.jpg,D:\brain_tumor\🧠 Brain Tumor MRI Dataset\classification_task\train\no_tumor\brisc2025_train_02735_no_ax_t1.jpg
2582,2600,6,no_tumor,no_tumor,True,D:\brain_tumor\🧠 Brain Tumor MRI Dataset\classification_task\train\no_tumor\brisc2025_train_02602_no_ax_t1.jpg,D:\brain_tumor\🧠 Brain Tumor MRI Dataset\classification_task\train\no_tumor\brisc2025_train_02620_no_ax_t1.jpg
2592,2600,6,no_tumor,no_tumor,True,D:\brain_tumor\🧠 Brain Tumor MRI Dataset\classification_task\train\no_tumor\brisc2025_train_02612_no_ax_t1.jpg,D:\brain_tumor\🧠 Brain Tumor MRI Dataset\classification_task\train\no_tumor\brisc2025_train_02620_no_ax_t1.jpg
2633,2688,6,no_tumor,no_tumor,True,D:\brain_tumor\🧠 Brain Tumor MRI Dataset\classification_task\train\no_tumor\brisc2025_train_02653_no_ax_t1.jpg,D:\brain_tumor\🧠 Brain Tumor MRI Dataset\classification_task\train\no_tumor\brisc2025_train_02708_no_ax_t1.jpg
2636,2766,6,no_tumor,no_tumor,True,D:\brain_tumor\🧠 Brain Tumor MRI Dataset\classification_task\train\no_tumor\brisc2025_train_02656_no_ax_t1.jpg,D:\brain_tumor\🧠 Brain Tumor MRI Dataset\classification_task\train\no_tumor\brisc2025_train_02786_no_ax_t1.jpg
2663,2808,6,no_tumor,no_tumor,True,D:\brain_tumor\🧠 Brain Tumor MRI Dataset\classification_task\train\no_tumor\brisc2025_train_02683_no_ax_t1.jpg,D:\brain_tumor\🧠 Brain Tumor MRI Dataset\classification_task\train\no_tumor\brisc2025_train_02828_no_ax_t1.jpg
2683,2806,2,no_tumor,no_tumor,True,D:\brain_tumor\🧠 Brain Tumor MRI Dataset\classification_task\train\no_tumor\brisc2025_train_02703_no_ax_t1.jpg,D:\brain_tumor\🧠 Brain Tumor MRI Dataset\classification_task\train\no_tumor\brisc2025_train_02826_no_ax_t1.jpg
2717,2773,4,no_tumor,no_tumor,True,D:\brain_tumor\🧠 Brain Tumor MRI Dataset\classification_task\train\no_tumor\brisc2025_train_02737_no_ax_t1.jpg,D:\brain_tumor\🧠 Brain Tumor MRI Dataset\classification_task\train\no_tumor\brisc2025_train_02793_no_ax_t1.jpg
2792,4691,6,no_tumor,pituitary,False,D:\brain_tumor\🧠 Brain Tumor MRI Dataset\classification_task\train\no_tumor\brisc2025_train_02812_no_ax_t1.jpg,D:\brain_tumor\🧠 Brain Tumor MRI Dataset\classification_task\train\pituitary\brisc2025_train_04735_pi_sa_t1.jpg
2888,2902,4,no_tumor,no_tumor,True,D:\brain_tumor\🧠 Brain Tumor MRI Dataset\classification_task\train\no_tumor\brisc2025_train_02908_no_co_t1.jpg,D:\brain_tumor\🧠 Brain Tumor MRI Dataset\classification_task\train\no_tumor\brisc2025_train_02922_no_co_t1.jpg
2907,2915,6,no_tumor,no_tumor,True,D:\brain_tumor\🧠 Brain Tumor MRI Dataset\classification_task\train\no_tumor\brisc2025_train_02927_no_co_t1.jpg,D:\brain_tumor\🧠 Brain Tumor MRI Dataset\classification_task\train\no_tumor\brisc2025_train_02935_no_co_t1.jpg
2914,2922,4,no_tumor,no_tumor,True,D:\brain_tumor\🧠 Brain Tumor MRI Dataset\classification_task\train\no_tumor\brisc2025_train_02934_no_co_t1.jpg,D:\brain_tumor\🧠 Brain Tumor MRI Dataset\classification_task\train\no_tumor\brisc2025_train_02942_no_co_t1.jpg
2915,2921,6,no_tumor,no_tumor,True,D:\brain_tumor\🧠 Brain Tumor MRI Dataset\classification_task\train\no_tumor\brisc2025_train_02935_no_co_t1.jpg,D:\brain_tumor\🧠 Brain Tumor MRI Dataset\classification_task\train\no_tumor\brisc2025_train_02941_no_co_t1.jpg
3016,3025,6,no_tumor,no_tumor,True,D:\brain_tumor\🧠 Brain Tumor MRI Dataset\classification_task\train\no_tumor\brisc2025_train_03036_no_co_t1.jpg,D:\brain_tumor\🧠 Brain Tumor MRI Dataset\classification_task\train\no_tumor\brisc2025_train_03045_no_co_t1.jpg
3040,3049,0,no_tumor,no_tumor,True,D:\brain_tumor\🧠 Brain Tumor MRI Dataset\classification_task\train\no_tumor\brisc2025_train_03060_no_co_t1.jpg,D:\brain_tumor\🧠 Brain Tumor MRI Dataset\classification_task\train\no_tumor\brisc2025_train_03069_no_co_t1.jpg
3040,3060,6,no_tumor,no_tumor,True,D:\brain_tumor\🧠 Brain Tumor MRI Dataset\classification_task\train\no_tumor\brisc2025_train_03060_no_co_t1.jpg,D:\brain_tumor\🧠 Brain Tumor MRI Dataset\classification_task\train\no_tumor\brisc2025_train_03080_no_co_t1.jpg
3049,3060,6,no_tumor,no_tumor,True,D:\brain_tumor\🧠 Brain Tumor MRI Dataset\classification_task\train\no_tumor\brisc2025_train_03069_no_co_t1.jpg,D:\brain_tumor\🧠 Brain Tumor MRI Dataset\classification_task\train\no_tumor\brisc2025_train_03080_no_co_t1.jpg
3071,3078,6,no_tumor,no_tumor,True,D:\brain_tumor\🧠 Brain Tumor MRI Dataset\classification_task\train\no_tumor\brisc2025_train_03091_no_co_t1.jpg,D:\brain_tumor\🧠 Brain Tumor MRI Dataset\classification_task\train\no_tumor\brisc2025_train_03098_no_co_t1.jpg
3121,3146,4,no_tumor,no_tumor,True,D:\brain_tumor\🧠 Brain Tumor MRI Dataset\classification_task\train\no_tumor\brisc2025_train_03141_no_sa_t1.jpg,D:\brain_tumor\🧠 Brain Tumor MRI Dataset\classification_task\train\no_tumor\brisc2025_train_03166_no_sa_t1.jpg
3125,3147,4,no_tumor,no_tumor,True,D:\brain_tumor\🧠 Brain Tumor MRI Dataset\classification_task\train\no_tumor\brisc2025_train_03145_no_sa_t1.jpg,D:\brain_tumor\🧠 Brain Tumor MRI Dataset\classification_task\train\no_tumor\brisc2025_train_03167_no_sa_t1.jpg
3125,3418,4,no_tumor,no_tumor,True,D:\brain_tumor\🧠 Brain Tumor MRI Dataset\classification_task\train\no_tumor\brisc2025_train_03145_no_sa_t1.jpg,D:\brain_tumor\🧠 Brain Tumor MRI Dataset\classification_task\train\no_tumor\brisc2025_train_03438_no_sa_t1.jpg
3131,3407,6,no_tumor,no_tumor,True,D:\brain_tumor\🧠 Brain Tumor MRI Dataset\classification_task\train\no_tumor\brisc2025_train_03151_no_sa_t1.jpg,D:\brain_tumor\🧠 Brain Tumor MRI Dataset\classification_task\train\no_tumor\brisc2025_train_03427_no_sa_t1.jpg
3140,3153,2,no_tumor,no_tumor,True,D:\brain_tumor\🧠 Brain Tumor MRI Dataset\classification_task\train\no_tumor\brisc2025_train_03160_no_sa_t1.jpg,D:\brain_tumor\🧠 Brain Tumor MRI Dataset\classification_task\train\no_tumor\brisc2025_train_03173_no_sa_t1.jpg
3144,3424,4,no_tumor,no_tumor,True,D:\brain_tumor\🧠 Brain Tumor MRI Dataset\classification_task\train\no_tumor\brisc2025_train_03164_no_sa_t1.jpg,D:\brain_tumor\🧠 Brain Tumor MRI Dataset\classification_task\train\no_tumor\brisc2025_train_03444_no_sa_t1.jpg
3152,3405,6,no_tumor,no_tumor,True,D:\brain_tumor\🧠 Brain Tumor MRI Dataset\classification_task\train\no_tumor\brisc2025_train_03172_no_sa_t1.jpg,D:\brain_tumor\🧠 Brain Tumor MRI Dataset\classification_task\train\no_tumor\brisc2025_train_03425_no_sa_t1.jpg
3152,3428,6,no_tumor,no_tumor,True,D:\brain_tumor\🧠 Brain Tumor MRI Dataset\classification_task\train\no_tumor\brisc2025_train_03172_no_sa_t1.jpg,D:\brain_tumor\🧠 Brain Tumor MRI Dataset\classification_task\train\no_tumor\brisc2025_train_03448_no_sa_t1.jpg
3154,3403,6,no_tumor,no_tumor,True,D:\brain_tumor\🧠 Brain Tumor MRI Dataset\classification_task\train\no_tumor\brisc2025_train_03174_no_sa_t1.jpg,D:\brain_tumor\🧠 Brain Tumor MRI Dataset\classification_task\train\no_tumor\brisc2025_train_03423_no_sa_t1.jpg
3158,3171,6,no_tumor,no_tumor,True,D:\brain_tumor\🧠 Brain Tumor MRI Dataset\classification_task\train\no_tumor\brisc2025_train_03178_no_sa_t1.jpg,D:\brain_tumor\🧠 Brain Tumor MRI Dataset\classification_task\train\no_tumor\brisc2025_train_03191_no_sa_t1.jpg
3158,3402,6,no_tumor,no_tumor,True,D:\brain_tumor\🧠 Brain Tumor MRI Dataset\classification_task\train\no_tumor\brisc2025_train_03178_no_sa_t1.jpg,D:\brain_tumor\🧠 Brain Tumor MRI Dataset\classification_task\train\no_tumor\brisc2025_train_03422_no_sa_t1.jpg
3160,3416,4,no_tumor,no_tumor,True,D:\brain_tumor\🧠 Brain Tumor MRI Dataset\classification_task\train\no_tumor\brisc2025_train_03180_no_sa_t1.jpg,D:\brain_tumor\🧠 Brain Tumor MRI Dataset\classification_task\train\no_tumor\brisc2025_train_03436_no_sa_t1.jpg
3162,3421,6,no_tumor,no_tumor,True,D:\brain_tumor\🧠 Brain Tumor MRI Dataset\classification_task\train\no_tumor\brisc2025_train_03182_no_sa_t1.jpg,D:\brain_tumor\🧠 Brain Tumor MRI Dataset\classification_task\train\no_tumor\brisc2025_train_03441_no_sa_t1.jpg
3165,3175,6,no_tumor,no_tumor,True,D:\brain_tumor\🧠 Brain Tumor MRI Dataset\classification_task\train\no_tumor\brisc2025_train_03185_no_sa_t1.jpg,D:\brain_tumor\🧠 Brain Tumor MRI Dataset\classification_task\train\no_tumor\brisc2025_train_03195_no_sa_t1.jpg
3165,3414,6,no_tumor,no_tumor,True,D:\brain_tumor\🧠 Brain Tumor MRI Dataset\classification_task\train\no_tumor\brisc2025_train_03185_no_sa_t1.jpg,D:\brain_tumor\🧠 Brain Tumor MRI Dataset\classification_task\train\no_tumor\brisc2025_train_03434_no_sa_t1.jpg
3166,3395,6,no_tumor,no_tumor,True,D:\brain_tumor\🧠 Brain Tumor MRI Dataset\classification_task\train\no_tumor\brisc2025_train_03186_no_sa_t1.jpg,D:\brain_tumor\🧠 Brain Tumor MRI Dataset\classification_task\train\no_tumor\brisc2025_train_03415_no_sa_t1.jpg
3166,3403,6,no_tumor,no_tumor,True,D:\brain_tumor\🧠 Brain Tumor MRI Dataset\classification_task\train\no_tumor\brisc2025_train_03186_no_sa_t1.jpg,D:\brain_tumor\🧠 Brain Tumor MRI Dataset\classification_task\train\no_tumor\brisc2025_train_03423_no_sa_t1.jpg
3167,3396,6,no_tumor,no_tumor,True,D:\brain_tumor\🧠 Brain Tumor MRI Dataset\classification_task\train\no_tumor\brisc2025_train_03187_no_sa_t1.jpg,D:\brain_tumor\🧠 Brain Tumor MRI Dataset\classification_task\train\no_tumor\brisc2025_train_03416_no_sa_t1.jpg
3171,3182,6,no_tumor,no_tumor,True,D:\brain_tumor\🧠 Brain Tumor MRI Dataset\classification_task\train\no_tumor\brisc2025_train_03191_no_sa_t1.jpg,D:\brain_tumor\🧠 Brain Tumor MRI Dataset\classification_task\train\no_tumor\brisc2025_train_03202_no_sa_t1.jpg
3171,3406,6,no_tumor,no_tumor,True,D:\brain_tumor\🧠 Brain Tumor MRI Dataset\classification_task\train\no_tumor\brisc2025_train_03191_no_sa_t1.jpg,D:\brain_tumor\🧠 Brain Tumor MRI Dataset\classification_task\train\no_tumor\brisc2025_train_03426_no_sa_t1.jpg
3172,3377,4,no_tumor,no_tumor,True,D:\brain_tumor\🧠 Brain Tumor MRI Dataset\classification_task\train\no_tumor\brisc2025_train_03192_no_sa_t1.jpg,D:\brain_tumor\🧠 Brain Tumor MRI Dataset\classification_task\train\no_tumor\brisc2025_train_03397_no_sa_t1.jpg
3173,3399,6,no_tumor,no_tumor,True,D:\brain_tumor\🧠 Brain Tumor MRI Dataset\classification_task\train\no_tumor\brisc2025_train_03193_no_sa_t1.jpg,D:\brain_tumor\🧠 Brain Tumor MRI Dataset\classification_task\train\no_tumor\brisc2025_train_03419_no_sa_t1.jpg
3174,3405,4,no_tumor,no_tumor,True,D:\brain_tumor\🧠 Brain Tumor MRI Dataset\classification_task\train\no_tumor\brisc2025_train_03194_no_sa_t1.jpg,D:\brain_tumor\🧠 Brain Tumor MRI Dataset\classification_task\train\no_tumor\brisc2025_train_03425_no_sa_t1.jpg
3175,3414,4,no_tumor,no_tumor,True,D:\brain_tumor\🧠 Brain Tumor MRI Dataset\classification_task\train\no_tumor\brisc2025_train_03195_no_sa_t1.jpg,D:\brain_tumor\🧠 Brain Tumor MRI Dataset\classification_task\train\no_tumor\brisc2025_train_03434_no_sa_t1.jpg
3176,3409,6,no_tumor,no_tumor,True,D:\brain_tumor\🧠 Brain Tumor MRI Dataset\classification_task\train\no_tumor\brisc2025_train_03196_no_sa_t1.jpg,D:\brain_tumor\🧠 Brain Tumor MRI Dataset\classification_task\train\no_tumor\brisc2025_train_03429_no_sa_t1.jpg
3177,3321,6,no_tumor,no_tumor,True,D:\brain_tumor\🧠 Brain Tumor MRI Dataset\classification_task\train\no_tumor\brisc2025_train_03197_no_sa_t1.jpg,D:\brain_tumor\🧠 Brain Tumor MRI Dataset\classification_task\train\no_tumor\brisc2025_train_03341_no_sa_t1.jpg
3179,3188,6,no_tumor,no_tumor,True,D:\brain_tumor\🧠 Brain Tumor MRI Dataset\classification_task\train\no_tumor\brisc2025_train_03199_no_sa_t1.jpg,D:\brain_tumor\🧠 Brain Tumor MRI Dataset\classification_task\train\no_tumor\brisc2025_train_03208_no_sa_t1.jpg
3181,3398,6,no_tumor,no_tumor,True,D:\brain_tumor\🧠 Brain Tumor MRI Dataset\classification_task\train\no_tumor\brisc2025_train_03201_no_sa_t1.jpg,D:\brain_tumor\🧠 Brain Tumor MRI Dataset\classification_task\train\no_tumor\brisc2025_train_03418_no_sa_t1.jpg
3182,3188,6,no_tumor,no_tumor,True,D:\brain_tumor\🧠 Brain Tumor MRI Dataset\classification_task\train\no_tumor\brisc2025_train_03202_no_sa_t1.jpg,D:\brain_tumor\🧠 Brain Tumor MRI Dataset\classification_task\train\no_tumor\brisc2025_train_03208_no_sa_t1.jpg
3182,3406,6,no_tumor,no_tumor,True,D:\brain_tumor\🧠 Brain Tumor MRI Dataset\classification_task\train\no_tumor\brisc2025_train_03202_no_sa_t1.jpg,D:\brain_tumor\🧠 Brain Tumor MRI Dataset\classification_task\train\no_tumor\brisc2025_train_03426_no_sa_t1.jpg
3186,3391,4,no_tumor,no_tumor,True,D:\brain_tumor\🧠 Brain Tumor MRI Dataset\classification_task\train\no_tumor\brisc2025_train_03206_no_sa_t1.jpg,D:\brain_tumor\🧠 Brain Tumor MRI Dataset\classification_task\train\no_tumor\brisc2025_train_03411_no_sa_t1.jpg
3188,3401,2,no_tumor,no_tumor,True,D:\brain_tumor\🧠 Brain Tumor MRI Dataset\classification_task\train\no_tumor\brisc2025_train_03208_no_sa_t1.jpg,D:\brain_tumor\🧠 Brain Tumor MRI Dataset\classification_task\train\no_tumor\brisc2025_train_03421_no_sa_t1.jpg
3189,3379,2,no_tumor,no_tumor,True,D:\brain_tumor\🧠 Brain Tumor MRI Dataset\classification_task\train\no_tumor\brisc2025_train_03209_no_sa_t1.jpg,D:\brain_tumor\🧠 Brain Tumor MRI Dataset\classification_task\train\no_tumor\brisc2025_train_03399_no_sa_t1.jpg
3189,3383,4,no_tumor,no_tumor,True,D:\brain_tumor\🧠 Brain Tumor MRI Dataset\classification_task\train\no_tumor\brisc2025_train_03209_no_sa_t1.jpg,D:\brain_tumor\🧠 Brain Tumor MRI Dataset\classification_task\train\no_tumor\brisc2025_train_03403_no_sa_t1.jpg
3191,3351,6,no_tumor,no_tumor,True,D:\brain_tumor\🧠 Brain Tumor MRI Dataset\classification_task\train\no_tumor\brisc2025_train_03211_no_sa_t1.jpg,D:\brain_tumor\🧠 Brain Tumor MRI Dataset\classification_task\train\no_tumor\brisc2025_train_03371_no_sa_t1.jpg
3192,3319,2,no_tumor,no_tumor,True,D:\brain_tumor\🧠 Brain Tumor MRI Dataset\classification_task\train\no_tumor\brisc2025_train_03212_no_sa_t1.jpg,D:\brain_tumor\🧠 Brain Tumor MRI Dataset\classification_task\train\no_tumor\brisc2025_train_03339_no_sa_t1.jpg
3193,3377,6,no_tumor,no_tumor,True,D:\brain_tumor\🧠 Brain Tumor MRI Dataset\classification_task\train\no_tumor\brisc2025_train_03213_no_sa_t1.jpg,D:\brain_tumor\🧠 Brain Tumor MRI Dataset\classification_task\train\no_tumor\brisc2025_train_03397_no_sa_t1.jpg
3195,3388,4,no_tumor,no_tumor,True,D:\brain_tumor\🧠 Brain Tumor MRI Dataset\classification_task\train\no_tumor\brisc2025_train_03215_no_sa_t1.jpg,D:\brain_tumor\🧠 Brain Tumor MRI Dataset\classification_task\train\no_tumor\brisc2025_train_03408_no_sa_t1.jpg
3196,3290,2,no_tumor,no_tumor,True,D:\brain_tumor\🧠 Brain Tumor MRI Dataset\classification_task\train\no_tumor\brisc2025_train_03216_no_sa_t1.jpg,D:\brain_tumor\🧠 Brain Tumor MRI Dataset\classification_task\train\no_tumor\brisc2025_train_03310_no_sa_t1.jpg
3197,3359,6,no_tumor,no_tumor,True,D:\brain_tumor\🧠 Brain Tumor MRI Dataset\classification_task\train\no_tumor\brisc2025_train_03217_no_sa_t1.jpg,D:\brain_tumor\🧠 Brain Tumor MRI Dataset\classification_task\train\no_tumor\brisc2025_train_03379_no_sa_t1.jpg
3198,3390,6,no_tumor,no_tumor,True,D:\brain_tumor\🧠 Brain Tumor MRI Dataset\classification_task\train\no_tumor\brisc2025_train_03218_no_sa_t1.jpg,D:\brain_tumor\🧠 Brain Tumor MRI Dataset\classification_task\train\no_tumor\brisc2025_train_03410_no_sa_t1.jpg
3201,3212,4,no_tumor,no_tumor,True,D:\brain_tumor\🧠 Brain Tumor MRI Dataset\classification_task\train\no_tumor\brisc2025_train_03221_no_sa_t1.jpg,D:\brain_tumor\🧠 Brain Tumor MRI Dataset\classification_task\train\no_tumor\brisc2025_train_03232_no_sa_t1.jpg
3201,3355,4,no_tumor,no_tumor,True,D:\brain_tumor\🧠 Brain Tumor MRI Dataset\classification_task\train\no_tumor\brisc2025_train_03221_no_sa_t1.jpg,D:\brain_tumor\🧠 Brain Tumor MRI Dataset\classification_task\train\no_tumor\brisc2025_train_03375_no_sa_t1.jpg
3202,3366,6,no_tumor,no_tumor,True,D:\brain_tumor\🧠 Brain Tumor MRI Dataset\classification_task\train\no_tumor\brisc2025_train_03222_no_sa_t1.jpg,D:\brain_tumor\🧠 Brain Tumor MRI Dataset\classification_task\train\no_tumor\brisc2025_train_03386_no_sa_t1.jpg
3203,3352,6,no_tumor,no_tumor,True,D:\brain_tumor\🧠 Brain Tumor MRI Dataset\classification_task\train\no_tumor\brisc2025_train_03223_no_sa_t1.jpg,D:\brain_tumor\🧠 Brain Tumor MRI Dataset\classification_task\train\no_tumor\brisc2025_train_03372_no_sa_t1.jpg
3204,3399,6,no_tumor,no_tumor,True,D:\brain_tumor\🧠 Brain Tumor MRI Dataset\classification_task\train\no_tumor\brisc2025_train_03224_no_sa_t1.jpg,D:\brain_tumor\🧠 Brain Tumor MRI Dataset\classification_task\train\no_tumor\brisc2025_train_03419_no_sa_t1.jpg
3205,3358,2,no_tumor,no_tumor,True,D:\brain_tumor\🧠 Brain Tumor MRI Dataset\classification_task\train\no_tumor\brisc2025_train_03225_no_sa_t1.jpg,D:\brain_tumor\🧠 Brain Tumor MRI Dataset\classification_task\train\no_tumor\brisc2025_train_03378_no_sa_t1.jpg
3207,3367,6,no_tumor,no_tumor,True,D:\brain_tumor\🧠 Brain Tumor MRI Dataset\classification_task\train\no_tumor\brisc2025_train_03227_no_sa_t1.jpg,D:\brain_tumor\🧠 Brain Tumor MRI Dataset\classification_task\train\no_tumor\brisc2025_train_03387_no_sa_t1.jpg
3209,3232,4,no_tumor,no_tumor,True,D:\brain_tumor\🧠 Brain Tumor MRI Dataset\classification_task\train\no_tumor\brisc2025_train_03229_no_sa_t1.jpg,D:\brain_tumor\🧠 Brain Tumor MRI Dataset\classification_task\train\no_tumor\brisc2025_train_03252_no_sa_t1.jpg
3209,3236,6,no_tumor,no_tumor,True,D:\brain_tumor\🧠 Brain Tumor MRI Dataset\classification_task\train\no_tumor\brisc2025_train_03229_no_sa_t1.jpg,D:\brain_tumor\🧠 Brain Tumor MRI Dataset\classification_task\train\no_tumor\brisc2025_train_03256_no_sa_t1.jpg
3209,3342,2,no_tumor,no_tumor,True,D:\brain_tumor\🧠 Brain Tumor MRI Dataset\classification_task\train\no_tumor\brisc2025_train_03229_no_sa_t1.jpg,D:\brain_tumor\🧠 Brain Tumor MRI Dataset\classification_task\train\no_tumor\brisc2025_train_03362_no_sa_t1.jpg
3210,3376,6,no_tumor,no_tumor,True,D:\brain_tumor\🧠 Brain Tumor MRI Dataset\classification_task\train\no_tumor\brisc2025_train_03230_no_sa_t1.jpg,D:\brain_tumor\🧠 Brain Tumor MRI Dataset\classification_task\train\no_tumor\brisc2025_train_03396_no_sa_t1.jpg
3212,3226,6,no_tumor,no_tumor,True,D:\brain_tumor\🧠 Brain Tumor MRI Dataset\classification_task\train\no_tumor\brisc2025_train_03232_no_sa_t1.jpg,D:\brain_tumor\🧠 Brain Tumor MRI Dataset\classification_task\train\no_tumor\brisc2025_train_03246_no_sa_t1.jpg
3212,3355,4,no_tumor,no_tumor,True,D:\brain_tumor\🧠 Brain Tumor MRI Dataset\classification_task\train\no_tumor\brisc2025_train_03232_no_sa_t1.jpg,D:\brain_tumor\🧠 Brain Tumor MRI Dataset\classification_task\train\no_tumor\brisc2025_train_03375_no_sa_t1.jpg
3213,3225,6,no_tumor,no_tumor,True,D:\brain_tumor\🧠 Brain Tumor MRI Dataset\classification_task\train\no_tumor\brisc2025_train_03233_no_sa_t1.jpg,D:\brain_tumor\🧠 Brain Tumor MRI Dataset\classification_task\train\no_tumor\brisc2025_train_03245_no_sa_t1.jpg
3213,3236,6,no_tumor,no_tumor,True,D:\brain_tumor\🧠 Brain Tumor MRI Dataset\classification_task\train\no_tumor\brisc2025_train_03233_no_sa_t1.jpg,D:\brain_tumor\🧠 Brain Tumor MRI Dataset\classification_task\train\no_tumor\brisc2025_train_03256_no_sa_t1.jpg
3213,3367,6,no_tumor,no_tumor,True,D:\brain_tumor\🧠 Brain Tumor MRI Dataset\classification_task\train\no_tumor\brisc2025_train_03233_no_sa_t1.jpg,D:\brain_tumor\🧠 Brain Tumor MRI Dataset\classification_task\train\no_tumor\brisc2025_train_03387_no_sa_t1.jpg
3214,3225,6,no_tumor,no_tumor,True,D:\brain_tumor\🧠 Brain Tumor MRI Dataset\classification_task\train\no_tumor\brisc2025_train_03234_no_sa_t1.jpg,D:\brain_tumor\🧠 Brain Tumor MRI Dataset\classification_task\train\no_tumor\brisc2025_train_03245_no_sa_t1.jpg
3214,3227,4,no_tumor,no_tumor,True,D:\brain_tumor\🧠 Brain Tumor MRI Dataset\classification_task\train\no_tumor\brisc2025_train_03234_no_sa_t1.jpg,D:\brain_tumor\🧠 Brain Tumor MRI Dataset\classification_task\train\no_tumor\brisc2025_train_03247_no_sa_t1.jpg
3214,3311,4,no_tumor,no_tumor,True,D:\brain_tumor\🧠 Brain Tumor MRI Dataset\classification_task\train\no_tumor\brisc2025_train_03234_no_sa_t1.jpg,D:\brain_tumor\🧠 Brain Tumor MRI Dataset\classification_task\train\no_tumor\brisc2025_train_03331_no_sa_t1.jpg
3214,3342,6,no_tumor,no_tumor,True,D:\brain_tumor\🧠 Brain Tumor MRI Dataset\classification_task\train\no_tumor\brisc2025_train_03234_no_sa_t1.jpg,D:\brain_tumor\🧠 Brain Tumor MRI Dataset\classification_task\train\no_tumor\brisc2025_train_03362_no_sa_t1.jpg
3217,3361,4,no_tumor,no_tumor,True,D:\brain_tumor\🧠 Brain Tumor MRI Dataset\classification_task\train\no_tumor\brisc2025_train_03237_no_sa_t1.jpg,D:\brain_tumor\🧠 Brain Tumor MRI Dataset\classification_task\train\no_tumor\brisc2025_train_03381_no_sa_t1.jpg
3219,3356,6,no_tumor,no_tumor,True,D:\brain_tumor\🧠 Brain Tumor MRI Dataset\classification_task\train\no_tumor\brisc2025_train_03239_no_sa_t1.jpg,D:\brain_tumor\🧠 Brain Tumor MRI Dataset\classification_task\train\no_tumor\brisc2025_train_03376_no_sa_t1.jpg
3220,3229,2,no_tumor,no_tumor,True,D:\brain_tumor\🧠 Brain Tumor MRI Dataset\classification_task\train\no_tumor\brisc2025_train_03240_no_sa_t1.jpg,D:\brain_tumor\🧠 Brain Tumor MRI Dataset\classification_task\train\no_tumor\brisc2025_train_03249_no_sa_t1.jpg
3220,3357,6,no_tumor,no_tumor,True,D:\brain_tumor\🧠 Brain Tumor MRI Dataset\classification_task\train\no_tumor\brisc2025_train_03240_no_sa_t1.jpg,D:\brain_tumor\🧠 Brain Tumor MRI Dataset\classification_task\train\no_tumor\brisc2025_train_03377_no_sa_t1.jpg
3223,3337,6,no_tumor,no_tumor,True,D:\brain_tumor\🧠 Brain Tumor MRI Dataset\classification_task\train\no_tumor\brisc2025_train_03243_no_sa_t1.jpg,D:\brain_tumor\🧠 Brain Tumor MRI Dataset\classification_task\train\no_tumor\brisc2025_train_03357_no_sa_t1.jpg
3224,3354,6,no_tumor,no_tumor,True,D:\brain_tumor\🧠 Brain Tumor MRI Dataset\classification_task\train\no_tumor\brisc2025_train_03244_no_sa_t1.jpg,D:\brain_tumor\🧠 Brain Tumor MRI Dataset\classification_task\train\no_tumor\brisc2025_train_03374_no_sa_t1.jpg
3225,3373,6,no_tumor,no_tumor,True,D:\brain_tumor\🧠 Brain Tumor MRI Dataset\classification_task\train\no_tumor\brisc2025_train_03245_no_sa_t1.jpg,D:\brain_tumor\🧠 Brain Tumor MRI Dataset\classification_task\train\no_tumor\brisc2025_train_03393_no_sa_t1.jpg
3227,3311,2,no_tumor,no_tumor,True,D:\brain_tumor\🧠 Brain Tumor MRI Dataset\classification_task\train\no_tumor\brisc2025_train_03247_no_sa_t1.jpg,D:\brain_tumor\🧠 Brain Tumor MRI Dataset\classification_task\train\no_tumor\brisc2025_train_03331_no_sa_t1.jpg
3227,3342,6,no_tumor,no_tumor,True,D:\brain_tumor\🧠 Brain Tumor MRI Dataset\classification_task\train\no_tumor\brisc2025_train_03247_no_sa_t1.jpg,D:\brain_tumor\🧠 Brain Tumor MRI Dataset\classification_task\train\no_tumor\brisc2025_train_03362_no_sa_t1.jpg
3228,3229,6,no_tumor,no_tumor,True,D:\brain_tumor\🧠 Brain Tumor MRI Dataset\classification_task\train\no_tumor\brisc2025_train_03248_no_sa_t1.jpg,D:\brain_tumor\🧠 Brain Tumor MRI Dataset\classification_task\train\no_tumor\brisc2025_train_03249_no_sa_t1.jpg
3229,3251,6,no_tumor,no_tumor,True,D:\brain_tumor\🧠 Brain Tumor MRI Dataset\classification_task\train\no_tumor\brisc2025_train_03249_no_sa_t1.jpg,D:\brain_tumor\🧠 Brain Tumor MRI Dataset\classification_task\train\no_tumor\brisc2025_train_03271_no_sa_t1.jpg
3229,3357,4,no_tumor,no_tumor,True,D:\brain_tumor\🧠 Brain Tumor MRI Dataset\classification_task\train\no_tumor\brisc2025_train_03249_no_sa_t1.jpg,D:\brain_tumor\🧠 Brain Tumor MRI Dataset\classification_task\train\no_tumor\brisc2025_train_03377_no_sa_t1.jpg
3230,3267,6,no_tumor,no_tumor,True,D:\brain_tumor\🧠 Brain Tumor MRI Dataset\classification_task\train\no_tumor\brisc2025_train_03250_no_sa_t1.jpg,D:\brain_tumor\🧠 Brain Tumor MRI Dataset\classification_task\train\no_tumor\brisc2025_train_03287_no_sa_t1.jpg
3230,3332,2,no_tumor,no_tumor,True,D:\brain_tumor\🧠 Brain Tumor MRI Dataset\classification_task\train\no_tumor\brisc2025_train_03250_no_sa_t1.jpg,D:\brain_tumor\🧠 Brain Tumor MRI Dataset\classification_task\train\no_tumor\brisc2025_train_03352_no_sa_t1.jpg
3231,3259,6,no_tumor,no_tumor,True,D:\brain_tumor\🧠 Brain Tumor MRI Dataset\classification_task\train\no_tumor\brisc2025_train_03251_no_sa_t1.jpg,D:\brain_tumor\🧠 Brain Tumor MRI Dataset\classification_task\train\no_tumor\brisc2025_train_03279_no_sa_t1.jpg
3232,3342,2,no_tumor,no_tumor,True,D:\brain_tumor\🧠 Brain Tumor MRI Dataset\classification_task\train\no_tumor\brisc2025_train_03252_no_sa_t1.jpg,D:\brain_tumor\🧠 Brain Tumor MRI Dataset\classification_task\train\no_tumor\brisc2025_train_03362_no_sa_t1.jpg
3233,3343,6,no_tumor,no_tumor,True,D:\brain_tumor\🧠 Brain Tumor MRI Dataset\classification_task\train\no_tumor\brisc2025_train_03253_no_sa_t1.jpg,D:\brain_tumor\🧠 Brain Tumor MRI Dataset\classification_task\train\no_tumor\brisc2025_train_03363_no_sa_t1.jpg
3235,3250,6,no_tumor,no_tumor,True,D:\brain_tumor\🧠 Brain Tumor MRI Dataset\classification_task\train\no_tumor\brisc2025_train_03255_no_sa_t1.jpg,D:\brain_tumor\🧠 Brain Tumor MRI Dataset\classification_task\train\no_tumor\brisc2025_train_03270_no_sa_t1.jpg
3235,3306,6,no_tumor,no_tumor,True,D:\brain_tumor\🧠 Brain Tumor MRI Dataset\classification_task\train\no_tumor\brisc2025_train_03255_no_sa_t1.jpg,D:\brain_tumor\🧠 Brain Tumor MRI Dataset\classification_task\train\no_tumor\brisc2025_train_03326_no_sa_t1.jpg
3235,3325,6,no_tumor,no_tumor,True,D:\brain_tumor\🧠 Brain Tumor MRI Dataset\classification_task\train\no_tumor\brisc2025_train_03255_no_sa_t1.jpg,D:\brain_tumor\🧠 Brain Tumor MRI Dataset\classification_task\train\no_tumor\brisc2025_train_03345_no_sa_t1.jpg
3238,3266,6,no_tumor,no_tumor,True,D:\brain_tumor\🧠 Brain Tumor MRI Dataset\classification_task\train\no_tumor\brisc2025_train_03258_no_sa_t1.jpg,D:\brain_tumor\🧠 Brain Tumor MRI Dataset\classification_task\train\no_tumor\brisc2025_train_03286_no_sa_t1.jpg
3239,3312,6,no_tumor,no_tumor,True,D:\brain_tumor\🧠 Brain Tumor MRI Dataset\classification_task\train\no_tumor\brisc2025_train_03259_no_sa_t1.jpg,D:\brain_tumor\🧠 Brain Tumor MRI Dataset\classification_task\train\no_tumor\brisc2025_train_03332_no_sa_t1.jpg
3240,3312,6,no_tumor,no_tumor,True,D:\brain_tumor\🧠 Brain Tumor MRI Dataset\classification_task\train\no_tumor\brisc2025_train_03260_no_sa_t1.jpg,D:\brain_tumor\🧠 Brain Tumor MRI Dataset\classification_task\train\no_tumor\brisc2025_train_03332_no_sa_t1.jpg
3241,3329,6,no_tumor,no_tumor,True,D:\brain_tumor\🧠 Brain Tumor MRI Dataset\classification_task\train\no_tumor\brisc2025_train_03261_no_sa_t1.jpg,D:\brain_tumor\🧠 Brain Tumor MRI Dataset\classification_task\train\no_tumor\brisc2025_train_03349_no_sa_t1.jpg
3244,3305,4,no_tumor,no_tumor,True,D:\brain_tumor\🧠 Brain Tumor MRI Dataset\classification_task\train\no_tumor\brisc2025_train_03264_no_sa_t1.jpg,D:\brain_tumor\🧠 Brain Tumor MRI Dataset\classification_task\train\no_tumor\brisc2025_train_03325_no_sa_t1.jpg
3246,3316,6,no_tumor,no_tumor,True,D:\brain_tumor\🧠 Brain Tumor MRI Dataset\classification_task\train\no_tumor\brisc2025_train_03266_no_sa_t1.jpg,D:\brain_tumor\🧠 Brain Tumor MRI Dataset\classification_task\train\no_tumor\brisc2025_train_03336_no_sa_t1.jpg
3246,3338,6,no_tumor,no_tumor,True,D:\brain_tumor\🧠 Brain Tumor MRI Dataset\classification_task\train\no_tumor\brisc2025_train_03266_no_sa_t1.jpg,D:\brain_tumor\🧠 Brain Tumor MRI Dataset\classification_task\train\no_tumor\brisc2025_train_03358_no_sa_t1.jpg
3248,3292,4,no_tumor,no_tumor,True,D:\brain_tumor\🧠 Brain Tumor MRI Dataset\classification_task\train\no_tumor\brisc2025_train_03268_no_sa_t1.jpg,D:\brain_tumor\🧠 Brain Tumor MRI Dataset\classification_task\train\no_tumor\brisc2025_train_03312_no_sa_t1.jpg
3248,3323,2,no_tumor,no_tumor,True,D:\brain_tumor\🧠 Brain Tumor MRI Dataset\classification_task\train\no_tumor\brisc2025_train_03268_no_sa_t1.jpg,D:\brain_tumor\🧠 Brain Tumor MRI Dataset\classification_task\train\no_tumor\brisc2025_train_03343_no_sa_t1.jpg
3249,3251,6,no_tumor,no_tumor,True,D:\brain_tumor\🧠 Brain Tumor MRI Dataset\classification_task\train\no_tumor\brisc2025_train_03269_no_sa_t1.jpg,D:\brain_tumor\🧠 Brain Tumor MRI Dataset\classification_task\train\no_tumor\brisc2025_train_03271_no_sa_t1.jpg
3250,3306,4,no_tumor,no_tumor,True,D:\brain_tumor\🧠 Brain Tumor MRI Dataset\classification_task\train\no_tumor\brisc2025_train_03270_no_sa_t1.jpg,D:\brain_tumor\🧠 Brain Tumor MRI Dataset\classification_task\train\no_tumor\brisc2025_train_03326_no_sa_t1.jpg
3252,3289,6,no_tumor,no_tumor,True,D:\brain_tumor\🧠 Brain Tumor MRI Dataset\classification_task\train\no_tumor\brisc2025_train_03272_no_sa_t1.jpg,D:\brain_tumor\🧠 Brain Tumor MRI Dataset\classification_task\train\no_tumor\brisc2025_train_03309_no_sa_t1.jpg
3253,3288,4,no_tumor,no_tumor,True,D:\brain_tumor\🧠 Brain Tumor MRI Dataset\classification_task\train\no_tumor\brisc2025_train_03273_no_sa_t1.jpg,D:\brain_tumor\🧠 Brain Tumor MRI Dataset\classification_task\train\no_tumor\brisc2025_train_03308_no_sa_t1.jpg
3254,3312,2,no_tumor,no_tumor,True,D:\brain_tumor\🧠 Brain Tumor MRI Dataset\classification_task\train\no_tumor\brisc2025_train_03274_no_sa_t1.jpg,D:\brain_tumor\🧠 Brain Tumor MRI Dataset\classification_task\train\no_tumor\brisc2025_train_03332_no_sa_t1.jpg
3254,3320,6,no_tumor,no_tumor,True,D:\brain_tumor\🧠 Brain Tumor MRI Dataset\classification_task\train\no_tumor\brisc2025_train_03274_no_sa_t1.jpg,D:\brain_tumor\🧠 Brain Tumor MRI Dataset\classification_task\train\no_tumor\brisc2025_train_03340_no_sa_t1.jpg
3257,3298,2,no_tumor,no_tumor,True,D:\brain_tumor\🧠 Brain Tumor MRI Dataset\classification_task\train\no_tumor\brisc2025_train_03277_no_sa_t1.jpg,D:\brain_tumor\🧠 Brain Tumor MRI Dataset\classification_task\train\no_tumor\brisc2025_train_03318_no_sa_t1.jpg
3259,3285,6,no_tumor,no_tumor,True,D:\brain_tumor\🧠 Brain Tumor MRI Dataset\classification_task\train\no_tumor\brisc2025_train_03279_no_sa_t1.jpg,D:\brain_tumor\🧠 Brain Tumor MRI Dataset\classification_task\train\no_tumor\brisc2025_train_03305_no_sa_t1.jpg
3261,3322,6,no_tumor,no_tumor,True,D:\brain_tumor\🧠 Brain Tumor MRI Dataset\classification_task\train\no_tumor\brisc2025_train_03281_no_sa_t1.jpg,D:\brain_tumor\🧠 Brain Tumor MRI Dataset\classification_task\train\no_tumor\brisc2025_train_03342_no_sa_t1.jpg
3261,3330,6,no_tumor,no_tumor,True,D:\brain_tumor\🧠 Brain Tumor MRI Dataset\classification_task\train\no_tumor\brisc2025_train_03281_no_sa_t1.jpg,D:\brain_tumor\🧠 Brain Tumor MRI Dataset\classification_task\train\no_tumor\brisc2025_train_03350_no_sa_t1.jpg
3262,3314,6,no_tumor,no_tumor,True,D:\brain_tumor\🧠 Brain Tumor MRI Dataset\classification_task\train\no_tumor\brisc2025_train_03282_no_sa_t1.jpg,D:\brain_tumor\🧠 Brain Tumor MRI Dataset\classification_task\train\no_tumor\brisc2025_train_03334_no_sa_t1.jpg
3263,3305,4,no_tumor,no_tumor,True,D:\brain_tumor\🧠 Brain Tumor MRI Dataset\classification_task\train\no_tumor\brisc2025_train_03283_no_sa_t1.jpg,D:\brain_tumor\🧠 Brain Tumor MRI Dataset\classification_task\train\no_tumor\brisc2025_train_03325_no_sa_t1.jpg
3264,3283,4,no_tumor,no_tumor,True,D:\brain_tumor\🧠 Brain Tumor MRI Dataset\classification_task\train\no_tumor\brisc2025_train_03284_no_sa_t1.jpg,D:\brain_tumor\🧠 Brain Tumor MRI Dataset\classification_task\train\no_tumor\brisc2025_train_03303_no_sa_t1.jpg
3264,3303,4,no_tumor,no_tumor,True,D:\brain_tumor\🧠 Brain Tumor MRI Dataset\classification_task\train\no_tumor\brisc2025_train_03284_no_sa_t1.jpg,D:\brain_tumor\🧠 Brain Tumor MRI Dataset\classification_task\train\no_tumor\brisc2025_train_03323_no_sa_t1.jpg
3265,3306,6,no_tumor,no_tumor,True,D:\brain_tumor\🧠 Brain Tumor MRI Dataset\classification_task\train\no_tumor\brisc2025_train_03285_no_sa_t1.jpg,D:\brain_tumor\🧠 Brain Tumor MRI Dataset\classification_task\train\no_tumor\brisc2025_train_03326_no_sa_t1.jpg
3268,3300,0,no_tumor,no_tumor,True,D:\brain_tumor\🧠 Brain Tumor MRI Dataset\classification_task\train\no_tumor\brisc2025_train_03288_no_sa_t1.jpg,D:\brain_tumor\🧠 Brain Tumor MRI Dataset\classification_task\train\no_tumor\brisc2025_train_03320_no_sa_t1.jpg
3269,3295,6,no_tumor,no_tumor,True,D:\brain_tumor\🧠 Brain Tumor MRI Dataset\classification_task\train\no_tumor\brisc2025_train_03289_no_sa_t1.jpg,D:\brain_tumor\🧠 Brain Tumor MRI Dataset\classification_task\train\no_tumor\brisc2025_train_03315_no_sa_t1.jpg
3273,3288,4,no_tumor,no_tumor,True,D:\brain_tumor\🧠 Brain Tumor MRI Dataset\classification_task\train\no_tumor\brisc2025_train_03293_no_sa_t1.jpg,D:\brain_tumor\🧠 Brain Tumor MRI Dataset\classification_task\train\no_tumor\brisc2025_train_03308_no_sa_t1.jpg
3278,3294,6,no_tumor,no_tumor,True,D:\brain_tumor\🧠 Brain Tumor MRI Dataset\classification_task\train\no_tumor\brisc2025_train_03298_no_sa_t1.jpg,D:\brain_tumor\🧠 Brain Tumor MRI Dataset\classification_task\train\no_tumor\brisc2025_train_03314_no_sa_t1.jpg
3281,3293,2,no_tumor,no_tumor,True,D:\brain_tumor\🧠 Brain Tumor MRI Dataset\classification_task\train\no_tumor\brisc2025_train_03301_no_sa_t1.jpg,D:\brain_tumor\🧠 Brain Tumor MRI Dataset\classification_task\train\no_tumor\brisc2025_train_03313_no_sa_t1.jpg
3283,3303,6,no_tumor,no_tumor,True,D:\brain_tumor\🧠 Brain Tumor MRI Dataset\classification_task\train\no_tumor\brisc2025_train_03303_no_sa_t1.jpg,D:\brain_tumor\🧠 Brain Tumor MRI Dataset\classification_task\train\no_tumor\brisc2025_train_03323_no_sa_t1.jpg
3292,3323,6,no_tumor,no_tumor,True,D:\brain_tumor\🧠 Brain Tumor MRI Dataset\classification_task\train\no_tumor\brisc2025_train_03312_no_sa_t1.jpg,D:\brain_tumor\🧠 Brain Tumor MRI Dataset\classification_task\train\no_tumor\brisc2025_train_03343_no_sa_t1.jpg
3295,3316,6,no_tumor,no_tumor,True,D:\brain_tumor\🧠 Brain Tumor MRI Dataset\classification_task\train\no_tumor\brisc2025_train_03315_no_sa_t1.jpg,D:\brain_tumor\🧠 Brain Tumor MRI Dataset\classification_task\train\no_tumor\brisc2025_train_03336_no_sa_t1.jpg
3296,3310,4,no_tumor,no_tumor,True,D:\brain_tumor\🧠 Brain Tumor MRI Dataset\classification_task\train\no_tumor\brisc2025_train_03316_no_sa_t1.jpg,D:\brain_tumor\🧠 Brain Tumor MRI Dataset\classification_task\train\no_tumor\brisc2025_train_03330_no_sa_t1.jpg
3306,3325,4,no_tumor,no_tumor,True,D:\brain_tumor\🧠 Brain Tumor MRI Dataset\classification_task\train\no_tumor\brisc2025_train_03326_no_sa_t1.jpg,D:\brain_tumor\🧠 Brain Tumor MRI Dataset\classification_task\train\no_tumor\brisc2025_train_03345_no_sa_t1.jpg
3309,3317,6,no_tumor,no_tumor,True,D:\brain_tumor\🧠 Brain Tumor MRI Dataset\classification_task\train\no_tumor\brisc2025_train_03329_no_sa_t1.jpg,D:\brain_tumor\🧠 Brain Tumor MRI Dataset\classification_task\train\no_tumor\brisc2025_train_03337_no_sa_t1.jpg
3311,3342,6,no_tumor,no_tumor,True,D:\brain_tumor\🧠 Brain Tumor MRI Dataset\classification_task\train\no_tumor\brisc2025_train_03331_no_sa_t1.jpg,D:\brain_tumor\🧠 Brain Tumor MRI Dataset\classification_task\train\no_tumor\brisc2025_train_03362_no_sa_t1.jpg
3312,3318,6,no_tumor,no_tumor,True,D:\brain_tumor\🧠 Brain Tumor MRI Dataset\classification_task\train\no_tumor\brisc2025_train_03332_no_sa_t1.jpg,D:\brain_tumor\🧠 Brain Tumor MRI Dataset\classification_task\train\no_tumor\brisc2025_train_03338_no_sa_t1.jpg
3317,3327,6,no_tumor,no_tumor,True,D:\brain_tumor\🧠 Brain Tumor MRI Dataset\classification_task\train\no_tumor\brisc2025_train_03337_no_sa_t1.jpg,D:\brain_tumor\🧠 Brain Tumor MRI Dataset\classification_task\train\no_tumor\brisc2025_train_03347_no_sa_t1.jpg
3320,3340,6,no_tumor,no_tumor,True,D:\brain_tumor\🧠 Brain Tumor MRI Dataset\classification_task\train\no_tumor\brisc2025_train_03340_no_sa_t1.jpg,D:\brain_tumor\🧠 Brain Tumor MRI Dataset\classification_task\train\no_tumor\brisc2025_train_03360_no_sa_t1.jpg
3322,3330,2,no_tumor,no_tumor,True,D:\brain_tumor\🧠 Brain Tumor MRI Dataset\classification_task\train\no_tumor\brisc2025_train_03342_no_sa_t1.jpg,D:\brain_tumor\🧠 Brain Tumor MRI Dataset\classification_task\train\no_tumor\brisc2025_train_03350_no_sa_t1.jpg
3352,3378,6,no_tumor,no_tumor,True,D:\brain_tumor\🧠 Brain Tumor MRI Dataset\classification_task\train\no_tumor\brisc2025_train_03372_no_sa_t1.jpg,D:\brain_tumor\🧠 Brain Tumor MRI Dataset\classification_task\train\no_tumor\brisc2025_train_03398_no_sa_t1.jpg
3379,3383,4,no_tumor,no_tumor,True,D:\brain_tumor\🧠 Brain Tumor MRI Dataset\classification_task\train\no_tumor\brisc2025_train_03399_no_sa_t1.jpg,D:\brain_tumor\🧠 Brain Tumor MRI Dataset\classification_task\train\no_tumor\brisc2025_train_03403_no_sa_t1.jpg
3380,3382,2,no_tumor,no_tumor,True,D:\brain_tumor\🧠 Brain Tumor MRI Dataset\classification_task\train\no_tumor\brisc2025_train_03400_no_sa_t1.jpg,D:\brain_tumor\🧠 Brain Tumor MRI Dataset\classification_task\train\no_tumor\brisc2025_train_03402_no_sa_t1.jpg
3383,3395,6,no_tumor,no_tumor,True,D:\brain_tumor\🧠 Brain Tumor MRI Dataset\classification_task\train\no_tumor\brisc2025_train_03403_no_sa_t1.jpg,D:\brain_tumor\🧠 Brain Tumor MRI Dataset\classification_task\train\no_tumor\brisc2025_train_03415_no_sa_t1.jpg
3400,3401,6,no_tumor,no_tumor,True,D:\brain_tumor\🧠 Brain Tumor MRI Dataset\classification_task\train\no_tumor\brisc2025_train_03420_no_sa_t1.jpg,D:\brain_tumor\🧠 Brain Tumor MRI Dataset\classification_task\train\no_tumor\brisc2025_train_03421_no_sa_t1.jpg
3400,3408,6,no_tumor,no_tumor,True,D:\brain_tumor\🧠 Brain Tumor MRI Dataset\classification_task\train\no_tumor\brisc2025_train_03420_no_sa_t1.jpg,D:\brain_tumor\🧠 Brain Tumor MRI Dataset\classification_task\train\no_tumor\brisc2025_train_03428_no_sa_t1.jpg
3403,3410,6,no_tumor,no_tumor,True,D:\brain_tumor\🧠 Brain Tumor MRI Dataset\classification_task\train\no_tumor\brisc2025_train_03423_no_sa_t1.jpg,D:\brain_tumor\🧠 Brain Tumor MRI Dataset\classification_task\train\no_tumor\brisc2025_train_03430_no_sa_t1.jpg
3421,3424,6,no_tumor,no_tumor,True,D:\brain_tumor\🧠 Brain Tumor MRI Dataset\classification_task\train\no_tumor\brisc2025_train_03441_no_sa_t1.jpg,D:\brain_tumor\🧠 Brain Tumor MRI Dataset\classification_task\train\no_tumor\brisc2025_train_03444_no_sa_t1.jpg
3425,3430,2,no_tumor,no_tumor,True,D:\brain_tumor\🧠 Brain Tumor MRI Dataset\classification_task\train\no_tumor\brisc2025_train_03445_no_sa_t1.jpg,D:\brain_tumor\🧠 Brain Tumor MRI Dataset\classification_task\train\no_tumor\brisc2025_train_03450_no_sa_t1.jpg
3453,3459,6,no_tumor,no_tumor,True,D:\brain_tumor\🧠 Brain Tumor MRI Dataset\classification_task\train\no_tumor\brisc2025_train_03473_no_sa_t1.jpg,D:\brain_tumor\🧠 Brain Tumor MRI Dataset\classification_task\train\no_tumor\brisc2025_train_03479_no_sa_t1.jpg
3455,3508,4,no_tumor,no_tumor,True,D:\brain_tumor\🧠 Brain Tumor MRI Dataset\classification_task\train\no_tumor\brisc2025_train_03475_no_sa_t1.jpg,D:\brain_tumor\🧠 Brain Tumor MRI Dataset\classification_task\train\no_tumor\brisc2025_train_03537_no_sa_t1.jpg
3462,3499,6,no_tumor,no_tumor,True,D:\brain_tumor\🧠 Brain Tumor MRI Dataset\classification_task\train\no_tumor\brisc2025_train_03482_no_sa_t1.jpg,D:\brain_tumor\🧠 Brain Tumor MRI Dataset\classification_task\train\no_tumor\brisc2025_train_03528_no_sa_t1.jpg
3516,3517,4,pituitary,pituitary,True,D:\brain_tumor\🧠 Brain Tumor MRI Dataset\classification_task\train\pituitary\brisc2025_train_03545_pi_ax_t1.jpg,D:\brain_tumor\🧠 Brain Tumor MRI Dataset\classification_task\train\pituitary\brisc2025_train_03546_pi_ax_t1.jpg
3517,3518,6,pituitary,pituitary,True,D:\brain_tumor\🧠 Brain Tumor MRI Dataset\classification_task\train\pituitary\brisc2025_train_03546_pi_ax_t1.jpg,D:\brain_tumor\🧠 Brain Tumor MRI Dataset\classification_task\train\pituitary\brisc2025_train_03547_pi_ax_t1.jpg
3519,3523,6,pituitary,pituitary,True,D:\brain_tumor\🧠 Brain Tumor MRI Dataset\classification_task\train\pituitary\brisc2025_train_03548_pi_ax_t1.jpg,D:\brain_tumor\🧠 Brain Tumor MRI Dataset\classification_task\train\pituitary\brisc2025_train_03552_pi_ax_t1.jpg
3531,3532,4,pituitary,pituitary,True,D:\brain_tumor\🧠 Brain Tumor MRI Dataset\classification_task\train\pituitary\brisc2025_train_03560_pi_ax_t1.jpg,D:\brain_tumor\🧠 Brain Tumor MRI Dataset\classification_task\train\pituitary\brisc2025_train_03561_pi_ax_t1.jpg
3536,3537,2,pituitary,pituitary,True,D:\brain_tumor\🧠 Brain Tumor MRI Dataset\classification_task\train\pituitary\brisc2025_train_03565_pi_ax_t1.jpg,D:\brain_tumor\🧠 Brain Tumor MRI Dataset\classification_task\train\pituitary\brisc2025_train_03566_pi_ax_t1.jpg
3536,3538,4,pituitary,pituitary,True,D:\brain_tumor\🧠 Brain Tumor MRI Dataset\classification_task\train\pituitary\brisc2025_train_03565_pi_ax_t1.jpg,D:\brain_tumor\🧠 Brain Tumor MRI Dataset\classification_task\train\pituitary\brisc2025_train_03567_pi_ax_t1.jpg
3537,3538,2,pituitary,pituitary,True,D:\brain_tumor\🧠 Brain Tumor MRI Dataset\classification_task\train\pituitary\brisc2025_train_03566_pi_ax_t1.jpg,D:\brain_tumor\🧠 Brain Tumor MRI Dataset\classification_task\train\pituitary\brisc2025_train_03567_pi_ax_t1.jpg
3539,3541,2,pituitary,pituitary,True,D:\brain_tumor\🧠 Brain Tumor MRI Dataset\classification_task\train\pituitary\brisc2025_train_03568_pi_ax_t1.jpg,D:\brain_tumor\🧠 Brain Tumor MRI Dataset\classification_task\train\pituitary\brisc2025_train_03570_pi_ax_t1.jpg
3540,3544,4,pituitary,pituitary,True,D:\brain_tumor\🧠 Brain Tumor MRI Dataset\classification_task\train\pituitary\brisc2025_train_03569_pi_ax_t1.jpg,D:\brain_tumor\🧠 Brain Tumor MRI Dataset\classification_task\train\pituitary\brisc2025_train_03573_pi_ax_t1.jpg
3541,3543,6,pituitary,pituitary,True,D:\brain_tumor\🧠 Brain Tumor MRI Dataset\classification_task\train\pituitary\brisc2025_train_03570_pi_ax_t1.jpg,D:\brain_tumor\🧠 Brain Tumor MRI Dataset\classification_task\train\pituitary\brisc2025_train_03572_pi_ax_t1.jpg
3542,3543,6,pituitary,pituitary,True,D:\brain_tumor\🧠 Brain Tumor MRI Dataset\classification_task\train\pituitary\brisc2025_train_03571_pi_ax_t1.jpg,D:\brain_tumor\🧠 Brain Tumor MRI Dataset\classification_task\train\pituitary\brisc2025_train_03572_pi_ax_t1.jpg
3552,3553,6,pituitary,pituitary,True,D:\brain_tumor\🧠 Brain Tumor MRI Dataset\classification_task\train\pituitary\brisc2025_train_03581_pi_ax_t1.jpg,D:\brain_tumor\🧠 Brain Tumor MRI Dataset\classification_task\train\pituitary\brisc2025_train_03582_pi_ax_t1.jpg
3553,3554,6,pituitary,pituitary,True,D:\brain_tumor\🧠 Brain Tumor MRI Dataset\classification_task\train\pituitary\brisc2025_train_03582_pi_ax_t1.jpg,D:\brain_tumor\🧠 Brain Tumor MRI Dataset\classification_task\train\pituitary\brisc2025_train_03583_pi_ax_t1.jpg
3557,3600,6,pituitary,pituitary,True,D:\brain_tumor\🧠 Brain Tumor MRI Dataset\classification_task\train\pituitary\brisc2025_train_03586_pi_ax_t1.jpg,D:\brain_tumor\🧠 Brain Tumor MRI Dataset\classification_task\train\pituitary\brisc2025_train_03629_pi_ax_t1.jpg
3559,3560,4,pituitary,pituitary,True,D:\brain_tumor\🧠 Brain Tumor MRI Dataset\classification_task\train\pituitary\brisc2025_train_03588_pi_ax_t1.jpg,D:\brain_tumor\🧠 Brain Tumor MRI Dataset\classification_task\train\pituitary\brisc2025_train_03589_pi_ax_t1.jpg
3560,3561,6,pituitary,pituitary,True,D:\brain_tumor\🧠 Brain Tumor MRI Dataset\classification_task\train\pituitary\brisc2025_train_03589_pi_ax_t1.jpg,D:\brain_tumor\🧠 Brain Tumor MRI Dataset\classification_task\train\pituitary\brisc2025_train_03590_pi_ax_t1.jpg
3561,3562,4,pituitary,pituitary,True,D:\brain_tumor\🧠 Brain Tumor MRI Dataset\classification_task\train\pituitary\brisc2025_train_03590_pi_ax_t1.jpg,D:\brain_tumor\🧠 Brain Tumor MRI Dataset\classification_task\train\pituitary\brisc2025_train_03591_pi_ax_t1.jpg
3568,3682,6,pituitary,pituitary,True,D:\brain_tumor\🧠 Brain Tumor MRI Dataset\classification_task\train\pituitary\brisc2025_train_03597_pi_ax_t1.jpg,D:\brain_tumor\🧠 Brain Tumor MRI Dataset\classification_task\train\pituitary\brisc2025_train_03712_pi_ax_t1.jpg
3570,3572,4,pituitary,pituitary,True,D:\brain_tumor\🧠 Brain Tumor MRI Dataset\classification_task\train\pituitary\brisc2025_train_03599_pi_ax_t1.jpg,D:\brain_tumor\🧠 Brain Tumor MRI Dataset\classification_task\train\pituitary\brisc2025_train_03601_pi_ax_t1.jpg
3571,3647,6,pituitary,pituitary,True,D:\brain_tumor\🧠 Brain Tumor MRI Dataset\classification_task\train\pituitary\brisc2025_train_03600_pi_ax_t1.jpg,D:\brain_tumor\🧠 Brain Tumor MRI Dataset\classification_task\train\pituitary\brisc2025_train_03676_pi_ax_t1.jpg
3574,3575,4,pituitary,pituitary,True,D:\brain_tumor\🧠 Brain Tumor MRI Dataset\classification_task\train\pituitary\brisc2025_train_03603_pi_ax_t1.jpg,D:\brain_tumor\🧠 Brain Tumor MRI Dataset\classification_task\train\pituitary\brisc2025_train_03604_pi_ax_t1.jpg
3576,3663,6,pituitary,pituitary,True,D:\brain_tumor\🧠 Brain Tumor MRI Dataset\classification_task\train\pituitary\brisc2025_train_03605_pi_ax_t1.jpg,D:\brain_tumor\🧠 Brain Tumor MRI Dataset\classification_task\train\pituitary\brisc2025_train_03692_pi_ax_t1.jpg
3578,3580,6,pituitary,pituitary,True,D:\brain_tumor\🧠 Brain Tumor MRI Dataset\classification_task\train\pituitary\brisc2025_train_03607_pi_ax_t1.jpg,D:\brain_tumor\🧠 Brain Tumor MRI Dataset\classification_task\train\pituitary\brisc2025_train_03609_pi_ax_t1.jpg
3578,3581,6,pituitary,pituitary,True,D:\brain_tumor\🧠 Brain Tumor MRI Dataset\classification_task\train\pituitary\brisc2025_train_03607_pi_ax_t1.jpg,D:\brain_tumor\🧠 Brain Tumor MRI Dataset\classification_task\train\pituitary\brisc2025_train_03610_pi_ax_t1.jpg
3579,3580,2,pituitary,pituitary,True,D:\brain_tumor\🧠 Brain Tumor MRI Dataset\classification_task\train\pituitary\brisc2025_train_03608_pi_ax_t1.jpg,D:\brain_tumor\🧠 Brain Tumor MRI Dataset\classification_task\train\pituitary\brisc2025_train_03609_pi_ax_t1.jpg
3579,3581,6,pituitary,pituitary,True,D:\brain_tumor\🧠 Brain Tumor MRI Dataset\classification_task\train\pituitary\brisc2025_train_03608_pi_ax_t1.jpg,D:\brain_tumor\🧠 Brain Tumor MRI Dataset\classification_task\train\pituitary\brisc2025_train_03610_pi_ax_t1.jpg
3580,3581,4,pituitary,pituitary,True,D:\brain_tumor\🧠 Brain Tumor MRI Dataset\classification_task\train\pituitary\brisc2025_train_03609_pi_ax_t1.jpg,D:\brain_tumor\🧠 Brain Tumor MRI Dataset\classification_task\train\pituitary\brisc2025_train_03610_pi_ax_t1.jpg
3582,3583,4,pituitary,pituitary,True,D:\brain_tumor\🧠 Brain Tumor MRI Dataset\classification_task\train\pituitary\brisc2025_train_03611_pi_ax_t1.jpg,D:\brain_tumor\🧠 Brain Tumor MRI Dataset\classification_task\train\pituitary\brisc2025_train_03612_pi_ax_t1.jpg
3582,3584,4,pituitary,pituitary,True,D:\brain_tumor\🧠 Brain Tumor MRI Dataset\classification_task\train\pituitary\brisc2025_train_03611_pi_ax_t1.jpg,D:\brain_tumor\🧠 Brain Tumor MRI Dataset\classification_task\train\pituitary\brisc2025_train_03613_pi_ax_t1.jpg
3583,3584,0,pituitary,pituitary,True,D:\brain_tumor\🧠 Brain Tumor MRI Dataset\classification_task\train\pituitary\brisc2025_train_03612_pi_ax_t1.jpg,D:\brain_tumor\🧠 Brain Tumor MRI Dataset\classification_task\train\pituitary\brisc2025_train_03613_pi_ax_t1.jpg
3586,3587,4,pituitary,pituitary,True,D:\brain_tumor\🧠 Brain Tumor MRI Dataset\classification_task\train\pituitary\brisc2025_train_03615_pi_ax_t1.jpg,D:\brain_tumor\🧠 Brain Tumor MRI Dataset\classification_task\train\pituitary\brisc2025_train_03616_pi_ax_t1.jpg
3591,3592,6,pituitary,pituitary,True,D:\brain_tumor\🧠 Brain Tumor MRI Dataset\classification_task\train\pituitary\brisc2025_train_03620_pi_ax_t1.jpg,D:\brain_tumor\🧠 Brain Tumor MRI Dataset\classification_task\train\pituitary\brisc2025_train_03621_pi_ax_t1.jpg
3597,3598,4,pituitary,pituitary,True,D:\brain_tumor\🧠 Brain Tumor MRI Dataset\classification_task\train\pituitary\brisc2025_train_03626_pi_ax_t1.jpg,D:\brain_tumor\🧠 Brain Tumor MRI Dataset\classification_task\train\pituitary\brisc2025_train_03627_pi_ax_t1.jpg
3601,3602,6,pituitary,pituitary,True,D:\brain_tumor\🧠 Brain Tumor MRI Dataset\classification_task\train\pituitary\brisc2025_train_03630_pi_ax_t1.jpg,D:\brain_tumor\🧠 Brain Tumor MRI Dataset\classification_task\train\pituitary\brisc2025_train_03631_pi_ax_t1.jpg
3604,3605,6,pituitary,pituitary,True,D:\brain_tumor\🧠 Brain Tumor MRI Dataset\classification_task\train\pituitary\brisc2025_train_03633_pi_ax_t1.jpg,D:\brain_tumor\🧠 Brain Tumor MRI Dataset\classification_task\train\pituitary\brisc2025_train_03634_pi_ax_t1.jpg
3605,3606,4,pituitary,pituitary,True,D:\brain_tumor\🧠 Brain Tumor MRI Dataset\classification_task\train\pituitary\brisc2025_train_03634_pi_ax_t1.jpg,D:\brain_tumor\🧠 Brain Tumor MRI Dataset\classification_task\train\pituitary\brisc2025_train_03635_pi_ax_t1.jpg
3606,3607,6,pituitary,pituitary,True,D:\brain_tumor\🧠 Brain Tumor MRI Dataset\classification_task\train\pituitary\brisc2025_train_03635_pi_ax_t1.jpg,D:\brain_tumor\🧠 Brain Tumor MRI Dataset\classification_task\train\pituitary\brisc2025_train_03636_pi_ax_t1.jpg
3610,3611,6,pituitary,pituitary,True,D:\brain_tumor\🧠 Brain Tumor MRI Dataset\classification_task\train\pituitary\brisc2025_train_03639_pi_ax_t1.jpg,D:\brain_tumor\🧠 Brain Tumor MRI Dataset\classification_task\train\pituitary\brisc2025_train_03640_pi_ax_t1.jpg
3612,3613,6,pituitary,pituitary,True,D:\brain_tumor\🧠 Brain Tumor MRI Dataset\classification_task\train\pituitary\brisc2025_train_03641_pi_ax_t1.jpg,D:\brain_tumor\🧠 Brain Tumor MRI Dataset\classification_task\train\pituitary\brisc2025_train_03642_pi_ax_t1.jpg
3623,3678,4,pituitary,pituitary,True,D:\brain_tumor\🧠 Brain Tumor MRI Dataset\classification_task\train\pituitary\brisc2025_train_03652_pi_ax_t1.jpg,D:\brain_tumor\🧠 Brain Tumor MRI Dataset\classification_task\train\pituitary\brisc2025_train_03708_pi_ax_t1.jpg
3625,3626,6,pituitary,pituitary,True,D:\brain_tumor\🧠 Brain Tumor MRI Dataset\classification_task\train\pituitary\brisc2025_train_03654_pi_ax_t1.jpg,D:\brain_tumor\🧠 Brain Tumor MRI Dataset\classification_task\train\pituitary\brisc2025_train_03655_pi_ax_t1.jpg
3628,3629,4,pituitary,pituitary,True,D:\brain_tumor\🧠 Brain Tumor MRI Dataset\classification_task\train\pituitary\brisc2025_train_03657_pi_ax_t1.jpg,D:\brain_tumor\🧠 Brain Tumor MRI Dataset\classification_task\train\pituitary\brisc2025_train_03658_pi_ax_t1.jpg
3632,3743,6,pituitary,pituitary,True,D:\brain_tumor\🧠 Brain Tumor MRI Dataset\classification_task\train\pituitary\brisc2025_train_03661_pi_ax_t1.jpg,D:\brain_tumor\🧠 Brain Tumor MRI Dataset\classification_task\train\pituitary\brisc2025_train_03774_pi_ax_t1.jpg
3633,3634,6,pituitary,pituitary,True,D:\brain_tumor\🧠 Brain Tumor MRI Dataset\classification_task\train\pituitary\brisc2025_train_03662_pi_ax_t1.jpg,D:\brain_tumor\🧠 Brain Tumor MRI Dataset\classification_task\train\pituitary\brisc2025_train_03663_pi_ax_t1.jpg
3635,3636,6,pituitary,pituitary,True,D:\brain_tumor\🧠 Brain Tumor MRI Dataset\classification_task\train\pituitary\brisc2025_train_03664_pi_ax_t1.jpg,D:\brain_tumor\🧠 Brain Tumor MRI Dataset\classification_task\train\pituitary\brisc2025_train_03665_pi_ax_t1.jpg
3636,3637,4,pituitary,pituitary,True,D:\brain_tumor\🧠 Brain Tumor MRI Dataset\classification_task\train\pituitary\brisc2025_train_03665_pi_ax_t1.jpg,D:\brain_tumor\🧠 Brain Tumor MRI Dataset\classification_task\train\pituitary\brisc2025_train_03666_pi_ax_t1.jpg
3636,3638,6,pituitary,pituitary,True,D:\brain_tumor\🧠 Brain Tumor MRI Dataset\classification_task\train\pituitary\brisc2025_train_03665_pi_ax_t1.jpg,D:\brain_tumor\🧠 Brain Tumor MRI Dataset\classification_task\train\pituitary\brisc2025_train_03667_pi_ax_t1.jpg
3637,3638,4,pituitary,pituitary,True,D:\brain_tumor\🧠 Brain Tumor MRI Dataset\classification_task\train\pituitary\brisc2025_train_03666_pi_ax_t1.jpg,D:\brain_tumor\🧠 Brain Tumor MRI Dataset\classification_task\train\pituitary\brisc2025_train_03667_pi_ax_t1.jpg
3643,3644,2,pituitary,pituitary,True,D:\brain_tumor\🧠 Brain Tumor MRI Dataset\classification_task\train\pituitary\brisc2025_train_03672_pi_ax_t1.jpg,D:\brain_tumor\🧠 Brain Tumor MRI Dataset\classification_task\train\pituitary\brisc2025_train_03673_pi_ax_t1.jpg
3649,3650,4,pituitary,pituitary,True,D:\brain_tumor\🧠 Brain Tumor MRI Dataset\classification_task\train\pituitary\brisc2025_train_03678_pi_ax_t1.jpg,D:\brain_tumor\🧠 Brain Tumor MRI Dataset\classification_task\train\pituitary\brisc2025_train_03679_pi_ax_t1.jpg
3649,3651,6,pituitary,pituitary,True,D:\brain_tumor\🧠 Brain Tumor MRI Dataset\classification_task\train\pituitary\brisc2025_train_03678_pi_ax_t1.jpg,D:\brain_tumor\🧠 Brain Tumor MRI Dataset\classification_task\train\pituitary\brisc2025_train_03680_pi_ax_t1.jpg
3650,3651,4,pituitary,pituitary,True,D:\brain_tumor\🧠 Brain Tumor MRI Dataset\classification_task\train\pituitary\brisc2025_train_03679_pi_ax_t1.jpg,D:\brain_tumor\🧠 Brain Tumor MRI Dataset\classification_task\train\pituitary\brisc2025_train_03680_pi_ax_t1.jpg
3651,3653,6,pituitary,pituitary,True,D:\brain_tumor\🧠 Brain Tumor MRI Dataset\classification_task\train\pituitary\brisc2025_train_03680_pi_ax_t1.jpg,D:\brain_tumor\🧠 Brain Tumor MRI Dataset\classification_task\train\pituitary\brisc2025_train_03682_pi_ax_t1.jpg
3652,3653,4,pituitary,pituitary,True,D:\brain_tumor\🧠 Brain Tumor MRI Dataset\classification_task\train\pituitary\brisc2025_train_03681_pi_ax_t1.jpg,D:\brain_tumor\🧠 Brain Tumor MRI Dataset\classification_task\train\pituitary\brisc2025_train_03682_pi_ax_t1.jpg
3652,3654,4,pituitary,pituitary,True,D:\brain_tumor\🧠 Brain Tumor MRI Dataset\classification_task\train\pituitary\brisc2025_train_03681_pi_ax_t1.jpg,D:\brain_tumor\🧠 Brain Tumor MRI Dataset\classification_task\train\pituitary\brisc2025_train_03683_pi_ax_t1.jpg
3653,3654,4,pituitary,pituitary,True,D:\brain_tumor\🧠 Brain Tumor MRI Dataset\classification_task\train\pituitary\brisc2025_train_03682_pi_ax_t1.jpg,D:\brain_tumor\🧠 Brain Tumor MRI Dataset\classification_task\train\pituitary\brisc2025_train_03683_pi_ax_t1.jpg
3655,3656,4,pituitary,pituitary,True,D:\brain_tumor\🧠 Brain Tumor MRI Dataset\classification_task\train\pituitary\brisc2025_train_03684_pi_ax_t1.jpg,D:\brain_tumor\🧠 Brain Tumor MRI Dataset\classification_task\train\pituitary\brisc2025_train_03685_pi_ax_t1.jpg
3659,3660,6,pituitary,pituitary,True,D:\brain_tumor\🧠 Brain Tumor MRI Dataset\classification_task\train\pituitary\brisc2025_train_03688_pi_ax_t1.jpg,D:\brain_tumor\🧠 Brain Tumor MRI Dataset\classification_task\train\pituitary\brisc2025_train_03689_pi_ax_t1.jpg
3662,3663,2,pituitary,pituitary,True,D:\brain_tumor\🧠 Brain Tumor MRI Dataset\classification_task\train\pituitary\brisc2025_train_03691_pi_ax_t1.jpg,D:\brain_tumor\🧠 Brain Tumor MRI Dataset\classification_task\train\pituitary\brisc2025_train_03692_pi_ax_t1.jpg
3670,3671,6,pituitary,pituitary,True,D:\brain_tumor\🧠 Brain Tumor MRI Dataset\classification_task\train\pituitary\brisc2025_train_03699_pi_ax_t1.jpg,D:\brain_tumor\🧠 Brain Tumor MRI Dataset\classification_task\train\pituitary\brisc2025_train_03700_pi_ax_t1.jpg
3686,3687,6,pituitary,pituitary,True,D:\brain_tumor\🧠 Brain Tumor MRI Dataset\classification_task\train\pituitary\brisc2025_train_03716_pi_ax_t1.jpg,D:\brain_tumor\🧠 Brain Tumor MRI Dataset\classification_task\train\pituitary\brisc2025_train_03717_pi_ax_t1.jpg
3688,3689,4,pituitary,pituitary,True,D:\brain_tumor\🧠 Brain Tumor MRI Dataset\classification_task\train\pituitary\brisc2025_train_03718_pi_ax_t1.jpg,D:\brain_tumor\🧠 Brain Tumor MRI Dataset\classification_task\train\pituitary\brisc2025_train_03719_pi_ax_t1.jpg
3688,3880,6,pituitary,pituitary,True,D:\brain_tumor\🧠 Brain Tumor MRI Dataset\classification_task\train\pituitary\brisc2025_train_03718_pi_ax_t1.jpg,D:\brain_tumor\🧠 Brain Tumor MRI Dataset\classification_task\train\pituitary\brisc2025_train_03911_pi_ax_t1.jpg
3689,3690,4,pituitary,pituitary,True,D:\brain_tumor\🧠 Brain Tumor MRI Dataset\classification_task\train\pituitary\brisc2025_train_03719_pi_ax_t1.jpg,D:\brain_tumor\🧠 Brain Tumor MRI Dataset\classification_task\train\pituitary\brisc2025_train_03720_pi_ax_t1.jpg
3689,3880,4,pituitary,pituitary,True,D:\brain_tumor\🧠 Brain Tumor MRI Dataset\classification_task\train\pituitary\brisc2025_train_03719_pi_ax_t1.jpg,D:\brain_tumor\🧠 Brain Tumor MRI Dataset\classification_task\train\pituitary\brisc2025_train_03911_pi_ax_t1.jpg
3689,3881,6,pituitary,pituitary,True,D:\brain_tumor\🧠 Brain Tumor MRI Dataset\classification_task\train\pituitary\brisc2025_train_03719_pi_ax_t1.jpg,D:\brain_tumor\🧠 Brain Tumor MRI Dataset\classification_task\train\pituitary\brisc2025_train_03912_pi_ax_t1.jpg
3690,3880,6,pituitary,pituitary,True,D:\brain_tumor\🧠 Brain Tumor MRI Dataset\classification_task\train\pituitary\brisc2025_train_03720_pi_ax_t1.jpg,D:\brain_tumor\🧠 Brain Tumor MRI Dataset\classification_task\train\pituitary\brisc2025_train_03911_pi_ax_t1.jpg
3693,3694,4,pituitary,pituitary,True,D:\brain_tumor\🧠 Brain Tumor MRI Dataset\classification_task\train\pituitary\brisc2025_train_03723_pi_ax_t1.jpg,D:\brain_tumor\🧠 Brain Tumor MRI Dataset\classification_task\train\pituitary\brisc2025_train_03724_pi_ax_t1.jpg
3695,3696,6,pituitary,pituitary,True,D:\brain_tumor\🧠 Brain Tumor MRI Dataset\classification_task\train\pituitary\brisc2025_train_03725_pi_ax_t1.jpg,D:\brain_tumor\🧠 Brain Tumor MRI Dataset\classification_task\train\pituitary\brisc2025_train_03726_pi_ax_t1.jpg
3698,3700,6,pituitary,pituitary,True,D:\brain_tumor\🧠 Brain Tumor MRI Dataset\classification_task\train\pituitary\brisc2025_train_03728_pi_ax_t1.jpg,D:\brain_tumor\🧠 Brain Tumor MRI Dataset\classification_task\train\pituitary\brisc2025_train_03730_pi_ax_t1.jpg
3707,3708,6,pituitary,pituitary,True,D:\brain_tumor\🧠 Brain Tumor MRI Dataset\classification_task\train\pituitary\brisc2025_train_03737_pi_ax_t1.jpg,D:\brain_tumor\🧠 Brain Tumor MRI Dataset\classification_task\train\pituitary\brisc2025_train_03738_pi_ax_t1.jpg
3714,3715,4,pituitary,pituitary,True,D:\brain_tumor\🧠 Brain Tumor MRI Dataset\classification_task\train\pituitary\brisc2025_train_03744_pi_ax_t1.jpg,D:\brain_tumor\🧠 Brain Tumor MRI Dataset\classification_task\train\pituitary\brisc2025_train_03745_pi_ax_t1.jpg
3715,3716,4,pituitary,pituitary,True,D:\brain_tumor\🧠 Brain Tumor MRI Dataset\classification_task\train\pituitary\brisc2025_train_03745_pi_ax_t1.jpg,D:\brain_tumor\🧠 Brain Tumor MRI Dataset\classification_task\train\pituitary\brisc2025_train_03746_pi_ax_t1.jpg
3717,3718,4,pituitary,pituitary,True,D:\brain_tumor\🧠 Brain Tumor MRI Dataset\classification_task\train\pituitary\brisc2025_train_03747_pi_ax_t1.jpg,D:\brain_tumor\🧠 Brain Tumor MRI Dataset\classification_task\train\pituitary\brisc2025_train_03748_pi_ax_t1.jpg
3723,3724,4,pituitary,pituitary,True,D:\brain_tumor\🧠 Brain Tumor MRI Dataset\classification_task\train\pituitary\brisc2025_train_03754_pi_ax_t1.jpg,D:\brain_tumor\🧠 Brain Tumor MRI Dataset\classification_task\train\pituitary\brisc2025_train_03755_pi_ax_t1.jpg
3724,3725,6,pituitary,pituitary,True,D:\brain_tumor\🧠 Brain Tumor MRI Dataset\classification_task\train\pituitary\brisc2025_train_03755_pi_ax_t1.jpg,D:\brain_tumor\🧠 Brain Tumor MRI Dataset\classification_task\train\pituitary\brisc2025_train_03756_pi_ax_t1.jpg
3729,3730,6,pituitary,pituitary,True,D:\brain_tumor\🧠 Brain Tumor MRI Dataset\classification_task\train\pituitary\brisc2025_train_03760_pi_ax_t1.jpg,D:\brain_tumor\🧠 Brain Tumor MRI Dataset\classification_task\train\pituitary\brisc2025_train_03761_pi_ax_t1.jpg
3730,3731,4,pituitary,pituitary,True,D:\brain_tumor\🧠 Brain Tumor MRI Dataset\classification_task\train\pituitary\brisc2025_train_03761_pi_ax_t1.jpg,D:\brain_tumor\🧠 Brain Tumor MRI Dataset\classification_task\train\pituitary\brisc2025_train_03762_pi_ax_t1.jpg
3732,3733,6,pituitary,pituitary,True,D:\brain_tumor\🧠 Brain Tumor MRI Dataset\classification_task\train\pituitary\brisc2025_train_03763_pi_ax_t1.jpg,D:\brain_tumor\🧠 Brain Tumor MRI Dataset\classification_task\train\pituitary\brisc2025_train_03764_pi_ax_t1.jpg
3733,3734,6,pituitary,pituitary,True,D:\brain_tumor\🧠 Brain Tumor MRI Dataset\classification_task\train\pituitary\brisc2025_train_03764_pi_ax_t1.jpg,D:\brain_tumor\🧠 Brain Tumor MRI Dataset\classification_task\train\pituitary\brisc2025_train_03765_pi_ax_t1.jpg
3735,3736,6,pituitary,pituitary,True,D:\brain_tumor\🧠 Brain Tumor MRI Dataset\classification_task\train\pituitary\brisc2025_train_03766_pi_ax_t1.jpg,D:\brain_tumor\🧠 Brain Tumor MRI Dataset\classification_task\train\pituitary\brisc2025_train_03767_pi_ax_t1.jpg
3737,3738,6,pituitary,pituitary,True,D:\brain_tumor\🧠 Brain Tumor MRI Dataset\classification_task\train\pituitary\brisc2025_train_03768_pi_ax_t1.jpg,D:\brain_tumor\🧠 Brain Tumor MRI Dataset\classification_task\train\pituitary\brisc2025_train_03769_pi_ax_t1.jpg
3738,3753,6,pituitary,pituitary,True,D:\brain_tumor\🧠 Brain Tumor MRI Dataset\classification_task\train\pituitary\brisc2025_train_03769_pi_ax_t1.jpg,D:\brain_tumor\🧠 Brain Tumor MRI Dataset\classification_task\train\pituitary\brisc2025_train_03784_pi_ax_t1.jpg
3740,3741,4,pituitary,pituitary,True,D:\brain_tumor\🧠 Brain Tumor MRI Dataset\classification_task\train\pituitary\brisc2025_train_03771_pi_ax_t1.jpg,D:\brain_tumor\🧠 Brain Tumor MRI Dataset\classification_task\train\pituitary\brisc2025_train_03772_pi_ax_t1.jpg
3742,3743,6,pituitary,pituitary,True,D:\brain_tumor\🧠 Brain Tumor MRI Dataset\classification_task\train\pituitary\brisc2025_train_03773_pi_ax_t1.jpg,D:\brain_tumor\🧠 Brain Tumor MRI Dataset\classification_task\train\pituitary\brisc2025_train_03774_pi_ax_t1.jpg
3742,3744,6,pituitary,pituitary,True,D:\brain_tumor\🧠 Brain Tumor MRI Dataset\classification_task\train\pituitary\brisc2025_train_03773_pi_ax_t1.jpg,D:\brain_tumor\🧠 Brain Tumor MRI Dataset\classification_task\train\pituitary\brisc2025_train_03775_pi_ax_t1.jpg
3743,3744,6,pituitary,pituitary,True,D:\brain_tumor\🧠 Brain Tumor MRI Dataset\classification_task\train\pituitary\brisc2025_train_03774_pi_ax_t1.jpg,D:\brain_tumor\🧠 Brain Tumor MRI Dataset\classification_task\train\pituitary\brisc2025_train_03775_pi_ax_t1.jpg
3744,3745,4,pituitary,pituitary,True,D:\brain_tumor\🧠 Brain Tumor MRI Dataset\classification_task\train\pituitary\brisc2025_train_03775_pi_ax_t1.jpg,D:\brain_tumor\🧠 Brain Tumor MRI Dataset\classification_task\train\pituitary\brisc2025_train_03776_pi_ax_t1.jpg
3744,3746,6,pituitary,pituitary,True,D:\brain_tumor\🧠 Brain Tumor MRI Dataset\classification_task\train\pituitary\brisc2025_train_03775_pi_ax_t1.jpg,D:\brain_tumor\🧠 Brain Tumor MRI Dataset\classification_task\train\pituitary\brisc2025_train_03777_pi_ax_t1.jpg
3745,3746,4,pituitary,pituitary,True,D:\brain_tumor\🧠 Brain Tumor MRI Dataset\classification_task\train\pituitary\brisc2025_train_03776_pi_ax_t1.jpg,D:\brain_tumor\🧠 Brain Tumor MRI Dataset\classification_task\train\pituitary\brisc2025_train_03777_pi_ax_t1.jpg
3748,3749,6,pituitary,pituitary,True,D:\brain_tumor\🧠 Brain Tumor MRI Dataset\classification_task\train\pituitary\brisc2025_train_03779_pi_ax_t1.jpg,D:\brain_tumor\🧠 Brain Tumor MRI Dataset\classification_task\train\pituitary\brisc2025_train_03780_pi_ax_t1.jpg
3750,3751,6,pituitary,pituitary,True,D:\brain_tumor\🧠 Brain Tumor MRI Dataset\classification_task\train\pituitary\brisc2025_train_03781_pi_ax_t1.jpg,D:\brain_tumor\🧠 Brain Tumor MRI Dataset\classification_task\train\pituitary\brisc2025_train_03782_pi_ax_t1.jpg
3754,3755,6,pituitary,pituitary,True,D:\brain_tumor\🧠 Brain Tumor MRI Dataset\classification_task\train\pituitary\brisc2025_train_03785_pi_ax_t1.jpg,D:\brain_tumor\🧠 Brain Tumor MRI Dataset\classification_task\train\pituitary\brisc2025_train_03786_pi_ax_t1.jpg
3755,3756,6,pituitary,pituitary,True,D:\brain_tumor\🧠 Brain Tumor MRI Dataset\classification_task\train\pituitary\brisc2025_train_03786_pi_ax_t1.jpg,D:\brain_tumor\🧠 Brain Tumor MRI Dataset\classification_task\train\pituitary\brisc2025_train_03787_pi_ax_t1.jpg
3762,3763,6,pituitary,pituitary,True,D:\brain_tumor\🧠 Brain Tumor MRI Dataset\classification_task\train\pituitary\brisc2025_train_03793_pi_ax_t1.jpg,D:\brain_tumor\🧠 Brain Tumor MRI Dataset\classification_task\train\pituitary\brisc2025_train_03794_pi_ax_t1.jpg
3763,3764,6,pituitary,pituitary,True,D:\brain_tumor\🧠 Brain Tumor MRI Dataset\classification_task\train\pituitary\brisc2025_train_03794_pi_ax_t1.jpg,D:\brain_tumor\🧠 Brain Tumor MRI Dataset\classification_task\train\pituitary\brisc2025_train_03795_pi_ax_t1.jpg
3771,3772,4,pituitary,pituitary,True,D:\brain_tumor\🧠 Brain Tumor MRI Dataset\classification_task\train\pituitary\brisc2025_train_03802_pi_ax_t1.jpg,D:\brain_tumor\🧠 Brain Tumor MRI Dataset\classification_task\train\pituitary\brisc2025_train_03803_pi_ax_t1.jpg
3774,3775,4,pituitary,pituitary,True,D:\brain_tumor\🧠 Brain Tumor MRI Dataset\classification_task\train\pituitary\brisc2025_train_03805_pi_ax_t1.jpg,D:\brain_tumor\🧠 Brain Tumor MRI Dataset\classification_task\train\pituitary\brisc2025_train_03806_pi_ax_t1.jpg
3774,3776,6,pituitary,pituitary,True,D:\brain_tumor\🧠 Brain Tumor MRI Dataset\classification_task\train\pituitary\brisc2025_train_03805_pi_ax_t1.jpg,D:\brain_tumor\🧠 Brain Tumor MRI Dataset\classification_task\train\pituitary\brisc2025_train_03807_pi_ax_t1.jpg
3775,3776,4,pituitary,pituitary,True,D:\brain_tumor\🧠 Brain Tumor MRI Dataset\classification_task\train\pituitary\brisc2025_train_03806_pi_ax_t1.jpg,D:\brain_tumor\🧠 Brain Tumor MRI Dataset\classification_task\train\pituitary\brisc2025_train_03807_pi_ax_t1.jpg
3777,3778,6,pituitary,pituitary,True,D:\brain_tumor\🧠 Brain Tumor MRI Dataset\classification_task\train\pituitary\brisc2025_train_03808_pi_ax_t1.jpg,D:\brain_tumor\🧠 Brain Tumor MRI Dataset\classification_task\train\pituitary\brisc2025_train_03809_pi_ax_t1.jpg
3781,3782,4,pituitary,pituitary,True,D:\brain_tumor\🧠 Brain Tumor MRI Dataset\classification_task\train\pituitary\brisc2025_train_03812_pi_ax_t1.jpg,D:\brain_tumor\🧠 Brain Tumor MRI Dataset\classification_task\train\pituitary\brisc2025_train_03813_pi_ax_t1.jpg
3783,3784,4,pituitary,pituitary,True,D:\brain_tumor\🧠 Brain Tumor MRI Dataset\classification_task\train\pituitary\brisc2025_train_03814_pi_ax_t1.jpg,D:\brain_tumor\🧠 Brain Tumor MRI Dataset\classification_task\train\pituitary\brisc2025_train_03815_pi_ax_t1.jpg
3784,3785,4,pituitary,pituitary,True,D:\brain_tumor\🧠 Brain Tumor MRI Dataset\classification_task\train\pituitary\brisc2025_train_03815_pi_ax_t1.jpg,D:\brain_tumor\🧠 Brain Tumor MRI Dataset\classification_task\train\pituitary\brisc2025_train_03816_pi_ax_t1.jpg
3786,3787,6,pituitary,pituitary,True,D:\brain_tumor\🧠 Brain Tumor MRI Dataset\classification_task\train\pituitary\brisc2025_train_03817_pi_ax_t1.jpg,D:\brain_tumor\🧠 Brain Tumor MRI Dataset\classification_task\train\pituitary\brisc2025_train_03818_pi_ax_t1.jpg
3801,3809,6,pituitary,pituitary,True,D:\brain_tumor\🧠 Brain Tumor MRI Dataset\classification_task\train\pituitary\brisc2025_train_03832_pi_ax_t1.jpg,D:\brain_tumor\🧠 Brain Tumor MRI Dataset\classification_task\train\pituitary\brisc2025_train_03840_pi_ax_t1.jpg
3803,3902,6,pituitary,pituitary,True,D:\brain_tumor\🧠 Brain Tumor MRI Dataset\classification_task\train\pituitary\brisc2025_train_03834_pi_ax_t1.jpg,D:\brain_tumor\🧠 Brain Tumor MRI Dataset\classification_task\train\pituitary\brisc2025_train_03933_pi_ax_t1.jpg
3804,3805,6,pituitary,pituitary,True,D:\brain_tumor\🧠 Brain Tumor MRI Dataset\classification_task\train\pituitary\brisc2025_train_03835_pi_ax_t1.jpg,D:\brain_tumor\🧠 Brain Tumor MRI Dataset\classification_task\train\pituitary\brisc2025_train_03836_pi_ax_t1.jpg
3808,3810,4,pituitary,pituitary,True,D:\brain_tumor\🧠 Brain Tumor MRI Dataset\classification_task\train\pituitary\brisc2025_train_03839_pi_ax_t1.jpg,D:\brain_tumor\🧠 Brain Tumor MRI Dataset\classification_task\train\pituitary\brisc2025_train_03841_pi_ax_t1.jpg
3809,3816,4,pituitary,pituitary,True,D:\brain_tumor\🧠 Brain Tumor MRI Dataset\classification_task\train\pituitary\brisc2025_train_03840_pi_ax_t1.jpg,D:\brain_tumor\🧠 Brain Tumor MRI Dataset\classification_task\train\pituitary\brisc2025_train_03847_pi_ax_t1.jpg
3811,3812,4,pituitary,pituitary,True,D:\brain_tumor\🧠 Brain Tumor MRI Dataset\classification_task\train\pituitary\brisc2025_train_03842_pi_ax_t1.jpg,D:\brain_tumor\🧠 Brain Tumor MRI Dataset\classification_task\train\pituitary\brisc2025_train_03843_pi_ax_t1.jpg
3812,3813,4,pituitary,pituitary,True,D:\brain_tumor\🧠 Brain Tumor MRI Dataset\classification_task\train\pituitary\brisc2025_train_03843_pi_ax_t1.jpg,D:\brain_tumor\🧠 Brain Tumor MRI Dataset\classification_task\train\pituitary\brisc2025_train_03844_pi_ax_t1.jpg
3814,3815,4,pituitary,pituitary,True,D:\brain_tumor\🧠 Brain Tumor MRI Dataset\classification_task\train\pituitary\brisc2025_train_03845_pi_ax_t1.jpg,D:\brain_tumor\🧠 Brain Tumor MRI Dataset\classification_task\train\pituitary\brisc2025_train_03846_pi_ax_t1.jpg
3818,3819,6,pituitary,pituitary,True,D:\brain_tumor\🧠 Brain Tumor MRI Dataset\classification_task\train\pituitary\brisc2025_train_03849_pi_ax_t1.jpg,D:\brain_tumor\🧠 Brain Tumor MRI Dataset\classification_task\train\pituitary\brisc2025_train_03850_pi_ax_t1.jpg
3819,3820,6,pituitary,pituitary,True,D:\brain_tumor\🧠 Brain Tumor MRI Dataset\classification_task\train\pituitary\brisc2025_train_03850_pi_ax_t1.jpg,D:\brain_tumor\🧠 Brain Tumor MRI Dataset\classification_task\train\pituitary\brisc2025_train_03851_pi_ax_t1.jpg
3825,3826,6,pituitary,pituitary,True,D:\brain_tumor\🧠 Brain Tumor MRI Dataset\classification_task\train\pituitary\brisc2025_train_03856_pi_ax_t1.jpg,D:\brain_tumor\🧠 Brain Tumor MRI Dataset\classification_task\train\pituitary\brisc2025_train_03857_pi_ax_t1.jpg
3831,3832,2,pituitary,pituitary,True,D:\brain_tumor\🧠 Brain Tumor MRI Dataset\classification_task\train\pituitary\brisc2025_train_03862_pi_ax_t1.jpg,D:\brain_tumor\🧠 Brain Tumor MRI Dataset\classification_task\train\pituitary\brisc2025_train_03863_pi_ax_t1.jpg
3836,3838,6,pituitary,pituitary,True,D:\brain_tumor\🧠 Brain Tumor MRI Dataset\classification_task\train\pituitary\brisc2025_train_03867_pi_ax_t1.jpg,D:\brain_tumor\🧠 Brain Tumor MRI Dataset\classification_task\train\pituitary\brisc2025_train_03869_pi_ax_t1.jpg
3837,3845,4,pituitary,pituitary,True,D:\brain_tumor\🧠 Brain Tumor MRI Dataset\classification_task\train\pituitary\brisc2025_train_03868_pi_ax_t1.jpg,D:\brain_tumor\🧠 Brain Tumor MRI Dataset\classification_task\train\pituitary\brisc2025_train_03876_pi_ax_t1.jpg
3840,3841,6,pituitary,pituitary,True,D:\brain_tumor\🧠 Brain Tumor MRI Dataset\classification_task\train\pituitary\brisc2025_train_03871_pi_ax_t1.jpg,D:\brain_tumor\🧠 Brain Tumor MRI Dataset\classification_task\train\pituitary\brisc2025_train_03872_pi_ax_t1.jpg
3841,3842,6,pituitary,pituitary,True,D:\brain_tumor\🧠 Brain Tumor MRI Dataset\classification_task\train\pituitary\brisc2025_train_03872_pi_ax_t1.jpg,D:\brain_tumor\🧠 Brain Tumor MRI Dataset\classification_task\train\pituitary\brisc2025_train_03873_pi_ax_t1.jpg
3848,3849,6,pituitary,pituitary,True,D:\brain_tumor\🧠 Brain Tumor MRI Dataset\classification_task\train\pituitary\brisc2025_train_03879_pi_ax_t1.jpg,D:\brain_tumor\🧠 Brain Tumor MRI Dataset\classification_task\train\pituitary\brisc2025_train_03880_pi_ax_t1.jpg
3850,3851,4,pituitary,pituitary,True,D:\brain_tumor\🧠 Brain Tumor MRI Dataset\classification_task\train\pituitary\brisc2025_train_03881_pi_ax_t1.jpg,D:\brain_tumor\🧠 Brain Tumor MRI Dataset\classification_task\train\pituitary\brisc2025_train_03882_pi_ax_t1.jpg
3860,3862,4,pituitary,pituitary,True,D:\brain_tumor\🧠 Brain Tumor MRI Dataset\classification_task\train\pituitary\brisc2025_train_03891_pi_ax_t1.jpg,D:\brain_tumor\🧠 Brain Tumor MRI Dataset\classification_task\train\pituitary\brisc2025_train_03893_pi_ax_t1.jpg
3864,3865,6,pituitary,pituitary,True,D:\brain_tumor\🧠 Brain Tumor MRI Dataset\classification_task\train\pituitary\brisc2025_train_03895_pi_ax_t1.jpg,D:\brain_tumor\🧠 Brain Tumor MRI Dataset\classification_task\train\pituitary\brisc2025_train_03896_pi_ax_t1.jpg
3870,3871,6,pituitary,pituitary,True,D:\brain_tumor\🧠 Brain Tumor MRI Dataset\classification_task\train\pituitary\brisc2025_train_03901_pi_ax_t1.jpg,D:\brain_tumor\🧠 Brain Tumor MRI Dataset\classification_task\train\pituitary\brisc2025_train_03902_pi_ax_t1.jpg
3873,3874,6,pituitary,pituitary,True,D:\brain_tumor\🧠 Brain Tumor MRI Dataset\classification_task\train\pituitary\brisc2025_train_03904_pi_ax_t1.jpg,D:\brain_tumor\🧠 Brain Tumor MRI Dataset\classification_task\train\pituitary\brisc2025_train_03905_pi_ax_t1.jpg
3876,3877,4,pituitary,pituitary,True,D:\brain_tumor\🧠 Brain Tumor MRI Dataset\classification_task\train\pituitary\brisc2025_train_03907_pi_ax_t1.jpg,D:\brain_tumor\🧠 Brain Tumor MRI Dataset\classification_task\train\pituitary\brisc2025_train_03908_pi_ax_t1.jpg
3880,3881,4,pituitary,pituitary,True,D:\brain_tumor\🧠 Brain Tumor MRI Dataset\classification_task\train\pituitary\brisc2025_train_03911_pi_ax_t1.jpg,D:\brain_tumor\🧠 Brain Tumor MRI Dataset\classification_task\train\pituitary\brisc2025_train_03912_pi_ax_t1.jpg
3884,3885,6,pituitary,pituitary,True,D:\brain_tumor\🧠 Brain Tumor MRI Dataset\classification_task\train\pituitary\brisc2025_train_03915_pi_ax_t1.jpg,D:\brain_tumor\🧠 Brain Tumor MRI Dataset\classification_task\train\pituitary\brisc2025_train_03916_pi_ax_t1.jpg
3884,3886,6,pituitary,pituitary,True,D:\brain_tumor\🧠 Brain Tumor MRI Dataset\classification_task\train\pituitary\brisc2025_train_03915_pi_ax_t1.jpg,D:\brain_tumor\🧠 Brain Tumor MRI Dataset\classification_task\train\pituitary\brisc2025_train_03917_pi_ax_t1.jpg
3885,3886,4,pituitary,pituitary,True,D:\brain_tumor\🧠 Brain Tumor MRI Dataset\classification_task\train\pituitary\brisc2025_train_03916_pi_ax_t1.jpg,D:\brain_tumor\🧠 Brain Tumor MRI Dataset\classification_task\train\pituitary\brisc2025_train_03917_pi_ax_t1.jpg
3885,3887,6,pituitary,pituitary,True,D:\brain_tumor\🧠 Brain Tumor MRI Dataset\classification_task\train\pituitary\brisc2025_train_03916_pi_ax_t1.jpg,D:\brain_tumor\🧠 Brain Tumor MRI Dataset\classification_task\train\pituitary\brisc2025_train_03918_pi_ax_t1.jpg
3886,3887,4,pituitary,pituitary,True,D:\brain_tumor\🧠 Brain Tumor MRI Dataset\classification_task\train\pituitary\brisc2025_train_03917_pi_ax_t1.jpg,D:\brain_tumor\🧠 Brain Tumor MRI Dataset\classification_task\train\pituitary\brisc2025_train_03918_pi_ax_t1.jpg
3889,3890,6,pituitary,pituitary,True,D:\brain_tumor\🧠 Brain Tumor MRI Dataset\classification_task\train\pituitary\brisc2025_train_03920_pi_ax_t1.jpg,D:\brain_tumor\🧠 Brain Tumor MRI Dataset\classification_task\train\pituitary\brisc2025_train_03921_pi_ax_t1.jpg
3897,3898,4,pituitary,pituitary,True,D:\brain_tumor\🧠 Brain Tumor MRI Dataset\classification_task\train\pituitary\brisc2025_train_03928_pi_ax_t1.jpg,D:\brain_tumor\🧠 Brain Tumor MRI Dataset\classification_task\train\pituitary\brisc2025_train_03929_pi_ax_t1.jpg
3903,3904,4,pituitary,pituitary,True,D:\brain_tumor\🧠 Brain Tumor MRI Dataset\classification_task\train\pituitary\brisc2025_train_03934_pi_ax_t1.jpg,D:\brain_tumor\🧠 Brain Tumor MRI Dataset\classification_task\train\pituitary\brisc2025_train_03935_pi_ax_t1.jpg
3904,3905,6,pituitary,pituitary,True,D:\brain_tumor\🧠 Brain Tumor MRI Dataset\classification_task\train\pituitary\brisc2025_train_03935_pi_ax_t1.jpg,D:\brain_tumor\🧠 Brain Tumor MRI Dataset\classification_task\train\pituitary\brisc2025_train_03936_pi_ax_t1.jpg
3904,3907,6,pituitary,pituitary,True,D:\brain_tumor\🧠 Brain Tumor MRI Dataset\classification_task\train\pituitary\brisc2025_train_03935_pi_ax_t1.jpg,D:\brain_tumor\🧠 Brain Tumor MRI Dataset\classification_task\train\pituitary\brisc2025_train_03938_pi_ax_t1.jpg
3906,3907,4,pituitary,pituitary,True,D:\brain_tumor\🧠 Brain Tumor MRI Dataset\classification_task\train\pituitary\brisc2025_train_03937_pi_ax_t1.jpg,D:\brain_tumor\🧠 Brain Tumor MRI Dataset\classification_task\train\pituitary\brisc2025_train_03938_pi_ax_t1.jpg
3906,3908,4,pituitary,pituitary,True,D:\brain_tumor\🧠 Brain Tumor MRI Dataset\classification_task\train\pituitary\brisc2025_train_03937_pi_ax_t1.jpg,D:\brain_tumor\🧠 Brain Tumor MRI Dataset\classification_task\train\pituitary\brisc2025_train_03939_pi_ax_t1.jpg
3907,3908,4,pituitary,pituitary,True,D:\brain_tumor\🧠 Brain Tumor MRI Dataset\classification_task\train\pituitary\brisc2025_train_03938_pi_ax_t1.jpg,D:\brain_tumor\🧠 Brain Tumor MRI Dataset\classification_task\train\pituitary\brisc2025_train_03939_pi_ax_t1.jpg
3909,3910,6,pituitary,pituitary,True,D:\brain_tumor\🧠 Brain Tumor MRI Dataset\classification_task\train\pituitary\brisc2025_train_03940_pi_ax_t1.jpg,D:\brain_tumor\🧠 Brain Tumor MRI Dataset\classification_task\train\pituitary\brisc2025_train_03941_pi_ax_t1.jpg
3916,3917,6,pituitary,pituitary,True,D:\brain_tumor\🧠 Brain Tumor MRI Dataset\classification_task\train\pituitary\brisc2025_train_03947_pi_ax_t1.jpg,D:\brain_tumor\🧠 Brain Tumor MRI Dataset\classification_task\train\pituitary\brisc2025_train_03948_pi_ax_t1.jpg
3925,3926,4,pituitary,pituitary,True,D:\brain_tumor\🧠 Brain Tumor MRI Dataset\classification_task\train\pituitary\brisc2025_train_03956_pi_ax_t1.jpg,D:\brain_tumor\🧠 Brain Tumor MRI Dataset\classification_task\train\pituitary\brisc2025_train_03957_pi_ax_t1.jpg
3933,3934,6,pituitary,pituitary,True,D:\brain_tumor\🧠 Brain Tumor MRI Dataset\classification_task\train\pituitary\brisc2025_train_03964_pi_ax_t1.jpg,D:\brain_tumor\🧠 Brain Tumor MRI Dataset\classification_task\train\pituitary\brisc2025_train_03965_pi_ax_t1.jpg
3939,3971,4,pituitary,pituitary,True,D:\brain_tumor\🧠 Brain Tumor MRI Dataset\classification_task\train\pituitary\brisc2025_train_03970_pi_co_t1.jpg,D:\brain_tumor\🧠 Brain Tumor MRI Dataset\classification_task\train\pituitary\brisc2025_train_04003_pi_co_t1.jpg
3942,3943,4,pituitary,pituitary,True,D:\brain_tumor\🧠 Brain Tumor MRI Dataset\classification_task\train\pituitary\brisc2025_train_03973_pi_co_t1.jpg,D:\brain_tumor\🧠 Brain Tumor MRI Dataset\classification_task\train\pituitary\brisc2025_train_03974_pi_co_t1.jpg
3942,3944,6,pituitary,pituitary,True,D:\brain_tumor\🧠 Brain Tumor MRI Dataset\classification_task\train\pituitary\brisc2025_train_03973_pi_co_t1.jpg,D:\brain_tumor\🧠 Brain Tumor MRI Dataset\classification_task\train\pituitary\brisc2025_train_03975_pi_co_t1.jpg
3942,3945,6,pituitary,pituitary,True,D:\brain_tumor\🧠 Brain Tumor MRI Dataset\classification_task\train\pituitary\brisc2025_train_03973_pi_co_t1.jpg,D:\brain_tumor\🧠 Brain Tumor MRI Dataset\classification_task\train\pituitary\brisc2025_train_03976_pi_co_t1.jpg
3943,3944,2,pituitary,pituitary,True,D:\brain_tumor\🧠 Brain Tumor MRI Dataset\classification_task\train\pituitary\brisc2025_train_03974_pi_co_t1.jpg,D:\brain_tumor\🧠 Brain Tumor MRI Dataset\classification_task\train\pituitary\brisc2025_train_03975_pi_co_t1.jpg
3943,3945,4,pituitary,pituitary,True,D:\brain_tumor\🧠 Brain Tumor MRI Dataset\classification_task\train\pituitary\brisc2025_train_03974_pi_co_t1.jpg,D:\brain_tumor\🧠 Brain Tumor MRI Dataset\classification_task\train\pituitary\brisc2025_train_03976_pi_co_t1.jpg
3943,4410,4,pituitary,pituitary,True,D:\brain_tumor\🧠 Brain Tumor MRI Dataset\classification_task\train\pituitary\brisc2025_train_03974_pi_co_t1.jpg,D:\brain_tumor\🧠 Brain Tumor MRI Dataset\classification_task\train\pituitary\brisc2025_train_04449_pi_co_t1.jpg
3944,3945,4,pituitary,pituitary,True,D:\brain_tumor\🧠 Brain Tumor MRI Dataset\classification_task\train\pituitary\brisc2025_train_03975_pi_co_t1.jpg,D:\brain_tumor\🧠 Brain Tumor MRI Dataset\classification_task\train\pituitary\brisc2025_train_03976_pi_co_t1.jpg
3944,4410,6,pituitary,pituitary,True,D:\brain_tumor\🧠 Brain Tumor MRI Dataset\classification_task\train\pituitary\brisc2025_train_03975_pi_co_t1.jpg,D:\brain_tumor\🧠 Brain Tumor MRI Dataset\classification_task\train\pituitary\brisc2025_train_04449_pi_co_t1.jpg
3946,3947,6,pituitary,pituitary,True,D:\brain_tumor\🧠 Brain Tumor MRI Dataset\classification_task\train\pituitary\brisc2025_train_03977_pi_co_t1.jpg,D:\brain_tumor\🧠 Brain Tumor MRI Dataset\classification_task\train\pituitary\brisc2025_train_03978_pi_co_t1.jpg
3949,3950,4,pituitary,pituitary,True,D:\brain_tumor\🧠 Brain Tumor MRI Dataset\classification_task\train\pituitary\brisc2025_train_03980_pi_co_t1.jpg,D:\brain_tumor\🧠 Brain Tumor MRI Dataset\classification_task\train\pituitary\brisc2025_train_03981_pi_co_t1.jpg
3949,3951,4,pituitary,pituitary,True,D:\brain_tumor\🧠 Brain Tumor MRI Dataset\classification_task\train\pituitary\brisc2025_train_03980_pi_co_t1.jpg,D:\brain_tumor\🧠 Brain Tumor MRI Dataset\classification_task\train\pituitary\brisc2025_train_03982_pi_co_t1.jpg
3950,3951,4,pituitary,pituitary,True,D:\brain_tumor\🧠 Brain Tumor MRI Dataset\classification_task\train\pituitary\brisc2025_train_03981_pi_co_t1.jpg,D:\brain_tumor\🧠 Brain Tumor MRI Dataset\classification_task\train\pituitary\brisc2025_train_03982_pi_co_t1.jpg
3951,4152,6,pituitary,pituitary,True,D:\brain_tumor\🧠 Brain Tumor MRI Dataset\classification_task\train\pituitary\brisc2025_train_03982_pi_co_t1.jpg,D:\brain_tumor\🧠 Brain Tumor MRI Dataset\classification_task\train\pituitary\brisc2025_train_04188_pi_co_t1.jpg
3953,3962,4,pituitary,pituitary,True,D:\brain_tumor\🧠 Brain Tumor MRI Dataset\classification_task\train\pituitary\brisc2025_train_03984_pi_co_t1.jpg,D:\brain_tumor\🧠 Brain Tumor MRI Dataset\classification_task\train\pituitary\brisc2025_train_03993_pi_co_t1.jpg
3953,3963,6,pituitary,pituitary,True,D:\brain_tumor\🧠 Brain Tumor MRI Dataset\classification_task\train\pituitary\brisc2025_train_03984_pi_co_t1.jpg,D:\brain_tumor\🧠 Brain Tumor MRI Dataset\classification_task\train\pituitary\brisc2025_train_03994_pi_co_t1.jpg
3962,3963,4,pituitary,pituitary,True,D:\brain_tumor\🧠 Brain Tumor MRI Dataset\classification_task\train\pituitary\brisc2025_train_03993_pi_co_t1.jpg,D:\brain_tumor\🧠 Brain Tumor MRI Dataset\classification_task\train\pituitary\brisc2025_train_03994_pi_co_t1.jpg
3970,4051,6,pituitary,pituitary,True,D:\brain_tumor\🧠 Brain Tumor MRI Dataset\classification_task\train\pituitary\brisc2025_train_04002_pi_co_t1.jpg,D:\brain_tumor\🧠 Brain Tumor MRI Dataset\classification_task\train\pituitary\brisc2025_train_04084_pi_co_t1.jpg
3971,3972,6,pituitary,pituitary,True,D:\brain_tumor\🧠 Brain Tumor MRI Dataset\classification_task\train\pituitary\brisc2025_train_04003_pi_co_t1.jpg,D:\brain_tumor\🧠 Brain Tumor MRI Dataset\classification_task\train\pituitary\brisc2025_train_04004_pi_co_t1.jpg
3971,4200,6,pituitary,pituitary,True,D:\brain_tumor\🧠 Brain Tumor MRI Dataset\classification_task\train\pituitary\brisc2025_train_04003_pi_co_t1.jpg,D:\brain_tumor\🧠 Brain Tumor MRI Dataset\classification_task\train\pituitary\brisc2025_train_04239_pi_co_t1.jpg
3973,3975,6,pituitary,pituitary,True,D:\brain_tumor\🧠 Brain Tumor MRI Dataset\classification_task\train\pituitary\brisc2025_train_04005_pi_co_t1.jpg,D:\brain_tumor\🧠 Brain Tumor MRI Dataset\classification_task\train\pituitary\brisc2025_train_04007_pi_co_t1.jpg
3974,3985,2,pituitary,pituitary,True,D:\brain_tumor\🧠 Brain Tumor MRI Dataset\classification_task\train\pituitary\brisc2025_train_04006_pi_co_t1.jpg,D:\brain_tumor\🧠 Brain Tumor MRI Dataset\classification_task\train\pituitary\brisc2025_train_04017_pi_co_t1.jpg
3974,3996,4,pituitary,pituitary,True,D:\brain_tumor\🧠 Brain Tumor MRI Dataset\classification_task\train\pituitary\brisc2025_train_04006_pi_co_t1.jpg,D:\brain_tumor\🧠 Brain Tumor MRI Dataset\classification_task\train\pituitary\brisc2025_train_04028_pi_co_t1.jpg
3974,4007,6,pituitary,pituitary,True,D:\brain_tumor\🧠 Brain Tumor MRI Dataset\classification_task\train\pituitary\brisc2025_train_04006_pi_co_t1.jpg,D:\brain_tumor\🧠 Brain Tumor MRI Dataset\classification_task\train\pituitary\brisc2025_train_04039_pi_co_t1.jpg
3980,3981,4,pituitary,pituitary,True,D:\brain_tumor\🧠 Brain Tumor MRI Dataset\classification_task\train\pituitary\brisc2025_train_04012_pi_co_t1.jpg,D:\brain_tumor\🧠 Brain Tumor MRI Dataset\classification_task\train\pituitary\brisc2025_train_04013_pi_co_t1.jpg
3983,3984,4,pituitary,pituitary,True,D:\brain_tumor\🧠 Brain Tumor MRI Dataset\classification_task\train\pituitary\brisc2025_train_04015_pi_co_t1.jpg,D:\brain_tumor\🧠 Brain Tumor MRI Dataset\classification_task\train\pituitary\brisc2025_train_04016_pi_co_t1.jpg
3985,3996,2,pituitary,pituitary,True,D:\brain_tumor\🧠 Brain Tumor MRI Dataset\classification_task\train\pituitary\brisc2025_train_04017_pi_co_t1.jpg,D:\brain_tumor\🧠 Brain Tumor MRI Dataset\classification_task\train\pituitary\brisc2025_train_04028_pi_co_t1.jpg
3985,4007,6,pituitary,pituitary,True,D:\brain_tumor\🧠 Brain Tumor MRI Dataset\classification_task\train\pituitary\brisc2025_train_04017_pi_co_t1.jpg,D:\brain_tumor\🧠 Brain Tumor MRI Dataset\classification_task\train\pituitary\brisc2025_train_04039_pi_co_t1.jpg
3985,4042,6,pituitary,pituitary,True,D:\brain_tumor\🧠 Brain Tumor MRI Dataset\classification_task\train\pituitary\brisc2025_train_04017_pi_co_t1.jpg,D:\brain_tumor\🧠 Brain Tumor MRI Dataset\classification_task\train\pituitary\brisc2025_train_04075_pi_co_t1.jpg
3986,3987,4,pituitary,pituitary,True,D:\brain_tumor\🧠 Brain Tumor MRI Dataset\classification_task\train\pituitary\brisc2025_train_04018_pi_co_t1.jpg,D:\brain_tumor\🧠 Brain Tumor MRI Dataset\classification_task\train\pituitary\brisc2025_train_04019_pi_co_t1.jpg
3987,3988,6,pituitary,pituitary,True,D:\brain_tumor\🧠 Brain Tumor MRI Dataset\classification_task\train\pituitary\brisc2025_train_04019_pi_co_t1.jpg,D:\brain_tumor\🧠 Brain Tumor MRI Dataset\classification_task\train\pituitary\brisc2025_train_04020_pi_co_t1.jpg
3993,3994,4,pituitary,pituitary,True,D:\brain_tumor\🧠 Brain Tumor MRI Dataset\classification_task\train\pituitary\brisc2025_train_04025_pi_co_t1.jpg,D:\brain_tumor\🧠 Brain Tumor MRI Dataset\classification_task\train\pituitary\brisc2025_train_04026_pi_co_t1.jpg
3993,3995,6,pituitary,pituitary,True,D:\brain_tumor\🧠 Brain Tumor MRI Dataset\classification_task\train\pituitary\brisc2025_train_04025_pi_co_t1.jpg,D:\brain_tumor\🧠 Brain Tumor MRI Dataset\classification_task\train\pituitary\brisc2025_train_04027_pi_co_t1.jpg
3994,3995,4,pituitary,pituitary,True,D:\brain_tumor\🧠 Brain Tumor MRI Dataset\classification_task\train\pituitary\brisc2025_train_04026_pi_co_t1.jpg,D:\brain_tumor\🧠 Brain Tumor MRI Dataset\classification_task\train\pituitary\brisc2025_train_04027_pi_co_t1.jpg
3996,4007,4,pituitary,pituitary,True,D:\brain_tumor\🧠 Brain Tumor MRI Dataset\classification_task\train\pituitary\brisc2025_train_04028_pi_co_t1.jpg,D:\brain_tumor\🧠 Brain Tumor MRI Dataset\classification_task\train\pituitary\brisc2025_train_04039_pi_co_t1.jpg
4000,4001,6,pituitary,pituitary,True,D:\brain_tumor\🧠 Brain Tumor MRI Dataset\classification_task\train\pituitary\brisc2025_train_04032_pi_co_t1.jpg,D:\brain_tumor\🧠 Brain Tumor MRI Dataset\classification_task\train\pituitary\brisc2025_train_04033_pi_co_t1.jpg
4002,4003,6,pituitary,pituitary,True,D:\brain_tumor\🧠 Brain Tumor MRI Dataset\classification_task\train\pituitary\brisc2025_train_04034_pi_co_t1.jpg,D:\brain_tumor\🧠 Brain Tumor MRI Dataset\classification_task\train\pituitary\brisc2025_train_04035_pi_co_t1.jpg
4004,4005,4,pituitary,pituitary,True,D:\brain_tumor\🧠 Brain Tumor MRI Dataset\classification_task\train\pituitary\brisc2025_train_04036_pi_co_t1.jpg,D:\brain_tumor\🧠 Brain Tumor MRI Dataset\classification_task\train\pituitary\brisc2025_train_04037_pi_co_t1.jpg
4010,4011,2,pituitary,pituitary,True,D:\brain_tumor\🧠 Brain Tumor MRI Dataset\classification_task\train\pituitary\brisc2025_train_04042_pi_co_t1.jpg,D:\brain_tumor\🧠 Brain Tumor MRI Dataset\classification_task\train\pituitary\brisc2025_train_04043_pi_co_t1.jpg
4015,4016,6,pituitary,pituitary,True,D:\brain_tumor\🧠 Brain Tumor MRI Dataset\classification_task\train\pituitary\brisc2025_train_04047_pi_co_t1.jpg,D:\brain_tumor\🧠 Brain Tumor MRI Dataset\classification_task\train\pituitary\brisc2025_train_04048_pi_co_t1.jpg
4017,4019,4,pituitary,pituitary,True,D:\brain_tumor\🧠 Brain Tumor MRI Dataset\classification_task\train\pituitary\brisc2025_train_04049_pi_co_t1.jpg,D:\brain_tumor\🧠 Brain Tumor MRI Dataset\classification_task\train\pituitary\brisc2025_train_04051_pi_co_t1.jpg
4020,4021,6,pituitary,pituitary,True,D:\brain_tumor\🧠 Brain Tumor MRI Dataset\classification_task\train\pituitary\brisc2025_train_04052_pi_co_t1.jpg,D:\brain_tumor\🧠 Brain Tumor MRI Dataset\classification_task\train\pituitary\brisc2025_train_04053_pi_co_t1.jpg
4021,4022,6,pituitary,pituitary,True,D:\brain_tumor\🧠 Brain Tumor MRI Dataset\classification_task\train\pituitary\brisc2025_train_04053_pi_co_t1.jpg,D:\brain_tumor\🧠 Brain Tumor MRI Dataset\classification_task\train\pituitary\brisc2025_train_04054_pi_co_t1.jpg
4023,4024,4,pituitary,pituitary,True,D:\brain_tumor\🧠 Brain Tumor MRI Dataset\classification_task\train\pituitary\brisc2025_train_04055_pi_co_t1.jpg,D:\brain_tumor\🧠 Brain Tumor MRI Dataset\classification_task\train\pituitary\brisc2025_train_04056_pi_co_t1.jpg
4024,4025,6,pituitary,pituitary,True,D:\brain_tumor\🧠 Brain Tumor MRI Dataset\classification_task\train\pituitary\brisc2025_train_04056_pi_co_t1.jpg,D:\brain_tumor\🧠 Brain Tumor MRI Dataset\classification_task\train\pituitary\brisc2025_train_04057_pi_co_t1.jpg
4025,4026,2,pituitary,pituitary,True,D:\brain_tumor\🧠 Brain Tumor MRI Dataset\classification_task\train\pituitary\brisc2025_train_04057_pi_co_t1.jpg,D:\brain_tumor\🧠 Brain Tumor MRI Dataset\classification_task\train\pituitary\brisc2025_train_04058_pi_co_t1.jpg
4025,4027,6,pituitary,pituitary,True,D:\brain_tumor\🧠 Brain Tumor MRI Dataset\classification_task\train\pituitary\brisc2025_train_04057_pi_co_t1.jpg,D:\brain_tumor\🧠 Brain Tumor MRI Dataset\classification_task\train\pituitary\brisc2025_train_04059_pi_co_t1.jpg
4026,4027,4,pituitary,pituitary,True,D:\brain_tumor\🧠 Brain Tumor MRI Dataset\classification_task\train\pituitary\brisc2025_train_04058_pi_co_t1.jpg,D:\brain_tumor\🧠 Brain Tumor MRI Dataset\classification_task\train\pituitary\brisc2025_train_04059_pi_co_t1.jpg
4028,4030,4,pituitary,pituitary,True,D:\brain_tumor\🧠 Brain Tumor MRI Dataset\classification_task\train\pituitary\brisc2025_train_04060_pi_co_t1.jpg,D:\brain_tumor\🧠 Brain Tumor MRI Dataset\classification_task\train\pituitary\brisc2025_train_04062_pi_co_t1.jpg
4030,4067,6,pituitary,pituitary,True,D:\brain_tumor\🧠 Brain Tumor MRI Dataset\classification_task\train\pituitary\brisc2025_train_04062_pi_co_t1.jpg,D:\brain_tumor\🧠 Brain Tumor MRI Dataset\classification_task\train\pituitary\brisc2025_train_04100_pi_co_t1.jpg
4031,4032,6,pituitary,pituitary,True,D:\brain_tumor\🧠 Brain Tumor MRI Dataset\classification_task\train\pituitary\brisc2025_train_04063_pi_co_t1.jpg,D:\brain_tumor\🧠 Brain Tumor MRI Dataset\classification_task\train\pituitary\brisc2025_train_04064_pi_co_t1.jpg
4031,4033,4,pituitary,pituitary,True,D:\brain_tumor\🧠 Brain Tumor MRI Dataset\classification_task\train\pituitary\brisc2025_train_04063_pi_co_t1.jpg,D:\brain_tumor\🧠 Brain Tumor MRI Dataset\classification_task\train\pituitary\brisc2025_train_04065_pi_co_t1.jpg
4031,4034,6,pituitary,pituitary,True,D:\brain_tumor\🧠 Brain Tumor MRI Dataset\classification_task\train\pituitary\brisc2025_train_04063_pi_co_t1.jpg,D:\brain_tumor\🧠 Brain Tumor MRI Dataset\classification_task\train\pituitary\brisc2025_train_04066_pi_co_t1.jpg
4032,4033,4,pituitary,pituitary,True,D:\brain_tumor\🧠 Brain Tumor MRI Dataset\classification_task\train\pituitary\brisc2025_train_04064_pi_co_t1.jpg,D:\brain_tumor\🧠 Brain Tumor MRI Dataset\classification_task\train\pituitary\brisc2025_train_04065_pi_co_t1.jpg
4033,4034,4,pituitary,pituitary,True,D:\brain_tumor\🧠 Brain Tumor MRI Dataset\classification_task\train\pituitary\brisc2025_train_04065_pi_co_t1.jpg,D:\brain_tumor\🧠 Brain Tumor MRI Dataset\classification_task\train\pituitary\brisc2025_train_04066_pi_co_t1.jpg
4033,4035,6,pituitary,pituitary,True,D:\brain_tumor\🧠 Brain Tumor MRI Dataset\classification_task\train\pituitary\brisc2025_train_04065_pi_co_t1.jpg,D:\brain_tumor\🧠 Brain Tumor MRI Dataset\classification_task\train\pituitary\brisc2025_train_04067_pi_co_t1.jpg
4034,4035,4,pituitary,pituitary,True,D:\brain_tumor\🧠 Brain Tumor MRI Dataset\classification_task\train\pituitary\brisc2025_train_04066_pi_co_t1.jpg,D:\brain_tumor\🧠 Brain Tumor MRI Dataset\classification_task\train\pituitary\brisc2025_train_04067_pi_co_t1.jpg
4041,4042,6,pituitary,pituitary,True,D:\brain_tumor\🧠 Brain Tumor MRI Dataset\classification_task\train\pituitary\brisc2025_train_04074_pi_co_t1.jpg,D:\brain_tumor\🧠 Brain Tumor MRI Dataset\classification_task\train\pituitary\brisc2025_train_04075_pi_co_t1.jpg
4041,4043,6,pituitary,pituitary,True,D:\brain_tumor\🧠 Brain Tumor MRI Dataset\classification_task\train\pituitary\brisc2025_train_04074_pi_co_t1.jpg,D:\brain_tumor\🧠 Brain Tumor MRI Dataset\classification_task\train\pituitary\brisc2025_train_04076_pi_co_t1.jpg
4042,4043,4,pituitary,pituitary,True,D:\brain_tumor\🧠 Brain Tumor MRI Dataset\classification_task\train\pituitary\brisc2025_train_04075_pi_co_t1.jpg,D:\brain_tumor\🧠 Brain Tumor MRI Dataset\classification_task\train\pituitary\brisc2025_train_04076_pi_co_t1.jpg
4042,4044,4,pituitary,pituitary,True,D:\brain_tumor\🧠 Brain Tumor MRI Dataset\classification_task\train\pituitary\brisc2025_train_04075_pi_co_t1.jpg,D:\brain_tumor\🧠 Brain Tumor MRI Dataset\classification_task\train\pituitary\brisc2025_train_04077_pi_co_t1.jpg
4043,4044,4,pituitary,pituitary,True,D:\brain_tumor\🧠 Brain Tumor MRI Dataset\classification_task\train\pituitary\brisc2025_train_04076_pi_co_t1.jpg,D:\brain_tumor\🧠 Brain Tumor MRI Dataset\classification_task\train\pituitary\brisc2025_train_04077_pi_co_t1.jpg
4044,4045,6,pituitary,pituitary,True,D:\brain_tumor\🧠 Brain Tumor MRI Dataset\classification_task\train\pituitary\brisc2025_train_04077_pi_co_t1.jpg,D:\brain_tumor\🧠 Brain Tumor MRI Dataset\classification_task\train\pituitary\brisc2025_train_04078_pi_co_t1.jpg
4049,4051,4,pituitary,pituitary,True,D:\brain_tumor\🧠 Brain Tumor MRI Dataset\classification_task\train\pituitary\brisc2025_train_04082_pi_co_t1.jpg,D:\brain_tumor\🧠 Brain Tumor MRI Dataset\classification_task\train\pituitary\brisc2025_train_04084_pi_co_t1.jpg
4054,4061,4,pituitary,pituitary,True,D:\brain_tumor\🧠 Brain Tumor MRI Dataset\classification_task\train\pituitary\brisc2025_train_04087_pi_co_t1.jpg,D:\brain_tumor\🧠 Brain Tumor MRI Dataset\classification_task\train\pituitary\brisc2025_train_04094_pi_co_t1.jpg
4055,4056,6,pituitary,pituitary,True,D:\brain_tumor\🧠 Brain Tumor MRI Dataset\classification_task\train\pituitary\brisc2025_train_04088_pi_co_t1.jpg,D:\brain_tumor\🧠 Brain Tumor MRI Dataset\classification_task\train\pituitary\brisc2025_train_04089_pi_co_t1.jpg
4055,4059,4,pituitary,pituitary,True,D:\brain_tumor\🧠 Brain Tumor MRI Dataset\classification_task\train\pituitary\brisc2025_train_04088_pi_co_t1.jpg,D:\brain_tumor\🧠 Brain Tumor MRI Dataset\classification_task\train\pituitary\brisc2025_train_04092_pi_co_t1.jpg
4058,4060,6,pituitary,pituitary,True,D:\brain_tumor\🧠 Brain Tumor MRI Dataset\classification_task\train\pituitary\brisc2025_train_04091_pi_co_t1.jpg,D:\brain_tumor\🧠 Brain Tumor MRI Dataset\classification_task\train\pituitary\brisc2025_train_04093_pi_co_t1.jpg
4059,4138,6,pituitary,pituitary,True,D:\brain_tumor\🧠 Brain Tumor MRI Dataset\classification_task\train\pituitary\brisc2025_train_04092_pi_co_t1.jpg,D:\brain_tumor\🧠 Brain Tumor MRI Dataset\classification_task\train\pituitary\brisc2025_train_04171_pi_co_t1.jpg
4062,4063,6,pituitary,pituitary,True,D:\brain_tumor\🧠 Brain Tumor MRI Dataset\classification_task\train\pituitary\brisc2025_train_04095_pi_co_t1.jpg,D:\brain_tumor\🧠 Brain Tumor MRI Dataset\classification_task\train\pituitary\brisc2025_train_04096_pi_co_t1.jpg
4063,4064,4,pituitary,pituitary,True,D:\brain_tumor\🧠 Brain Tumor MRI Dataset\classification_task\train\pituitary\brisc2025_train_04096_pi_co_t1.jpg,D:\brain_tumor\🧠 Brain Tumor MRI Dataset\classification_task\train\pituitary\brisc2025_train_04097_pi_co_t1.jpg
4066,4067,4,pituitary,pituitary,True,D:\brain_tumor\🧠 Brain Tumor MRI Dataset\classification_task\train\pituitary\brisc2025_train_04099_pi_co_t1.jpg,D:\brain_tumor\🧠 Brain Tumor MRI Dataset\classification_task\train\pituitary\brisc2025_train_04100_pi_co_t1.jpg
4072,4073,6,pituitary,pituitary,True,D:\brain_tumor\🧠 Brain Tumor MRI Dataset\classification_task\train\pituitary\brisc2025_train_04105_pi_co_t1.jpg,D:\brain_tumor\🧠 Brain Tumor MRI Dataset\classification_task\train\pituitary\brisc2025_train_04106_pi_co_t1.jpg
4077,4078,6,pituitary,pituitary,True,D:\brain_tumor\🧠 Brain Tumor MRI Dataset\classification_task\train\pituitary\brisc2025_train_04110_pi_co_t1.jpg,D:\brain_tumor\🧠 Brain Tumor MRI Dataset\classification_task\train\pituitary\brisc2025_train_04111_pi_co_t1.jpg
4078,4079,6,pituitary,pituitary,True,D:\brain_tumor\🧠 Brain Tumor MRI Dataset\classification_task\train\pituitary\brisc2025_train_04111_pi_co_t1.jpg,D:\brain_tumor\🧠 Brain Tumor MRI Dataset\classification_task\train\pituitary\brisc2025_train_04112_pi_co_t1.jpg
4082,4093,4,pituitary,pituitary,True,D:\brain_tumor\🧠 Brain Tumor MRI Dataset\classification_task\train\pituitary\brisc2025_train_04115_pi_co_t1.jpg,D:\brain_tumor\🧠 Brain Tumor MRI Dataset\classification_task\train\pituitary\brisc2025_train_04126_pi_co_t1.jpg
4082,4104,4,pituitary,pituitary,True,D:\brain_tumor\🧠 Brain Tumor MRI Dataset\classification_task\train\pituitary\brisc2025_train_04115_pi_co_t1.jpg,D:\brain_tumor\🧠 Brain Tumor MRI Dataset\classification_task\train\pituitary\brisc2025_train_04137_pi_co_t1.jpg
4086,4087,4,pituitary,pituitary,True,D:\brain_tumor\🧠 Brain Tumor MRI Dataset\classification_task\train\pituitary\brisc2025_train_04119_pi_co_t1.jpg,D:\brain_tumor\🧠 Brain Tumor MRI Dataset\classification_task\train\pituitary\brisc2025_train_04120_pi_co_t1.jpg
4086,4088,6,pituitary,pituitary,True,D:\brain_tumor\🧠 Brain Tumor MRI Dataset\classification_task\train\pituitary\brisc2025_train_04119_pi_co_t1.jpg,D:\brain_tumor\🧠 Brain Tumor MRI Dataset\classification_task\train\pituitary\brisc2025_train_04121_pi_co_t1.jpg
4086,4089,6,pituitary,pituitary,True,D:\brain_tumor\🧠 Brain Tumor MRI Dataset\classification_task\train\pituitary\brisc2025_train_04119_pi_co_t1.jpg,D:\brain_tumor\🧠 Brain Tumor MRI Dataset\classification_task\train\pituitary\brisc2025_train_04122_pi_co_t1.jpg
4087,4088,2,pituitary,pituitary,True,D:\brain_tumor\🧠 Brain Tumor MRI Dataset\classification_task\train\pituitary\brisc2025_train_04120_pi_co_t1.jpg,D:\brain_tumor\🧠 Brain Tumor MRI Dataset\classification_task\train\pituitary\brisc2025_train_04121_pi_co_t1.jpg
4087,4089,4,pituitary,pituitary,True,D:\brain_tumor\🧠 Brain Tumor MRI Dataset\classification_task\train\pituitary\brisc2025_train_04120_pi_co_t1.jpg,D:\brain_tumor\🧠 Brain Tumor MRI Dataset\classification_task\train\pituitary\brisc2025_train_04122_pi_co_t1.jpg
4088,4089,4,pituitary,pituitary,True,D:\brain_tumor\🧠 Brain Tumor MRI Dataset\classification_task\train\pituitary\brisc2025_train_04121_pi_co_t1.jpg,D:\brain_tumor\🧠 Brain Tumor MRI Dataset\classification_task\train\pituitary\brisc2025_train_04122_pi_co_t1.jpg
4093,4104,4,pituitary,pituitary,True,D:\brain_tumor\🧠 Brain Tumor MRI Dataset\classification_task\train\pituitary\brisc2025_train_04126_pi_co_t1.jpg,D:\brain_tumor\🧠 Brain Tumor MRI Dataset\classification_task\train\pituitary\brisc2025_train_04137_pi_co_t1.jpg
4098,4099,4,pituitary,pituitary,True,D:\brain_tumor\🧠 Brain Tumor MRI Dataset\classification_task\train\pituitary\brisc2025_train_04131_pi_co_t1.jpg,D:\brain_tumor\🧠 Brain Tumor MRI Dataset\classification_task\train\pituitary\brisc2025_train_04132_pi_co_t1.jpg
4099,4100,6,pituitary,pituitary,True,D:\brain_tumor\🧠 Brain Tumor MRI Dataset\classification_task\train\pituitary\brisc2025_train_04132_pi_co_t1.jpg,D:\brain_tumor\🧠 Brain Tumor MRI Dataset\classification_task\train\pituitary\brisc2025_train_04133_pi_co_t1.jpg
4104,4338,6,pituitary,pituitary,True,D:\brain_tumor\🧠 Brain Tumor MRI Dataset\classification_task\train\pituitary\brisc2025_train_04137_pi_co_t1.jpg,D:\brain_tumor\🧠 Brain Tumor MRI Dataset\classification_task\train\pituitary\brisc2025_train_04377_pi_co_t1.jpg
4110,4111,4,pituitary,pituitary,True,D:\brain_tumor\🧠 Brain Tumor MRI Dataset\classification_task\train\pituitary\brisc2025_train_04143_pi_co_t1.jpg,D:\brain_tumor\🧠 Brain Tumor MRI Dataset\classification_task\train\pituitary\brisc2025_train_04144_pi_co_t1.jpg
4111,4112,4,pituitary,pituitary,True,D:\brain_tumor\🧠 Brain Tumor MRI Dataset\classification_task\train\pituitary\brisc2025_train_04144_pi_co_t1.jpg,D:\brain_tumor\🧠 Brain Tumor MRI Dataset\classification_task\train\pituitary\brisc2025_train_04145_pi_co_t1.jpg
4113,4114,2,pituitary,pituitary,True,D:\brain_tumor\🧠 Brain Tumor MRI Dataset\classification_task\train\pituitary\brisc2025_train_04146_pi_co_t1.jpg,D:\brain_tumor\🧠 Brain Tumor MRI Dataset\classification_task\train\pituitary\brisc2025_train_04147_pi_co_t1.jpg
4117,4118,6,pituitary,pituitary,True,D:\brain_tumor\🧠 Brain Tumor MRI Dataset\classification_task\train\pituitary\brisc2025_train_04150_pi_co_t1.jpg,D:\brain_tumor\🧠 Brain Tumor MRI Dataset\classification_task\train\pituitary\brisc2025_train_04151_pi_co_t1.jpg
4118,4119,4,pituitary,pituitary,True,D:\brain_tumor\🧠 Brain Tumor MRI Dataset\classification_task\train\pituitary\brisc2025_train_04151_pi_co_t1.jpg,D:\brain_tumor\🧠 Brain Tumor MRI Dataset\classification_task\train\pituitary\brisc2025_train_04152_pi_co_t1.jpg
4119,4120,4,pituitary,pituitary,True,D:\brain_tumor\🧠 Brain Tumor MRI Dataset\classification_task\train\pituitary\brisc2025_train_04152_pi_co_t1.jpg,D:\brain_tumor\🧠 Brain Tumor MRI Dataset\classification_task\train\pituitary\brisc2025_train_04153_pi_co_t1.jpg
4122,4123,6,pituitary,pituitary,True,D:\brain_tumor\🧠 Brain Tumor MRI Dataset\classification_task\train\pituitary\brisc2025_train_04155_pi_co_t1.jpg,D:\brain_tumor\🧠 Brain Tumor MRI Dataset\classification_task\train\pituitary\brisc2025_train_04156_pi_co_t1.jpg
4123,4124,6,pituitary,pituitary,True,D:\brain_tumor\🧠 Brain Tumor MRI Dataset\classification_task\train\pituitary\brisc2025_train_04156_pi_co_t1.jpg,D:\brain_tumor\🧠 Brain Tumor MRI Dataset\classification_task\train\pituitary\brisc2025_train_04157_pi_co_t1.jpg
4124,4125,6,pituitary,pituitary,True,D:\brain_tumor\🧠 Brain Tumor MRI Dataset\classification_task\train\pituitary\brisc2025_train_04157_pi_co_t1.jpg,D:\brain_tumor\🧠 Brain Tumor MRI Dataset\classification_task\train\pituitary\brisc2025_train_04158_pi_co_t1.jpg
4126,4137,2,pituitary,pituitary,True,D:\brain_tumor\🧠 Brain Tumor MRI Dataset\classification_task\train\pituitary\brisc2025_train_04159_pi_co_t1.jpg,D:\brain_tumor\🧠 Brain Tumor MRI Dataset\classification_task\train\pituitary\brisc2025_train_04170_pi_co_t1.jpg
4126,4141,2,pituitary,pituitary,True,D:\brain_tumor\🧠 Brain Tumor MRI Dataset\classification_task\train\pituitary\brisc2025_train_04159_pi_co_t1.jpg,D:\brain_tumor\🧠 Brain Tumor MRI Dataset\classification_task\train\pituitary\brisc2025_train_04174_pi_co_t1.jpg
4129,4130,6,pituitary,pituitary,True,D:\brain_tumor\🧠 Brain Tumor MRI Dataset\classification_task\train\pituitary\brisc2025_train_04162_pi_co_t1.jpg,D:\brain_tumor\🧠 Brain Tumor MRI Dataset\classification_task\train\pituitary\brisc2025_train_04163_pi_co_t1.jpg
4132,4133,6,pituitary,pituitary,True,D:\brain_tumor\🧠 Brain Tumor MRI Dataset\classification_task\train\pituitary\brisc2025_train_04165_pi_co_t1.jpg,D:\brain_tumor\🧠 Brain Tumor MRI Dataset\classification_task\train\pituitary\brisc2025_train_04166_pi_co_t1.jpg
4133,4134,6,pituitary,pituitary,True,D:\brain_tumor\🧠 Brain Tumor MRI Dataset\classification_task\train\pituitary\brisc2025_train_04166_pi_co_t1.jpg,D:\brain_tumor\🧠 Brain Tumor MRI Dataset\classification_task\train\pituitary\brisc2025_train_04167_pi_co_t1.jpg
4137,4141,4,pituitary,pituitary,True,D:\brain_tumor\🧠 Brain Tumor MRI Dataset\classification_task\train\pituitary\brisc2025_train_04170_pi_co_t1.jpg,D:\brain_tumor\🧠 Brain Tumor MRI Dataset\classification_task\train\pituitary\brisc2025_train_04174_pi_co_t1.jpg
4139,4140,6,pituitary,pituitary,True,D:\brain_tumor\🧠 Brain Tumor MRI Dataset\classification_task\train\pituitary\brisc2025_train_04172_pi_co_t1.jpg,D:\brain_tumor\🧠 Brain Tumor MRI Dataset\classification_task\train\pituitary\brisc2025_train_04173_pi_co_t1.jpg
4149,4150,4,pituitary,pituitary,True,D:\brain_tumor\🧠 Brain Tumor MRI Dataset\classification_task\train\pituitary\brisc2025_train_04185_pi_co_t1.jpg,D:\brain_tumor\🧠 Brain Tumor MRI Dataset\classification_task\train\pituitary\brisc2025_train_04186_pi_co_t1.jpg
4150,4152,4,pituitary,pituitary,True,D:\brain_tumor\🧠 Brain Tumor MRI Dataset\classification_task\train\pituitary\brisc2025_train_04186_pi_co_t1.jpg,D:\brain_tumor\🧠 Brain Tumor MRI Dataset\classification_task\train\pituitary\brisc2025_train_04188_pi_co_t1.jpg
4151,4152,4,pituitary,pituitary,True,D:\brain_tumor\🧠 Brain Tumor MRI Dataset\classification_task\train\pituitary\brisc2025_train_04187_pi_co_t1.jpg,D:\brain_tumor\🧠 Brain Tumor MRI Dataset\classification_task\train\pituitary\brisc2025_train_04188_pi_co_t1.jpg
4161,4162,6,pituitary,pituitary,True,D:\brain_tumor\🧠 Brain Tumor MRI Dataset\classification_task\train\pituitary\brisc2025_train_04198_pi_co_t1.jpg,D:\brain_tumor\🧠 Brain Tumor MRI Dataset\classification_task\train\pituitary\brisc2025_train_04199_pi_co_t1.jpg
4168,4169,4,pituitary,pituitary,True,D:\brain_tumor\🧠 Brain Tumor MRI Dataset\classification_task\train\pituitary\brisc2025_train_04206_pi_co_t1.jpg,D:\brain_tumor\🧠 Brain Tumor MRI Dataset\classification_task\train\pituitary\brisc2025_train_04207_pi_co_t1.jpg
4173,4174,6,pituitary,pituitary,True,D:\brain_tumor\🧠 Brain Tumor MRI Dataset\classification_task\train\pituitary\brisc2025_train_04211_pi_co_t1.jpg,D:\brain_tumor\🧠 Brain Tumor MRI Dataset\classification_task\train\pituitary\brisc2025_train_04212_pi_co_t1.jpg
4180,4181,6,pituitary,pituitary,True,D:\brain_tumor\🧠 Brain Tumor MRI Dataset\classification_task\train\pituitary\brisc2025_train_04219_pi_co_t1.jpg,D:\brain_tumor\🧠 Brain Tumor MRI Dataset\classification_task\train\pituitary\brisc2025_train_04220_pi_co_t1.jpg
4181,4182,6,pituitary,pituitary,True,D:\brain_tumor\🧠 Brain Tumor MRI Dataset\classification_task\train\pituitary\brisc2025_train_04220_pi_co_t1.jpg,D:\brain_tumor\🧠 Brain Tumor MRI Dataset\classification_task\train\pituitary\brisc2025_train_04221_pi_co_t1.jpg
4183,4184,6,pituitary,pituitary,True,D:\brain_tumor\🧠 Brain Tumor MRI Dataset\classification_task\train\pituitary\brisc2025_train_04222_pi_co_t1.jpg,D:\brain_tumor\🧠 Brain Tumor MRI Dataset\classification_task\train\pituitary\brisc2025_train_04223_pi_co_t1.jpg
4183,4185,6,pituitary,pituitary,True,D:\brain_tumor\🧠 Brain Tumor MRI Dataset\classification_task\train\pituitary\brisc2025_train_04222_pi_co_t1.jpg,D:\brain_tumor\🧠 Brain Tumor MRI Dataset\classification_task\train\pituitary\brisc2025_train_04224_pi_co_t1.jpg
4184,4185,0,pituitary,pituitary,True,D:\brain_tumor\🧠 Brain Tumor MRI Dataset\classification_task\train\pituitary\brisc2025_train_04223_pi_co_t1.jpg,D:\brain_tumor\🧠 Brain Tumor MRI Dataset\classification_task\train\pituitary\brisc2025_train_04224_pi_co_t1.jpg
4184,4186,4,pituitary,pituitary,True,D:\brain_tumor\🧠 Brain Tumor MRI Dataset\classification_task\train\pituitary\brisc2025_train_04223_pi_co_t1.jpg,D:\brain_tumor\🧠 Brain Tumor MRI Dataset\classification_task\train\pituitary\brisc2025_train_04225_pi_co_t1.jpg
4184,4187,6,pituitary,pituitary,True,D:\brain_tumor\🧠 Brain Tumor MRI Dataset\classification_task\train\pituitary\brisc2025_train_04223_pi_co_t1.jpg,D:\brain_tumor\🧠 Brain Tumor MRI Dataset\classification_task\train\pituitary\brisc2025_train_04226_pi_co_t1.jpg
4185,4186,4,pituitary,pituitary,True,D:\brain_tumor\🧠 Brain Tumor MRI Dataset\classification_task\train\pituitary\brisc2025_train_04224_pi_co_t1.jpg,D:\brain_tumor\🧠 Brain Tumor MRI Dataset\classification_task\train\pituitary\brisc2025_train_04225_pi_co_t1.jpg
4185,4187,6,pituitary,pituitary,True,D:\brain_tumor\🧠 Brain Tumor MRI Dataset\classification_task\train\pituitary\brisc2025_train_04224_pi_co_t1.jpg,D:\brain_tumor\🧠 Brain Tumor MRI Dataset\classification_task\train\pituitary\brisc2025_train_04226_pi_co_t1.jpg
4186,4187,4,pituitary,pituitary,True,D:\brain_tumor\🧠 Brain Tumor MRI Dataset\classification_task\train\pituitary\brisc2025_train_04225_pi_co_t1.jpg,D:\brain_tumor\🧠 Brain Tumor MRI Dataset\classification_task\train\pituitary\brisc2025_train_04226_pi_co_t1.jpg
4188,4189,6,pituitary,pituitary,True,D:\brain_tumor\🧠 Brain Tumor MRI Dataset\classification_task\train\pituitary\brisc2025_train_04227_pi_co_t1.jpg,D:\brain_tumor\🧠 Brain Tumor MRI Dataset\classification_task\train\pituitary\brisc2025_train_04228_pi_co_t1.jpg
4189,4190,6,pituitary,pituitary,True,D:\brain_tumor\🧠 Brain Tumor MRI Dataset\classification_task\train\pituitary\brisc2025_train_04228_pi_co_t1.jpg,D:\brain_tumor\🧠 Brain Tumor MRI Dataset\classification_task\train\pituitary\brisc2025_train_04229_pi_co_t1.jpg
4191,4192,2,pituitary,pituitary,True,D:\brain_tumor\🧠 Brain Tumor MRI Dataset\classification_task\train\pituitary\brisc2025_train_04230_pi_co_t1.jpg,D:\brain_tumor\🧠 Brain Tumor MRI Dataset\classification_task\train\pituitary\brisc2025_train_04231_pi_co_t1.jpg
4191,4193,4,pituitary,pituitary,True,D:\brain_tumor\🧠 Brain Tumor MRI Dataset\classification_task\train\pituitary\brisc2025_train_04230_pi_co_t1.jpg,D:\brain_tumor\🧠 Brain Tumor MRI Dataset\classification_task\train\pituitary\brisc2025_train_04232_pi_co_t1.jpg
4192,4193,2,pituitary,pituitary,True,D:\brain_tumor\🧠 Brain Tumor MRI Dataset\classification_task\train\pituitary\brisc2025_train_04231_pi_co_t1.jpg,D:\brain_tumor\🧠 Brain Tumor MRI Dataset\classification_task\train\pituitary\brisc2025_train_04232_pi_co_t1.jpg
4199,4200,6,pituitary,pituitary,True,D:\brain_tumor\🧠 Brain Tumor MRI Dataset\classification_task\train\pituitary\brisc2025_train_04238_pi_co_t1.jpg,D:\brain_tumor\🧠 Brain Tumor MRI Dataset\classification_task\train\pituitary\brisc2025_train_04239_pi_co_t1.jpg
4202,4203,4,pituitary,pituitary,True,D:\brain_tumor\🧠 Brain Tumor MRI Dataset\classification_task\train\pituitary\brisc2025_train_04241_pi_co_t1.jpg,D:\brain_tumor\🧠 Brain Tumor MRI Dataset\classification_task\train\pituitary\brisc2025_train_04242_pi_co_t1.jpg
4205,4206,6,pituitary,pituitary,True,D:\brain_tumor\🧠 Brain Tumor MRI Dataset\classification_task\train\pituitary\brisc2025_train_04244_pi_co_t1.jpg,D:\brain_tumor\🧠 Brain Tumor MRI Dataset\classification_task\train\pituitary\brisc2025_train_04245_pi_co_t1.jpg
4207,4208,4,pituitary,pituitary,True,D:\brain_tumor\🧠 Brain Tumor MRI Dataset\classification_task\train\pituitary\brisc2025_train_04246_pi_co_t1.jpg,D:\brain_tumor\🧠 Brain Tumor MRI Dataset\classification_task\train\pituitary\brisc2025_train_04247_pi_co_t1.jpg
4211,4212,6,pituitary,pituitary,True,D:\brain_tumor\🧠 Brain Tumor MRI Dataset\classification_task\train\pituitary\brisc2025_train_04250_pi_co_t1.jpg,D:\brain_tumor\🧠 Brain Tumor MRI Dataset\classification_task\train\pituitary\brisc2025_train_04251_pi_co_t1.jpg
4214,4215,6,pituitary,pituitary,True,D:\brain_tumor\🧠 Brain Tumor MRI Dataset\classification_task\train\pituitary\brisc2025_train_04253_pi_co_t1.jpg,D:\brain_tumor\🧠 Brain Tumor MRI Dataset\classification_task\train\pituitary\brisc2025_train_04254_pi_co_t1.jpg
4222,4223,4,pituitary,pituitary,True,D:\brain_tumor\🧠 Brain Tumor MRI Dataset\classification_task\train\pituitary\brisc2025_train_04261_pi_co_t1.jpg,D:\brain_tumor\🧠 Brain Tumor MRI Dataset\classification_task\train\pituitary\brisc2025_train_04262_pi_co_t1.jpg
4223,4224,6,pituitary,pituitary,True,D:\brain_tumor\🧠 Brain Tumor MRI Dataset\classification_task\train\pituitary\brisc2025_train_04262_pi_co_t1.jpg,D:\brain_tumor\🧠 Brain Tumor MRI Dataset\classification_task\train\pituitary\brisc2025_train_04263_pi_co_t1.jpg
4231,4232,6,pituitary,pituitary,True,D:\brain_tumor\🧠 Brain Tumor MRI Dataset\classification_task\train\pituitary\brisc2025_train_04270_pi_co_t1.jpg,D:\brain_tumor\🧠 Brain Tumor MRI Dataset\classification_task\train\pituitary\brisc2025_train_04271_pi_co_t1.jpg
4235,4236,6,pituitary,pituitary,True,D:\brain_tumor\🧠 Brain Tumor MRI Dataset\classification_task\train\pituitary\brisc2025_train_04274_pi_co_t1.jpg,D:\brain_tumor\🧠 Brain Tumor MRI Dataset\classification_task\train\pituitary\brisc2025_train_04275_pi_co_t1.jpg
4237,4238,6,pituitary,pituitary,True,D:\brain_tumor\🧠 Brain Tumor MRI Dataset\classification_task\train\pituitary\brisc2025_train_04276_pi_co_t1.jpg,D:\brain_tumor\🧠 Brain Tumor MRI Dataset\classification_task\train\pituitary\brisc2025_train_04277_pi_co_t1.jpg
4238,4425,6,pituitary,pituitary,True,D:\brain_tumor\🧠 Brain Tumor MRI Dataset\classification_task\train\pituitary\brisc2025_train_04277_pi_co_t1.jpg,D:\brain_tumor\🧠 Brain Tumor MRI Dataset\classification_task\train\pituitary\brisc2025_train_04464_pi_co_t1.jpg
4239,4240,6,pituitary,pituitary,True,D:\brain_tumor\🧠 Brain Tumor MRI Dataset\classification_task\train\pituitary\brisc2025_train_04278_pi_co_t1.jpg,D:\brain_tumor\🧠 Brain Tumor MRI Dataset\classification_task\train\pituitary\brisc2025_train_04279_pi_co_t1.jpg
4242,4243,6,pituitary,pituitary,True,D:\brain_tumor\🧠 Brain Tumor MRI Dataset\classification_task\train\pituitary\brisc2025_train_04281_pi_co_t1.jpg,D:\brain_tumor\🧠 Brain Tumor MRI Dataset\classification_task\train\pituitary\brisc2025_train_04282_pi_co_t1.jpg
4252,4254,4,pituitary,pituitary,True,D:\brain_tumor\🧠 Brain Tumor MRI Dataset\classification_task\train\pituitary\brisc2025_train_04291_pi_co_t1.jpg,D:\brain_tumor\🧠 Brain Tumor MRI Dataset\classification_task\train\pituitary\brisc2025_train_04293_pi_co_t1.jpg
4253,4254,4,pituitary,pituitary,True,D:\brain_tumor\🧠 Brain Tumor MRI Dataset\classification_task\train\pituitary\brisc2025_train_04292_pi_co_t1.jpg,D:\brain_tumor\🧠 Brain Tumor MRI Dataset\classification_task\train\pituitary\brisc2025_train_04293_pi_co_t1.jpg
4254,4408,6,pituitary,pituitary,True,D:\brain_tumor\🧠 Brain Tumor MRI Dataset\classification_task\train\pituitary\brisc2025_train_04293_pi_co_t1.jpg,D:\brain_tumor\🧠 Brain Tumor MRI Dataset\classification_task\train\pituitary\brisc2025_train_04447_pi_co_t1.jpg
4262,4263,2,pituitary,pituitary,True,D:\brain_tumor\🧠 Brain Tumor MRI Dataset\classification_task\train\pituitary\brisc2025_train_04301_pi_co_t1.jpg,D:\brain_tumor\🧠 Brain Tumor MRI Dataset\classification_task\train\pituitary\brisc2025_train_04302_pi_co_t1.jpg
4262,4264,6,pituitary,pituitary,True,D:\brain_tumor\🧠 Brain Tumor MRI Dataset\classification_task\train\pituitary\brisc2025_train_04301_pi_co_t1.jpg,D:\brain_tumor\🧠 Brain Tumor MRI Dataset\classification_task\train\pituitary\brisc2025_train_04303_pi_co_t1.jpg
4263,4264,4,pituitary,pituitary,True,D:\brain_tumor\🧠 Brain Tumor MRI Dataset\classification_task\train\pituitary\brisc2025_train_04302_pi_co_t1.jpg,D:\brain_tumor\🧠 Brain Tumor MRI Dataset\classification_task\train\pituitary\brisc2025_train_04303_pi_co_t1.jpg
4264,4265,6,pituitary,pituitary,True,D:\brain_tumor\🧠 Brain Tumor MRI Dataset\classification_task\train\pituitary\brisc2025_train_04303_pi_co_t1.jpg,D:\brain_tumor\🧠 Brain Tumor MRI Dataset\classification_task\train\pituitary\brisc2025_train_04304_pi_co_t1.jpg
4267,4269,6,pituitary,pituitary,True,D:\brain_tumor\🧠 Brain Tumor MRI Dataset\classification_task\train\pituitary\brisc2025_train_04306_pi_co_t1.jpg,D:\brain_tumor\🧠 Brain Tumor MRI Dataset\classification_task\train\pituitary\brisc2025_train_04308_pi_co_t1.jpg
4280,4281,2,pituitary,pituitary,True,D:\brain_tumor\🧠 Brain Tumor MRI Dataset\classification_task\train\pituitary\brisc2025_train_04319_pi_co_t1.jpg,D:\brain_tumor\🧠 Brain Tumor MRI Dataset\classification_task\train\pituitary\brisc2025_train_04320_pi_co_t1.jpg
4283,4284,6,pituitary,pituitary,True,D:\brain_tumor\🧠 Brain Tumor MRI Dataset\classification_task\train\pituitary\brisc2025_train_04322_pi_co_t1.jpg,D:\brain_tumor\🧠 Brain Tumor MRI Dataset\classification_task\train\pituitary\brisc2025_train_04323_pi_co_t1.jpg
4286,4287,6,pituitary,pituitary,True,D:\brain_tumor\🧠 Brain Tumor MRI Dataset\classification_task\train\pituitary\brisc2025_train_04325_pi_co_t1.jpg,D:\brain_tumor\🧠 Brain Tumor MRI Dataset\classification_task\train\pituitary\brisc2025_train_04326_pi_co_t1.jpg
4288,4289,6,pituitary,pituitary,True,D:\brain_tumor\🧠 Brain Tumor MRI Dataset\classification_task\train\pituitary\brisc2025_train_04327_pi_co_t1.jpg,D:\brain_tumor\🧠 Brain Tumor MRI Dataset\classification_task\train\pituitary\brisc2025_train_04328_pi_co_t1.jpg
4290,4291,4,pituitary,pituitary,True,D:\brain_tumor\🧠 Brain Tumor MRI Dataset\classification_task\train\pituitary\brisc2025_train_04329_pi_co_t1.jpg,D:\brain_tumor\🧠 Brain Tumor MRI Dataset\classification_task\train\pituitary\brisc2025_train_04330_pi_co_t1.jpg
4291,4293,4,pituitary,pituitary,True,D:\brain_tumor\🧠 Brain Tumor MRI Dataset\classification_task\train\pituitary\brisc2025_train_04330_pi_co_t1.jpg,D:\brain_tumor\🧠 Brain Tumor MRI Dataset\classification_task\train\pituitary\brisc2025_train_04332_pi_co_t1.jpg
4294,4295,4,pituitary,pituitary,True,D:\brain_tumor\🧠 Brain Tumor MRI Dataset\classification_task\train\pituitary\brisc2025_train_04333_pi_co_t1.jpg,D:\brain_tumor\🧠 Brain Tumor MRI Dataset\classification_task\train\pituitary\brisc2025_train_04334_pi_co_t1.jpg
4299,4306,6,pituitary,pituitary,True,D:\brain_tumor\🧠 Brain Tumor MRI Dataset\classification_task\train\pituitary\brisc2025_train_04338_pi_co_t1.jpg,D:\brain_tumor\🧠 Brain Tumor MRI Dataset\classification_task\train\pituitary\brisc2025_train_04345_pi_co_t1.jpg
4301,4302,6,pituitary,pituitary,True,D:\brain_tumor\🧠 Brain Tumor MRI Dataset\classification_task\train\pituitary\brisc2025_train_04340_pi_co_t1.jpg,D:\brain_tumor\🧠 Brain Tumor MRI Dataset\classification_task\train\pituitary\brisc2025_train_04341_pi_co_t1.jpg
4304,4305,0,pituitary,pituitary,True,D:\brain_tumor\🧠 Brain Tumor MRI Dataset\classification_task\train\pituitary\brisc2025_train_04343_pi_co_t1.jpg,D:\brain_tumor\🧠 Brain Tumor MRI Dataset\classification_task\train\pituitary\brisc2025_train_04344_pi_co_t1.jpg
4304,4307,4,pituitary,pituitary,True,D:\brain_tumor\🧠 Brain Tumor MRI Dataset\classification_task\train\pituitary\brisc2025_train_04343_pi_co_t1.jpg,D:\brain_tumor\🧠 Brain Tumor MRI Dataset\classification_task\train\pituitary\brisc2025_train_04346_pi_co_t1.jpg
4305,4307,4,pituitary,pituitary,True,D:\brain_tumor\🧠 Brain Tumor MRI Dataset\classification_task\train\pituitary\brisc2025_train_04344_pi_co_t1.jpg,D:\brain_tumor\🧠 Brain Tumor MRI Dataset\classification_task\train\pituitary\brisc2025_train_04346_pi_co_t1.jpg
4308,4309,6,pituitary,pituitary,True,D:\brain_tumor\🧠 Brain Tumor MRI Dataset\classification_task\train\pituitary\brisc2025_train_04347_pi_co_t1.jpg,D:\brain_tumor\🧠 Brain Tumor MRI Dataset\classification_task\train\pituitary\brisc2025_train_04348_pi_co_t1.jpg
4310,4311,2,pituitary,pituitary,True,D:\brain_tumor\🧠 Brain Tumor MRI Dataset\classification_task\train\pituitary\brisc2025_train_04349_pi_co_t1.jpg,D:\brain_tumor\🧠 Brain Tumor MRI Dataset\classification_task\train\pituitary\brisc2025_train_04350_pi_co_t1.jpg
4310,4312,4,pituitary,pituitary,True,D:\brain_tumor\🧠 Brain Tumor MRI Dataset\classification_task\train\pituitary\brisc2025_train_04349_pi_co_t1.jpg,D:\brain_tumor\🧠 Brain Tumor MRI Dataset\classification_task\train\pituitary\brisc2025_train_04351_pi_co_t1.jpg
4311,4312,2,pituitary,pituitary,True,D:\brain_tumor\🧠 Brain Tumor MRI Dataset\classification_task\train\pituitary\brisc2025_train_04350_pi_co_t1.jpg,D:\brain_tumor\🧠 Brain Tumor MRI Dataset\classification_task\train\pituitary\brisc2025_train_04351_pi_co_t1.jpg
4317,4318,4,pituitary,pituitary,True,D:\brain_tumor\🧠 Brain Tumor MRI Dataset\classification_task\train\pituitary\brisc2025_train_04356_pi_co_t1.jpg,D:\brain_tumor\🧠 Brain Tumor MRI Dataset\classification_task\train\pituitary\brisc2025_train_04357_pi_co_t1.jpg
4319,4320,6,pituitary,pituitary,True,D:\brain_tumor\🧠 Brain Tumor MRI Dataset\classification_task\train\pituitary\brisc2025_train_04358_pi_co_t1.jpg,D:\brain_tumor\🧠 Brain Tumor MRI Dataset\classification_task\train\pituitary\brisc2025_train_04359_pi_co_t1.jpg
4328,4336,6,pituitary,pituitary,True,D:\brain_tumor\🧠 Brain Tumor MRI Dataset\classification_task\train\pituitary\brisc2025_train_04367_pi_co_t1.jpg,D:\brain_tumor\🧠 Brain Tumor MRI Dataset\classification_task\train\pituitary\brisc2025_train_04375_pi_co_t1.jpg
4329,4330,6,pituitary,pituitary,True,D:\brain_tumor\🧠 Brain Tumor MRI Dataset\classification_task\train\pituitary\brisc2025_train_04368_pi_co_t1.jpg,D:\brain_tumor\🧠 Brain Tumor MRI Dataset\classification_task\train\pituitary\brisc2025_train_04369_pi_co_t1.jpg
4330,4331,6,pituitary,pituitary,True,D:\brain_tumor\🧠 Brain Tumor MRI Dataset\classification_task\train\pituitary\brisc2025_train_04369_pi_co_t1.jpg,D:\brain_tumor\🧠 Brain Tumor MRI Dataset\classification_task\train\pituitary\brisc2025_train_04370_pi_co_t1.jpg
4332,4333,4,pituitary,pituitary,True,D:\brain_tumor\🧠 Brain Tumor MRI Dataset\classification_task\train\pituitary\brisc2025_train_04371_pi_co_t1.jpg,D:\brain_tumor\🧠 Brain Tumor MRI Dataset\classification_task\train\pituitary\brisc2025_train_04372_pi_co_t1.jpg
4333,4334,6,pituitary,pituitary,True,D:\brain_tumor\🧠 Brain Tumor MRI Dataset\classification_task\train\pituitary\brisc2025_train_04372_pi_co_t1.jpg,D:\brain_tumor\🧠 Brain Tumor MRI Dataset\classification_task\train\pituitary\brisc2025_train_04373_pi_co_t1.jpg
4335,4337,4,pituitary,pituitary,True,D:\brain_tumor\🧠 Brain Tumor MRI Dataset\classification_task\train\pituitary\brisc2025_train_04374_pi_co_t1.jpg,D:\brain_tumor\🧠 Brain Tumor MRI Dataset\classification_task\train\pituitary\brisc2025_train_04376_pi_co_t1.jpg
4342,4343,6,pituitary,pituitary,True,D:\brain_tumor\🧠 Brain Tumor MRI Dataset\classification_task\train\pituitary\brisc2025_train_04381_pi_co_t1.jpg,D:\brain_tumor\🧠 Brain Tumor MRI Dataset\classification_task\train\pituitary\brisc2025_train_04382_pi_co_t1.jpg
4343,4345,6,pituitary,pituitary,True,D:\brain_tumor\🧠 Brain Tumor MRI Dataset\classification_task\train\pituitary\brisc2025_train_04382_pi_co_t1.jpg,D:\brain_tumor\🧠 Brain Tumor MRI Dataset\classification_task\train\pituitary\brisc2025_train_04384_pi_co_t1.jpg
4348,4349,6,pituitary,pituitary,True,D:\brain_tumor\🧠 Brain Tumor MRI Dataset\classification_task\train\pituitary\brisc2025_train_04387_pi_co_t1.jpg,D:\brain_tumor\🧠 Brain Tumor MRI Dataset\classification_task\train\pituitary\brisc2025_train_04388_pi_co_t1.jpg
4353,4354,6,pituitary,pituitary,True,D:\brain_tumor\🧠 Brain Tumor MRI Dataset\classification_task\train\pituitary\brisc2025_train_04392_pi_co_t1.jpg,D:\brain_tumor\🧠 Brain Tumor MRI Dataset\classification_task\train\pituitary\brisc2025_train_04393_pi_co_t1.jpg
4356,4357,4,pituitary,pituitary,True,D:\brain_tumor\🧠 Brain Tumor MRI Dataset\classification_task\train\pituitary\brisc2025_train_04395_pi_co_t1.jpg,D:\brain_tumor\🧠 Brain Tumor MRI Dataset\classification_task\train\pituitary\brisc2025_train_04396_pi_co_t1.jpg
4365,4367,6,pituitary,pituitary,True,D:\brain_tumor\🧠 Brain Tumor MRI Dataset\classification_task\train\pituitary\brisc2025_train_04404_pi_co_t1.jpg,D:\brain_tumor\🧠 Brain Tumor MRI Dataset\classification_task\train\pituitary\brisc2025_train_04406_pi_co_t1.jpg
4367,4368,6,pituitary,pituitary,True,D:\brain_tumor\🧠 Brain Tumor MRI Dataset\classification_task\train\pituitary\brisc2025_train_04406_pi_co_t1.jpg,D:\brain_tumor\🧠 Brain Tumor MRI Dataset\classification_task\train\pituitary\brisc2025_train_04407_pi_co_t1.jpg
4370,4371,6,pituitary,pituitary,True,D:\brain_tumor\🧠 Brain Tumor MRI Dataset\classification_task\train\pituitary\brisc2025_train_04409_pi_co_t1.jpg,D:\brain_tumor\🧠 Brain Tumor MRI Dataset\classification_task\train\pituitary\brisc2025_train_04410_pi_co_t1.jpg
4372,4373,2,pituitary,pituitary,True,D:\brain_tumor\🧠 Brain Tumor MRI Dataset\classification_task\train\pituitary\brisc2025_train_04411_pi_co_t1.jpg,D:\brain_tumor\🧠 Brain Tumor MRI Dataset\classification_task\train\pituitary\brisc2025_train_04412_pi_co_t1.jpg
4373,4375,6,pituitary,pituitary,True,D:\brain_tumor\🧠 Brain Tumor MRI Dataset\classification_task\train\pituitary\brisc2025_train_04412_pi_co_t1.jpg,D:\brain_tumor\🧠 Brain Tumor MRI Dataset\classification_task\train\pituitary\brisc2025_train_04414_pi_co_t1.jpg
4375,4376,4,pituitary,pituitary,True,D:\brain_tumor\🧠 Brain Tumor MRI Dataset\classification_task\train\pituitary\brisc2025_train_04414_pi_co_t1.jpg,D:\brain_tumor\🧠 Brain Tumor MRI Dataset\classification_task\train\pituitary\brisc2025_train_04415_pi_co_t1.jpg
4377,4378,4,pituitary,pituitary,True,D:\brain_tumor\🧠 Brain Tumor MRI Dataset\classification_task\train\pituitary\brisc2025_train_04416_pi_co_t1.jpg,D:\brain_tumor\🧠 Brain Tumor MRI Dataset\classification_task\train\pituitary\brisc2025_train_04417_pi_co_t1.jpg
4379,4380,4,pituitary,pituitary,True,D:\brain_tumor\🧠 Brain Tumor MRI Dataset\classification_task\train\pituitary\brisc2025_train_04418_pi_co_t1.jpg,D:\brain_tumor\🧠 Brain Tumor MRI Dataset\classification_task\train\pituitary\brisc2025_train_04419_pi_co_t1.jpg
4379,4381,6,pituitary,pituitary,True,D:\brain_tumor\🧠 Brain Tumor MRI Dataset\classification_task\train\pituitary\brisc2025_train_04418_pi_co_t1.jpg,D:\brain_tumor\🧠 Brain Tumor MRI Dataset\classification_task\train\pituitary\brisc2025_train_04420_pi_co_t1.jpg
4380,4381,4,pituitary,pituitary,True,D:\brain_tumor\🧠 Brain Tumor MRI Dataset\classification_task\train\pituitary\brisc2025_train_04419_pi_co_t1.jpg,D:\brain_tumor\🧠 Brain Tumor MRI Dataset\classification_task\train\pituitary\brisc2025_train_04420_pi_co_t1.jpg
4387,4389,6,pituitary,pituitary,True,D:\brain_tumor\🧠 Brain Tumor MRI Dataset\classification_task\train\pituitary\brisc2025_train_04426_pi_co_t1.jpg,D:\brain_tumor\🧠 Brain Tumor MRI Dataset\classification_task\train\pituitary\brisc2025_train_04428_pi_co_t1.jpg
4387,4390,6,pituitary,pituitary,True,D:\brain_tumor\🧠 Brain Tumor MRI Dataset\classification_task\train\pituitary\brisc2025_train_04426_pi_co_t1.jpg,D:\brain_tumor\🧠 Brain Tumor MRI Dataset\classification_task\train\pituitary\brisc2025_train_04429_pi_co_t1.jpg
4389,4390,4,pituitary,pituitary,True,D:\brain_tumor\🧠 Brain Tumor MRI Dataset\classification_task\train\pituitary\brisc2025_train_04428_pi_co_t1.jpg,D:\brain_tumor\🧠 Brain Tumor MRI Dataset\classification_task\train\pituitary\brisc2025_train_04429_pi_co_t1.jpg
4390,4391,6,pituitary,pituitary,True,D:\brain_tumor\🧠 Brain Tumor MRI Dataset\classification_task\train\pituitary\brisc2025_train_04429_pi_co_t1.jpg,D:\brain_tumor\🧠 Brain Tumor MRI Dataset\classification_task\train\pituitary\brisc2025_train_04430_pi_co_t1.jpg
4395,4411,4,pituitary,pituitary,True,D:\brain_tumor\🧠 Brain Tumor MRI Dataset\classification_task\train\pituitary\brisc2025_train_04434_pi_co_t1.jpg,D:\brain_tumor\🧠 Brain Tumor MRI Dataset\classification_task\train\pituitary\brisc2025_train_04450_pi_co_t1.jpg
4397,4398,6,pituitary,pituitary,True,D:\brain_tumor\🧠 Brain Tumor MRI Dataset\classification_task\train\pituitary\brisc2025_train_04436_pi_co_t1.jpg,D:\brain_tumor\🧠 Brain Tumor MRI Dataset\classification_task\train\pituitary\brisc2025_train_04437_pi_co_t1.jpg
4402,4403,4,pituitary,pituitary,True,D:\brain_tumor\🧠 Brain Tumor MRI Dataset\classification_task\train\pituitary\brisc2025_train_04441_pi_co_t1.jpg,D:\brain_tumor\🧠 Brain Tumor MRI Dataset\classification_task\train\pituitary\brisc2025_train_04442_pi_co_t1.jpg
4402,4404,4,pituitary,pituitary,True,D:\brain_tumor\🧠 Brain Tumor MRI Dataset\classification_task\train\pituitary\brisc2025_train_04441_pi_co_t1.jpg,D:\brain_tumor\🧠 Brain Tumor MRI Dataset\classification_task\train\pituitary\brisc2025_train_04443_pi_co_t1.jpg
4403,4404,4,pituitary,pituitary,True,D:\brain_tumor\🧠 Brain Tumor MRI Dataset\classification_task\train\pituitary\brisc2025_train_04442_pi_co_t1.jpg,D:\brain_tumor\🧠 Brain Tumor MRI Dataset\classification_task\train\pituitary\brisc2025_train_04443_pi_co_t1.jpg
4412,4413,4,pituitary,pituitary,True,D:\brain_tumor\🧠 Brain Tumor MRI Dataset\classification_task\train\pituitary\brisc2025_train_04451_pi_co_t1.jpg,D:\brain_tumor\🧠 Brain Tumor MRI Dataset\classification_task\train\pituitary\brisc2025_train_04452_pi_co_t1.jpg
4412,4414,6,pituitary,pituitary,True,D:\brain_tumor\🧠 Brain Tumor MRI Dataset\classification_task\train\pituitary\brisc2025_train_04451_pi_co_t1.jpg,D:\brain_tumor\🧠 Brain Tumor MRI Dataset\classification_task\train\pituitary\brisc2025_train_04453_pi_co_t1.jpg
4423,4424,6,pituitary,pituitary,True,D:\brain_tumor\🧠 Brain Tumor MRI Dataset\classification_task\train\pituitary\brisc2025_train_04462_pi_co_t1.jpg,D:\brain_tumor\🧠 Brain Tumor MRI Dataset\classification_task\train\pituitary\brisc2025_train_04463_pi_co_t1.jpg
4433,4434,4,pituitary,pituitary,True,D:\brain_tumor\🧠 Brain Tumor MRI Dataset\classification_task\train\pituitary\brisc2025_train_04472_pi_co_t1.jpg,D:\brain_tumor\🧠 Brain Tumor MRI Dataset\classification_task\train\pituitary\brisc2025_train_04473_pi_co_t1.jpg
4436,4437,4,pituitary,pituitary,True,D:\brain_tumor\🧠 Brain Tumor MRI Dataset\classification_task\train\pituitary\brisc2025_train_04475_pi_co_t1.jpg,D:\brain_tumor\🧠 Brain Tumor MRI Dataset\classification_task\train\pituitary\brisc2025_train_04476_pi_co_t1.jpg
4441,4442,6,pituitary,pituitary,True,D:\brain_tumor\🧠 Brain Tumor MRI Dataset\classification_task\train\pituitary\brisc2025_train_04480_pi_sa_t1.jpg,D:\brain_tumor\🧠 Brain Tumor MRI Dataset\classification_task\train\pituitary\brisc2025_train_04481_pi_sa_t1.jpg
4442,4443,6,pituitary,pituitary,True,D:\brain_tumor\🧠 Brain Tumor MRI Dataset\classification_task\train\pituitary\brisc2025_train_04481_pi_sa_t1.jpg,D:\brain_tumor\🧠 Brain Tumor MRI Dataset\classification_task\train\pituitary\brisc2025_train_04482_pi_sa_t1.jpg
4442,4552,4,pituitary,pituitary,True,D:\brain_tumor\🧠 Brain Tumor MRI Dataset\classification_task\train\pituitary\brisc2025_train_04481_pi_sa_t1.jpg,D:\brain_tumor\🧠 Brain Tumor MRI Dataset\classification_task\train\pituitary\brisc2025_train_04592_pi_sa_t1.jpg
4443,4552,6,pituitary,pituitary,True,D:\brain_tumor\🧠 Brain Tumor MRI Dataset\classification_task\train\pituitary\brisc2025_train_04482_pi_sa_t1.jpg,D:\brain_tumor\🧠 Brain Tumor MRI Dataset\classification_task\train\pituitary\brisc2025_train_04592_pi_sa_t1.jpg
4444,4449,6,pituitary,pituitary,True,D:\brain_tumor\🧠 Brain Tumor MRI Dataset\classification_task\train\pituitary\brisc2025_train_04483_pi_sa_t1.jpg,D:\brain_tumor\🧠 Brain Tumor MRI Dataset\classification_task\train\pituitary\brisc2025_train_04488_pi_sa_t1.jpg
4444,4508,6,pituitary,pituitary,True,D:\brain_tumor\🧠 Brain Tumor MRI Dataset\classification_task\train\pituitary\brisc2025_train_04483_pi_sa_t1.jpg,D:\brain_tumor\🧠 Brain Tumor MRI Dataset\classification_task\train\pituitary\brisc2025_train_04547_pi_sa_t1.jpg
4445,4446,4,pituitary,pituitary,True,D:\brain_tumor\🧠 Brain Tumor MRI Dataset\classification_task\train\pituitary\brisc2025_train_04484_pi_sa_t1.jpg,D:\brain_tumor\🧠 Brain Tumor MRI Dataset\classification_task\train\pituitary\brisc2025_train_04485_pi_sa_t1.jpg
4445,4447,6,pituitary,pituitary,True,D:\brain_tumor\🧠 Brain Tumor MRI Dataset\classification_task\train\pituitary\brisc2025_train_04484_pi_sa_t1.jpg,D:\brain_tumor\🧠 Brain Tumor MRI Dataset\classification_task\train\pituitary\brisc2025_train_04486_pi_sa_t1.jpg
4446,4447,4,pituitary,pituitary,True,D:\brain_tumor\🧠 Brain Tumor MRI Dataset\classification_task\train\pituitary\brisc2025_train_04485_pi_sa_t1.jpg,D:\brain_tumor\🧠 Brain Tumor MRI Dataset\classification_task\train\pituitary\brisc2025_train_04486_pi_sa_t1.jpg
4448,4449,6,pituitary,pituitary,True,D:\brain_tumor\🧠 Brain Tumor MRI Dataset\classification_task\train\pituitary\brisc2025_train_04487_pi_sa_t1.jpg,D:\brain_tumor\🧠 Brain Tumor MRI Dataset\classification_task\train\pituitary\brisc2025_train_04488_pi_sa_t1.jpg
4451,4452,2,pituitary,pituitary,True,D:\brain_tumor\🧠 Brain Tumor MRI Dataset\classification_task\train\pituitary\brisc2025_train_04490_pi_sa_t1.jpg,D:\brain_tumor\🧠 Brain Tumor MRI Dataset\classification_task\train\pituitary\brisc2025_train_04491_pi_sa_t1.jpg
4455,4626,4,pituitary,pituitary,True,D:\brain_tumor\🧠 Brain Tumor MRI Dataset\classification_task\train\pituitary\brisc2025_train_04494_pi_sa_t1.jpg,D:\brain_tumor\🧠 Brain Tumor MRI Dataset\classification_task\train\pituitary\brisc2025_train_04669_pi_sa_t1.jpg
4455,4627,4,pituitary,pituitary,True,D:\brain_tumor\🧠 Brain Tumor MRI Dataset\classification_task\train\pituitary\brisc2025_train_04494_pi_sa_t1.jpg,D:\brain_tumor\🧠 Brain Tumor MRI Dataset\classification_task\train\pituitary\brisc2025_train_04670_pi_sa_t1.jpg
4456,4457,4,pituitary,pituitary,True,D:\brain_tumor\🧠 Brain Tumor MRI Dataset\classification_task\train\pituitary\brisc2025_train_04495_pi_sa_t1.jpg,D:\brain_tumor\🧠 Brain Tumor MRI Dataset\classification_task\train\pituitary\brisc2025_train_04496_pi_sa_t1.jpg
4456,4458,4,pituitary,pituitary,True,D:\brain_tumor\🧠 Brain Tumor MRI Dataset\classification_task\train\pituitary\brisc2025_train_04495_pi_sa_t1.jpg,D:\brain_tumor\🧠 Brain Tumor MRI Dataset\classification_task\train\pituitary\brisc2025_train_04497_pi_sa_t1.jpg
4456,4459,6,pituitary,pituitary,True,D:\brain_tumor\🧠 Brain Tumor MRI Dataset\classification_task\train\pituitary\brisc2025_train_04495_pi_sa_t1.jpg,D:\brain_tumor\🧠 Brain Tumor MRI Dataset\classification_task\train\pituitary\brisc2025_train_04498_pi_sa_t1.jpg
4457,4458,4,pituitary,pituitary,True,D:\brain_tumor\🧠 Brain Tumor MRI Dataset\classification_task\train\pituitary\brisc2025_train_04496_pi_sa_t1.jpg,D:\brain_tumor\🧠 Brain Tumor MRI Dataset\classification_task\train\pituitary\brisc2025_train_04497_pi_sa_t1.jpg
4458,4459,4,pituitary,pituitary,True,D:\brain_tumor\🧠 Brain Tumor MRI Dataset\classification_task\train\pituitary\brisc2025_train_04497_pi_sa_t1.jpg,D:\brain_tumor\🧠 Brain Tumor MRI Dataset\classification_task\train\pituitary\brisc2025_train_04498_pi_sa_t1.jpg
4461,4462,4,pituitary,pituitary,True,D:\brain_tumor\🧠 Brain Tumor MRI Dataset\classification_task\train\pituitary\brisc2025_train_04500_pi_sa_t1.jpg,D:\brain_tumor\🧠 Brain Tumor MRI Dataset\classification_task\train\pituitary\brisc2025_train_04501_pi_sa_t1.jpg
4461,4463,6,pituitary,pituitary,True,D:\brain_tumor\🧠 Brain Tumor MRI Dataset\classification_task\train\pituitary\brisc2025_train_04500_pi_sa_t1.jpg,D:\brain_tumor\🧠 Brain Tumor MRI Dataset\classification_task\train\pituitary\brisc2025_train_04502_pi_sa_t1.jpg
4462,4463,4,pituitary,pituitary,True,D:\brain_tumor\🧠 Brain Tumor MRI Dataset\classification_task\train\pituitary\brisc2025_train_04501_pi_sa_t1.jpg,D:\brain_tumor\🧠 Brain Tumor MRI Dataset\classification_task\train\pituitary\brisc2025_train_04502_pi_sa_t1.jpg
4463,4464,4,pituitary,pituitary,True,D:\brain_tumor\🧠 Brain Tumor MRI Dataset\classification_task\train\pituitary\brisc2025_train_04502_pi_sa_t1.jpg,D:\brain_tumor\🧠 Brain Tumor MRI Dataset\classification_task\train\pituitary\brisc2025_train_04503_pi_sa_t1.jpg
4463,4465,6,pituitary,pituitary,True,D:\brain_tumor\🧠 Brain Tumor MRI Dataset\classification_task\train\pituitary\brisc2025_train_04502_pi_sa_t1.jpg,D:\brain_tumor\🧠 Brain Tumor MRI Dataset\classification_task\train\pituitary\brisc2025_train_04504_pi_sa_t1.jpg
4464,4465,4,pituitary,pituitary,True,D:\brain_tumor\🧠 Brain Tumor MRI Dataset\classification_task\train\pituitary\brisc2025_train_04503_pi_sa_t1.jpg,D:\brain_tumor\🧠 Brain Tumor MRI Dataset\classification_task\train\pituitary\brisc2025_train_04504_pi_sa_t1.jpg
4467,4468,6,pituitary,pituitary,True,D:\brain_tumor\🧠 Brain Tumor MRI Dataset\classification_task\train\pituitary\brisc2025_train_04506_pi_sa_t1.jpg,D:\brain_tumor\🧠 Brain Tumor MRI Dataset\classification_task\train\pituitary\brisc2025_train_04507_pi_sa_t1.jpg
4467,4470,6,pituitary,pituitary,True,D:\brain_tumor\🧠 Brain Tumor MRI Dataset\classification_task\train\pituitary\brisc2025_train_04506_pi_sa_t1.jpg,D:\brain_tumor\🧠 Brain Tumor MRI Dataset\classification_task\train\pituitary\brisc2025_train_04509_pi_sa_t1.jpg
4467,4471,6,pituitary,pituitary,True,D:\brain_tumor\🧠 Brain Tumor MRI Dataset\classification_task\train\pituitary\brisc2025_train_04506_pi_sa_t1.jpg,D:\brain_tumor\🧠 Brain Tumor MRI Dataset\classification_task\train\pituitary\brisc2025_train_04510_pi_sa_t1.jpg
4467,4472,6,pituitary,pituitary,True,D:\brain_tumor\🧠 Brain Tumor MRI Dataset\classification_task\train\pituitary\brisc2025_train_04506_pi_sa_t1.jpg,D:\brain_tumor\🧠 Brain Tumor MRI Dataset\classification_task\train\pituitary\brisc2025_train_04511_pi_sa_t1.jpg
4468,4469,6,pituitary,pituitary,True,D:\brain_tumor\🧠 Brain Tumor MRI Dataset\classification_task\train\pituitary\brisc2025_train_04507_pi_sa_t1.jpg,D:\brain_tumor\🧠 Brain Tumor MRI Dataset\classification_task\train\pituitary\brisc2025_train_04508_pi_sa_t1.jpg
4468,4470,6,pituitary,pituitary,True,D:\brain_tumor\🧠 Brain Tumor MRI Dataset\classification_task\train\pituitary\brisc2025_train_04507_pi_sa_t1.jpg,D:\brain_tumor\🧠 Brain Tumor MRI Dataset\classification_task\train\pituitary\brisc2025_train_04509_pi_sa_t1.jpg
4469,4470,4,pituitary,pituitary,True,D:\brain_tumor\🧠 Brain Tumor MRI Dataset\classification_task\train\pituitary\brisc2025_train_04508_pi_sa_t1.jpg,D:\brain_tumor\🧠 Brain Tumor MRI Dataset\classification_task\train\pituitary\brisc2025_train_04509_pi_sa_t1.jpg
4470,4471,4,pituitary,pituitary,True,D:\brain_tumor\🧠 Brain Tumor MRI Dataset\classification_task\train\pituitary\brisc2025_train_04509_pi_sa_t1.jpg,D:\brain_tumor\🧠 Brain Tumor MRI Dataset\classification_task\train\pituitary\brisc2025_train_04510_pi_sa_t1.jpg
4472,4473,6,pituitary,pituitary,True,D:\brain_tumor\🧠 Brain Tumor MRI Dataset\classification_task\train\pituitary\brisc2025_train_04511_pi_sa_t1.jpg,D:\brain_tumor\🧠 Brain Tumor MRI Dataset\classification_task\train\pituitary\brisc2025_train_04512_pi_sa_t1.jpg
4474,4475,4,pituitary,pituitary,True,D:\brain_tumor\🧠 Brain Tumor MRI Dataset\classification_task\train\pituitary\brisc2025_train_04513_pi_sa_t1.jpg,D:\brain_tumor\🧠 Brain Tumor MRI Dataset\classification_task\train\pituitary\brisc2025_train_04514_pi_sa_t1.jpg
4475,4479,6,pituitary,pituitary,True,D:\brain_tumor\🧠 Brain Tumor MRI Dataset\classification_task\train\pituitary\brisc2025_train_04514_pi_sa_t1.jpg,D:\brain_tumor\🧠 Brain Tumor MRI Dataset\classification_task\train\pituitary\brisc2025_train_04518_pi_sa_t1.jpg
4476,4477,6,pituitary,pituitary,True,D:\brain_tumor\🧠 Brain Tumor MRI Dataset\classification_task\train\pituitary\brisc2025_train_04515_pi_sa_t1.jpg,D:\brain_tumor\🧠 Brain Tumor MRI Dataset\classification_task\train\pituitary\brisc2025_train_04516_pi_sa_t1.jpg
4478,4479,6,pituitary,pituitary,True,D:\brain_tumor\🧠 Brain Tumor MRI Dataset\classification_task\train\pituitary\brisc2025_train_04517_pi_sa_t1.jpg,D:\brain_tumor\🧠 Brain Tumor MRI Dataset\classification_task\train\pituitary\brisc2025_train_04518_pi_sa_t1.jpg
4483,4484,4,pituitary,pituitary,True,D:\brain_tumor\🧠 Brain Tumor MRI Dataset\classification_task\train\pituitary\brisc2025_train_04522_pi_sa_t1.jpg,D:\brain_tumor\🧠 Brain Tumor MRI Dataset\classification_task\train\pituitary\brisc2025_train_04523_pi_sa_t1.jpg
4483,4485,4,pituitary,pituitary,True,D:\brain_tumor\🧠 Brain Tumor MRI Dataset\classification_task\train\pituitary\brisc2025_train_04522_pi_sa_t1.jpg,D:\brain_tumor\🧠 Brain Tumor MRI Dataset\classification_task\train\pituitary\brisc2025_train_04524_pi_sa_t1.jpg
4483,4486,6,pituitary,pituitary,True,D:\brain_tumor\🧠 Brain Tumor MRI Dataset\classification_task\train\pituitary\brisc2025_train_04522_pi_sa_t1.jpg,D:\brain_tumor\🧠 Brain Tumor MRI Dataset\classification_task\train\pituitary\brisc2025_train_04525_pi_sa_t1.jpg
4484,4485,4,pituitary,pituitary,True,D:\brain_tumor\🧠 Brain Tumor MRI Dataset\classification_task\train\pituitary\brisc2025_train_04523_pi_sa_t1.jpg,D:\brain_tumor\🧠 Brain Tumor MRI Dataset\classification_task\train\pituitary\brisc2025_train_04524_pi_sa_t1.jpg
4484,4486,4,pituitary,pituitary,True,D:\brain_tumor\🧠 Brain Tumor MRI Dataset\classification_task\train\pituitary\brisc2025_train_04523_pi_sa_t1.jpg,D:\brain_tumor\🧠 Brain Tumor MRI Dataset\classification_task\train\pituitary\brisc2025_train_04525_pi_sa_t1.jpg
4485,4486,4,pituitary,pituitary,True,D:\brain_tumor\🧠 Brain Tumor MRI Dataset\classification_task\train\pituitary\brisc2025_train_04524_pi_sa_t1.jpg,D:\brain_tumor\🧠 Brain Tumor MRI Dataset\classification_task\train\pituitary\brisc2025_train_04525_pi_sa_t1.jpg
4487,4488,4,pituitary,pituitary,True,D:\brain_tumor\🧠 Brain Tumor MRI Dataset\classification_task\train\pituitary\brisc2025_train_04526_pi_sa_t1.jpg,D:\brain_tumor\🧠 Brain Tumor MRI Dataset\classification_task\train\pituitary\brisc2025_train_04527_pi_sa_t1.jpg
4488,4489,6,pituitary,pituitary,True,D:\brain_tumor\🧠 Brain Tumor MRI Dataset\classification_task\train\pituitary\brisc2025_train_04527_pi_sa_t1.jpg,D:\brain_tumor\🧠 Brain Tumor MRI Dataset\classification_task\train\pituitary\brisc2025_train_04528_pi_sa_t1.jpg
4488,4490,4,pituitary,pituitary,True,D:\brain_tumor\🧠 Brain Tumor MRI Dataset\classification_task\train\pituitary\brisc2025_train_04527_pi_sa_t1.jpg,D:\brain_tumor\🧠 Brain Tumor MRI Dataset\classification_task\train\pituitary\brisc2025_train_04529_pi_sa_t1.jpg
4488,4491,6,pituitary,pituitary,True,D:\brain_tumor\🧠 Brain Tumor MRI Dataset\classification_task\train\pituitary\brisc2025_train_04527_pi_sa_t1.jpg,D:\brain_tumor\🧠 Brain Tumor MRI Dataset\classification_task\train\pituitary\brisc2025_train_04530_pi_sa_t1.jpg
4488,4536,6,pituitary,pituitary,True,D:\brain_tumor\🧠 Brain Tumor MRI Dataset\classification_task\train\pituitary\brisc2025_train_04527_pi_sa_t1.jpg,D:\brain_tumor\🧠 Brain Tumor MRI Dataset\classification_task\train\pituitary\brisc2025_train_04576_pi_sa_t1.jpg
4488,4565,6,pituitary,pituitary,True,D:\brain_tumor\🧠 Brain Tumor MRI Dataset\classification_task\train\pituitary\brisc2025_train_04527_pi_sa_t1.jpg,D:\brain_tumor\🧠 Brain Tumor MRI Dataset\classification_task\train\pituitary\brisc2025_train_04607_pi_sa_t1.jpg
4489,4490,4,pituitary,pituitary,True,D:\brain_tumor\🧠 Brain Tumor MRI Dataset\classification_task\train\pituitary\brisc2025_train_04528_pi_sa_t1.jpg,D:\brain_tumor\🧠 Brain Tumor MRI Dataset\classification_task\train\pituitary\brisc2025_train_04529_pi_sa_t1.jpg
4489,4491,6,pituitary,pituitary,True,D:\brain_tumor\🧠 Brain Tumor MRI Dataset\classification_task\train\pituitary\brisc2025_train_04528_pi_sa_t1.jpg,D:\brain_tumor\🧠 Brain Tumor MRI Dataset\classification_task\train\pituitary\brisc2025_train_04530_pi_sa_t1.jpg
4490,4491,6,pituitary,pituitary,True,D:\brain_tumor\🧠 Brain Tumor MRI Dataset\classification_task\train\pituitary\brisc2025_train_04529_pi_sa_t1.jpg,D:\brain_tumor\🧠 Brain Tumor MRI Dataset\classification_task\train\pituitary\brisc2025_train_04530_pi_sa_t1.jpg
4490,4517,6,pituitary,pituitary,True,D:\brain_tumor\🧠 Brain Tumor MRI Dataset\classification_task\train\pituitary\brisc2025_train_04529_pi_sa_t1.jpg,D:\brain_tumor\🧠 Brain Tumor MRI Dataset\classification_task\train\pituitary\brisc2025_train_04557_pi_sa_t1.jpg
4490,4536,6,pituitary,pituitary,True,D:\brain_tumor\🧠 Brain Tumor MRI Dataset\classification_task\train\pituitary\brisc2025_train_04529_pi_sa_t1.jpg,D:\brain_tumor\🧠 Brain Tumor MRI Dataset\classification_task\train\pituitary\brisc2025_train_04576_pi_sa_t1.jpg
4490,4537,6,pituitary,pituitary,True,D:\brain_tumor\🧠 Brain Tumor MRI Dataset\classification_task\train\pituitary\brisc2025_train_04529_pi_sa_t1.jpg,D:\brain_tumor\🧠 Brain Tumor MRI Dataset\classification_task\train\pituitary\brisc2025_train_04577_pi_sa_t1.jpg
4492,4493,6,pituitary,pituitary,True,D:\brain_tumor\🧠 Brain Tumor MRI Dataset\classification_task\train\pituitary\brisc2025_train_04531_pi_sa_t1.jpg,D:\brain_tumor\🧠 Brain Tumor MRI Dataset\classification_task\train\pituitary\brisc2025_train_04532_pi_sa_t1.jpg
4495,4496,6,pituitary,pituitary,True,D:\brain_tumor\🧠 Brain Tumor MRI Dataset\classification_task\train\pituitary\brisc2025_train_04534_pi_sa_t1.jpg,D:\brain_tumor\🧠 Brain Tumor MRI Dataset\classification_task\train\pituitary\brisc2025_train_04535_pi_sa_t1.jpg
4496,4497,4,pituitary,pituitary,True,D:\brain_tumor\🧠 Brain Tumor MRI Dataset\classification_task\train\pituitary\brisc2025_train_04535_pi_sa_t1.jpg,D:\brain_tumor\🧠 Brain Tumor MRI Dataset\classification_task\train\pituitary\brisc2025_train_04536_pi_sa_t1.jpg
4496,4498,6,pituitary,pituitary,True,D:\brain_tumor\🧠 Brain Tumor MRI Dataset\classification_task\train\pituitary\brisc2025_train_04535_pi_sa_t1.jpg,D:\brain_tumor\🧠 Brain Tumor MRI Dataset\classification_task\train\pituitary\brisc2025_train_04537_pi_sa_t1.jpg
4497,4498,6,pituitary,pituitary,True,D:\brain_tumor\🧠 Brain Tumor MRI Dataset\classification_task\train\pituitary\brisc2025_train_04536_pi_sa_t1.jpg,D:\brain_tumor\🧠 Brain Tumor MRI Dataset\classification_task\train\pituitary\brisc2025_train_04537_pi_sa_t1.jpg
4499,4500,6,pituitary,pituitary,True,D:\brain_tumor\🧠 Brain Tumor MRI Dataset\classification_task\train\pituitary\brisc2025_train_04538_pi_sa_t1.jpg,D:\brain_tumor\🧠 Brain Tumor MRI Dataset\classification_task\train\pituitary\brisc2025_train_04539_pi_sa_t1.jpg
4499,4502,6,pituitary,pituitary,True,D:\brain_tumor\🧠 Brain Tumor MRI Dataset\classification_task\train\pituitary\brisc2025_train_04538_pi_sa_t1.jpg,D:\brain_tumor\🧠 Brain Tumor MRI Dataset\classification_task\train\pituitary\brisc2025_train_04541_pi_sa_t1.jpg
4500,4501,6,pituitary,pituitary,True,D:\brain_tumor\🧠 Brain Tumor MRI Dataset\classification_task\train\pituitary\brisc2025_train_04539_pi_sa_t1.jpg,D:\brain_tumor\🧠 Brain Tumor MRI Dataset\classification_task\train\pituitary\brisc2025_train_04540_pi_sa_t1.jpg
4500,4502,4,pituitary,pituitary,True,D:\brain_tumor\🧠 Brain Tumor MRI Dataset\classification_task\train\pituitary\brisc2025_train_04539_pi_sa_t1.jpg,D:\brain_tumor\🧠 Brain Tumor MRI Dataset\classification_task\train\pituitary\brisc2025_train_04541_pi_sa_t1.jpg
4500,4503,6,pituitary,pituitary,True,D:\brain_tumor\🧠 Brain Tumor MRI Dataset\classification_task\train\pituitary\brisc2025_train_04539_pi_sa_t1.jpg,D:\brain_tumor\🧠 Brain Tumor MRI Dataset\classification_task\train\pituitary\brisc2025_train_04542_pi_sa_t1.jpg
4501,4502,6,pituitary,pituitary,True,D:\brain_tumor\🧠 Brain Tumor MRI Dataset\classification_task\train\pituitary\brisc2025_train_04540_pi_sa_t1.jpg,D:\brain_tumor\🧠 Brain Tumor MRI Dataset\classification_task\train\pituitary\brisc2025_train_04541_pi_sa_t1.jpg
4502,4503,6,pituitary,pituitary,True,D:\brain_tumor\🧠 Brain Tumor MRI Dataset\classification_task\train\pituitary\brisc2025_train_04541_pi_sa_t1.jpg,D:\brain_tumor\🧠 Brain Tumor MRI Dataset\classification_task\train\pituitary\brisc2025_train_04542_pi_sa_t1.jpg
4503,4504,6,pituitary,pituitary,True,D:\brain_tumor\🧠 Brain Tumor MRI Dataset\classification_task\train\pituitary\brisc2025_train_04542_pi_sa_t1.jpg,D:\brain_tumor\🧠 Brain Tumor MRI Dataset\classification_task\train\pituitary\brisc2025_train_04543_pi_sa_t1.jpg
4504,4505,6,pituitary,pituitary,True,D:\brain_tumor\🧠 Brain Tumor MRI Dataset\classification_task\train\pituitary\brisc2025_train_04543_pi_sa_t1.jpg,D:\brain_tumor\🧠 Brain Tumor MRI Dataset\classification_task\train\pituitary\brisc2025_train_04544_pi_sa_t1.jpg
4506,4507,6,pituitary,pituitary,True,D:\brain_tumor\🧠 Brain Tumor MRI Dataset\classification_task\train\pituitary\brisc2025_train_04545_pi_sa_t1.jpg,D:\brain_tumor\🧠 Brain Tumor MRI Dataset\classification_task\train\pituitary\brisc2025_train_04546_pi_sa_t1.jpg
4506,4508,6,pituitary,pituitary,True,D:\brain_tumor\🧠 Brain Tumor MRI Dataset\classification_task\train\pituitary\brisc2025_train_04545_pi_sa_t1.jpg,D:\brain_tumor\🧠 Brain Tumor MRI Dataset\classification_task\train\pituitary\brisc2025_train_04547_pi_sa_t1.jpg
4506,4530,6,pituitary,pituitary,True,D:\brain_tumor\🧠 Brain Tumor MRI Dataset\classification_task\train\pituitary\brisc2025_train_04545_pi_sa_t1.jpg,D:\brain_tumor\🧠 Brain Tumor MRI Dataset\classification_task\train\pituitary\brisc2025_train_04570_pi_sa_t1.jpg
4506,4545,4,pituitary,pituitary,True,D:\brain_tumor\🧠 Brain Tumor MRI Dataset\classification_task\train\pituitary\brisc2025_train_04545_pi_sa_t1.jpg,D:\brain_tumor\🧠 Brain Tumor MRI Dataset\classification_task\train\pituitary\brisc2025_train_04585_pi_sa_t1.jpg
4506,4639,6,pituitary,pituitary,True,D:\brain_tumor\🧠 Brain Tumor MRI Dataset\classification_task\train\pituitary\brisc2025_train_04545_pi_sa_t1.jpg,D:\brain_tumor\🧠 Brain Tumor MRI Dataset\classification_task\train\pituitary\brisc2025_train_04683_pi_sa_t1.jpg
4507,4508,6,pituitary,pituitary,True,D:\brain_tumor\🧠 Brain Tumor MRI Dataset\classification_task\train\pituitary\brisc2025_train_04546_pi_sa_t1.jpg,D:\brain_tumor\🧠 Brain Tumor MRI Dataset\classification_task\train\pituitary\brisc2025_train_04547_pi_sa_t1.jpg
4507,4545,6,pituitary,pituitary,True,D:\brain_tumor\🧠 Brain Tumor MRI Dataset\classification_task\train\pituitary\brisc2025_train_04546_pi_sa_t1.jpg,D:\brain_tumor\🧠 Brain Tumor MRI Dataset\classification_task\train\pituitary\brisc2025_train_04585_pi_sa_t1.jpg
4507,4634,6,pituitary,pituitary,True,D:\brain_tumor\🧠 Brain Tumor MRI Dataset\classification_task\train\pituitary\brisc2025_train_04546_pi_sa_t1.jpg,D:\brain_tumor\🧠 Brain Tumor MRI Dataset\classification_task\train\pituitary\brisc2025_train_04678_pi_sa_t1.jpg
4507,4639,6,pituitary,pituitary,True,D:\brain_tumor\🧠 Brain Tumor MRI Dataset\classification_task\train\pituitary\brisc2025_train_04546_pi_sa_t1.jpg,D:\brain_tumor\🧠 Brain Tumor MRI Dataset\classification_task\train\pituitary\brisc2025_train_04683_pi_sa_t1.jpg
4507,4654,6,pituitary,pituitary,True,D:\brain_tumor\🧠 Brain Tumor MRI Dataset\classification_task\train\pituitary\brisc2025_train_04546_pi_sa_t1.jpg,D:\brain_tumor\🧠 Brain Tumor MRI Dataset\classification_task\train\pituitary\brisc2025_train_04698_pi_sa_t1.jpg
4508,4654,6,pituitary,pituitary,True,D:\brain_tumor\🧠 Brain Tumor MRI Dataset\classification_task\train\pituitary\brisc2025_train_04547_pi_sa_t1.jpg,D:\brain_tumor\🧠 Brain Tumor MRI Dataset\classification_task\train\pituitary\brisc2025_train_04698_pi_sa_t1.jpg
4509,4512,6,pituitary,pituitary,True,D:\brain_tumor\🧠 Brain Tumor MRI Dataset\classification_task\train\pituitary\brisc2025_train_04548_pi_sa_t1.jpg,D:\brain_tumor\🧠 Brain Tumor MRI Dataset\classification_task\train\pituitary\brisc2025_train_04552_pi_sa_t1.jpg
4510,4511,4,pituitary,pituitary,True,D:\brain_tumor\🧠 Brain Tumor MRI Dataset\classification_task\train\pituitary\brisc2025_train_04549_pi_sa_t1.jpg,D:\brain_tumor\🧠 Brain Tumor MRI Dataset\classification_task\train\pituitary\brisc2025_train_04550_pi_sa_t1.jpg
4510,4512,6,pituitary,pituitary,True,D:\brain_tumor\🧠 Brain Tumor MRI Dataset\classification_task\train\pituitary\brisc2025_train_04549_pi_sa_t1.jpg,D:\brain_tumor\🧠 Brain Tumor MRI Dataset\classification_task\train\pituitary\brisc2025_train_04552_pi_sa_t1.jpg
4510,4657,6,pituitary,pituitary,True,D:\brain_tumor\🧠 Brain Tumor MRI Dataset\classification_task\train\pituitary\brisc2025_train_04549_pi_sa_t1.jpg,D:\brain_tumor\🧠 Brain Tumor MRI Dataset\classification_task\train\pituitary\brisc2025_train_04701_pi_sa_t1.jpg
4510,4708,6,pituitary,pituitary,True,D:\brain_tumor\🧠 Brain Tumor MRI Dataset\classification_task\train\pituitary\brisc2025_train_04549_pi_sa_t1.jpg,D:\brain_tumor\🧠 Brain Tumor MRI Dataset\classification_task\train\pituitary\brisc2025_train_04754_pi_sa_t1.jpg
4511,4512,2,pituitary,pituitary,True,D:\brain_tumor\🧠 Brain Tumor MRI Dataset\classification_task\train\pituitary\brisc2025_train_04550_pi_sa_t1.jpg,D:\brain_tumor\🧠 Brain Tumor MRI Dataset\classification_task\train\pituitary\brisc2025_train_04552_pi_sa_t1.jpg
4511,4657,2,pituitary,pituitary,True,D:\brain_tumor\🧠 Brain Tumor MRI Dataset\classification_task\train\pituitary\brisc2025_train_04550_pi_sa_t1.jpg,D:\brain_tumor\🧠 Brain Tumor MRI Dataset\classification_task\train\pituitary\brisc2025_train_04701_pi_sa_t1.jpg
4512,4657,4,pituitary,pituitary,True,D:\brain_tumor\🧠 Brain Tumor MRI Dataset\classification_task\train\pituitary\brisc2025_train_04552_pi_sa_t1.jpg,D:\brain_tumor\🧠 Brain Tumor MRI Dataset\classification_task\train\pituitary\brisc2025_train_04701_pi_sa_t1.jpg
4516,4519,6,pituitary,pituitary,True,D:\brain_tumor\🧠 Brain Tumor MRI Dataset\classification_task\train\pituitary\brisc2025_train_04556_pi_sa_t1.jpg,D:\brain_tumor\🧠 Brain Tumor MRI Dataset\classification_task\train\pituitary\brisc2025_train_04559_pi_sa_t1.jpg
4516,4520,4,pituitary,pituitary,True,D:\brain_tumor\🧠 Brain Tumor MRI Dataset\classification_task\train\pituitary\brisc2025_train_04556_pi_sa_t1.jpg,D:\brain_tumor\🧠 Brain Tumor MRI Dataset\classification_task\train\pituitary\brisc2025_train_04560_pi_sa_t1.jpg
4516,4637,6,pituitary,pituitary,True,D:\brain_tumor\🧠 Brain Tumor MRI Dataset\classification_task\train\pituitary\brisc2025_train_04556_pi_sa_t1.jpg,D:\brain_tumor\🧠 Brain Tumor MRI Dataset\classification_task\train\pituitary\brisc2025_train_04681_pi_sa_t1.jpg
4517,4519,6,pituitary,pituitary,True,D:\brain_tumor\🧠 Brain Tumor MRI Dataset\classification_task\train\pituitary\brisc2025_train_04557_pi_sa_t1.jpg,D:\brain_tumor\🧠 Brain Tumor MRI Dataset\classification_task\train\pituitary\brisc2025_train_04559_pi_sa_t1.jpg
4518,4519,4,pituitary,pituitary,True,D:\brain_tumor\🧠 Brain Tumor MRI Dataset\classification_task\train\pituitary\brisc2025_train_04558_pi_sa_t1.jpg,D:\brain_tumor\🧠 Brain Tumor MRI Dataset\classification_task\train\pituitary\brisc2025_train_04559_pi_sa_t1.jpg
4519,4566,6,pituitary,pituitary,True,D:\brain_tumor\🧠 Brain Tumor MRI Dataset\classification_task\train\pituitary\brisc2025_train_04559_pi_sa_t1.jpg,D:\brain_tumor\🧠 Brain Tumor MRI Dataset\classification_task\train\pituitary\brisc2025_train_04608_pi_sa_t1.jpg
4519,4568,6,pituitary,pituitary,True,D:\brain_tumor\🧠 Brain Tumor MRI Dataset\classification_task\train\pituitary\brisc2025_train_04559_pi_sa_t1.jpg,D:\brain_tumor\🧠 Brain Tumor MRI Dataset\classification_task\train\pituitary\brisc2025_train_04610_pi_sa_t1.jpg
4521,4522,2,pituitary,pituitary,True,D:\brain_tumor\🧠 Brain Tumor MRI Dataset\classification_task\train\pituitary\brisc2025_train_04561_pi_sa_t1.jpg,D:\brain_tumor\🧠 Brain Tumor MRI Dataset\classification_task\train\pituitary\brisc2025_train_04562_pi_sa_t1.jpg
4521,4525,6,pituitary,pituitary,True,D:\brain_tumor\🧠 Brain Tumor MRI Dataset\classification_task\train\pituitary\brisc2025_train_04561_pi_sa_t1.jpg,D:\brain_tumor\🧠 Brain Tumor MRI Dataset\classification_task\train\pituitary\brisc2025_train_04565_pi_sa_t1.jpg
4521,4526,4,pituitary,pituitary,True,D:\brain_tumor\🧠 Brain Tumor MRI Dataset\classification_task\train\pituitary\brisc2025_train_04561_pi_sa_t1.jpg,D:\brain_tumor\🧠 Brain Tumor MRI Dataset\classification_task\train\pituitary\brisc2025_train_04566_pi_sa_t1.jpg
4522,4525,6,pituitary,pituitary,True,D:\brain_tumor\🧠 Brain Tumor MRI Dataset\classification_task\train\pituitary\brisc2025_train_04562_pi_sa_t1.jpg,D:\brain_tumor\🧠 Brain Tumor MRI Dataset\classification_task\train\pituitary\brisc2025_train_04565_pi_sa_t1.jpg
4522,4526,6,pituitary,pituitary,True,D:\brain_tumor\🧠 Brain Tumor MRI Dataset\classification_task\train\pituitary\brisc2025_train_04562_pi_sa_t1.jpg,D:\brain_tumor\🧠 Brain Tumor MRI Dataset\classification_task\train\pituitary\brisc2025_train_04566_pi_sa_t1.jpg
4523,4524,4,pituitary,pituitary,True,D:\brain_tumor\🧠 Brain Tumor MRI Dataset\classification_task\train\pituitary\brisc2025_train_04563_pi_sa_t1.jpg,D:\brain_tumor\🧠 Brain Tumor MRI Dataset\classification_task\train\pituitary\brisc2025_train_04564_pi_sa_t1.jpg
4523,4525,4,pituitary,pituitary,True,D:\brain_tumor\🧠 Brain Tumor MRI Dataset\classification_task\train\pituitary\brisc2025_train_04563_pi_sa_t1.jpg,D:\brain_tumor\🧠 Brain Tumor MRI Dataset\classification_task\train\pituitary\brisc2025_train_04565_pi_sa_t1.jpg
4523,4593,6,pituitary,pituitary,True,D:\brain_tumor\🧠 Brain Tumor MRI Dataset\classification_task\train\pituitary\brisc2025_train_04563_pi_sa_t1.jpg,D:\brain_tumor\🧠 Brain Tumor MRI Dataset\classification_task\train\pituitary\brisc2025_train_04635_pi_sa_t1.jpg
4524,4525,2,pituitary,pituitary,True,D:\brain_tumor\🧠 Brain Tumor MRI Dataset\classification_task\train\pituitary\brisc2025_train_04564_pi_sa_t1.jpg,D:\brain_tumor\🧠 Brain Tumor MRI Dataset\classification_task\train\pituitary\brisc2025_train_04565_pi_sa_t1.jpg
4524,4526,6,pituitary,pituitary,True,D:\brain_tumor\🧠 Brain Tumor MRI Dataset\classification_task\train\pituitary\brisc2025_train_04564_pi_sa_t1.jpg,D:\brain_tumor\🧠 Brain Tumor MRI Dataset\classification_task\train\pituitary\brisc2025_train_04566_pi_sa_t1.jpg
4525,4526,4,pituitary,pituitary,True,D:\brain_tumor\🧠 Brain Tumor MRI Dataset\classification_task\train\pituitary\brisc2025_train_04565_pi_sa_t1.jpg,D:\brain_tumor\🧠 Brain Tumor MRI Dataset\classification_task\train\pituitary\brisc2025_train_04566_pi_sa_t1.jpg
4530,4531,6,pituitary,pituitary,True,D:\brain_tumor\🧠 Brain Tumor MRI Dataset\classification_task\train\pituitary\brisc2025_train_04570_pi_sa_t1.jpg,D:\brain_tumor\🧠 Brain Tumor MRI Dataset\classification_task\train\pituitary\brisc2025_train_04571_pi_sa_t1.jpg
4531,4532,6,pituitary,pituitary,True,D:\brain_tumor\🧠 Brain Tumor MRI Dataset\classification_task\train\pituitary\brisc2025_train_04571_pi_sa_t1.jpg,D:\brain_tumor\🧠 Brain Tumor MRI Dataset\classification_task\train\pituitary\brisc2025_train_04572_pi_sa_t1.jpg
4531,4534,6,pituitary,pituitary,True,D:\brain_tumor\🧠 Brain Tumor MRI Dataset\classification_task\train\pituitary\brisc2025_train_04571_pi_sa_t1.jpg,D:\brain_tumor\🧠 Brain Tumor MRI Dataset\classification_task\train\pituitary\brisc2025_train_04574_pi_sa_t1.jpg
4532,4533,2,pituitary,pituitary,True,D:\brain_tumor\🧠 Brain Tumor MRI Dataset\classification_task\train\pituitary\brisc2025_train_04572_pi_sa_t1.jpg,D:\brain_tumor\🧠 Brain Tumor MRI Dataset\classification_task\train\pituitary\brisc2025_train_04573_pi_sa_t1.jpg
4532,4534,2,pituitary,pituitary,True,D:\brain_tumor\🧠 Brain Tumor MRI Dataset\classification_task\train\pituitary\brisc2025_train_04572_pi_sa_t1.jpg,D:\brain_tumor\🧠 Brain Tumor MRI Dataset\classification_task\train\pituitary\brisc2025_train_04574_pi_sa_t1.jpg
4533,4534,2,pituitary,pituitary,True,D:\brain_tumor\🧠 Brain Tumor MRI Dataset\classification_task\train\pituitary\brisc2025_train_04573_pi_sa_t1.jpg,D:\brain_tumor\🧠 Brain Tumor MRI Dataset\classification_task\train\pituitary\brisc2025_train_04574_pi_sa_t1.jpg
4536,4537,6,pituitary,pituitary,True,D:\brain_tumor\🧠 Brain Tumor MRI Dataset\classification_task\train\pituitary\brisc2025_train_04576_pi_sa_t1.jpg,D:\brain_tumor\🧠 Brain Tumor MRI Dataset\classification_task\train\pituitary\brisc2025_train_04577_pi_sa_t1.jpg
4536,4539,6,pituitary,pituitary,True,D:\brain_tumor\🧠 Brain Tumor MRI Dataset\classification_task\train\pituitary\brisc2025_train_04576_pi_sa_t1.jpg,D:\brain_tumor\🧠 Brain Tumor MRI Dataset\classification_task\train\pituitary\brisc2025_train_04579_pi_sa_t1.jpg
4537,4538,4,pituitary,pituitary,True,D:\brain_tumor\🧠 Brain Tumor MRI Dataset\classification_task\train\pituitary\brisc2025_train_04577_pi_sa_t1.jpg,D:\brain_tumor\🧠 Brain Tumor MRI Dataset\classification_task\train\pituitary\brisc2025_train_04578_pi_sa_t1.jpg
4537,4701,6,pituitary,pituitary,True,D:\brain_tumor\🧠 Brain Tumor MRI Dataset\classification_task\train\pituitary\brisc2025_train_04577_pi_sa_t1.jpg,D:\brain_tumor\🧠 Brain Tumor MRI Dataset\classification_task\train\pituitary\brisc2025_train_04747_pi_sa_t1.jpg
4538,4701,6,pituitary,pituitary,True,D:\brain_tumor\🧠 Brain Tumor MRI Dataset\classification_task\train\pituitary\brisc2025_train_04578_pi_sa_t1.jpg,D:\brain_tumor\🧠 Brain Tumor MRI Dataset\classification_task\train\pituitary\brisc2025_train_04747_pi_sa_t1.jpg
4543,4551,6,pituitary,pituitary,True,D:\brain_tumor\🧠 Brain Tumor MRI Dataset\classification_task\train\pituitary\brisc2025_train_04583_pi_sa_t1.jpg,D:\brain_tumor\🧠 Brain Tumor MRI Dataset\classification_task\train\pituitary\brisc2025_train_04591_pi_sa_t1.jpg
4544,4545,6,pituitary,pituitary,True,D:\brain_tumor\🧠 Brain Tumor MRI Dataset\classification_task\train\pituitary\brisc2025_train_04584_pi_sa_t1.jpg,D:\brain_tumor\🧠 Brain Tumor MRI Dataset\classification_task\train\pituitary\brisc2025_train_04585_pi_sa_t1.jpg
4544,4551,6,pituitary,pituitary,True,D:\brain_tumor\🧠 Brain Tumor MRI Dataset\classification_task\train\pituitary\brisc2025_train_04584_pi_sa_t1.jpg,D:\brain_tumor\🧠 Brain Tumor MRI Dataset\classification_task\train\pituitary\brisc2025_train_04591_pi_sa_t1.jpg
4545,4546,4,pituitary,pituitary,True,D:\brain_tumor\🧠 Brain Tumor MRI Dataset\classification_task\train\pituitary\brisc2025_train_04585_pi_sa_t1.jpg,D:\brain_tumor\🧠 Brain Tumor MRI Dataset\classification_task\train\pituitary\brisc2025_train_04586_pi_sa_t1.jpg
4545,4548,6,pituitary,pituitary,True,D:\brain_tumor\🧠 Brain Tumor MRI Dataset\classification_task\train\pituitary\brisc2025_train_04585_pi_sa_t1.jpg,D:\brain_tumor\🧠 Brain Tumor MRI Dataset\classification_task\train\pituitary\brisc2025_train_04588_pi_sa_t1.jpg
4546,4548,4,pituitary,pituitary,True,D:\brain_tumor\🧠 Brain Tumor MRI Dataset\classification_task\train\pituitary\brisc2025_train_04586_pi_sa_t1.jpg,D:\brain_tumor\🧠 Brain Tumor MRI Dataset\classification_task\train\pituitary\brisc2025_train_04588_pi_sa_t1.jpg
4547,4548,6,pituitary,pituitary,True,D:\brain_tumor\🧠 Brain Tumor MRI Dataset\classification_task\train\pituitary\brisc2025_train_04587_pi_sa_t1.jpg,D:\brain_tumor\🧠 Brain Tumor MRI Dataset\classification_task\train\pituitary\brisc2025_train_04588_pi_sa_t1.jpg
4548,4550,6,pituitary,pituitary,True,D:\brain_tumor\🧠 Brain Tumor MRI Dataset\classification_task\train\pituitary\brisc2025_train_04588_pi_sa_t1.jpg,D:\brain_tumor\🧠 Brain Tumor MRI Dataset\classification_task\train\pituitary\brisc2025_train_04590_pi_sa_t1.jpg
4549,4550,4,pituitary,pituitary,True,D:\brain_tumor\🧠 Brain Tumor MRI Dataset\classification_task\train\pituitary\brisc2025_train_04589_pi_sa_t1.jpg,D:\brain_tumor\🧠 Brain Tumor MRI Dataset\classification_task\train\pituitary\brisc2025_train_04590_pi_sa_t1.jpg
4550,4551,6,pituitary,pituitary,True,D:\brain_tumor\🧠 Brain Tumor MRI Dataset\classification_task\train\pituitary\brisc2025_train_04590_pi_sa_t1.jpg,D:\brain_tumor\🧠 Brain Tumor MRI Dataset\classification_task\train\pituitary\brisc2025_train_04591_pi_sa_t1.jpg
4552,4684,6,pituitary,pituitary,True,D:\brain_tumor\🧠 Brain Tumor MRI Dataset\classification_task\train\pituitary\brisc2025_train_04592_pi_sa_t1.jpg,D:\brain_tumor\🧠 Brain Tumor MRI Dataset\classification_task\train\pituitary\brisc2025_train_04728_pi_sa_t1.jpg
4558,4559,6,pituitary,pituitary,True,D:\brain_tumor\🧠 Brain Tumor MRI Dataset\classification_task\train\pituitary\brisc2025_train_04600_pi_sa_t1.jpg,D:\brain_tumor\🧠 Brain Tumor MRI Dataset\classification_task\train\pituitary\brisc2025_train_04601_pi_sa_t1.jpg
4558,4560,4,pituitary,pituitary,True,D:\brain_tumor\🧠 Brain Tumor MRI Dataset\classification_task\train\pituitary\brisc2025_train_04600_pi_sa_t1.jpg,D:\brain_tumor\🧠 Brain Tumor MRI Dataset\classification_task\train\pituitary\brisc2025_train_04602_pi_sa_t1.jpg
4558,4563,6,pituitary,pituitary,True,D:\brain_tumor\🧠 Brain Tumor MRI Dataset\classification_task\train\pituitary\brisc2025_train_04600_pi_sa_t1.jpg,D:\brain_tumor\🧠 Brain Tumor MRI Dataset\classification_task\train\pituitary\brisc2025_train_04605_pi_sa_t1.jpg
4558,4564,4,pituitary,pituitary,True,D:\brain_tumor\🧠 Brain Tumor MRI Dataset\classification_task\train\pituitary\brisc2025_train_04600_pi_sa_t1.jpg,D:\brain_tumor\🧠 Brain Tumor MRI Dataset\classification_task\train\pituitary\brisc2025_train_04606_pi_sa_t1.jpg
4559,4560,4,pituitary,pituitary,True,D:\brain_tumor\🧠 Brain Tumor MRI Dataset\classification_task\train\pituitary\brisc2025_train_04601_pi_sa_t1.jpg,D:\brain_tumor\🧠 Brain Tumor MRI Dataset\classification_task\train\pituitary\brisc2025_train_04602_pi_sa_t1.jpg
4559,4563,4,pituitary,pituitary,True,D:\brain_tumor\🧠 Brain Tumor MRI Dataset\classification_task\train\pituitary\brisc2025_train_04601_pi_sa_t1.jpg,D:\brain_tumor\🧠 Brain Tumor MRI Dataset\classification_task\train\pituitary\brisc2025_train_04605_pi_sa_t1.jpg
4559,4564,4,pituitary,pituitary,True,D:\brain_tumor\🧠 Brain Tumor MRI Dataset\classification_task\train\pituitary\brisc2025_train_04601_pi_sa_t1.jpg,D:\brain_tumor\🧠 Brain Tumor MRI Dataset\classification_task\train\pituitary\brisc2025_train_04606_pi_sa_t1.jpg
4560,4561,4,pituitary,pituitary,True,D:\brain_tumor\🧠 Brain Tumor MRI Dataset\classification_task\train\pituitary\brisc2025_train_04602_pi_sa_t1.jpg,D:\brain_tumor\🧠 Brain Tumor MRI Dataset\classification_task\train\pituitary\brisc2025_train_04603_pi_sa_t1.jpg
4560,4563,4,pituitary,pituitary,True,D:\brain_tumor\🧠 Brain Tumor MRI Dataset\classification_task\train\pituitary\brisc2025_train_04602_pi_sa_t1.jpg,D:\brain_tumor\🧠 Brain Tumor MRI Dataset\classification_task\train\pituitary\brisc2025_train_04605_pi_sa_t1.jpg
4560,4564,4,pituitary,pituitary,True,D:\brain_tumor\🧠 Brain Tumor MRI Dataset\classification_task\train\pituitary\brisc2025_train_04602_pi_sa_t1.jpg,D:\brain_tumor\🧠 Brain Tumor MRI Dataset\classification_task\train\pituitary\brisc2025_train_04606_pi_sa_t1.jpg
4561,4562,6,pituitary,pituitary,True,D:\brain_tumor\🧠 Brain Tumor MRI Dataset\classification_task\train\pituitary\brisc2025_train_04603_pi_sa_t1.jpg,D:\brain_tumor\🧠 Brain Tumor MRI Dataset\classification_task\train\pituitary\brisc2025_train_04604_pi_sa_t1.jpg
4561,4563,6,pituitary,pituitary,True,D:\brain_tumor\🧠 Brain Tumor MRI Dataset\classification_task\train\pituitary\brisc2025_train_04603_pi_sa_t1.jpg,D:\brain_tumor\🧠 Brain Tumor MRI Dataset\classification_task\train\pituitary\brisc2025_train_04605_pi_sa_t1.jpg
4561,4564,6,pituitary,pituitary,True,D:\brain_tumor\🧠 Brain Tumor MRI Dataset\classification_task\train\pituitary\brisc2025_train_04603_pi_sa_t1.jpg,D:\brain_tumor\🧠 Brain Tumor MRI Dataset\classification_task\train\pituitary\brisc2025_train_04606_pi_sa_t1.jpg
4562,4563,6,pituitary,pituitary,True,D:\brain_tumor\🧠 Brain Tumor MRI Dataset\classification_task\train\pituitary\brisc2025_train_04604_pi_sa_t1.jpg,D:\brain_tumor\🧠 Brain Tumor MRI Dataset\classification_task\train\pituitary\brisc2025_train_04605_pi_sa_t1.jpg
4562,4564,6,pituitary,pituitary,True,D:\brain_tumor\🧠 Brain Tumor MRI Dataset\classification_task\train\pituitary\brisc2025_train_04604_pi_sa_t1.jpg,D:\brain_tumor\🧠 Brain Tumor MRI Dataset\classification_task\train\pituitary\brisc2025_train_04606_pi_sa_t1.jpg
4563,4564,2,pituitary,pituitary,True,D:\brain_tumor\🧠 Brain Tumor MRI Dataset\classification_task\train\pituitary\brisc2025_train_04605_pi_sa_t1.jpg,D:\brain_tumor\🧠 Brain Tumor MRI Dataset\classification_task\train\pituitary\brisc2025_train_04606_pi_sa_t1.jpg
4565,4566,6,pituitary,pituitary,True,D:\brain_tumor\🧠 Brain Tumor MRI Dataset\classification_task\train\pituitary\brisc2025_train_04607_pi_sa_t1.jpg,D:\brain_tumor\🧠 Brain Tumor MRI Dataset\classification_task\train\pituitary\brisc2025_train_04608_pi_sa_t1.jpg
4566,4708,6,pituitary,pituitary,True,D:\brain_tumor\🧠 Brain Tumor MRI Dataset\classification_task\train\pituitary\brisc2025_train_04608_pi_sa_t1.jpg,D:\brain_tumor\🧠 Brain Tumor MRI Dataset\classification_task\train\pituitary\brisc2025_train_04754_pi_sa_t1.jpg
4567,4568,6,pituitary,pituitary,True,D:\brain_tumor\🧠 Brain Tumor MRI Dataset\classification_task\train\pituitary\brisc2025_train_04609_pi_sa_t1.jpg,D:\brain_tumor\🧠 Brain Tumor MRI Dataset\classification_task\train\pituitary\brisc2025_train_04610_pi_sa_t1.jpg
4568,4657,6,pituitary,pituitary,True,D:\brain_tumor\🧠 Brain Tumor MRI Dataset\classification_task\train\pituitary\brisc2025_train_04610_pi_sa_t1.jpg,D:\brain_tumor\🧠 Brain Tumor MRI Dataset\classification_task\train\pituitary\brisc2025_train_04701_pi_sa_t1.jpg
4569,4570,4,pituitary,pituitary,True,D:\brain_tumor\🧠 Brain Tumor MRI Dataset\classification_task\train\pituitary\brisc2025_train_04611_pi_sa_t1.jpg,D:\brain_tumor\🧠 Brain Tumor MRI Dataset\classification_task\train\pituitary\brisc2025_train_04612_pi_sa_t1.jpg
4569,4572,6,pituitary,pituitary,True,D:\brain_tumor\🧠 Brain Tumor MRI Dataset\classification_task\train\pituitary\brisc2025_train_04611_pi_sa_t1.jpg,D:\brain_tumor\🧠 Brain Tumor MRI Dataset\classification_task\train\pituitary\brisc2025_train_04614_pi_sa_t1.jpg
4570,4571,4,pituitary,pituitary,True,D:\brain_tumor\🧠 Brain Tumor MRI Dataset\classification_task\train\pituitary\brisc2025_train_04612_pi_sa_t1.jpg,D:\brain_tumor\🧠 Brain Tumor MRI Dataset\classification_task\train\pituitary\brisc2025_train_04613_pi_sa_t1.jpg
4570,4572,6,pituitary,pituitary,True,D:\brain_tumor\🧠 Brain Tumor MRI Dataset\classification_task\train\pituitary\brisc2025_train_04612_pi_sa_t1.jpg,D:\brain_tumor\🧠 Brain Tumor MRI Dataset\classification_task\train\pituitary\brisc2025_train_04614_pi_sa_t1.jpg
4571,4572,6,pituitary,pituitary,True,D:\brain_tumor\🧠 Brain Tumor MRI Dataset\classification_task\train\pituitary\brisc2025_train_04613_pi_sa_t1.jpg,D:\brain_tumor\🧠 Brain Tumor MRI Dataset\classification_task\train\pituitary\brisc2025_train_04614_pi_sa_t1.jpg
4573,4574,6,pituitary,pituitary,True,D:\brain_tumor\🧠 Brain Tumor MRI Dataset\classification_task\train\pituitary\brisc2025_train_04615_pi_sa_t1.jpg,D:\brain_tumor\🧠 Brain Tumor MRI Dataset\classification_task\train\pituitary\brisc2025_train_04616_pi_sa_t1.jpg
4573,4575,6,pituitary,pituitary,True,D:\brain_tumor\🧠 Brain Tumor MRI Dataset\classification_task\train\pituitary\brisc2025_train_04615_pi_sa_t1.jpg,D:\brain_tumor\🧠 Brain Tumor MRI Dataset\classification_task\train\pituitary\brisc2025_train_04617_pi_sa_t1.jpg
4573,4576,4,pituitary,pituitary,True,D:\brain_tumor\🧠 Brain Tumor MRI Dataset\classification_task\train\pituitary\brisc2025_train_04615_pi_sa_t1.jpg,D:\brain_tumor\🧠 Brain Tumor MRI Dataset\classification_task\train\pituitary\brisc2025_train_04618_pi_sa_t1.jpg
4573,4577,4,pituitary,pituitary,True,D:\brain_tumor\🧠 Brain Tumor MRI Dataset\classification_task\train\pituitary\brisc2025_train_04615_pi_sa_t1.jpg,D:\brain_tumor\🧠 Brain Tumor MRI Dataset\classification_task\train\pituitary\brisc2025_train_04619_pi_sa_t1.jpg
4573,4578,4,pituitary,pituitary,True,D:\brain_tumor\🧠 Brain Tumor MRI Dataset\classification_task\train\pituitary\brisc2025_train_04615_pi_sa_t1.jpg,D:\brain_tumor\🧠 Brain Tumor MRI Dataset\classification_task\train\pituitary\brisc2025_train_04620_pi_sa_t1.jpg
4574,4575,4,pituitary,pituitary,True,D:\brain_tumor\🧠 Brain Tumor MRI Dataset\classification_task\train\pituitary\brisc2025_train_04616_pi_sa_t1.jpg,D:\brain_tumor\🧠 Brain Tumor MRI Dataset\classification_task\train\pituitary\brisc2025_train_04617_pi_sa_t1.jpg
4574,4576,4,pituitary,pituitary,True,D:\brain_tumor\🧠 Brain Tumor MRI Dataset\classification_task\train\pituitary\brisc2025_train_04616_pi_sa_t1.jpg,D:\brain_tumor\🧠 Brain Tumor MRI Dataset\classification_task\train\pituitary\brisc2025_train_04618_pi_sa_t1.jpg
4574,4577,2,pituitary,pituitary,True,D:\brain_tumor\🧠 Brain Tumor MRI Dataset\classification_task\train\pituitary\brisc2025_train_04616_pi_sa_t1.jpg,D:\brain_tumor\🧠 Brain Tumor MRI Dataset\classification_task\train\pituitary\brisc2025_train_04619_pi_sa_t1.jpg
4574,4578,6,pituitary,pituitary,True,D:\brain_tumor\🧠 Brain Tumor MRI Dataset\classification_task\train\pituitary\brisc2025_train_04616_pi_sa_t1.jpg,D:\brain_tumor\🧠 Brain Tumor MRI Dataset\classification_task\train\pituitary\brisc2025_train_04620_pi_sa_t1.jpg
4575,4576,4,pituitary,pituitary,True,D:\brain_tumor\🧠 Brain Tumor MRI Dataset\classification_task\train\pituitary\brisc2025_train_04617_pi_sa_t1.jpg,D:\brain_tumor\🧠 Brain Tumor MRI Dataset\classification_task\train\pituitary\brisc2025_train_04618_pi_sa_t1.jpg
4575,4577,4,pituitary,pituitary,True,D:\brain_tumor\🧠 Brain Tumor MRI Dataset\classification_task\train\pituitary\brisc2025_train_04617_pi_sa_t1.jpg,D:\brain_tumor\🧠 Brain Tumor MRI Dataset\classification_task\train\pituitary\brisc2025_train_04619_pi_sa_t1.jpg
4576,4577,4,pituitary,pituitary,True,D:\brain_tumor\🧠 Brain Tumor MRI Dataset\classification_task\train\pituitary\brisc2025_train_04618_pi_sa_t1.jpg,D:\brain_tumor\🧠 Brain Tumor MRI Dataset\classification_task\train\pituitary\brisc2025_train_04619_pi_sa_t1.jpg
4577,4578,4,pituitary,pituitary,True,D:\brain_tumor\🧠 Brain Tumor MRI Dataset\classification_task\train\pituitary\brisc2025_train_04619_pi_sa_t1.jpg,D:\brain_tumor\🧠 Brain Tumor MRI Dataset\classification_task\train\pituitary\brisc2025_train_04620_pi_sa_t1.jpg
4584,4585,6,pituitary,pituitary,True,D:\brain_tumor\🧠 Brain Tumor MRI Dataset\classification_task\train\pituitary\brisc2025_train_04626_pi_sa_t1.jpg,D:\brain_tumor\🧠 Brain Tumor MRI Dataset\classification_task\train\pituitary\brisc2025_train_04627_pi_sa_t1.jpg
4589,4590,2,pituitary,pituitary,True,D:\brain_tumor\🧠 Brain Tumor MRI Dataset\classification_task\train\pituitary\brisc2025_train_04631_pi_sa_t1.jpg,D:\brain_tumor\🧠 Brain Tumor MRI Dataset\classification_task\train\pituitary\brisc2025_train_04632_pi_sa_t1.jpg
4589,4591,2,pituitary,pituitary,True,D:\brain_tumor\🧠 Brain Tumor MRI Dataset\classification_task\train\pituitary\brisc2025_train_04631_pi_sa_t1.jpg,D:\brain_tumor\🧠 Brain Tumor MRI Dataset\classification_task\train\pituitary\brisc2025_train_04633_pi_sa_t1.jpg
4589,4592,4,pituitary,pituitary,True,D:\brain_tumor\🧠 Brain Tumor MRI Dataset\classification_task\train\pituitary\brisc2025_train_04631_pi_sa_t1.jpg,D:\brain_tumor\🧠 Brain Tumor MRI Dataset\classification_task\train\pituitary\brisc2025_train_04634_pi_sa_t1.jpg
4589,4705,6,pituitary,pituitary,True,D:\brain_tumor\🧠 Brain Tumor MRI Dataset\classification_task\train\pituitary\brisc2025_train_04631_pi_sa_t1.jpg,D:\brain_tumor\🧠 Brain Tumor MRI Dataset\classification_task\train\pituitary\brisc2025_train_04751_pi_sa_t1.jpg
4590,4591,2,pituitary,pituitary,True,D:\brain_tumor\🧠 Brain Tumor MRI Dataset\classification_task\train\pituitary\brisc2025_train_04632_pi_sa_t1.jpg,D:\brain_tumor\🧠 Brain Tumor MRI Dataset\classification_task\train\pituitary\brisc2025_train_04633_pi_sa_t1.jpg
4590,4592,4,pituitary,pituitary,True,D:\brain_tumor\🧠 Brain Tumor MRI Dataset\classification_task\train\pituitary\brisc2025_train_04632_pi_sa_t1.jpg,D:\brain_tumor\🧠 Brain Tumor MRI Dataset\classification_task\train\pituitary\brisc2025_train_04634_pi_sa_t1.jpg
4590,4705,6,pituitary,pituitary,True,D:\brain_tumor\🧠 Brain Tumor MRI Dataset\classification_task\train\pituitary\brisc2025_train_04632_pi_sa_t1.jpg,D:\brain_tumor\🧠 Brain Tumor MRI Dataset\classification_task\train\pituitary\brisc2025_train_04751_pi_sa_t1.jpg
4591,4592,2,pituitary,pituitary,True,D:\brain_tumor\🧠 Brain Tumor MRI Dataset\classification_task\train\pituitary\brisc2025_train_04633_pi_sa_t1.jpg,D:\brain_tumor\🧠 Brain Tumor MRI Dataset\classification_task\train\pituitary\brisc2025_train_04634_pi_sa_t1.jpg
4591,4676,6,pituitary,pituitary,True,D:\brain_tumor\🧠 Brain Tumor MRI Dataset\classification_task\train\pituitary\brisc2025_train_04633_pi_sa_t1.jpg,D:\brain_tumor\🧠 Brain Tumor MRI Dataset\classification_task\train\pituitary\brisc2025_train_04720_pi_sa_t1.jpg
4591,4705,4,pituitary,pituitary,True,D:\brain_tumor\🧠 Brain Tumor MRI Dataset\classification_task\train\pituitary\brisc2025_train_04633_pi_sa_t1.jpg,D:\brain_tumor\🧠 Brain Tumor MRI Dataset\classification_task\train\pituitary\brisc2025_train_04751_pi_sa_t1.jpg
4592,4676,4,pituitary,pituitary,True,D:\brain_tumor\🧠 Brain Tumor MRI Dataset\classification_task\train\pituitary\brisc2025_train_04634_pi_sa_t1.jpg,D:\brain_tumor\🧠 Brain Tumor MRI Dataset\classification_task\train\pituitary\brisc2025_train_04720_pi_sa_t1.jpg
4592,4705,4,pituitary,pituitary,True,D:\brain_tumor\🧠 Brain Tumor MRI Dataset\classification_task\train\pituitary\brisc2025_train_04634_pi_sa_t1.jpg,D:\brain_tumor\🧠 Brain Tumor MRI Dataset\classification_task\train\pituitary\brisc2025_train_04751_pi_sa_t1.jpg
4593,4594,4,pituitary,pituitary,True,D:\brain_tumor\🧠 Brain Tumor MRI Dataset\classification_task\train\pituitary\brisc2025_train_04635_pi_sa_t1.jpg,D:\brain_tumor\🧠 Brain Tumor MRI Dataset\classification_task\train\pituitary\brisc2025_train_04636_pi_sa_t1.jpg
4593,4645,6,pituitary,pituitary,True,D:\brain_tumor\🧠 Brain Tumor MRI Dataset\classification_task\train\pituitary\brisc2025_train_04635_pi_sa_t1.jpg,D:\brain_tumor\🧠 Brain Tumor MRI Dataset\classification_task\train\pituitary\brisc2025_train_04689_pi_sa_t1.jpg
4593,4704,6,pituitary,pituitary,True,D:\brain_tumor\🧠 Brain Tumor MRI Dataset\classification_task\train\pituitary\brisc2025_train_04635_pi_sa_t1.jpg,D:\brain_tumor\🧠 Brain Tumor MRI Dataset\classification_task\train\pituitary\brisc2025_train_04750_pi_sa_t1.jpg
4593,4705,6,pituitary,pituitary,True,D:\brain_tumor\🧠 Brain Tumor MRI Dataset\classification_task\train\pituitary\brisc2025_train_04635_pi_sa_t1.jpg,D:\brain_tumor\🧠 Brain Tumor MRI Dataset\classification_task\train\pituitary\brisc2025_train_04751_pi_sa_t1.jpg
4594,4644,6,pituitary,pituitary,True,D:\brain_tumor\🧠 Brain Tumor MRI Dataset\classification_task\train\pituitary\brisc2025_train_04636_pi_sa_t1.jpg,D:\brain_tumor\🧠 Brain Tumor MRI Dataset\classification_task\train\pituitary\brisc2025_train_04688_pi_sa_t1.jpg
4595,4676,6,pituitary,pituitary,True,D:\brain_tumor\🧠 Brain Tumor MRI Dataset\classification_task\train\pituitary\brisc2025_train_04637_pi_sa_t1.jpg,D:\brain_tumor\🧠 Brain Tumor MRI Dataset\classification_task\train\pituitary\brisc2025_train_04720_pi_sa_t1.jpg
4597,4601,6,pituitary,pituitary,True,D:\brain_tumor\🧠 Brain Tumor MRI Dataset\classification_task\train\pituitary\brisc2025_train_04639_pi_sa_t1.jpg,D:\brain_tumor\🧠 Brain Tumor MRI Dataset\classification_task\train\pituitary\brisc2025_train_04643_pi_sa_t1.jpg
4598,4599,6,pituitary,pituitary,True,D:\brain_tumor\🧠 Brain Tumor MRI Dataset\classification_task\train\pituitary\brisc2025_train_04640_pi_sa_t1.jpg,D:\brain_tumor\🧠 Brain Tumor MRI Dataset\classification_task\train\pituitary\brisc2025_train_04641_pi_sa_t1.jpg
4599,4600,6,pituitary,pituitary,True,D:\brain_tumor\🧠 Brain Tumor MRI Dataset\classification_task\train\pituitary\brisc2025_train_04641_pi_sa_t1.jpg,D:\brain_tumor\🧠 Brain Tumor MRI Dataset\classification_task\train\pituitary\brisc2025_train_04642_pi_sa_t1.jpg
4599,4601,6,pituitary,pituitary,True,D:\brain_tumor\🧠 Brain Tumor MRI Dataset\classification_task\train\pituitary\brisc2025_train_04641_pi_sa_t1.jpg,D:\brain_tumor\🧠 Brain Tumor MRI Dataset\classification_task\train\pituitary\brisc2025_train_04643_pi_sa_t1.jpg
4600,4601,2,pituitary,pituitary,True,D:\brain_tumor\🧠 Brain Tumor MRI Dataset\classification_task\train\pituitary\brisc2025_train_04642_pi_sa_t1.jpg,D:\brain_tumor\🧠 Brain Tumor MRI Dataset\classification_task\train\pituitary\brisc2025_train_04643_pi_sa_t1.jpg
4601,4602,6,pituitary,pituitary,True,D:\brain_tumor\🧠 Brain Tumor MRI Dataset\classification_task\train\pituitary\brisc2025_train_04643_pi_sa_t1.jpg,D:\brain_tumor\🧠 Brain Tumor MRI Dataset\classification_task\train\pituitary\brisc2025_train_04644_pi_sa_t1.jpg
4602,4603,2,pituitary,pituitary,True,D:\brain_tumor\🧠 Brain Tumor MRI Dataset\classification_task\train\pituitary\brisc2025_train_04644_pi_sa_t1.jpg,D:\brain_tumor\🧠 Brain Tumor MRI Dataset\classification_task\train\pituitary\brisc2025_train_04645_pi_sa_t1.jpg
4604,4605,6,pituitary,pituitary,True,D:\brain_tumor\🧠 Brain Tumor MRI Dataset\classification_task\train\pituitary\brisc2025_train_04646_pi_sa_t1.jpg,D:\brain_tumor\🧠 Brain Tumor MRI Dataset\classification_task\train\pituitary\brisc2025_train_04647_pi_sa_t1.jpg
4604,4609,4,pituitary,pituitary,True,D:\brain_tumor\🧠 Brain Tumor MRI Dataset\classification_task\train\pituitary\brisc2025_train_04646_pi_sa_t1.jpg,D:\brain_tumor\🧠 Brain Tumor MRI Dataset\classification_task\train\pituitary\brisc2025_train_04652_pi_sa_t1.jpg
4605,4608,6,pituitary,pituitary,True,D:\brain_tumor\🧠 Brain Tumor MRI Dataset\classification_task\train\pituitary\brisc2025_train_04647_pi_sa_t1.jpg,D:\brain_tumor\🧠 Brain Tumor MRI Dataset\classification_task\train\pituitary\brisc2025_train_04651_pi_sa_t1.jpg
4606,4608,6,pituitary,pituitary,True,D:\brain_tumor\🧠 Brain Tumor MRI Dataset\classification_task\train\pituitary\brisc2025_train_04649_pi_sa_t1.jpg,D:\brain_tumor\🧠 Brain Tumor MRI Dataset\classification_task\train\pituitary\brisc2025_train_04651_pi_sa_t1.jpg
4607,4608,4,pituitary,pituitary,True,D:\brain_tumor\🧠 Brain Tumor MRI Dataset\classification_task\train\pituitary\brisc2025_train_04650_pi_sa_t1.jpg,D:\brain_tumor\🧠 Brain Tumor MRI Dataset\classification_task\train\pituitary\brisc2025_train_04651_pi_sa_t1.jpg
4608,4609,6,pituitary,pituitary,True,D:\brain_tumor\🧠 Brain Tumor MRI Dataset\classification_task\train\pituitary\brisc2025_train_04651_pi_sa_t1.jpg,D:\brain_tumor\🧠 Brain Tumor MRI Dataset\classification_task\train\pituitary\brisc2025_train_04652_pi_sa_t1.jpg
4608,4610,6,pituitary,pituitary,True,D:\brain_tumor\🧠 Brain Tumor MRI Dataset\classification_task\train\pituitary\brisc2025_train_04651_pi_sa_t1.jpg,D:\brain_tumor\🧠 Brain Tumor MRI Dataset\classification_task\train\pituitary\brisc2025_train_04653_pi_sa_t1.jpg
4609,4610,6,pituitary,pituitary,True,D:\brain_tumor\🧠 Brain Tumor MRI Dataset\classification_task\train\pituitary\brisc2025_train_04652_pi_sa_t1.jpg,D:\brain_tumor\🧠 Brain Tumor MRI Dataset\classification_task\train\pituitary\brisc2025_train_04653_pi_sa_t1.jpg
4612,4613,4,pituitary,pituitary,True,D:\brain_tumor\🧠 Brain Tumor MRI Dataset\classification_task\train\pituitary\brisc2025_train_04655_pi_sa_t1.jpg,D:\brain_tumor\🧠 Brain Tumor MRI Dataset\classification_task\train\pituitary\brisc2025_train_04656_pi_sa_t1.jpg
4615,4616,6,pituitary,pituitary,True,D:\brain_tumor\🧠 Brain Tumor MRI Dataset\classification_task\train\pituitary\brisc2025_train_04658_pi_sa_t1.jpg,D:\brain_tumor\🧠 Brain Tumor MRI Dataset\classification_task\train\pituitary\brisc2025_train_04659_pi_sa_t1.jpg
4617,4618,4,pituitary,pituitary,True,D:\brain_tumor\🧠 Brain Tumor MRI Dataset\classification_task\train\pituitary\brisc2025_train_04660_pi_sa_t1.jpg,D:\brain_tumor\🧠 Brain Tumor MRI Dataset\classification_task\train\pituitary\brisc2025_train_04661_pi_sa_t1.jpg
4621,4622,4,pituitary,pituitary,True,D:\brain_tumor\🧠 Brain Tumor MRI Dataset\classification_task\train\pituitary\brisc2025_train_04664_pi_sa_t1.jpg,D:\brain_tumor\🧠 Brain Tumor MRI Dataset\classification_task\train\pituitary\brisc2025_train_04665_pi_sa_t1.jpg
4628,4629,6,pituitary,pituitary,True,D:\brain_tumor\🧠 Brain Tumor MRI Dataset\classification_task\train\pituitary\brisc2025_train_04671_pi_sa_t1.jpg,D:\brain_tumor\🧠 Brain Tumor MRI Dataset\classification_task\train\pituitary\brisc2025_train_04672_pi_sa_t1.jpg
4628,4710,6,pituitary,pituitary,True,D:\brain_tumor\🧠 Brain Tumor MRI Dataset\classification_task\train\pituitary\brisc2025_train_04671_pi_sa_t1.jpg,D:\brain_tumor\🧠 Brain Tumor MRI Dataset\classification_task\train\pituitary\brisc2025_train_04756_pi_sa_t1.jpg
4628,4711,6,pituitary,pituitary,True,D:\brain_tumor\🧠 Brain Tumor MRI Dataset\classification_task\train\pituitary\brisc2025_train_04671_pi_sa_t1.jpg,D:\brain_tumor\🧠 Brain Tumor MRI Dataset\classification_task\train\pituitary\brisc2025_train_04757_pi_sa_t1.jpg
4628,4712,6,pituitary,pituitary,True,D:\brain_tumor\🧠 Brain Tumor MRI Dataset\classification_task\train\pituitary\brisc2025_train_04671_pi_sa_t1.jpg,D:\brain_tumor\🧠 Brain Tumor MRI Dataset\classification_task\train\pituitary\brisc2025_train_04758_pi_sa_t1.jpg
4628,4714,6,pituitary,pituitary,True,D:\brain_tumor\🧠 Brain Tumor MRI Dataset\classification_task\train\pituitary\brisc2025_train_04671_pi_sa_t1.jpg,D:\brain_tumor\🧠 Brain Tumor MRI Dataset\classification_task\train\pituitary\brisc2025_train_04760_pi_sa_t1.jpg
4631,4632,6,pituitary,pituitary,True,D:\brain_tumor\🧠 Brain Tumor MRI Dataset\classification_task\train\pituitary\brisc2025_train_04674_pi_sa_t1.jpg,D:\brain_tumor\🧠 Brain Tumor MRI Dataset\classification_task\train\pituitary\brisc2025_train_04675_pi_sa_t1.jpg
4632,4633,6,pituitary,pituitary,True,D:\brain_tumor\🧠 Brain Tumor MRI Dataset\classification_task\train\pituitary\brisc2025_train_04675_pi_sa_t1.jpg,D:\brain_tumor\🧠 Brain Tumor MRI Dataset\classification_task\train\pituitary\brisc2025_train_04676_pi_sa_t1.jpg
4634,4635,6,pituitary,pituitary,True,D:\brain_tumor\🧠 Brain Tumor MRI Dataset\classification_task\train\pituitary\brisc2025_train_04678_pi_sa_t1.jpg,D:\brain_tumor\🧠 Brain Tumor MRI Dataset\classification_task\train\pituitary\brisc2025_train_04679_pi_sa_t1.jpg
4634,4638,4,pituitary,pituitary,True,D:\brain_tumor\🧠 Brain Tumor MRI Dataset\classification_task\train\pituitary\brisc2025_train_04678_pi_sa_t1.jpg,D:\brain_tumor\🧠 Brain Tumor MRI Dataset\classification_task\train\pituitary\brisc2025_train_04682_pi_sa_t1.jpg
4634,4639,2,pituitary,pituitary,True,D:\brain_tumor\🧠 Brain Tumor MRI Dataset\classification_task\train\pituitary\brisc2025_train_04678_pi_sa_t1.jpg,D:\brain_tumor\🧠 Brain Tumor MRI Dataset\classification_task\train\pituitary\brisc2025_train_04683_pi_sa_t1.jpg
4634,4654,4,pituitary,pituitary,True,D:\brain_tumor\🧠 Brain Tumor MRI Dataset\classification_task\train\pituitary\brisc2025_train_04678_pi_sa_t1.jpg,D:\brain_tumor\🧠 Brain Tumor MRI Dataset\classification_task\train\pituitary\brisc2025_train_04698_pi_sa_t1.jpg
4635,4636,6,pituitary,pituitary,True,D:\brain_tumor\🧠 Brain Tumor MRI Dataset\classification_task\train\pituitary\brisc2025_train_04679_pi_sa_t1.jpg,D:\brain_tumor\🧠 Brain Tumor MRI Dataset\classification_task\train\pituitary\brisc2025_train_04680_pi_sa_t1.jpg
4636,4637,6,pituitary,pituitary,True,D:\brain_tumor\🧠 Brain Tumor MRI Dataset\classification_task\train\pituitary\brisc2025_train_04680_pi_sa_t1.jpg,D:\brain_tumor\🧠 Brain Tumor MRI Dataset\classification_task\train\pituitary\brisc2025_train_04681_pi_sa_t1.jpg
4638,4639,4,pituitary,pituitary,True,D:\brain_tumor\🧠 Brain Tumor MRI Dataset\classification_task\train\pituitary\brisc2025_train_04682_pi_sa_t1.jpg,D:\brain_tumor\🧠 Brain Tumor MRI Dataset\classification_task\train\pituitary\brisc2025_train_04683_pi_sa_t1.jpg
4638,4654,6,pituitary,pituitary,True,D:\brain_tumor\🧠 Brain Tumor MRI Dataset\classification_task\train\pituitary\brisc2025_train_04682_pi_sa_t1.jpg,D:\brain_tumor\🧠 Brain Tumor MRI Dataset\classification_task\train\pituitary\brisc2025_train_04698_pi_sa_t1.jpg
4639,4654,2,pituitary,pituitary,True,D:\brain_tumor\🧠 Brain Tumor MRI Dataset\classification_task\train\pituitary\brisc2025_train_04683_pi_sa_t1.jpg,D:\brain_tumor\🧠 Brain Tumor MRI Dataset\classification_task\train\pituitary\brisc2025_train_04698_pi_sa_t1.jpg
4640,4641,4,pituitary,pituitary,True,D:\brain_tumor\🧠 Brain Tumor MRI Dataset\classification_task\train\pituitary\brisc2025_train_04684_pi_sa_t1.jpg,D:\brain_tumor\🧠 Brain Tumor MRI Dataset\classification_task\train\pituitary\brisc2025_train_04685_pi_sa_t1.jpg
4641,4643,6,pituitary,pituitary,True,D:\brain_tumor\🧠 Brain Tumor MRI Dataset\classification_task\train\pituitary\brisc2025_train_04685_pi_sa_t1.jpg,D:\brain_tumor\🧠 Brain Tumor MRI Dataset\classification_task\train\pituitary\brisc2025_train_04687_pi_sa_t1.jpg
4642,4643,4,pituitary,pituitary,True,D:\brain_tumor\🧠 Brain Tumor MRI Dataset\classification_task\train\pituitary\brisc2025_train_04686_pi_sa_t1.jpg,D:\brain_tumor\🧠 Brain Tumor MRI Dataset\classification_task\train\pituitary\brisc2025_train_04687_pi_sa_t1.jpg
4644,4645,2,pituitary,pituitary,True,D:\brain_tumor\🧠 Brain Tumor MRI Dataset\classification_task\train\pituitary\brisc2025_train_04688_pi_sa_t1.jpg,D:\brain_tumor\🧠 Brain Tumor MRI Dataset\classification_task\train\pituitary\brisc2025_train_04689_pi_sa_t1.jpg
4644,4646,4,pituitary,pituitary,True,D:\brain_tumor\🧠 Brain Tumor MRI Dataset\classification_task\train\pituitary\brisc2025_train_04688_pi_sa_t1.jpg,D:\brain_tumor\🧠 Brain Tumor MRI Dataset\classification_task\train\pituitary\brisc2025_train_04690_pi_sa_t1.jpg
4644,4647,6,pituitary,pituitary,True,D:\brain_tumor\🧠 Brain Tumor MRI Dataset\classification_task\train\pituitary\brisc2025_train_04688_pi_sa_t1.jpg,D:\brain_tumor\🧠 Brain Tumor MRI Dataset\classification_task\train\pituitary\brisc2025_train_04691_pi_sa_t1.jpg
4644,4648,2,pituitary,pituitary,True,D:\brain_tumor\🧠 Brain Tumor MRI Dataset\classification_task\train\pituitary\brisc2025_train_04688_pi_sa_t1.jpg,D:\brain_tumor\🧠 Brain Tumor MRI Dataset\classification_task\train\pituitary\brisc2025_train_04692_pi_sa_t1.jpg
4645,4646,4,pituitary,pituitary,True,D:\brain_tumor\🧠 Brain Tumor MRI Dataset\classification_task\train\pituitary\brisc2025_train_04689_pi_sa_t1.jpg,D:\brain_tumor\🧠 Brain Tumor MRI Dataset\classification_task\train\pituitary\brisc2025_train_04690_pi_sa_t1.jpg
4645,4647,6,pituitary,pituitary,True,D:\brain_tumor\🧠 Brain Tumor MRI Dataset\classification_task\train\pituitary\brisc2025_train_04689_pi_sa_t1.jpg,D:\brain_tumor\🧠 Brain Tumor MRI Dataset\classification_task\train\pituitary\brisc2025_train_04691_pi_sa_t1.jpg
4645,4648,2,pituitary,pituitary,True,D:\brain_tumor\🧠 Brain Tumor MRI Dataset\classification_task\train\pituitary\brisc2025_train_04689_pi_sa_t1.jpg,D:\brain_tumor\🧠 Brain Tumor MRI Dataset\classification_task\train\pituitary\brisc2025_train_04692_pi_sa_t1.jpg
4645,4675,6,pituitary,pituitary,True,D:\brain_tumor\🧠 Brain Tumor MRI Dataset\classification_task\train\pituitary\brisc2025_train_04689_pi_sa_t1.jpg,D:\brain_tumor\🧠 Brain Tumor MRI Dataset\classification_task\train\pituitary\brisc2025_train_04719_pi_sa_t1.jpg
4645,4704,6,pituitary,pituitary,True,D:\brain_tumor\🧠 Brain Tumor MRI Dataset\classification_task\train\pituitary\brisc2025_train_04689_pi_sa_t1.jpg,D:\brain_tumor\🧠 Brain Tumor MRI Dataset\classification_task\train\pituitary\brisc2025_train_04750_pi_sa_t1.jpg
4646,4647,2,pituitary,pituitary,True,D:\brain_tumor\🧠 Brain Tumor MRI Dataset\classification_task\train\pituitary\brisc2025_train_04690_pi_sa_t1.jpg,D:\brain_tumor\🧠 Brain Tumor MRI Dataset\classification_task\train\pituitary\brisc2025_train_04691_pi_sa_t1.jpg
4646,4648,2,pituitary,pituitary,True,D:\brain_tumor\🧠 Brain Tumor MRI Dataset\classification_task\train\pituitary\brisc2025_train_04690_pi_sa_t1.jpg,D:\brain_tumor\🧠 Brain Tumor MRI Dataset\classification_task\train\pituitary\brisc2025_train_04692_pi_sa_t1.jpg
4646,4704,6,pituitary,pituitary,True,D:\brain_tumor\🧠 Brain Tumor MRI Dataset\classification_task\train\pituitary\brisc2025_train_04690_pi_sa_t1.jpg,D:\brain_tumor\🧠 Brain Tumor MRI Dataset\classification_task\train\pituitary\brisc2025_train_04750_pi_sa_t1.jpg
4647,4648,4,pituitary,pituitary,True,D:\brain_tumor\🧠 Brain Tumor MRI Dataset\classification_task\train\pituitary\brisc2025_train_04691_pi_sa_t1.jpg,D:\brain_tumor\🧠 Brain Tumor MRI Dataset\classification_task\train\pituitary\brisc2025_train_04692_pi_sa_t1.jpg
4647,4704,6,pituitary,pituitary,True,D:\brain_tumor\🧠 Brain Tumor MRI Dataset\classification_task\train\pituitary\brisc2025_train_04691_pi_sa_t1.jpg,D:\brain_tumor\🧠 Brain Tumor MRI Dataset\classification_task\train\pituitary\brisc2025_train_04750_pi_sa_t1.jpg
4648,4704,6,pituitary,pituitary,True,D:\brain_tumor\🧠 Brain Tumor MRI Dataset\classification_task\train\pituitary\brisc2025_train_04692_pi_sa_t1.jpg,D:\brain_tumor\🧠 Brain Tumor MRI Dataset\classification_task\train\pituitary\brisc2025_train_04750_pi_sa_t1.jpg
4649,4651,6,pituitary,pituitary,True,D:\brain_tumor\🧠 Brain Tumor MRI Dataset\classification_task\train\pituitary\brisc2025_train_04693_pi_sa_t1.jpg,D:\brain_tumor\🧠 Brain Tumor MRI Dataset\classification_task\train\pituitary\brisc2025_train_04695_pi_sa_t1.jpg
4649,4653,6,pituitary,pituitary,True,D:\brain_tumor\🧠 Brain Tumor MRI Dataset\classification_task\train\pituitary\brisc2025_train_04693_pi_sa_t1.jpg,D:\brain_tumor\🧠 Brain Tumor MRI Dataset\classification_task\train\pituitary\brisc2025_train_04697_pi_sa_t1.jpg
4650,4651,6,pituitary,pituitary,True,D:\brain_tumor\🧠 Brain Tumor MRI Dataset\classification_task\train\pituitary\brisc2025_train_04694_pi_sa_t1.jpg,D:\brain_tumor\🧠 Brain Tumor MRI Dataset\classification_task\train\pituitary\brisc2025_train_04695_pi_sa_t1.jpg
4650,4653,6,pituitary,pituitary,True,D:\brain_tumor\🧠 Brain Tumor MRI Dataset\classification_task\train\pituitary\brisc2025_train_04694_pi_sa_t1.jpg,D:\brain_tumor\🧠 Brain Tumor MRI Dataset\classification_task\train\pituitary\brisc2025_train_04697_pi_sa_t1.jpg
4651,4653,4,pituitary,pituitary,True,D:\brain_tumor\🧠 Brain Tumor MRI Dataset\classification_task\train\pituitary\brisc2025_train_04695_pi_sa_t1.jpg,D:\brain_tumor\🧠 Brain Tumor MRI Dataset\classification_task\train\pituitary\brisc2025_train_04697_pi_sa_t1.jpg
4658,4659,4,pituitary,pituitary,True,D:\brain_tumor\🧠 Brain Tumor MRI Dataset\classification_task\train\pituitary\brisc2025_train_04702_pi_sa_t1.jpg,D:\brain_tumor\🧠 Brain Tumor MRI Dataset\classification_task\train\pituitary\brisc2025_train_04703_pi_sa_t1.jpg
4660,4661,6,pituitary,pituitary,True,D:\brain_tumor\🧠 Brain Tumor MRI Dataset\classification_task\train\pituitary\brisc2025_train_04704_pi_sa_t1.jpg,D:\brain_tumor\🧠 Brain Tumor MRI Dataset\classification_task\train\pituitary\brisc2025_train_04705_pi_sa_t1.jpg
4663,4664,6,pituitary,pituitary,True,D:\brain_tumor\🧠 Brain Tumor MRI Dataset\classification_task\train\pituitary\brisc2025_train_04707_pi_sa_t1.jpg,D:\brain_tumor\🧠 Brain Tumor MRI Dataset\classification_task\train\pituitary\brisc2025_train_04708_pi_sa_t1.jpg
4664,4665,2,pituitary,pituitary,True,D:\brain_tumor\🧠 Brain Tumor MRI Dataset\classification_task\train\pituitary\brisc2025_train_04708_pi_sa_t1.jpg,D:\brain_tumor\🧠 Brain Tumor MRI Dataset\classification_task\train\pituitary\brisc2025_train_04709_pi_sa_t1.jpg
4665,4705,6,pituitary,pituitary,True,D:\brain_tumor\🧠 Brain Tumor MRI Dataset\classification_task\train\pituitary\brisc2025_train_04709_pi_sa_t1.jpg,D:\brain_tumor\🧠 Brain Tumor MRI Dataset\classification_task\train\pituitary\brisc2025_train_04751_pi_sa_t1.jpg
4666,4667,6,pituitary,pituitary,True,D:\brain_tumor\🧠 Brain Tumor MRI Dataset\classification_task\train\pituitary\brisc2025_train_04710_pi_sa_t1.jpg,D:\brain_tumor\🧠 Brain Tumor MRI Dataset\classification_task\train\pituitary\brisc2025_train_04711_pi_sa_t1.jpg
4667,4668,4,pituitary,pituitary,True,D:\brain_tumor\🧠 Brain Tumor MRI Dataset\classification_task\train\pituitary\brisc2025_train_04711_pi_sa_t1.jpg,D:\brain_tumor\🧠 Brain Tumor MRI Dataset\classification_task\train\pituitary\brisc2025_train_04712_pi_sa_t1.jpg
4669,4670,6,pituitary,pituitary,True,D:\brain_tumor\🧠 Brain Tumor MRI Dataset\classification_task\train\pituitary\brisc2025_train_04713_pi_sa_t1.jpg,D:\brain_tumor\🧠 Brain Tumor MRI Dataset\classification_task\train\pituitary\brisc2025_train_04714_pi_sa_t1.jpg
4669,4671,6,pituitary,pituitary,True,D:\brain_tumor\🧠 Brain Tumor MRI Dataset\classification_task\train\pituitary\brisc2025_train_04713_pi_sa_t1.jpg,D:\brain_tumor\🧠 Brain Tumor MRI Dataset\classification_task\train\pituitary\brisc2025_train_04715_pi_sa_t1.jpg
4670,4671,4,pituitary,pituitary,True,D:\brain_tumor\🧠 Brain Tumor MRI Dataset\classification_task\train\pituitary\brisc2025_train_04714_pi_sa_t1.jpg,D:\brain_tumor\🧠 Brain Tumor MRI Dataset\classification_task\train\pituitary\brisc2025_train_04715_pi_sa_t1.jpg
4671,4672,4,pituitary,pituitary,True,D:\brain_tumor\🧠 Brain Tumor MRI Dataset\classification_task\train\pituitary\brisc2025_train_04715_pi_sa_t1.jpg,D:\brain_tumor\🧠 Brain Tumor MRI Dataset\classification_task\train\pituitary\brisc2025_train_04716_pi_sa_t1.jpg
4673,4674,4,pituitary,pituitary,True,D:\brain_tumor\🧠 Brain Tumor MRI Dataset\classification_task\train\pituitary\brisc2025_train_04717_pi_sa_t1.jpg,D:\brain_tumor\🧠 Brain Tumor MRI Dataset\classification_task\train\pituitary\brisc2025_train_04718_pi_sa_t1.jpg
4676,4705,6,pituitary,pituitary,True,D:\brain_tumor\🧠 Brain Tumor MRI Dataset\classification_task\train\pituitary\brisc2025_train_04720_pi_sa_t1.jpg,D:\brain_tumor\🧠 Brain Tumor MRI Dataset\classification_task\train\pituitary\brisc2025_train_04751_pi_sa_t1.jpg
4679,4680,6,pituitary,pituitary,True,D:\brain_tumor\🧠 Brain Tumor MRI Dataset\classification_task\train\pituitary\brisc2025_train_04723_pi_sa_t1.jpg,D:\brain_tumor\🧠 Brain Tumor MRI Dataset\classification_task\train\pituitary\brisc2025_train_04724_pi_sa_t1.jpg
4681,4682,4,pituitary,pituitary,True,D:\brain_tumor\🧠 Brain Tumor MRI Dataset\classification_task\train\pituitary\brisc2025_train_04725_pi_sa_t1.jpg,D:\brain_tumor\🧠 Brain Tumor MRI Dataset\classification_task\train\pituitary\brisc2025_train_04726_pi_sa_t1.jpg
4681,4683,6,pituitary,pituitary,True,D:\brain_tumor\🧠 Brain Tumor MRI Dataset\classification_task\train\pituitary\brisc2025_train_04725_pi_sa_t1.jpg,D:\brain_tumor\🧠 Brain Tumor MRI Dataset\classification_task\train\pituitary\brisc2025_train_04727_pi_sa_t1.jpg
4681,4684,4,pituitary,pituitary,True,D:\brain_tumor\🧠 Brain Tumor MRI Dataset\classification_task\train\pituitary\brisc2025_train_04725_pi_sa_t1.jpg,D:\brain_tumor\🧠 Brain Tumor MRI Dataset\classification_task\train\pituitary\brisc2025_train_04728_pi_sa_t1.jpg
4682,4683,6,pituitary,pituitary,True,D:\brain_tumor\🧠 Brain Tumor MRI Dataset\classification_task\train\pituitary\brisc2025_train_04726_pi_sa_t1.jpg,D:\brain_tumor\🧠 Brain Tumor MRI Dataset\classification_task\train\pituitary\brisc2025_train_04727_pi_sa_t1.jpg
4682,4684,6,pituitary,pituitary,True,D:\brain_tumor\🧠 Brain Tumor MRI Dataset\classification_task\train\pituitary\brisc2025_train_04726_pi_sa_t1.jpg,D:\brain_tumor\🧠 Brain Tumor MRI Dataset\classification_task\train\pituitary\brisc2025_train_04728_pi_sa_t1.jpg
4685,4686,6,pituitary,pituitary,True,D:\brain_tumor\🧠 Brain Tumor MRI Dataset\classification_task\train\pituitary\brisc2025_train_04729_pi_sa_t1.jpg,D:\brain_tumor\🧠 Brain Tumor MRI Dataset\classification_task\train\pituitary\brisc2025_train_04730_pi_sa_t1.jpg
4685,4688,6,pituitary,pituitary,True,D:\brain_tumor\🧠 Brain Tumor MRI Dataset\classification_task\train\pituitary\brisc2025_train_04729_pi_sa_t1.jpg,D:\brain_tumor\🧠 Brain Tumor MRI Dataset\classification_task\train\pituitary\brisc2025_train_04732_pi_sa_t1.jpg
4685,4689,4,pituitary,pituitary,True,D:\brain_tumor\🧠 Brain Tumor MRI Dataset\classification_task\train\pituitary\brisc2025_train_04729_pi_sa_t1.jpg,D:\brain_tumor\🧠 Brain Tumor MRI Dataset\classification_task\train\pituitary\brisc2025_train_04733_pi_sa_t1.jpg
4686,4688,0,pituitary,pituitary,True,D:\brain_tumor\🧠 Brain Tumor MRI Dataset\classification_task\train\pituitary\brisc2025_train_04730_pi_sa_t1.jpg,D:\brain_tumor\🧠 Brain Tumor MRI Dataset\classification_task\train\pituitary\brisc2025_train_04732_pi_sa_t1.jpg
4686,4689,4,pituitary,pituitary,True,D:\brain_tumor\🧠 Brain Tumor MRI Dataset\classification_task\train\pituitary\brisc2025_train_04730_pi_sa_t1.jpg,D:\brain_tumor\🧠 Brain Tumor MRI Dataset\classification_task\train\pituitary\brisc2025_train_04733_pi_sa_t1.jpg
4688,4689,4,pituitary,pituitary,True,D:\brain_tumor\🧠 Brain Tumor MRI Dataset\classification_task\train\pituitary\brisc2025_train_04732_pi_sa_t1.jpg,D:\brain_tumor\🧠 Brain Tumor MRI Dataset\classification_task\train\pituitary\brisc2025_train_04733_pi_sa_t1.jpg
4690,4691,6,pituitary,pituitary,True,D:\brain_tumor\🧠 Brain Tumor MRI Dataset\classification_task\train\pituitary\brisc2025_train_04734_pi_sa_t1.jpg,D:\brain_tumor\🧠 Brain Tumor MRI Dataset\classification_task\train\pituitary\brisc2025_train_04735_pi_sa_t1.jpg
4691,4692,4,pituitary,pituitary,True,D:\brain_tumor\🧠 Brain Tumor MRI Dataset\classification_task\train\pituitary\brisc2025_train_04735_pi_sa_t1.jpg,D:\brain_tumor\🧠 Brain Tumor MRI Dataset\classification_task\train\pituitary\brisc2025_train_04736_pi_sa_t1.jpg
4694,4695,4,pituitary,pituitary,True,D:\brain_tumor\🧠 Brain Tumor MRI Dataset\classification_task\train\pituitary\brisc2025_train_04738_pi_sa_t1.jpg,D:\brain_tumor\🧠 Brain Tumor MRI Dataset\classification_task\train\pituitary\brisc2025_train_04739_pi_sa_t1.jpg
4694,4696,6,pituitary,pituitary,True,D:\brain_tumor\🧠 Brain Tumor MRI Dataset\classification_task\train\pituitary\brisc2025_train_04738_pi_sa_t1.jpg,D:\brain_tumor\🧠 Brain Tumor MRI Dataset\classification_task\train\pituitary\brisc2025_train_04740_pi_sa_t1.jpg
4695,4696,4,pituitary,pituitary,True,D:\brain_tumor\🧠 Brain Tumor MRI Dataset\classification_task\train\pituitary\brisc2025_train_04739_pi_sa_t1.jpg,D:\brain_tumor\🧠 Brain Tumor MRI Dataset\classification_task\train\pituitary\brisc2025_train_04740_pi_sa_t1.jpg
4700,4701,4,pituitary,pituitary,True,D:\brain_tumor\🧠 Brain Tumor MRI Dataset\classification_task\train\pituitary\brisc2025_train_04746_pi_sa_t1.jpg,D:\brain_tumor\🧠 Brain Tumor MRI Dataset\classification_task\train\pituitary\brisc2025_train_04747_pi_sa_t1.jpg
4700,4702,2,pituitary,pituitary,True,D:\brain_tumor\🧠 Brain Tumor MRI Dataset\classification_task\train\pituitary\brisc2025_train_04746_pi_sa_t1.jpg,D:\brain_tumor\🧠 Brain Tumor MRI Dataset\classification_task\train\pituitary\brisc2025_train_04748_pi_sa_t1.jpg
4701,4702,2,pituitary,pituitary,True,D:\brain_tumor\🧠 Brain Tumor MRI Dataset\classification_task\train\pituitary\brisc2025_train_04747_pi_sa_t1.jpg,D:\brain_tumor\🧠 Brain Tumor MRI Dataset\classification_task\train\pituitary\brisc2025_train_04748_pi_sa_t1.jpg
4704,4705,6,pituitary,pituitary,True,D:\brain_tumor\🧠 Brain Tumor MRI Dataset\classification_task\train\pituitary\brisc2025_train_04750_pi_sa_t1.jpg,D:\brain_tumor\🧠 Brain Tumor MRI Dataset\classification_task\train\pituitary\brisc2025_train_04751_pi_sa_t1.jpg
4706,4707,4,pituitary,pituitary,True,D:\brain_tumor\🧠 Brain Tumor MRI Dataset\classification_task\train\pituitary\brisc2025_train_04752_pi_sa_t1.jpg,D:\brain_tumor\🧠 Brain Tumor MRI Dataset\classification_task\train\pituitary\brisc2025_train_04753_pi_sa_t1.jpg
4710,4711,4,pituitary,pituitary,True,D:\brain_tumor\🧠 Brain Tumor MRI Dataset\classification_task\train\pituitary\brisc2025_train_04756_pi_sa_t1.jpg,D:\brain_tumor\🧠 Brain Tumor MRI Dataset\classification_task\train\pituitary\brisc2025_train_04757_pi_sa_t1.jpg
4717,4718,6,pituitary,pituitary,True,D:\brain_tumor\🧠 Brain Tumor MRI Dataset\classification_task\train\pituitary\brisc2025_train_04763_pi_sa_t1.jpg,D:\brain_tumor\🧠 Brain Tumor MRI Dataset\classification_task\train\pituitary\brisc2025_train_04764_pi_sa_t1.jpg
4719,4722,6,pituitary,pituitary,True,D:\brain_tumor\🧠 Brain Tumor MRI Dataset\classification_task\train\pituitary\brisc2025_train_04765_pi_sa_t1.jpg,D:\brain_tumor\🧠 Brain Tumor MRI Dataset\classification_task\train\pituitary\brisc2025_train_04768_pi_sa_t1.jpg
4720,4721,6,pituitary,pituitary,True,D:\brain_tumor\🧠 Brain Tumor MRI Dataset\classification_task\train\pituitary\brisc2025_train_04766_pi_sa_t1.jpg,D:\brain_tumor\🧠 Brain Tumor MRI Dataset\classification_task\train\pituitary\brisc2025_train_04767_pi_sa_t1.jpg
4720,4722,4,pituitary,pituitary,True,D:\brain_tumor\🧠 Brain Tumor MRI Dataset\classification_task\train\pituitary\brisc2025_train_04766_pi_sa_t1.jpg,D:\brain_tumor\🧠 Brain Tumor MRI Dataset\classification_task\train\pituitary\brisc2025_train_04768_pi_sa_t1.jpg
4724,4726,6,pituitary,pituitary,True,D:\brain_tumor\🧠 Brain Tumor MRI Dataset\classification_task\train\pituitary\brisc2025_train_04770_pi_sa_t1.jpg,D:\brain_tumor\🧠 Brain Tumor MRI Dataset\classification_task\train\pituitary\brisc2025_train_04772_pi_sa_t1.jpg
4724,4727,6,pituitary,pituitary,True,D:\brain_tumor\🧠 Brain Tumor MRI Dataset\classification_task\train\pituitary\brisc2025_train_04770_pi_sa_t1.jpg,D:\brain_tumor\🧠 Brain Tumor MRI Dataset\classification_task\train\pituitary\brisc2025_train_04773_pi_sa_t1.jpg
4725,4726,4,pituitary,pituitary,True,D:\brain_tumor\🧠 Brain Tumor MRI Dataset\classification_task\train\pituitary\brisc2025_train_04771_pi_sa_t1.jpg,D:\brain_tumor\🧠 Brain Tumor MRI Dataset\classification_task\train\pituitary\brisc2025_train_04772_pi_sa_t1.jpg
4725,4727,6,pituitary,pituitary,True,D:\brain_tumor\🧠 Brain Tumor MRI Dataset\classification_task\train\pituitary\brisc2025_train_04771_pi_sa_t1.jpg,D:\brain_tumor\🧠 Brain Tumor MRI Dataset\classification_task\train\pituitary\brisc2025_train_04773_pi_sa_t1.jpg
4725,4737,6,pituitary,pituitary,True,D:\brain_tumor\🧠 Brain Tumor MRI Dataset\classification_task\train\pituitary\brisc2025_train_04771_pi_sa_t1.jpg,D:\brain_tumor\🧠 Brain Tumor MRI Dataset\classification_task\train\pituitary\brisc2025_train_04783_pi_sa_t1.jpg
4725,4738,6,pituitary,pituitary,True,D:\brain_tumor\🧠 Brain Tumor MRI Dataset\classification_task\train\pituitary\brisc2025_train_04771_pi_sa_t1.jpg,D:\brain_tumor\🧠 Brain Tumor MRI Dataset\classification_task\train\pituitary\brisc2025_train_04784_pi_sa_t1.jpg
4726,4727,2,pituitary,pituitary,True,D:\brain_tumor\🧠 Brain Tumor MRI Dataset\classification_task\train\pituitary\brisc2025_train_04772_pi_sa_t1.jpg,D:\brain_tumor\🧠 Brain Tumor MRI Dataset\classification_task\train\pituitary\brisc2025_train_04773_pi_sa_t1.jpg
4726,4737,6,pituitary,pituitary,True,D:\brain_tumor\🧠 Brain Tumor MRI Dataset\classification_task\train\pituitary\brisc2025_train_04772_pi_sa_t1.jpg,D:\brain_tumor\🧠 Brain Tumor MRI Dataset\classification_task\train\pituitary\brisc2025_train_04783_pi_sa_t1.jpg
4727,4737,6,pituitary,pituitary,True,D:\brain_tumor\🧠 Brain Tumor MRI Dataset\classification_task\train\pituitary\brisc2025_train_04773_pi_sa_t1.jpg,D:\brain_tumor\🧠 Brain Tumor MRI Dataset\classification_task\train\pituitary\brisc2025_train_04783_pi_sa_t1.jpg
4729,4730,6,pituitary,pituitary,True,D:\brain_tumor\🧠 Brain Tumor MRI Dataset\classification_task\train\pituitary\brisc2025_train_04775_pi_sa_t1.jpg,D:\brain_tumor\🧠 Brain Tumor MRI Dataset\classification_task\train\pituitary\brisc2025_train_04776_pi_sa_t1.jpg
4729,4732,4,pituitary,pituitary,True,D:\brain_tumor\🧠 Brain Tumor MRI Dataset\classification_task\train\pituitary\brisc2025_train_04775_pi_sa_t1.jpg,D:\brain_tumor\🧠 Brain Tumor MRI Dataset\classification_task\train\pituitary\brisc2025_train_04778_pi_sa_t1.jpg
4729,4733,4,pituitary,pituitary,True,D:\brain_tumor\🧠 Brain Tumor MRI Dataset\classification_task\train\pituitary\brisc2025_train_04775_pi_sa_t1.jpg,D:\brain_tumor\🧠 Brain Tumor MRI Dataset\classification_task\train\pituitary\brisc2025_train_04779_pi_sa_t1.jpg
4729,4748,2,pituitary,pituitary,True,D:\brain_tumor\🧠 Brain Tumor MRI Dataset\classification_task\train\pituitary\brisc2025_train_04775_pi_sa_t1.jpg,D:\brain_tumor\🧠 Brain Tumor MRI Dataset\classification_task\train\pituitary\brisc2025_train_04794_pi_sa_t1.jpg
4729,4908,6,pituitary,pituitary,True,D:\brain_tumor\🧠 Brain Tumor MRI Dataset\classification_task\train\pituitary\brisc2025_train_04775_pi_sa_t1.jpg,D:\brain_tumor\🧠 Brain Tumor MRI Dataset\classification_task\train\pituitary\brisc2025_train_04954_pi_sa_t1.jpg
4730,4731,6,pituitary,pituitary,True,D:\brain_tumor\🧠 Brain Tumor MRI Dataset\classification_task\train\pituitary\brisc2025_train_04776_pi_sa_t1.jpg,D:\brain_tumor\🧠 Brain Tumor MRI Dataset\classification_task\train\pituitary\brisc2025_train_04777_pi_sa_t1.jpg
4730,4919,6,pituitary,pituitary,True,D:\brain_tumor\🧠 Brain Tumor MRI Dataset\classification_task\train\pituitary\brisc2025_train_04776_pi_sa_t1.jpg,D:\brain_tumor\🧠 Brain Tumor MRI Dataset\classification_task\train\pituitary\brisc2025_train_04965_pi_sa_t1.jpg
4731,4916,6,pituitary,pituitary,True,D:\brain_tumor\🧠 Brain Tumor MRI Dataset\classification_task\train\pituitary\brisc2025_train_04777_pi_sa_t1.jpg,D:\brain_tumor\🧠 Brain Tumor MRI Dataset\classification_task\train\pituitary\brisc2025_train_04962_pi_sa_t1.jpg
4731,4919,6,pituitary,pituitary,True,D:\brain_tumor\🧠 Brain Tumor MRI Dataset\classification_task\train\pituitary\brisc2025_train_04777_pi_sa_t1.jpg,D:\brain_tumor\🧠 Brain Tumor MRI Dataset\classification_task\train\pituitary\brisc2025_train_04965_pi_sa_t1.jpg
4731,4934,6,pituitary,pituitary,True,D:\brain_tumor\🧠 Brain Tumor MRI Dataset\classification_task\train\pituitary\brisc2025_train_04777_pi_sa_t1.jpg,D:\brain_tumor\🧠 Brain Tumor MRI Dataset\classification_task\train\pituitary\brisc2025_train_04980_pi_sa_t1.jpg
4732,4733,6,pituitary,pituitary,True,D:\brain_tumor\🧠 Brain Tumor MRI Dataset\classification_task\train\pituitary\brisc2025_train_04778_pi_sa_t1.jpg,D:\brain_tumor\🧠 Brain Tumor MRI Dataset\classification_task\train\pituitary\brisc2025_train_04779_pi_sa_t1.jpg
4732,4748,6,pituitary,pituitary,True,D:\brain_tumor\🧠 Brain Tumor MRI Dataset\classification_task\train\pituitary\brisc2025_train_04778_pi_sa_t1.jpg,D:\brain_tumor\🧠 Brain Tumor MRI Dataset\classification_task\train\pituitary\brisc2025_train_04794_pi_sa_t1.jpg
4732,4803,6,pituitary,pituitary,True,D:\brain_tumor\🧠 Brain Tumor MRI Dataset\classification_task\train\pituitary\brisc2025_train_04778_pi_sa_t1.jpg,D:\brain_tumor\🧠 Brain Tumor MRI Dataset\classification_task\train\pituitary\brisc2025_train_04849_pi_sa_t1.jpg
4733,4748,4,pituitary,pituitary,True,D:\brain_tumor\🧠 Brain Tumor MRI Dataset\classification_task\train\pituitary\brisc2025_train_04779_pi_sa_t1.jpg,D:\brain_tumor\🧠 Brain Tumor MRI Dataset\classification_task\train\pituitary\brisc2025_train_04794_pi_sa_t1.jpg
4733,4919,6,pituitary,pituitary,True,D:\brain_tumor\🧠 Brain Tumor MRI Dataset\classification_task\train\pituitary\brisc2025_train_04779_pi_sa_t1.jpg,D:\brain_tumor\🧠 Brain Tumor MRI Dataset\classification_task\train\pituitary\brisc2025_train_04965_pi_sa_t1.jpg
4734,4735,4,pituitary,pituitary,True,D:\brain_tumor\🧠 Brain Tumor MRI Dataset\classification_task\train\pituitary\brisc2025_train_04780_pi_sa_t1.jpg,D:\brain_tumor\🧠 Brain Tumor MRI Dataset\classification_task\train\pituitary\brisc2025_train_04781_pi_sa_t1.jpg
4735,4736,6,pituitary,pituitary,True,D:\brain_tumor\🧠 Brain Tumor MRI Dataset\classification_task\train\pituitary\brisc2025_train_04781_pi_sa_t1.jpg,D:\brain_tumor\🧠 Brain Tumor MRI Dataset\classification_task\train\pituitary\brisc2025_train_04782_pi_sa_t1.jpg
4737,4738,4,pituitary,pituitary,True,D:\brain_tumor\🧠 Brain Tumor MRI Dataset\classification_task\train\pituitary\brisc2025_train_04783_pi_sa_t1.jpg,D:\brain_tumor\🧠 Brain Tumor MRI Dataset\classification_task\train\pituitary\brisc2025_train_04784_pi_sa_t1.jpg
4737,4739,6,pituitary,pituitary,True,D:\brain_tumor\🧠 Brain Tumor MRI Dataset\classification_task\train\pituitary\brisc2025_train_04783_pi_sa_t1.jpg,D:\brain_tumor\🧠 Brain Tumor MRI Dataset\classification_task\train\pituitary\brisc2025_train_04785_pi_sa_t1.jpg
4737,4757,4,pituitary,pituitary,True,D:\brain_tumor\🧠 Brain Tumor MRI Dataset\classification_task\train\pituitary\brisc2025_train_04783_pi_sa_t1.jpg,D:\brain_tumor\🧠 Brain Tumor MRI Dataset\classification_task\train\pituitary\brisc2025_train_04803_pi_sa_t1.jpg
4738,4739,6,pituitary,pituitary,True,D:\brain_tumor\🧠 Brain Tumor MRI Dataset\classification_task\train\pituitary\brisc2025_train_04784_pi_sa_t1.jpg,D:\brain_tumor\🧠 Brain Tumor MRI Dataset\classification_task\train\pituitary\brisc2025_train_04785_pi_sa_t1.jpg
4738,4757,4,pituitary,pituitary,True,D:\brain_tumor\🧠 Brain Tumor MRI Dataset\classification_task\train\pituitary\brisc2025_train_04784_pi_sa_t1.jpg,D:\brain_tumor\🧠 Brain Tumor MRI Dataset\classification_task\train\pituitary\brisc2025_train_04803_pi_sa_t1.jpg
4739,4757,6,pituitary,pituitary,True,D:\brain_tumor\🧠 Brain Tumor MRI Dataset\classification_task\train\pituitary\brisc2025_train_04785_pi_sa_t1.jpg,D:\brain_tumor\🧠 Brain Tumor MRI Dataset\classification_task\train\pituitary\brisc2025_train_04803_pi_sa_t1.jpg
4740,4741,2,pituitary,pituitary,True,D:\brain_tumor\🧠 Brain Tumor MRI Dataset\classification_task\train\pituitary\brisc2025_train_04786_pi_sa_t1.jpg,D:\brain_tumor\🧠 Brain Tumor MRI Dataset\classification_task\train\pituitary\brisc2025_train_04787_pi_sa_t1.jpg
4740,4742,2,pituitary,pituitary,True,D:\brain_tumor\🧠 Brain Tumor MRI Dataset\classification_task\train\pituitary\brisc2025_train_04786_pi_sa_t1.jpg,D:\brain_tumor\🧠 Brain Tumor MRI Dataset\classification_task\train\pituitary\brisc2025_train_04788_pi_sa_t1.jpg
4740,4743,4,pituitary,pituitary,True,D:\brain_tumor\🧠 Brain Tumor MRI Dataset\classification_task\train\pituitary\brisc2025_train_04786_pi_sa_t1.jpg,D:\brain_tumor\🧠 Brain Tumor MRI Dataset\classification_task\train\pituitary\brisc2025_train_04789_pi_sa_t1.jpg
4741,4742,2,pituitary,pituitary,True,D:\brain_tumor\🧠 Brain Tumor MRI Dataset\classification_task\train\pituitary\brisc2025_train_04787_pi_sa_t1.jpg,D:\brain_tumor\🧠 Brain Tumor MRI Dataset\classification_task\train\pituitary\brisc2025_train_04788_pi_sa_t1.jpg
4741,4743,4,pituitary,pituitary,True,D:\brain_tumor\🧠 Brain Tumor MRI Dataset\classification_task\train\pituitary\brisc2025_train_04787_pi_sa_t1.jpg,D:\brain_tumor\🧠 Brain Tumor MRI Dataset\classification_task\train\pituitary\brisc2025_train_04789_pi_sa_t1.jpg
4741,4797,6,pituitary,pituitary,True,D:\brain_tumor\🧠 Brain Tumor MRI Dataset\classification_task\train\pituitary\brisc2025_train_04787_pi_sa_t1.jpg,D:\brain_tumor\🧠 Brain Tumor MRI Dataset\classification_task\train\pituitary\brisc2025_train_04843_pi_sa_t1.jpg
4742,4743,4,pituitary,pituitary,True,D:\brain_tumor\🧠 Brain Tumor MRI Dataset\classification_task\train\pituitary\brisc2025_train_04788_pi_sa_t1.jpg,D:\brain_tumor\🧠 Brain Tumor MRI Dataset\classification_task\train\pituitary\brisc2025_train_04789_pi_sa_t1.jpg
4742,4797,6,pituitary,pituitary,True,D:\brain_tumor\🧠 Brain Tumor MRI Dataset\classification_task\train\pituitary\brisc2025_train_04788_pi_sa_t1.jpg,D:\brain_tumor\🧠 Brain Tumor MRI Dataset\classification_task\train\pituitary\brisc2025_train_04843_pi_sa_t1.jpg
4743,4781,6,pituitary,pituitary,True,D:\brain_tumor\🧠 Brain Tumor MRI Dataset\classification_task\train\pituitary\brisc2025_train_04789_pi_sa_t1.jpg,D:\brain_tumor\🧠 Brain Tumor MRI Dataset\classification_task\train\pituitary\brisc2025_train_04827_pi_sa_t1.jpg
4744,4747,6,pituitary,pituitary,True,D:\brain_tumor\🧠 Brain Tumor MRI Dataset\classification_task\train\pituitary\brisc2025_train_04790_pi_sa_t1.jpg,D:\brain_tumor\🧠 Brain Tumor MRI Dataset\classification_task\train\pituitary\brisc2025_train_04793_pi_sa_t1.jpg
4748,4908,6,pituitary,pituitary,True,D:\brain_tumor\🧠 Brain Tumor MRI Dataset\classification_task\train\pituitary\brisc2025_train_04794_pi_sa_t1.jpg,D:\brain_tumor\🧠 Brain Tumor MRI Dataset\classification_task\train\pituitary\brisc2025_train_04954_pi_sa_t1.jpg
4748,4909,6,pituitary,pituitary,True,D:\brain_tumor\🧠 Brain Tumor MRI Dataset\classification_task\train\pituitary\brisc2025_train_04794_pi_sa_t1.jpg,D:\brain_tumor\🧠 Brain Tumor MRI Dataset\classification_task\train\pituitary\brisc2025_train_04955_pi_sa_t1.jpg
4748,4954,6,pituitary,pituitary,True,D:\brain_tumor\🧠 Brain Tumor MRI Dataset\classification_task\train\pituitary\brisc2025_train_04794_pi_sa_t1.jpg,D:\brain_tumor\🧠 Brain Tumor MRI Dataset\classification_task\train\pituitary\brisc2025_train_05000_pi_sa_t1.jpg
4749,4751,6,pituitary,pituitary,True,D:\brain_tumor\🧠 Brain Tumor MRI Dataset\classification_task\train\pituitary\brisc2025_train_04795_pi_sa_t1.jpg,D:\brain_tumor\🧠 Brain Tumor MRI Dataset\classification_task\train\pituitary\brisc2025_train_04797_pi_sa_t1.jpg
4750,4813,4,pituitary,pituitary,True,D:\brain_tumor\🧠 Brain Tumor MRI Dataset\classification_task\train\pituitary\brisc2025_train_04796_pi_sa_t1.jpg,D:\brain_tumor\🧠 Brain Tumor MRI Dataset\classification_task\train\pituitary\brisc2025_train_04859_pi_sa_t1.jpg
4750,4814,6,pituitary,pituitary,True,D:\brain_tumor\🧠 Brain Tumor MRI Dataset\classification_task\train\pituitary\brisc2025_train_04796_pi_sa_t1.jpg,D:\brain_tumor\🧠 Brain Tumor MRI Dataset\classification_task\train\pituitary\brisc2025_train_04860_pi_sa_t1.jpg
4750,4912,6,pituitary,pituitary,True,D:\brain_tumor\🧠 Brain Tumor MRI Dataset\classification_task\train\pituitary\brisc2025_train_04796_pi_sa_t1.jpg,D:\brain_tumor\🧠 Brain Tumor MRI Dataset\classification_task\train\pituitary\brisc2025_train_04958_pi_sa_t1.jpg
4752,4753,6,pituitary,pituitary,True,D:\brain_tumor\🧠 Brain Tumor MRI Dataset\classification_task\train\pituitary\brisc2025_train_04798_pi_sa_t1.jpg,D:\brain_tumor\🧠 Brain Tumor MRI Dataset\classification_task\train\pituitary\brisc2025_train_04799_pi_sa_t1.jpg
4752,4755,6,pituitary,pituitary,True,D:\brain_tumor\🧠 Brain Tumor MRI Dataset\classification_task\train\pituitary\brisc2025_train_04798_pi_sa_t1.jpg,D:\brain_tumor\🧠 Brain Tumor MRI Dataset\classification_task\train\pituitary\brisc2025_train_04801_pi_sa_t1.jpg
4753,4754,6,pituitary,pituitary,True,D:\brain_tumor\🧠 Brain Tumor MRI Dataset\classification_task\train\pituitary\brisc2025_train_04799_pi_sa_t1.jpg,D:\brain_tumor\🧠 Brain Tumor MRI Dataset\classification_task\train\pituitary\brisc2025_train_04800_pi_sa_t1.jpg
4756,4757,6,pituitary,pituitary,True,D:\brain_tumor\🧠 Brain Tumor MRI Dataset\classification_task\train\pituitary\brisc2025_train_04802_pi_sa_t1.jpg,D:\brain_tumor\🧠 Brain Tumor MRI Dataset\classification_task\train\pituitary\brisc2025_train_04803_pi_sa_t1.jpg
4761,4762,4,pituitary,pituitary,True,D:\brain_tumor\🧠 Brain Tumor MRI Dataset\classification_task\train\pituitary\brisc2025_train_04807_pi_sa_t1.jpg,D:\brain_tumor\🧠 Brain Tumor MRI Dataset\classification_task\train\pituitary\brisc2025_train_04808_pi_sa_t1.jpg
4761,4763,6,pituitary,pituitary,True,D:\brain_tumor\🧠 Brain Tumor MRI Dataset\classification_task\train\pituitary\brisc2025_train_04807_pi_sa_t1.jpg,D:\brain_tumor\🧠 Brain Tumor MRI Dataset\classification_task\train\pituitary\brisc2025_train_04809_pi_sa_t1.jpg
4762,4763,6,pituitary,pituitary,True,D:\brain_tumor\🧠 Brain Tumor MRI Dataset\classification_task\train\pituitary\brisc2025_train_04808_pi_sa_t1.jpg,D:\brain_tumor\🧠 Brain Tumor MRI Dataset\classification_task\train\pituitary\brisc2025_train_04809_pi_sa_t1.jpg
4765,4766,4,pituitary,pituitary,True,D:\brain_tumor\🧠 Brain Tumor MRI Dataset\classification_task\train\pituitary\brisc2025_train_04811_pi_sa_t1.jpg,D:\brain_tumor\🧠 Brain Tumor MRI Dataset\classification_task\train\pituitary\brisc2025_train_04812_pi_sa_t1.jpg
4771,4798,6,pituitary,pituitary,True,D:\brain_tumor\🧠 Brain Tumor MRI Dataset\classification_task\train\pituitary\brisc2025_train_04817_pi_sa_t1.jpg,D:\brain_tumor\🧠 Brain Tumor MRI Dataset\classification_task\train\pituitary\brisc2025_train_04844_pi_sa_t1.jpg
4773,4774,4,pituitary,pituitary,True,D:\brain_tumor\🧠 Brain Tumor MRI Dataset\classification_task\train\pituitary\brisc2025_train_04819_pi_sa_t1.jpg,D:\brain_tumor\🧠 Brain Tumor MRI Dataset\classification_task\train\pituitary\brisc2025_train_04820_pi_sa_t1.jpg
4773,4775,6,pituitary,pituitary,True,D:\brain_tumor\🧠 Brain Tumor MRI Dataset\classification_task\train\pituitary\brisc2025_train_04819_pi_sa_t1.jpg,D:\brain_tumor\🧠 Brain Tumor MRI Dataset\classification_task\train\pituitary\brisc2025_train_04821_pi_sa_t1.jpg
4774,4775,4,pituitary,pituitary,True,D:\brain_tumor\🧠 Brain Tumor MRI Dataset\classification_task\train\pituitary\brisc2025_train_04820_pi_sa_t1.jpg,D:\brain_tumor\🧠 Brain Tumor MRI Dataset\classification_task\train\pituitary\brisc2025_train_04821_pi_sa_t1.jpg
4775,4797,6,pituitary,pituitary,True,D:\brain_tumor\🧠 Brain Tumor MRI Dataset\classification_task\train\pituitary\brisc2025_train_04821_pi_sa_t1.jpg,D:\brain_tumor\🧠 Brain Tumor MRI Dataset\classification_task\train\pituitary\brisc2025_train_04843_pi_sa_t1.jpg
4776,4779,4,pituitary,pituitary,True,D:\brain_tumor\🧠 Brain Tumor MRI Dataset\classification_task\train\pituitary\brisc2025_train_04822_pi_sa_t1.jpg,D:\brain_tumor\🧠 Brain Tumor MRI Dataset\classification_task\train\pituitary\brisc2025_train_04825_pi_sa_t1.jpg
4780,4781,6,pituitary,pituitary,True,D:\brain_tumor\🧠 Brain Tumor MRI Dataset\classification_task\train\pituitary\brisc2025_train_04826_pi_sa_t1.jpg,D:\brain_tumor\🧠 Brain Tumor MRI Dataset\classification_task\train\pituitary\brisc2025_train_04827_pi_sa_t1.jpg
4782,4783,6,pituitary,pituitary,True,D:\brain_tumor\🧠 Brain Tumor MRI Dataset\classification_task\train\pituitary\brisc2025_train_04828_pi_sa_t1.jpg,D:\brain_tumor\🧠 Brain Tumor MRI Dataset\classification_task\train\pituitary\brisc2025_train_04829_pi_sa_t1.jpg
4784,4786,6,pituitary,pituitary,True,D:\brain_tumor\🧠 Brain Tumor MRI Dataset\classification_task\train\pituitary\brisc2025_train_04830_pi_sa_t1.jpg,D:\brain_tumor\🧠 Brain Tumor MRI Dataset\classification_task\train\pituitary\brisc2025_train_04832_pi_sa_t1.jpg
4784,4787,2,pituitary,pituitary,True,D:\brain_tumor\🧠 Brain Tumor MRI Dataset\classification_task\train\pituitary\brisc2025_train_04830_pi_sa_t1.jpg,D:\brain_tumor\🧠 Brain Tumor MRI Dataset\classification_task\train\pituitary\brisc2025_train_04833_pi_sa_t1.jpg
4786,4787,6,pituitary,pituitary,True,D:\brain_tumor\🧠 Brain Tumor MRI Dataset\classification_task\train\pituitary\brisc2025_train_04832_pi_sa_t1.jpg,D:\brain_tumor\🧠 Brain Tumor MRI Dataset\classification_task\train\pituitary\brisc2025_train_04833_pi_sa_t1.jpg
4791,4792,4,pituitary,pituitary,True,D:\brain_tumor\🧠 Brain Tumor MRI Dataset\classification_task\train\pituitary\brisc2025_train_04837_pi_sa_t1.jpg,D:\brain_tumor\🧠 Brain Tumor MRI Dataset\classification_task\train\pituitary\brisc2025_train_04838_pi_sa_t1.jpg
4791,4793,4,pituitary,pituitary,True,D:\brain_tumor\🧠 Brain Tumor MRI Dataset\classification_task\train\pituitary\brisc2025_train_04837_pi_sa_t1.jpg,D:\brain_tumor\🧠 Brain Tumor MRI Dataset\classification_task\train\pituitary\brisc2025_train_04839_pi_sa_t1.jpg
4792,4793,0,pituitary,pituitary,True,D:\brain_tumor\🧠 Brain Tumor MRI Dataset\classification_task\train\pituitary\brisc2025_train_04838_pi_sa_t1.jpg,D:\brain_tumor\🧠 Brain Tumor MRI Dataset\classification_task\train\pituitary\brisc2025_train_04839_pi_sa_t1.jpg
4792,4935,4,pituitary,pituitary,True,D:\brain_tumor\🧠 Brain Tumor MRI Dataset\classification_task\train\pituitary\brisc2025_train_04838_pi_sa_t1.jpg,D:\brain_tumor\🧠 Brain Tumor MRI Dataset\classification_task\train\pituitary\brisc2025_train_04981_pi_sa_t1.jpg
4793,4935,4,pituitary,pituitary,True,D:\brain_tumor\🧠 Brain Tumor MRI Dataset\classification_task\train\pituitary\brisc2025_train_04839_pi_sa_t1.jpg,D:\brain_tumor\🧠 Brain Tumor MRI Dataset\classification_task\train\pituitary\brisc2025_train_04981_pi_sa_t1.jpg
4797,4798,4,pituitary,pituitary,True,D:\brain_tumor\🧠 Brain Tumor MRI Dataset\classification_task\train\pituitary\brisc2025_train_04843_pi_sa_t1.jpg,D:\brain_tumor\🧠 Brain Tumor MRI Dataset\classification_task\train\pituitary\brisc2025_train_04844_pi_sa_t1.jpg
4798,4832,6,pituitary,pituitary,True,D:\brain_tumor\🧠 Brain Tumor MRI Dataset\classification_task\train\pituitary\brisc2025_train_04844_pi_sa_t1.jpg,D:\brain_tumor\🧠 Brain Tumor MRI Dataset\classification_task\train\pituitary\brisc2025_train_04878_pi_sa_t1.jpg
4798,4833,6,pituitary,pituitary,True,D:\brain_tumor\🧠 Brain Tumor MRI Dataset\classification_task\train\pituitary\brisc2025_train_04844_pi_sa_t1.jpg,D:\brain_tumor\🧠 Brain Tumor MRI Dataset\classification_task\train\pituitary\brisc2025_train_04879_pi_sa_t1.jpg
4798,4834,6,pituitary,pituitary,True,D:\brain_tumor\🧠 Brain Tumor MRI Dataset\classification_task\train\pituitary\brisc2025_train_04844_pi_sa_t1.jpg,D:\brain_tumor\🧠 Brain Tumor MRI Dataset\classification_task\train\pituitary\brisc2025_train_04880_pi_sa_t1.jpg
4798,4878,6,pituitary,pituitary,True,D:\brain_tumor\🧠 Brain Tumor MRI Dataset\classification_task\train\pituitary\brisc2025_train_04844_pi_sa_t1.jpg,D:\brain_tumor\🧠 Brain Tumor MRI Dataset\classification_task\train\pituitary\brisc2025_train_04924_pi_sa_t1.jpg
4798,4922,6,pituitary,pituitary,True,D:\brain_tumor\🧠 Brain Tumor MRI Dataset\classification_task\train\pituitary\brisc2025_train_04844_pi_sa_t1.jpg,D:\brain_tumor\🧠 Brain Tumor MRI Dataset\classification_task\train\pituitary\brisc2025_train_04968_pi_sa_t1.jpg
4799,4800,4,pituitary,pituitary,True,D:\brain_tumor\🧠 Brain Tumor MRI Dataset\classification_task\train\pituitary\brisc2025_train_04845_pi_sa_t1.jpg,D:\brain_tumor\🧠 Brain Tumor MRI Dataset\classification_task\train\pituitary\brisc2025_train_04846_pi_sa_t1.jpg
4801,4803,6,pituitary,pituitary,True,D:\brain_tumor\🧠 Brain Tumor MRI Dataset\classification_task\train\pituitary\brisc2025_train_04847_pi_sa_t1.jpg,D:\brain_tumor\🧠 Brain Tumor MRI Dataset\classification_task\train\pituitary\brisc2025_train_04849_pi_sa_t1.jpg
4802,4911,6,pituitary,pituitary,True,D:\brain_tumor\🧠 Brain Tumor MRI Dataset\classification_task\train\pituitary\brisc2025_train_04848_pi_sa_t1.jpg,D:\brain_tumor\🧠 Brain Tumor MRI Dataset\classification_task\train\pituitary\brisc2025_train_04957_pi_sa_t1.jpg
4803,4911,6,pituitary,pituitary,True,D:\brain_tumor\🧠 Brain Tumor MRI Dataset\classification_task\train\pituitary\brisc2025_train_04849_pi_sa_t1.jpg,D:\brain_tumor\🧠 Brain Tumor MRI Dataset\classification_task\train\pituitary\brisc2025_train_04957_pi_sa_t1.jpg
4803,4912,6,pituitary,pituitary,True,D:\brain_tumor\🧠 Brain Tumor MRI Dataset\classification_task\train\pituitary\brisc2025_train_04849_pi_sa_t1.jpg,D:\brain_tumor\🧠 Brain Tumor MRI Dataset\classification_task\train\pituitary\brisc2025_train_04958_pi_sa_t1.jpg
4808,4809,6,pituitary,pituitary,True,D:\brain_tumor\🧠 Brain Tumor MRI Dataset\classification_task\train\pituitary\brisc2025_train_04854_pi_sa_t1.jpg,D:\brain_tumor\🧠 Brain Tumor MRI Dataset\classification_task\train\pituitary\brisc2025_train_04855_pi_sa_t1.jpg
4808,4810,6,pituitary,pituitary,True,D:\brain_tumor\🧠 Brain Tumor MRI Dataset\classification_task\train\pituitary\brisc2025_train_04854_pi_sa_t1.jpg,D:\brain_tumor\🧠 Brain Tumor MRI Dataset\classification_task\train\pituitary\brisc2025_train_04856_pi_sa_t1.jpg
4808,4811,6,pituitary,pituitary,True,D:\brain_tumor\🧠 Brain Tumor MRI Dataset\classification_task\train\pituitary\brisc2025_train_04854_pi_sa_t1.jpg,D:\brain_tumor\🧠 Brain Tumor MRI Dataset\classification_task\train\pituitary\brisc2025_train_04857_pi_sa_t1.jpg
4809,4810,6,pituitary,pituitary,True,D:\brain_tumor\🧠 Brain Tumor MRI Dataset\classification_task\train\pituitary\brisc2025_train_04855_pi_sa_t1.jpg,D:\brain_tumor\🧠 Brain Tumor MRI Dataset\classification_task\train\pituitary\brisc2025_train_04856_pi_sa_t1.jpg
4810,4811,6,pituitary,pituitary,True,D:\brain_tumor\🧠 Brain Tumor MRI Dataset\classification_task\train\pituitary\brisc2025_train_04856_pi_sa_t1.jpg,D:\brain_tumor\🧠 Brain Tumor MRI Dataset\classification_task\train\pituitary\brisc2025_train_04857_pi_sa_t1.jpg
4812,4813,6,pituitary,pituitary,True,D:\brain_tumor\🧠 Brain Tumor MRI Dataset\classification_task\train\pituitary\brisc2025_train_04858_pi_sa_t1.jpg,D:\brain_tumor\🧠 Brain Tumor MRI Dataset\classification_task\train\pituitary\brisc2025_train_04859_pi_sa_t1.jpg
4813,4814,6,pituitary,pituitary,True,D:\brain_tumor\🧠 Brain Tumor MRI Dataset\classification_task\train\pituitary\brisc2025_train_04859_pi_sa_t1.jpg,D:\brain_tumor\🧠 Brain Tumor MRI Dataset\classification_task\train\pituitary\brisc2025_train_04860_pi_sa_t1.jpg
4814,4906,6,pituitary,pituitary,True,D:\brain_tumor\🧠 Brain Tumor MRI Dataset\classification_task\train\pituitary\brisc2025_train_04860_pi_sa_t1.jpg,D:\brain_tumor\🧠 Brain Tumor MRI Dataset\classification_task\train\pituitary\brisc2025_train_04952_pi_sa_t1.jpg
4815,4816,4,pituitary,pituitary,True,D:\brain_tumor\🧠 Brain Tumor MRI Dataset\classification_task\train\pituitary\brisc2025_train_04861_pi_sa_t1.jpg,D:\brain_tumor\🧠 Brain Tumor MRI Dataset\classification_task\train\pituitary\brisc2025_train_04862_pi_sa_t1.jpg
4815,4817,6,pituitary,pituitary,True,D:\brain_tumor\🧠 Brain Tumor MRI Dataset\classification_task\train\pituitary\brisc2025_train_04861_pi_sa_t1.jpg,D:\brain_tumor\🧠 Brain Tumor MRI Dataset\classification_task\train\pituitary\brisc2025_train_04863_pi_sa_t1.jpg
4816,4817,6,pituitary,pituitary,True,D:\brain_tumor\🧠 Brain Tumor MRI Dataset\classification_task\train\pituitary\brisc2025_train_04862_pi_sa_t1.jpg,D:\brain_tumor\🧠 Brain Tumor MRI Dataset\classification_task\train\pituitary\brisc2025_train_04863_pi_sa_t1.jpg
4818,4819,4,pituitary,pituitary,True,D:\brain_tumor\🧠 Brain Tumor MRI Dataset\classification_task\train\pituitary\brisc2025_train_04864_pi_sa_t1.jpg,D:\brain_tumor\🧠 Brain Tumor MRI Dataset\classification_task\train\pituitary\brisc2025_train_04865_pi_sa_t1.jpg
4818,4820,6,pituitary,pituitary,True,D:\brain_tumor\🧠 Brain Tumor MRI Dataset\classification_task\train\pituitary\brisc2025_train_04864_pi_sa_t1.jpg,D:\brain_tumor\🧠 Brain Tumor MRI Dataset\classification_task\train\pituitary\brisc2025_train_04866_pi_sa_t1.jpg
4818,4821,4,pituitary,pituitary,True,D:\brain_tumor\🧠 Brain Tumor MRI Dataset\classification_task\train\pituitary\brisc2025_train_04864_pi_sa_t1.jpg,D:\brain_tumor\🧠 Brain Tumor MRI Dataset\classification_task\train\pituitary\brisc2025_train_04867_pi_sa_t1.jpg
4818,4822,2,pituitary,pituitary,True,D:\brain_tumor\🧠 Brain Tumor MRI Dataset\classification_task\train\pituitary\brisc2025_train_04864_pi_sa_t1.jpg,D:\brain_tumor\🧠 Brain Tumor MRI Dataset\classification_task\train\pituitary\brisc2025_train_04868_pi_sa_t1.jpg
4819,4820,6,pituitary,pituitary,True,D:\brain_tumor\🧠 Brain Tumor MRI Dataset\classification_task\train\pituitary\brisc2025_train_04865_pi_sa_t1.jpg,D:\brain_tumor\🧠 Brain Tumor MRI Dataset\classification_task\train\pituitary\brisc2025_train_04866_pi_sa_t1.jpg
4819,4821,4,pituitary,pituitary,True,D:\brain_tumor\🧠 Brain Tumor MRI Dataset\classification_task\train\pituitary\brisc2025_train_04865_pi_sa_t1.jpg,D:\brain_tumor\🧠 Brain Tumor MRI Dataset\classification_task\train\pituitary\brisc2025_train_04867_pi_sa_t1.jpg
4819,4822,6,pituitary,pituitary,True,D:\brain_tumor\🧠 Brain Tumor MRI Dataset\classification_task\train\pituitary\brisc2025_train_04865_pi_sa_t1.jpg,D:\brain_tumor\🧠 Brain Tumor MRI Dataset\classification_task\train\pituitary\brisc2025_train_04868_pi_sa_t1.jpg
4820,4822,6,pituitary,pituitary,True,D:\brain_tumor\🧠 Brain Tumor MRI Dataset\classification_task\train\pituitary\brisc2025_train_04866_pi_sa_t1.jpg,D:\brain_tumor\🧠 Brain Tumor MRI Dataset\classification_task\train\pituitary\brisc2025_train_04868_pi_sa_t1.jpg
4821,4822,6,pituitary,pituitary,True,D:\brain_tumor\🧠 Brain Tumor MRI Dataset\classification_task\train\pituitary\brisc2025_train_04867_pi_sa_t1.jpg,D:\brain_tumor\🧠 Brain Tumor MRI Dataset\classification_task\train\pituitary\brisc2025_train_04868_pi_sa_t1.jpg
4824,4825,4,pituitary,pituitary,True,D:\brain_tumor\🧠 Brain Tumor MRI Dataset\classification_task\train\pituitary\brisc2025_train_04870_pi_sa_t1.jpg,D:\brain_tumor\🧠 Brain Tumor MRI Dataset\classification_task\train\pituitary\brisc2025_train_04871_pi_sa_t1.jpg
4826,4827,6,pituitary,pituitary,True,D:\brain_tumor\🧠 Brain Tumor MRI Dataset\classification_task\train\pituitary\brisc2025_train_04872_pi_sa_t1.jpg,D:\brain_tumor\🧠 Brain Tumor MRI Dataset\classification_task\train\pituitary\brisc2025_train_04873_pi_sa_t1.jpg
4832,4833,2,pituitary,pituitary,True,D:\brain_tumor\🧠 Brain Tumor MRI Dataset\classification_task\train\pituitary\brisc2025_train_04878_pi_sa_t1.jpg,D:\brain_tumor\🧠 Brain Tumor MRI Dataset\classification_task\train\pituitary\brisc2025_train_04879_pi_sa_t1.jpg
4832,4834,4,pituitary,pituitary,True,D:\brain_tumor\🧠 Brain Tumor MRI Dataset\classification_task\train\pituitary\brisc2025_train_04878_pi_sa_t1.jpg,D:\brain_tumor\🧠 Brain Tumor MRI Dataset\classification_task\train\pituitary\brisc2025_train_04880_pi_sa_t1.jpg
4833,4834,2,pituitary,pituitary,True,D:\brain_tumor\🧠 Brain Tumor MRI Dataset\classification_task\train\pituitary\brisc2025_train_04879_pi_sa_t1.jpg,D:\brain_tumor\🧠 Brain Tumor MRI Dataset\classification_task\train\pituitary\brisc2025_train_04880_pi_sa_t1.jpg
4841,4842,4,pituitary,pituitary,True,D:\brain_tumor\🧠 Brain Tumor MRI Dataset\classification_task\train\pituitary\brisc2025_train_04887_pi_sa_t1.jpg,D:\brain_tumor\🧠 Brain Tumor MRI Dataset\classification_task\train\pituitary\brisc2025_train_04888_pi_sa_t1.jpg
4844,4846,6,pituitary,pituitary,True,D:\brain_tumor\🧠 Brain Tumor MRI Dataset\classification_task\train\pituitary\brisc2025_train_04890_pi_sa_t1.jpg,D:\brain_tumor\🧠 Brain Tumor MRI Dataset\classification_task\train\pituitary\brisc2025_train_04892_pi_sa_t1.jpg
4845,4846,6,pituitary,pituitary,True,D:\brain_tumor\🧠 Brain Tumor MRI Dataset\classification_task\train\pituitary\brisc2025_train_04891_pi_sa_t1.jpg,D:\brain_tumor\🧠 Brain Tumor MRI Dataset\classification_task\train\pituitary\brisc2025_train_04892_pi_sa_t1.jpg
4846,4847,4,pituitary,pituitary,True,D:\brain_tumor\🧠 Brain Tumor MRI Dataset\classification_task\train\pituitary\brisc2025_train_04892_pi_sa_t1.jpg,D:\brain_tumor\🧠 Brain Tumor MRI Dataset\classification_task\train\pituitary\brisc2025_train_04893_pi_sa_t1.jpg
4853,4854,6,pituitary,pituitary,True,D:\brain_tumor\🧠 Brain Tumor MRI Dataset\classification_task\train\pituitary\brisc2025_train_04899_pi_sa_t1.jpg,D:\brain_tumor\🧠 Brain Tumor MRI Dataset\classification_task\train\pituitary\brisc2025_train_04900_pi_sa_t1.jpg
4856,4857,4,pituitary,pituitary,True,D:\brain_tumor\🧠 Brain Tumor MRI Dataset\classification_task\train\pituitary\brisc2025_train_04902_pi_sa_t1.jpg,D:\brain_tumor\🧠 Brain Tumor MRI Dataset\classification_task\train\pituitary\brisc2025_train_04903_pi_sa_t1.jpg
4860,4861,6,pituitary,pituitary,True,D:\brain_tumor\🧠 Brain Tumor MRI Dataset\classification_task\train\pituitary\brisc2025_train_04906_pi_sa_t1.jpg,D:\brain_tumor\🧠 Brain Tumor MRI Dataset\classification_task\train\pituitary\brisc2025_train_04907_pi_sa_t1.jpg
4861,4864,6,pituitary,pituitary,True,D:\brain_tumor\🧠 Brain Tumor MRI Dataset\classification_task\train\pituitary\brisc2025_train_04907_pi_sa_t1.jpg,D:\brain_tumor\🧠 Brain Tumor MRI Dataset\classification_task\train\pituitary\brisc2025_train_04910_pi_sa_t1.jpg
4862,4863,6,pituitary,pituitary,True,D:\brain_tumor\🧠 Brain Tumor MRI Dataset\classification_task\train\pituitary\brisc2025_train_04908_pi_sa_t1.jpg,D:\brain_tumor\🧠 Brain Tumor MRI Dataset\classification_task\train\pituitary\brisc2025_train_04909_pi_sa_t1.jpg
4866,4867,6,pituitary,pituitary,True,D:\brain_tumor\🧠 Brain Tumor MRI Dataset\classification_task\train\pituitary\brisc2025_train_04912_pi_sa_t1.jpg,D:\brain_tumor\🧠 Brain Tumor MRI Dataset\classification_task\train\pituitary\brisc2025_train_04913_pi_sa_t1.jpg
4868,4869,6,pituitary,pituitary,True,D:\brain_tumor\🧠 Brain Tumor MRI Dataset\classification_task\train\pituitary\brisc2025_train_04914_pi_sa_t1.jpg,D:\brain_tumor\🧠 Brain Tumor MRI Dataset\classification_task\train\pituitary\brisc2025_train_04915_pi_sa_t1.jpg
4869,4870,6,pituitary,pituitary,True,D:\brain_tumor\🧠 Brain Tumor MRI Dataset\classification_task\train\pituitary\brisc2025_train_04915_pi_sa_t1.jpg,D:\brain_tumor\🧠 Brain Tumor MRI Dataset\classification_task\train\pituitary\brisc2025_train_04916_pi_sa_t1.jpg
4870,4871,6,pituitary,pituitary,True,D:\brain_tumor\🧠 Brain Tumor MRI Dataset\classification_task\train\pituitary\brisc2025_train_04916_pi_sa_t1.jpg,D:\brain_tumor\🧠 Brain Tumor MRI Dataset\classification_task\train\pituitary\brisc2025_train_04917_pi_sa_t1.jpg
4870,4872,6,pituitary,pituitary,True,D:\brain_tumor\🧠 Brain Tumor MRI Dataset\classification_task\train\pituitary\brisc2025_train_04916_pi_sa_t1.jpg,D:\brain_tumor\🧠 Brain Tumor MRI Dataset\classification_task\train\pituitary\brisc2025_train_04918_pi_sa_t1.jpg
4871,4872,6,pituitary,pituitary,True,D:\brain_tumor\🧠 Brain Tumor MRI Dataset\classification_task\train\pituitary\brisc2025_train_04917_pi_sa_t1.jpg,D:\brain_tumor\🧠 Brain Tumor MRI Dataset\classification_task\train\pituitary\brisc2025_train_04918_pi_sa_t1.jpg
4874,4875,6,pituitary,pituitary,True,D:\brain_tumor\🧠 Brain Tumor MRI Dataset\classification_task\train\pituitary\brisc2025_train_04920_pi_sa_t1.jpg,D:\brain_tumor\🧠 Brain Tumor MRI Dataset\classification_task\train\pituitary\brisc2025_train_04921_pi_sa_t1.jpg
4874,4877,6,pituitary,pituitary,True,D:\brain_tumor\🧠 Brain Tumor MRI Dataset\classification_task\train\pituitary\brisc2025_train_04920_pi_sa_t1.jpg,D:\brain_tumor\🧠 Brain Tumor MRI Dataset\classification_task\train\pituitary\brisc2025_train_04923_pi_sa_t1.jpg
4874,4878,6,pituitary,pituitary,True,D:\brain_tumor\🧠 Brain Tumor MRI Dataset\classification_task\train\pituitary\brisc2025_train_04920_pi_sa_t1.jpg,D:\brain_tumor\🧠 Brain Tumor MRI Dataset\classification_task\train\pituitary\brisc2025_train_04924_pi_sa_t1.jpg
4874,4879,6,pituitary,pituitary,True,D:\brain_tumor\🧠 Brain Tumor MRI Dataset\classification_task\train\pituitary\brisc2025_train_04920_pi_sa_t1.jpg,D:\brain_tumor\🧠 Brain Tumor MRI Dataset\classification_task\train\pituitary\brisc2025_train_04925_pi_sa_t1.jpg
4876,4878,6,pituitary,pituitary,True,D:\brain_tumor\🧠 Brain Tumor MRI Dataset\classification_task\train\pituitary\brisc2025_train_04922_pi_sa_t1.jpg,D:\brain_tumor\🧠 Brain Tumor MRI Dataset\classification_task\train\pituitary\brisc2025_train_04924_pi_sa_t1.jpg
4878,4879,6,pituitary,pituitary,True,D:\brain_tumor\🧠 Brain Tumor MRI Dataset\classification_task\train\pituitary\brisc2025_train_04924_pi_sa_t1.jpg,D:\brain_tumor\🧠 Brain Tumor MRI Dataset\classification_task\train\pituitary\brisc2025_train_04925_pi_sa_t1.jpg
4880,4883,6,pituitary,pituitary,True,D:\brain_tumor\🧠 Brain Tumor MRI Dataset\classification_task\train\pituitary\brisc2025_train_04926_pi_sa_t1.jpg,D:\brain_tumor\🧠 Brain Tumor MRI Dataset\classification_task\train\pituitary\brisc2025_train_04929_pi_sa_t1.jpg
4881,4883,6,pituitary,pituitary,True,D:\brain_tumor\🧠 Brain Tumor MRI Dataset\classification_task\train\pituitary\brisc2025_train_04927_pi_sa_t1.jpg,D:\brain_tumor\🧠 Brain Tumor MRI Dataset\classification_task\train\pituitary\brisc2025_train_04929_pi_sa_t1.jpg
4886,4887,4,pituitary,pituitary,True,D:\brain_tumor\🧠 Brain Tumor MRI Dataset\classification_task\train\pituitary\brisc2025_train_04932_pi_sa_t1.jpg,D:\brain_tumor\🧠 Brain Tumor MRI Dataset\classification_task\train\pituitary\brisc2025_train_04933_pi_sa_t1.jpg
4887,4888,4,pituitary,pituitary,True,D:\brain_tumor\🧠 Brain Tumor MRI Dataset\classification_task\train\pituitary\brisc2025_train_04933_pi_sa_t1.jpg,D:\brain_tumor\🧠 Brain Tumor MRI Dataset\classification_task\train\pituitary\brisc2025_train_04934_pi_sa_t1.jpg
4889,4890,6,pituitary,pituitary,True,D:\brain_tumor\🧠 Brain Tumor MRI Dataset\classification_task\train\pituitary\brisc2025_train_04935_pi_sa_t1.jpg,D:\brain_tumor\🧠 Brain Tumor MRI Dataset\classification_task\train\pituitary\brisc2025_train_04936_pi_sa_t1.jpg
4890,4891,6,pituitary,pituitary,True,D:\brain_tumor\🧠 Brain Tumor MRI Dataset\classification_task\train\pituitary\brisc2025_train_04936_pi_sa_t1.jpg,D:\brain_tumor\🧠 Brain Tumor MRI Dataset\classification_task\train\pituitary\brisc2025_train_04937_pi_sa_t1.jpg
4890,4934,6,pituitary,pituitary,True,D:\brain_tumor\🧠 Brain Tumor MRI Dataset\classification_task\train\pituitary\brisc2025_train_04936_pi_sa_t1.jpg,D:\brain_tumor\🧠 Brain Tumor MRI Dataset\classification_task\train\pituitary\brisc2025_train_04980_pi_sa_t1.jpg
4893,4894,6,pituitary,pituitary,True,D:\brain_tumor\🧠 Brain Tumor MRI Dataset\classification_task\train\pituitary\brisc2025_train_04939_pi_sa_t1.jpg,D:\brain_tumor\🧠 Brain Tumor MRI Dataset\classification_task\train\pituitary\brisc2025_train_04940_pi_sa_t1.jpg
4896,4897,6,pituitary,pituitary,True,D:\brain_tumor\🧠 Brain Tumor MRI Dataset\classification_task\train\pituitary\brisc2025_train_04942_pi_sa_t1.jpg,D:\brain_tumor\🧠 Brain Tumor MRI Dataset\classification_task\train\pituitary\brisc2025_train_04943_pi_sa_t1.jpg
4898,4899,2,pituitary,pituitary,True,D:\brain_tumor\🧠 Brain Tumor MRI Dataset\classification_task\train\pituitary\brisc2025_train_04944_pi_sa_t1.jpg,D:\brain_tumor\🧠 Brain Tumor MRI Dataset\classification_task\train\pituitary\brisc2025_train_04945_pi_sa_t1.jpg
4898,4900,4,pituitary,pituitary,True,D:\brain_tumor\🧠 Brain Tumor MRI Dataset\classification_task\train\pituitary\brisc2025_train_04944_pi_sa_t1.jpg,D:\brain_tumor\🧠 Brain Tumor MRI Dataset\classification_task\train\pituitary\brisc2025_train_04946_pi_sa_t1.jpg
4899,4900,4,pituitary,pituitary,True,D:\brain_tumor\🧠 Brain Tumor MRI Dataset\classification_task\train\pituitary\brisc2025_train_04945_pi_sa_t1.jpg,D:\brain_tumor\🧠 Brain Tumor MRI Dataset\classification_task\train\pituitary\brisc2025_train_04946_pi_sa_t1.jpg
4902,4903,4,pituitary,pituitary,True,D:\brain_tumor\🧠 Brain Tumor MRI Dataset\classification_task\train\pituitary\brisc2025_train_04948_pi_sa_t1.jpg,D:\brain_tumor\🧠 Brain Tumor MRI Dataset\classification_task\train\pituitary\brisc2025_train_04949_pi_sa_t1.jpg
4904,4905,6,pituitary,pituitary,True,D:\brain_tumor\🧠 Brain Tumor MRI Dataset\classification_task\train\pituitary\brisc2025_train_04950_pi_sa_t1.jpg,D:\brain_tumor\🧠 Brain Tumor MRI Dataset\classification_task\train\pituitary\brisc2025_train_04951_pi_sa_t1.jpg
4904,4906,6,pituitary,pituitary,True,D:\brain_tumor\🧠 Brain Tumor MRI Dataset\classification_task\train\pituitary\brisc2025_train_04950_pi_sa_t1.jpg,D:\brain_tumor\🧠 Brain Tumor MRI Dataset\classification_task\train\pituitary\brisc2025_train_04952_pi_sa_t1.jpg
4904,4907,6,pituitary,pituitary,True,D:\brain_tumor\🧠 Brain Tumor MRI Dataset\classification_task\train\pituitary\brisc2025_train_04950_pi_sa_t1.jpg,D:\brain_tumor\🧠 Brain Tumor MRI Dataset\classification_task\train\pituitary\brisc2025_train_04953_pi_sa_t1.jpg
4904,4908,6,pituitary,pituitary,True,D:\brain_tumor\🧠 Brain Tumor MRI Dataset\classification_task\train\pituitary\brisc2025_train_04950_pi_sa_t1.jpg,D:\brain_tumor\🧠 Brain Tumor MRI Dataset\classification_task\train\pituitary\brisc2025_train_04954_pi_sa_t1.jpg
4904,4909,4,pituitary,pituitary,True,D:\brain_tumor\🧠 Brain Tumor MRI Dataset\classification_task\train\pituitary\brisc2025_train_04950_pi_sa_t1.jpg,D:\brain_tumor\🧠 Brain Tumor MRI Dataset\classification_task\train\pituitary\brisc2025_train_04955_pi_sa_t1.jpg
4904,4933,6,pituitary,pituitary,True,D:\brain_tumor\🧠 Brain Tumor MRI Dataset\classification_task\train\pituitary\brisc2025_train_04950_pi_sa_t1.jpg,D:\brain_tumor\🧠 Brain Tumor MRI Dataset\classification_task\train\pituitary\brisc2025_train_04979_pi_sa_t1.jpg
4904,4941,4,pituitary,pituitary,True,D:\brain_tumor\🧠 Brain Tumor MRI Dataset\classification_task\train\pituitary\brisc2025_train_04950_pi_sa_t1.jpg,D:\brain_tumor\🧠 Brain Tumor MRI Dataset\classification_task\train\pituitary\brisc2025_train_04987_pi_sa_t1.jpg
4905,4906,4,pituitary,pituitary,True,D:\brain_tumor\🧠 Brain Tumor MRI Dataset\classification_task\train\pituitary\brisc2025_train_04951_pi_sa_t1.jpg,D:\brain_tumor\🧠 Brain Tumor MRI Dataset\classification_task\train\pituitary\brisc2025_train_04952_pi_sa_t1.jpg
4905,4907,2,pituitary,pituitary,True,D:\brain_tumor\🧠 Brain Tumor MRI Dataset\classification_task\train\pituitary\brisc2025_train_04951_pi_sa_t1.jpg,D:\brain_tumor\🧠 Brain Tumor MRI Dataset\classification_task\train\pituitary\brisc2025_train_04953_pi_sa_t1.jpg
4905,4909,6,pituitary,pituitary,True,D:\brain_tumor\🧠 Brain Tumor MRI Dataset\classification_task\train\pituitary\brisc2025_train_04951_pi_sa_t1.jpg,D:\brain_tumor\🧠 Brain Tumor MRI Dataset\classification_task\train\pituitary\brisc2025_train_04955_pi_sa_t1.jpg
4905,4916,6,pituitary,pituitary,True,D:\brain_tumor\🧠 Brain Tumor MRI Dataset\classification_task\train\pituitary\brisc2025_train_04951_pi_sa_t1.jpg,D:\brain_tumor\🧠 Brain Tumor MRI Dataset\classification_task\train\pituitary\brisc2025_train_04962_pi_sa_t1.jpg
4905,4940,6,pituitary,pituitary,True,D:\brain_tumor\🧠 Brain Tumor MRI Dataset\classification_task\train\pituitary\brisc2025_train_04951_pi_sa_t1.jpg,D:\brain_tumor\🧠 Brain Tumor MRI Dataset\classification_task\train\pituitary\brisc2025_train_04986_pi_sa_t1.jpg
4905,4941,4,pituitary,pituitary,True,D:\brain_tumor\🧠 Brain Tumor MRI Dataset\classification_task\train\pituitary\brisc2025_train_04951_pi_sa_t1.jpg,D:\brain_tumor\🧠 Brain Tumor MRI Dataset\classification_task\train\pituitary\brisc2025_train_04987_pi_sa_t1.jpg
4906,4907,4,pituitary,pituitary,True,D:\brain_tumor\🧠 Brain Tumor MRI Dataset\classification_task\train\pituitary\brisc2025_train_04952_pi_sa_t1.jpg,D:\brain_tumor\🧠 Brain Tumor MRI Dataset\classification_task\train\pituitary\brisc2025_train_04953_pi_sa_t1.jpg
4906,4909,6,pituitary,pituitary,True,D:\brain_tumor\🧠 Brain Tumor MRI Dataset\classification_task\train\pituitary\brisc2025_train_04952_pi_sa_t1.jpg,D:\brain_tumor\🧠 Brain Tumor MRI Dataset\classification_task\train\pituitary\brisc2025_train_04955_pi_sa_t1.jpg
4906,4941,6,pituitary,pituitary,True,D:\brain_tumor\🧠 Brain Tumor MRI Dataset\classification_task\train\pituitary\brisc2025_train_04952_pi_sa_t1.jpg,D:\brain_tumor\🧠 Brain Tumor MRI Dataset\classification_task\train\pituitary\brisc2025_train_04987_pi_sa_t1.jpg
4907,4909,6,pituitary,pituitary,True,D:\brain_tumor\🧠 Brain Tumor MRI Dataset\classification_task\train\pituitary\brisc2025_train_04953_pi_sa_t1.jpg,D:\brain_tumor\🧠 Brain Tumor MRI Dataset\classification_task\train\pituitary\brisc2025_train_04955_pi_sa_t1.jpg
4907,4941,6,pituitary,pituitary,True,D:\brain_tumor\🧠 Brain Tumor MRI Dataset\classification_task\train\pituitary\brisc2025_train_04953_pi_sa_t1.jpg,D:\brain_tumor\🧠 Brain Tumor MRI Dataset\classification_task\train\pituitary\brisc2025_train_04987_pi_sa_t1.jpg
4909,4941,6,pituitary,pituitary,True,D:\brain_tumor\🧠 Brain Tumor MRI Dataset\classification_task\train\pituitary\brisc2025_train_04955_pi_sa_t1.jpg,D:\brain_tumor\🧠 Brain Tumor MRI Dataset\classification_task\train\pituitary\brisc2025_train_04987_pi_sa_t1.jpg
4910,4912,4,pituitary,pituitary,True,D:\brain_tumor\🧠 Brain Tumor MRI Dataset\classification_task\train\pituitary\brisc2025_train_04956_pi_sa_t1.jpg,D:\brain_tumor\🧠 Brain Tumor MRI Dataset\classification_task\train\pituitary\brisc2025_train_04958_pi_sa_t1.jpg
4911,4912,6,pituitary,pituitary,True,D:\brain_tumor\🧠 Brain Tumor MRI Dataset\classification_task\train\pituitary\brisc2025_train_04957_pi_sa_t1.jpg,D:\brain_tumor\🧠 Brain Tumor MRI Dataset\classification_task\train\pituitary\brisc2025_train_04958_pi_sa_t1.jpg
4911,4952,6,pituitary,pituitary,True,D:\brain_tumor\🧠 Brain Tumor MRI Dataset\classification_task\train\pituitary\brisc2025_train_04957_pi_sa_t1.jpg,D:\brain_tumor\🧠 Brain Tumor MRI Dataset\classification_task\train\pituitary\brisc2025_train_04998_pi_sa_t1.jpg
4912,4952,6,pituitary,pituitary,True,D:\brain_tumor\🧠 Brain Tumor MRI Dataset\classification_task\train\pituitary\brisc2025_train_04958_pi_sa_t1.jpg,D:\brain_tumor\🧠 Brain Tumor MRI Dataset\classification_task\train\pituitary\brisc2025_train_04998_pi_sa_t1.jpg
4916,4919,2,pituitary,pituitary,True,D:\brain_tumor\🧠 Brain Tumor MRI Dataset\classification_task\train\pituitary\brisc2025_train_04962_pi_sa_t1.jpg,D:\brain_tumor\🧠 Brain Tumor MRI Dataset\classification_task\train\pituitary\brisc2025_train_04965_pi_sa_t1.jpg
4917,4919,6,pituitary,pituitary,True,D:\brain_tumor\🧠 Brain Tumor MRI Dataset\classification_task\train\pituitary\brisc2025_train_04963_pi_sa_t1.jpg,D:\brain_tumor\🧠 Brain Tumor MRI Dataset\classification_task\train\pituitary\brisc2025_train_04965_pi_sa_t1.jpg
4920,4921,6,pituitary,pituitary,True,D:\brain_tumor\🧠 Brain Tumor MRI Dataset\classification_task\train\pituitary\brisc2025_train_04966_pi_sa_t1.jpg,D:\brain_tumor\🧠 Brain Tumor MRI Dataset\classification_task\train\pituitary\brisc2025_train_04967_pi_sa_t1.jpg
4920,4924,4,pituitary,pituitary,True,D:\brain_tumor\🧠 Brain Tumor MRI Dataset\classification_task\train\pituitary\brisc2025_train_04966_pi_sa_t1.jpg,D:\brain_tumor\🧠 Brain Tumor MRI Dataset\classification_task\train\pituitary\brisc2025_train_04970_pi_sa_t1.jpg
4921,4922,6,pituitary,pituitary,True,D:\brain_tumor\🧠 Brain Tumor MRI Dataset\classification_task\train\pituitary\brisc2025_train_04967_pi_sa_t1.jpg,D:\brain_tumor\🧠 Brain Tumor MRI Dataset\classification_task\train\pituitary\brisc2025_train_04968_pi_sa_t1.jpg
4921,4923,6,pituitary,pituitary,True,D:\brain_tumor\🧠 Brain Tumor MRI Dataset\classification_task\train\pituitary\brisc2025_train_04967_pi_sa_t1.jpg,D:\brain_tumor\🧠 Brain Tumor MRI Dataset\classification_task\train\pituitary\brisc2025_train_04969_pi_sa_t1.jpg
4921,4924,6,pituitary,pituitary,True,D:\brain_tumor\🧠 Brain Tumor MRI Dataset\classification_task\train\pituitary\brisc2025_train_04967_pi_sa_t1.jpg,D:\brain_tumor\🧠 Brain Tumor MRI Dataset\classification_task\train\pituitary\brisc2025_train_04970_pi_sa_t1.jpg
4922,4923,2,pituitary,pituitary,True,D:\brain_tumor\🧠 Brain Tumor MRI Dataset\classification_task\train\pituitary\brisc2025_train_04968_pi_sa_t1.jpg,D:\brain_tumor\🧠 Brain Tumor MRI Dataset\classification_task\train\pituitary\brisc2025_train_04969_pi_sa_t1.jpg
4922,4924,6,pituitary,pituitary,True,D:\brain_tumor\🧠 Brain Tumor MRI Dataset\classification_task\train\pituitary\brisc2025_train_04968_pi_sa_t1.jpg,D:\brain_tumor\🧠 Brain Tumor MRI Dataset\classification_task\train\pituitary\brisc2025_train_04970_pi_sa_t1.jpg
4923,4924,6,pituitary,pituitary,True,D:\brain_tumor\🧠 Brain Tumor MRI Dataset\classification_task\train\pituitary\brisc2025_train_04969_pi_sa_t1.jpg,D:\brain_tumor\🧠 Brain Tumor MRI Dataset\classification_task\train\pituitary\brisc2025_train_04970_pi_sa_t1.jpg
4926,4927,6,pituitary,pituitary,True,D:\brain_tumor\🧠 Brain Tumor MRI Dataset\classification_task\train\pituitary\brisc2025_train_04972_pi_sa_t1.jpg,D:\brain_tumor\🧠 Brain Tumor MRI Dataset\classification_task\train\pituitary\brisc2025_train_04973_pi_sa_t1.jpg
4928,4929,6,pituitary,pituitary,True,D:\brain_tumor\🧠 Brain Tumor MRI Dataset\classification_task\train\pituitary\brisc2025_train_04974_pi_sa_t1.jpg,D:\brain_tumor\🧠 Brain Tumor MRI Dataset\classification_task\train\pituitary\brisc2025_train_04975_pi_sa_t1.jpg
4929,4930,2,pituitary,pituitary,True,D:\brain_tumor\🧠 Brain Tumor MRI Dataset\classification_task\train\pituitary\brisc2025_train_04975_pi_sa_t1.jpg,D:\brain_tumor\🧠 Brain Tumor MRI Dataset\classification_task\train\pituitary\brisc2025_train_04976_pi_sa_t1.jpg
4929,4933,6,pituitary,pituitary,True,D:\brain_tumor\🧠 Brain Tumor MRI Dataset\classification_task\train\pituitary\brisc2025_train_04975_pi_sa_t1.jpg,D:\brain_tumor\🧠 Brain Tumor MRI Dataset\classification_task\train\pituitary\brisc2025_train_04979_pi_sa_t1.jpg
4930,4933,6,pituitary,pituitary,True,D:\brain_tumor\🧠 Brain Tumor MRI Dataset\classification_task\train\pituitary\brisc2025_train_04976_pi_sa_t1.jpg,D:\brain_tumor\🧠 Brain Tumor MRI Dataset\classification_task\train\pituitary\brisc2025_train_04979_pi_sa_t1.jpg
4931,4932,2,pituitary,pituitary,True,D:\brain_tumor\🧠 Brain Tumor MRI Dataset\classification_task\train\pituitary\brisc2025_train_04977_pi_sa_t1.jpg,D:\brain_tumor\🧠 Brain Tumor MRI Dataset\classification_task\train\pituitary\brisc2025_train_04978_pi_sa_t1.jpg
4934,4935,6,pituitary,pituitary,True,D:\brain_tumor\🧠 Brain Tumor MRI Dataset\classification_task\train\pituitary\brisc2025_train_04980_pi_sa_t1.jpg,D:\brain_tumor\🧠 Brain Tumor MRI Dataset\classification_task\train\pituitary\brisc2025_train_04981_pi_sa_t1.jpg
4935,4936,4,pituitary,pituitary,True,D:\brain_tumor\🧠 Brain Tumor MRI Dataset\classification_task\train\pituitary\brisc2025_train_04981_pi_sa_t1.jpg,D:\brain_tumor\🧠 Brain Tumor MRI Dataset\classification_task\train\pituitary\brisc2025_train_04982_pi_sa_t1.jpg
4940,4941,4,pituitary,pituitary,True,D:\brain_tumor\🧠 Brain Tumor MRI Dataset\classification_task\train\pituitary\brisc2025_train_04986_pi_sa_t1.jpg,D:\brain_tumor\🧠 Brain Tumor MRI Dataset\classification_task\train\pituitary\brisc2025_train_04987_pi_sa_t1.jpg
4941,4942,6,pituitary,pituitary,True,D:\brain_tumor\🧠 Brain Tumor MRI Dataset\classification_task\train\pituitary\brisc2025_train_04987_pi_sa_t1.jpg,D:\brain_tumor\🧠 Brain Tumor MRI Dataset\classification_task\train\pituitary\brisc2025_train_04988_pi_sa_t1.jpg
4942,4943,6,pituitary,pituitary,True,D:\brain_tumor\🧠 Brain Tumor MRI Dataset\classification_task\train\pituitary\brisc2025_train_04988_pi_sa_t1.jpg,D:\brain_tumor\🧠 Brain Tumor MRI Dataset\classification_task\train\pituitary\brisc2025_train_04989_pi_sa_t1.jpg
4944,4945,4,pituitary,pituitary,True,D:\brain_tumor\🧠 Brain Tumor MRI Dataset\classification_task\train\pituitary\brisc2025_train_04990_pi_sa_t1.jpg,D:\brain_tumor\🧠 Brain Tumor MRI Dataset\classification_task\train\pituitary\brisc2025_train_04991_pi_sa_t1.jpg
4946,4949,6,pituitary,pituitary,True,D:\brain_tumor\🧠 Brain Tumor MRI Dataset\classification_task\train\pituitary\brisc2025_train_04992_pi_sa_t1.jpg,D:\brain_tumor\🧠 Brain Tumor MRI Dataset\classification_task\train\pituitary\brisc2025_train_04995_pi_sa_t1.jpg
4947,4948,6,pituitary,pituitary,True,D:\brain_tumor\🧠 Brain Tumor MRI Dataset\classification_task\train\pituitary\brisc2025_train_04993_pi_sa_t1.jpg,D:\brain_tumor\🧠 Brain Tumor MRI Dataset\classification_task\train\pituitary\brisc2025_train_04994_pi_sa_t1.jpg
4947,4949,6,pituitary,pituitary,True,D:\brain_tumor\🧠 Brain Tumor MRI Dataset\classification_task\train\pituitary\brisc2025_train_04993_pi_sa_t1.jpg,D:\brain_tumor\🧠 Brain Tumor MRI Dataset\classification_task\train\pituitary\brisc2025_train_04995_pi_sa_t1.jpg
4948,4949,6,pituitary,pituitary,True,D:\brain_tumor\🧠 Brain Tumor MRI Dataset\classification_task\train\pituitary\brisc2025_train_04994_pi_sa_t1.jpg,D:\brain_tumor\🧠 Brain Tumor MRI Dataset\classification_task\train\pituitary\brisc2025_train_04995_pi_sa_t1.jpg
4950,4954,6,pituitary,pituitary,True,D:\brain_tumor\🧠 Brain Tumor MRI Dataset\classification_task\train\pituitary\brisc2025_train_04996_pi_sa_t1.jpg,D:\brain_tumor\🧠 Brain Tumor MRI Dataset\classification_task\train\pituitary\brisc2025_train_05000_pi_sa_t1.jpg
