model,path,plane,true_idx,pred_idx,correct,confidence,brier
EfficientNet-B0,D:\brain_tumor\🧠 Brain Tumor MRI Dataset\classification_task\test\glioma\brisc2025_test_00001_gl_ax_t1.jpg,axial,0,0,True,1.0,3.599999999999999e-15
EfficientNet-B0,D:\brain_tumor\🧠 Brain Tumor MRI Dataset\classification_task\test\glioma\brisc2025_test_00002_gl_ax_t1.jpg,axial,0,0,True,1.0,3.599999999999999e-15
EfficientNet-B0,D:\brain_tumor\🧠 Brain Tumor MRI Dataset\classification_task\test\glioma\brisc2025_test_00003_gl_ax_t1.jpg,axial,0,0,True,1.0,0.0
EfficientNet-B0,D:\brain_tumor\🧠 Brain Tumor MRI Dataset\classification_task\test\glioma\brisc2025_test_00004_gl_ax_t1.jpg,axial,0,0,True,0.5547,0.30108747566736005
EfficientNet-B0,D:\brain_tumor\🧠 Brain Tumor MRI Dataset\classification_task\test\glioma\brisc2025_test_00005_gl_ax_t1.jpg,axial,0,0,True,0.9985,3.5122531999998372e-06
EfficientNet-B0,D:\brain_tumor\🧠 Brain Tumor MRI Dataset\classification_task\test\glioma\brisc2025_test_00006_gl_ax_t1.jpg,axial,0,0,True,1.0,0.0
EfficientNet-B0,D:\brain_tumor\🧠 Brain Tumor MRI Dataset\classification_task\test\glioma\brisc2025_test_00007_gl_ax_t1.jpg,axial,0,0,True,1.0,0.0
EfficientNet-B0,D:\brain_tumor\🧠 Brain Tumor MRI Dataset\classification_task\test\glioma\brisc2025_test_00008_gl_ax_t1.jpg,axial,0,0,True,1.0,0.0
EfficientNet-B0,D:\brain_tumor\🧠 Brain Tumor MRI Dataset\classification_task\test\glioma\brisc2025_test_00009_gl_ax_t1.jpg,axial,0,0,True,1.0,0.0
EfficientNet-B0,D:\brain_tumor\🧠 Brain Tumor MRI Dataset\classification_task\test\glioma\brisc2025_test_00010_gl_ax_t1.jpg,axial,0,0,True,1.0,2.4025e-12
EfficientNet-B0,D:\brain_tumor\🧠 Brain Tumor MRI Dataset\classification_task\test\glioma\brisc2025_test_00011_gl_ax_t1.jpg,axial,0,0,True,1.0,0.0
EfficientNet-B0,D:\brain_tumor\🧠 Brain Tumor MRI Dataset\classification_task\test\glioma\brisc2025_test_00012_gl_ax_t1.jpg,axial,0,0,True,1.0,0.0
EfficientNet-B0,D:\brain_tumor\🧠 Brain Tumor MRI Dataset\classification_task\test\glioma\brisc2025_test_00013_gl_ax_t1.jpg,axial,0,0,True,1.0,0.0
EfficientNet-B0,D:\brain_tumor\🧠 Brain Tumor MRI Dataset\classification_task\test\glioma\brisc2025_test_00014_gl_ax_t1.jpg,axial,0,0,True,1.0,0.0
EfficientNet-B0,D:\brain_tumor\🧠 Brain Tumor MRI Dataset\classification_task\test\glioma\brisc2025_test_00015_gl_ax_t1.jpg,axial,0,0,True,1.0,0.0
EfficientNet-B0,D:\brain_tumor\🧠 Brain Tumor MRI Dataset\classification_task\test\glioma\brisc2025_test_00016_gl_ax_t1.jpg,axial,0,0,True,1.0,3.599999999999999e-15
EfficientNet-B0,D:\brain_tumor\🧠 Brain Tumor MRI Dataset\classification_task\test\glioma\brisc2025_test_00017_gl_ax_t1.jpg,axial,0,0,True,1.0,4.935999999999999e-13
EfficientNet-B0,D:\brain_tumor\🧠 Brain Tumor MRI Dataset\classification_task\test\glioma\brisc2025_test_00018_gl_ax_t1.jpg,axial,0,0,True,1.0,0.0
EfficientNet-B0,D:\brain_tumor\🧠 Brain Tumor MRI Dataset\classification_task\test\glioma\brisc2025_test_00019_gl_ax_t1.jpg,axial,0,0,True,1.0,9.999999999999998e-15
EfficientNet-B0,D:\brain_tumor\🧠 Brain Tumor MRI Dataset\classification_task\test\glioma\brisc2025_test_00020_gl_ax_t1.jpg,axial,0,0,True,1.0,4.6225000000000005e-12
EfficientNet-B0,D:\brain_tumor\🧠 Brain Tumor MRI Dataset\classification_task\test\glioma\brisc2025_test_00021_gl_ax_t1.jpg,axial,0,0,True,1.0,0.0
EfficientNet-B0,D:\brain_tumor\🧠 Brain Tumor MRI Dataset\classification_task\test\glioma\brisc2025_test_00022_gl_ax_t1.jpg,axial,0,0,True,1.0,0.0
EfficientNet-B0,D:\brain_tumor\🧠 Brain Tumor MRI Dataset\classification_task\test\glioma\brisc2025_test_00023_gl_ax_t1.jpg,axial,0,0,True,1.0,0.0
EfficientNet-B0,D:\brain_tumor\🧠 Brain Tumor MRI Dataset\classification_task\test\glioma\brisc2025_test_00024_gl_ax_t1.jpg,axial,0,0,True,1.0,0.0
EfficientNet-B0,D:\brain_tumor\🧠 Brain Tumor MRI Dataset\classification_task\test\glioma\brisc2025_test_00025_gl_ax_t1.jpg,axial,0,0,True,1.0,0.0
EfficientNet-B0,D:\brain_tumor\🧠 Brain Tumor MRI Dataset\classification_task\test\glioma\brisc2025_test_00026_gl_ax_t1.jpg,axial,0,0,True,1.0,0.0
EfficientNet-B0,D:\brain_tumor\🧠 Brain Tumor MRI Dataset\classification_task\test\glioma\brisc2025_test_00027_gl_ax_t1.jpg,axial,0,0,True,1.0,0.0
EfficientNet-B0,D:\brain_tumor\🧠 Brain Tumor MRI Dataset\classification_task\test\glioma\brisc2025_test_00028_gl_ax_t1.jpg,axial,0,0,True,1.0,0.0
EfficientNet-B0,D:\brain_tumor\🧠 Brain Tumor MRI Dataset\classification_task\test\glioma\brisc2025_test_00029_gl_ax_t1.jpg,axial,0,0,True,1.0,0.0
EfficientNet-B0,D:\brain_tumor\🧠 Brain Tumor MRI Dataset\classification_task\test\glioma\brisc2025_test_00030_gl_ax_t1.jpg,axial,0,0,True,1.0,0.0
EfficientNet-B0,D:\brain_tumor\🧠 Brain Tumor MRI Dataset\classification_task\test\glioma\brisc2025_test_00031_gl_ax_t1.jpg,axial,0,0,True,1.0,0.0
EfficientNet-B0,D:\brain_tumor\🧠 Brain Tumor MRI Dataset\classification_task\test\glioma\brisc2025_test_00032_gl_ax_t1.jpg,axial,0,0,True,1.0,0.0
EfficientNet-B0,D:\brain_tumor\🧠 Brain Tumor MRI Dataset\classification_task\test\glioma\brisc2025_test_00033_gl_ax_t1.jpg,axial,0,0,True,1.0,0.0
EfficientNet-B0,D:\brain_tumor\🧠 Brain Tumor MRI Dataset\classification_task\test\glioma\brisc2025_test_00034_gl_ax_t1.jpg,axial,0,0,True,1.0,0.0
EfficientNet-B0,D:\brain_tumor\🧠 Brain Tumor MRI Dataset\classification_task\test\glioma\brisc2025_test_00035_gl_ax_t1.jpg,axial,0,0,True,1.0,0.0
EfficientNet-B0,D:\brain_tumor\🧠 Brain Tumor MRI Dataset\classification_task\test\glioma\brisc2025_test_00036_gl_ax_t1.jpg,axial,0,0,True,1.0,0.0
EfficientNet-B0,D:\brain_tumor\🧠 Brain Tumor MRI Dataset\classification_task\test\glioma\brisc2025_test_00037_gl_ax_t1.jpg,axial,0,0,True,1.0,0.0
EfficientNet-B0,D:\brain_tumor\🧠 Brain Tumor MRI Dataset\classification_task\test\glioma\brisc2025_test_00038_gl_ax_t1.jpg,axial,0,0,True,1.0,0.0
EfficientNet-B0,D:\brain_tumor\🧠 Brain Tumor MRI Dataset\classification_task\test\glioma\brisc2025_test_00039_gl_ax_t1.jpg,axial,0,0,True,1.0,0.0
EfficientNet-B0,D:\brain_tumor\🧠 Brain Tumor MRI Dataset\classification_task\test\glioma\brisc2025_test_00040_gl_ax_t1.jpg,axial,0,0,True,1.0,0.0
EfficientNet-B0,D:\brain_tumor\🧠 Brain Tumor MRI Dataset\classification_task\test\glioma\brisc2025_test_00041_gl_ax_t1.jpg,axial,0,0,True,1.0,3.599999999999999e-15
EfficientNet-B0,D:\brain_tumor\🧠 Brain Tumor MRI Dataset\classification_task\test\glioma\brisc2025_test_00042_gl_ax_t1.jpg,axial,0,0,True,1.0,0.0
EfficientNet-B0,D:\brain_tumor\🧠 Brain Tumor MRI Dataset\classification_task\test\glioma\brisc2025_test_00043_gl_ax_t1.jpg,axial,0,0,True,1.0,0.0
EfficientNet-B0,D:\brain_tumor\🧠 Brain Tumor MRI Dataset\classification_task\test\glioma\brisc2025_test_00044_gl_ax_t1.jpg,axial,0,0,True,1.0,0.0
EfficientNet-B0,D:\brain_tumor\🧠 Brain Tumor MRI Dataset\classification_task\test\glioma\brisc2025_test_00045_gl_ax_t1.jpg,axial,0,0,True,0.792,0.0865696102706125
EfficientNet-B0,D:\brain_tumor\🧠 Brain Tumor MRI Dataset\classification_task\test\glioma\brisc2025_test_00046_gl_ax_t1.jpg,axial,0,0,True,1.0,0.0
EfficientNet-B0,D:\brain_tumor\🧠 Brain Tumor MRI Dataset\classification_task\test\glioma\brisc2025_test_00047_gl_ax_t1.jpg,axial,0,0,True,1.0,5.759999999999999e-14
EfficientNet-B0,D:\brain_tumor\🧠 Brain Tumor MRI Dataset\classification_task\test\glioma\brisc2025_test_00048_gl_ax_t1.jpg,axial,0,0,True,1.0,0.0
EfficientNet-B0,D:\brain_tumor\🧠 Brain Tumor MRI Dataset\classification_task\test\glioma\brisc2025_test_00049_gl_ax_t1.jpg,axial,0,0,True,1.0,3.599999999999999e-15
EfficientNet-B0,D:\brain_tumor\🧠 Brain Tumor MRI Dataset\classification_task\test\glioma\brisc2025_test_00050_gl_ax_t1.jpg,axial,0,0,True,1.0,8.535999999999999e-13
EfficientNet-B0,D:\brain_tumor\🧠 Brain Tumor MRI Dataset\classification_task\test\glioma\brisc2025_test_00051_gl_ax_t1.jpg,axial,0,0,True,1.0,0.0
EfficientNet-B0,D:\brain_tumor\🧠 Brain Tumor MRI Dataset\classification_task\test\glioma\brisc2025_test_00052_gl_ax_t1.jpg,axial,0,0,True,1.0,0.0
EfficientNet-B0,D:\brain_tumor\🧠 Brain Tumor MRI Dataset\classification_task\test\glioma\brisc2025_test_00053_gl_ax_t1.jpg,axial,0,0,True,1.0,0.0
EfficientNet-B0,D:\brain_tumor\🧠 Brain Tumor MRI Dataset\classification_task\test\glioma\brisc2025_test_00054_gl_ax_t1.jpg,axial,0,0,True,1.0,0.0
EfficientNet-B0,D:\brain_tumor\🧠 Brain Tumor MRI Dataset\classification_task\test\glioma\brisc2025_test_00055_gl_ax_t1.jpg,axial,0,0,True,1.0,3.599999999999999e-15
EfficientNet-B0,D:\brain_tumor\🧠 Brain Tumor MRI Dataset\classification_task\test\glioma\brisc2025_test_00056_gl_ax_t1.jpg,axial,0,0,True,1.0,0.0
EfficientNet-B0,D:\brain_tumor\🧠 Brain Tumor MRI Dataset\classification_task\test\glioma\brisc2025_test_00057_gl_ax_t1.jpg,axial,0,0,True,1.0,2.6026910900000005e-08
EfficientNet-B0,D:\brain_tumor\🧠 Brain Tumor MRI Dataset\classification_task\test\glioma\brisc2025_test_00058_gl_ax_t1.jpg,axial,0,0,True,1.0,0.0
EfficientNet-B0,D:\brain_tumor\🧠 Brain Tumor MRI Dataset\classification_task\test\glioma\brisc2025_test_00059_gl_ax_t1.jpg,axial,0,0,True,1.0,0.0
EfficientNet-B0,D:\brain_tumor\🧠 Brain Tumor MRI Dataset\classification_task\test\glioma\brisc2025_test_00060_gl_ax_t1.jpg,axial,0,0,True,1.0,3.6521254900000003e-08
EfficientNet-B0,D:\brain_tumor\🧠 Brain Tumor MRI Dataset\classification_task\test\glioma\brisc2025_test_00061_gl_ax_t1.jpg,axial,0,0,True,1.0,0.0
EfficientNet-B0,D:\brain_tumor\🧠 Brain Tumor MRI Dataset\classification_task\test\glioma\brisc2025_test_00062_gl_ax_t1.jpg,axial,0,0,True,1.0,0.0
EfficientNet-B0,D:\brain_tumor\🧠 Brain Tumor MRI Dataset\classification_task\test\glioma\brisc2025_test_00063_gl_ax_t1.jpg,axial,0,0,True,1.0,0.0
EfficientNet-B0,D:\brain_tumor\🧠 Brain Tumor MRI Dataset\classification_task\test\glioma\brisc2025_test_00064_gl_ax_t1.jpg,axial,0,0,True,1.0,8.2369e-10
EfficientNet-B0,D:\brain_tumor\🧠 Brain Tumor MRI Dataset\classification_task\test\glioma\brisc2025_test_00065_gl_ax_t1.jpg,axial,0,0,True,1.0,0.0
EfficientNet-B0,D:\brain_tumor\🧠 Brain Tumor MRI Dataset\classification_task\test\glioma\brisc2025_test_00066_gl_ax_t1.jpg,axial,0,0,True,1.0,0.0
EfficientNet-B0,D:\brain_tumor\🧠 Brain Tumor MRI Dataset\classification_task\test\glioma\brisc2025_test_00067_gl_ax_t1.jpg,axial,0,0,True,1.0,0.0
EfficientNet-B0,D:\brain_tumor\🧠 Brain Tumor MRI Dataset\classification_task\test\glioma\brisc2025_test_00068_gl_ax_t1.jpg,axial,0,0,True,1.0,0.0
EfficientNet-B0,D:\brain_tumor\🧠 Brain Tumor MRI Dataset\classification_task\test\glioma\brisc2025_test_00069_gl_ax_t1.jpg,axial,0,0,True,1.0,0.0
EfficientNet-B0,D:\brain_tumor\🧠 Brain Tumor MRI Dataset\classification_task\test\glioma\brisc2025_test_00070_gl_ax_t1.jpg,axial,0,0,True,1.0,0.0
EfficientNet-B0,D:\brain_tumor\🧠 Brain Tumor MRI Dataset\classification_task\test\glioma\brisc2025_test_00071_gl_ax_t1.jpg,axial,0,0,True,1.0,0.0
EfficientNet-B0,D:\brain_tumor\🧠 Brain Tumor MRI Dataset\classification_task\test\glioma\brisc2025_test_00072_gl_ax_t1.jpg,axial,0,0,True,1.0,1.1414409999999998e-10
EfficientNet-B0,D:\brain_tumor\🧠 Brain Tumor MRI Dataset\classification_task\test\glioma\brisc2025_test_00073_gl_ax_t1.jpg,axial,0,0,True,1.0,3.599999999999999e-15
EfficientNet-B0,D:\brain_tumor\🧠 Brain Tumor MRI Dataset\classification_task\test\glioma\brisc2025_test_00074_gl_ax_t1.jpg,axial,0,0,True,1.0,0.0
EfficientNet-B0,D:\brain_tumor\🧠 Brain Tumor MRI Dataset\classification_task\test\glioma\brisc2025_test_00075_gl_ax_t1.jpg,axial,0,0,True,1.0,0.0
EfficientNet-B0,D:\brain_tumor\🧠 Brain Tumor MRI Dataset\classification_task\test\glioma\brisc2025_test_00076_gl_ax_t1.jpg,axial,0,0,True,1.0,0.0
EfficientNet-B0,D:\brain_tumor\🧠 Brain Tumor MRI Dataset\classification_task\test\glioma\brisc2025_test_00077_gl_ax_t1.jpg,axial,0,0,True,1.0,0.0
EfficientNet-B0,D:\brain_tumor\🧠 Brain Tumor MRI Dataset\classification_task\test\glioma\brisc2025_test_00078_gl_ax_t1.jpg,axial,0,0,True,1.0,0.0
EfficientNet-B0,D:\brain_tumor\🧠 Brain Tumor MRI Dataset\classification_task\test\glioma\brisc2025_test_00079_gl_ax_t1.jpg,axial,0,0,True,1.0,0.0
EfficientNet-B0,D:\brain_tumor\🧠 Brain Tumor MRI Dataset\classification_task\test\glioma\brisc2025_test_00080_gl_ax_t1.jpg,axial,0,0,True,1.0,0.0
EfficientNet-B0,D:\brain_tumor\🧠 Brain Tumor MRI Dataset\classification_task\test\glioma\brisc2025_test_00081_gl_ax_t1.jpg,axial,0,0,True,1.0,0.0
EfficientNet-B0,D:\brain_tumor\🧠 Brain Tumor MRI Dataset\classification_task\test\glioma\brisc2025_test_00082_gl_ax_t1.jpg,axial,0,0,True,1.0,1.9891000000000001e-10
EfficientNet-B0,D:\brain_tumor\🧠 Brain Tumor MRI Dataset\classification_task\test\glioma\brisc2025_test_00083_gl_ax_t1.jpg,axial,0,0,True,1.0,0.0
EfficientNet-B0,D:\brain_tumor\🧠 Brain Tumor MRI Dataset\classification_task\test\glioma\brisc2025_test_00084_gl_ax_t1.jpg,axial,0,0,True,1.0,0.0
EfficientNet-B0,D:\brain_tumor\🧠 Brain Tumor MRI Dataset\classification_task\test\glioma\brisc2025_test_00085_gl_ax_t1.jpg,axial,0,0,True,1.0,0.0
EfficientNet-B0,D:\brain_tumor\🧠 Brain Tumor MRI Dataset\classification_task\test\glioma\brisc2025_test_00086_gl_co_t1.jpg,coronal,0,0,True,1.0,0.0
EfficientNet-B0,D:\brain_tumor\🧠 Brain Tumor MRI Dataset\classification_task\test\glioma\brisc2025_test_00087_gl_co_t1.jpg,coronal,0,0,True,1.0,0.0
EfficientNet-B0,D:\brain_tumor\🧠 Brain Tumor MRI Dataset\classification_task\test\glioma\brisc2025_test_00088_gl_co_t1.jpg,coronal,0,0,True,1.0,0.0
EfficientNet-B0,D:\brain_tumor\🧠 Brain Tumor MRI Dataset\classification_task\test\glioma\brisc2025_test_00089_gl_co_t1.jpg,coronal,0,0,True,1.0,0.0
EfficientNet-B0,D:\brain_tumor\🧠 Brain Tumor MRI Dataset\classification_task\test\glioma\brisc2025_test_00090_gl_co_t1.jpg,coronal,0,0,True,1.0,0.0
EfficientNet-B0,D:\brain_tumor\🧠 Brain Tumor MRI Dataset\classification_task\test\glioma\brisc2025_test_00091_gl_co_t1.jpg,coronal,0,0,True,1.0,0.0
EfficientNet-B0,D:\brain_tumor\🧠 Brain Tumor MRI Dataset\classification_task\test\glioma\brisc2025_test_00092_gl_co_t1.jpg,coronal,0,0,True,1.0,0.0
EfficientNet-B0,D:\brain_tumor\🧠 Brain Tumor MRI Dataset\classification_task\test\glioma\brisc2025_test_00093_gl_co_t1.jpg,coronal,0,0,True,1.0,6.090759999999998e-11
EfficientNet-B0,D:\brain_tumor\🧠 Brain Tumor MRI Dataset\classification_task\test\glioma\brisc2025_test_00094_gl_co_t1.jpg,coronal,0,0,True,1.0,8.420000000000002e-12
EfficientNet-B0,D:\brain_tumor\🧠 Brain Tumor MRI Dataset\classification_task\test\glioma\brisc2025_test_00095_gl_co_t1.jpg,coronal,0,0,True,1.0,3.6e-13
EfficientNet-B0,D:\brain_tumor\🧠 Brain Tumor MRI Dataset\classification_task\test\glioma\brisc2025_test_00096_gl_co_t1.jpg,coronal,0,0,True,0.9985,3.3101880399998377e-06
EfficientNet-B0,D:\brain_tumor\🧠 Brain Tumor MRI Dataset\classification_task\test\glioma\brisc2025_test_00097_gl_co_t1.jpg,coronal,0,0,True,1.0,0.0
EfficientNet-B0,D:\brain_tumor\🧠 Brain Tumor MRI Dataset\classification_task\test\glioma\brisc2025_test_00098_gl_co_t1.jpg,coronal,0,0,True,1.0,0.0
EfficientNet-B0,D:\brain_tumor\🧠 Brain Tumor MRI Dataset\classification_task\test\glioma\brisc2025_test_00099_gl_co_t1.jpg,coronal,0,0,True,1.0,9.110100000000001e-12
EfficientNet-B0,D:\brain_tumor\🧠 Brain Tumor MRI Dataset\classification_task\test\glioma\brisc2025_test_00100_gl_co_t1.jpg,coronal,0,0,True,1.0,0.0
EfficientNet-B0,D:\brain_tumor\🧠 Brain Tumor MRI Dataset\classification_task\test\glioma\brisc2025_test_00101_gl_co_t1.jpg,coronal,0,0,True,1.0,0.0
EfficientNet-B0,D:\brain_tumor\🧠 Brain Tumor MRI Dataset\classification_task\test\glioma\brisc2025_test_00102_gl_co_t1.jpg,coronal,0,0,True,1.0,0.0
EfficientNet-B0,D:\brain_tumor\🧠 Brain Tumor MRI Dataset\classification_task\test\glioma\brisc2025_test_00103_gl_co_t1.jpg,coronal,0,0,True,1.0,1.7e-12
EfficientNet-B0,D:\brain_tumor\🧠 Brain Tumor MRI Dataset\classification_task\test\glioma\brisc2025_test_00104_gl_co_t1.jpg,coronal,0,0,True,1.0,0.0
EfficientNet-B0,D:\brain_tumor\🧠 Brain Tumor MRI Dataset\classification_task\test\glioma\brisc2025_test_00105_gl_co_t1.jpg,coronal,0,0,True,1.0,0.0
EfficientNet-B0,D:\brain_tumor\🧠 Brain Tumor MRI Dataset\classification_task\test\glioma\brisc2025_test_00106_gl_co_t1.jpg,coronal,0,0,True,1.0,0.0
EfficientNet-B0,D:\brain_tumor\🧠 Brain Tumor MRI Dataset\classification_task\test\glioma\brisc2025_test_00107_gl_co_t1.jpg,coronal,0,0,True,1.0,0.0
EfficientNet-B0,D:\brain_tumor\🧠 Brain Tumor MRI Dataset\classification_task\test\glioma\brisc2025_test_00108_gl_co_t1.jpg,coronal,0,0,True,1.0,0.0
EfficientNet-B0,D:\brain_tumor\🧠 Brain Tumor MRI Dataset\classification_task\test\glioma\brisc2025_test_00109_gl_co_t1.jpg,coronal,0,0,True,1.0,0.0
EfficientNet-B0,D:\brain_tumor\🧠 Brain Tumor MRI Dataset\classification_task\test\glioma\brisc2025_test_00110_gl_co_t1.jpg,coronal,0,0,True,1.0,0.0
EfficientNet-B0,D:\brain_tumor\🧠 Brain Tumor MRI Dataset\classification_task\test\glioma\brisc2025_test_00111_gl_co_t1.jpg,coronal,0,0,True,1.0,0.0
EfficientNet-B0,D:\brain_tumor\🧠 Brain Tumor MRI Dataset\classification_task\test\glioma\brisc2025_test_00112_gl_co_t1.jpg,coronal,0,0,True,1.0,0.0
EfficientNet-B0,D:\brain_tumor\🧠 Brain Tumor MRI Dataset\classification_task\test\glioma\brisc2025_test_00113_gl_co_t1.jpg,coronal,0,0,True,1.0,0.0
EfficientNet-B0,D:\brain_tumor\🧠 Brain Tumor MRI Dataset\classification_task\test\glioma\brisc2025_test_00114_gl_co_t1.jpg,coronal,0,0,True,1.0,0.0
EfficientNet-B0,D:\brain_tumor\🧠 Brain Tumor MRI Dataset\classification_task\test\glioma\brisc2025_test_00115_gl_co_t1.jpg,coronal,0,0,True,1.0,0.0
EfficientNet-B0,D:\brain_tumor\🧠 Brain Tumor MRI Dataset\classification_task\test\glioma\brisc2025_test_00116_gl_co_t1.jpg,coronal,0,0,True,1.0,0.0
EfficientNet-B0,D:\brain_tumor\🧠 Brain Tumor MRI Dataset\classification_task\test\glioma\brisc2025_test_00117_gl_co_t1.jpg,coronal,0,0,True,1.0,6.572617600000001e-09
EfficientNet-B0,D:\brain_tumor\🧠 Brain Tumor MRI Dataset\classification_task\test\glioma\brisc2025_test_00118_gl_co_t1.jpg,coronal,0,0,True,1.0,4.11e-12
EfficientNet-B0,D:\brain_tumor\🧠 Brain Tumor MRI Dataset\classification_task\test\glioma\brisc2025_test_00119_gl_co_t1.jpg,coronal,0,0,True,1.0,0.0
EfficientNet-B0,D:\brain_tumor\🧠 Brain Tumor MRI Dataset\classification_task\test\glioma\brisc2025_test_00120_gl_co_t1.jpg,coronal,0,0,True,1.0,0.0
EfficientNet-B0,D:\brain_tumor\🧠 Brain Tumor MRI Dataset\classification_task\test\glioma\brisc2025_test_00121_gl_co_t1.jpg,coronal,0,0,True,1.0,0.0
EfficientNet-B0,D:\brain_tumor\🧠 Brain Tumor MRI Dataset\classification_task\test\glioma\brisc2025_test_00122_gl_co_t1.jpg,coronal,0,0,True,1.0,0.0
EfficientNet-B0,D:\brain_tumor\🧠 Brain Tumor MRI Dataset\classification_task\test\glioma\brisc2025_test_00123_gl_co_t1.jpg,coronal,0,0,True,1.0,0.0
EfficientNet-B0,D:\brain_tumor\🧠 Brain Tumor MRI Dataset\classification_task\test\glioma\brisc2025_test_00124_gl_co_t1.jpg,coronal,0,0,True,1.0,0.0
EfficientNet-B0,D:\brain_tumor\🧠 Brain Tumor MRI Dataset\classification_task\test\glioma\brisc2025_test_00125_gl_co_t1.jpg,coronal,0,0,True,1.0,0.0
EfficientNet-B0,D:\brain_tumor\🧠 Brain Tumor MRI Dataset\classification_task\test\glioma\brisc2025_test_00126_gl_co_t1.jpg,coronal,0,0,True,1.0,0.0
EfficientNet-B0,D:\brain_tumor\🧠 Brain Tumor MRI Dataset\classification_task\test\glioma\brisc2025_test_00127_gl_co_t1.jpg,coronal,0,0,True,1.0,0.0
EfficientNet-B0,D:\brain_tumor\🧠 Brain Tumor MRI Dataset\classification_task\test\glioma\brisc2025_test_00128_gl_co_t1.jpg,coronal,0,0,True,1.0,0.0
EfficientNet-B0,D:\brain_tumor\🧠 Brain Tumor MRI Dataset\classification_task\test\glioma\brisc2025_test_00129_gl_co_t1.jpg,coronal,0,0,True,1.0,0.0
EfficientNet-B0,D:\brain_tumor\🧠 Brain Tumor MRI Dataset\classification_task\test\glioma\brisc2025_test_00130_gl_co_t1.jpg,coronal,0,0,True,1.0,0.0
EfficientNet-B0,D:\brain_tumor\🧠 Brain Tumor MRI Dataset\classification_task\test\glioma\brisc2025_test_00131_gl_co_t1.jpg,coronal,0,0,True,1.0,0.0
EfficientNet-B0,D:\brain_tumor\🧠 Brain Tumor MRI Dataset\classification_task\test\glioma\brisc2025_test_00132_gl_co_t1.jpg,coronal,0,0,True,1.0,0.0
EfficientNet-B0,D:\brain_tumor\🧠 Brain Tumor MRI Dataset\classification_task\test\glioma\brisc2025_test_00133_gl_co_t1.jpg,coronal,0,0,True,1.0,0.0
EfficientNet-B0,D:\brain_tumor\🧠 Brain Tumor MRI Dataset\classification_task\test\glioma\brisc2025_test_00134_gl_co_t1.jpg,coronal,0,0,True,1.0,0.0
EfficientNet-B0,D:\brain_tumor\🧠 Brain Tumor MRI Dataset\classification_task\test\glioma\brisc2025_test_00135_gl_co_t1.jpg,coronal,0,0,True,1.0,0.0
EfficientNet-B0,D:\brain_tumor\🧠 Brain Tumor MRI Dataset\classification_task\test\glioma\brisc2025_test_00136_gl_co_t1.jpg,coronal,0,0,True,1.0,0.0
EfficientNet-B0,D:\brain_tumor\🧠 Brain Tumor MRI Dataset\classification_task\test\glioma\brisc2025_test_00137_gl_co_t1.jpg,coronal,0,0,True,1.0,5.759999999999999e-14
EfficientNet-B0,D:\brain_tumor\🧠 Brain Tumor MRI Dataset\classification_task\test\glioma\brisc2025_test_00138_gl_co_t1.jpg,coronal,0,0,True,1.0,0.0
EfficientNet-B0,D:\brain_tumor\🧠 Brain Tumor MRI Dataset\classification_task\test\glioma\brisc2025_test_00139_gl_co_t1.jpg,coronal,0,0,True,1.0,0.0
EfficientNet-B0,D:\brain_tumor\🧠 Brain Tumor MRI Dataset\classification_task\test\glioma\brisc2025_test_00140_gl_co_t1.jpg,coronal,0,0,True,1.0,0.0
EfficientNet-B0,D:\brain_tumor\🧠 Brain Tumor MRI Dataset\classification_task\test\glioma\brisc2025_test_00141_gl_co_t1.jpg,coronal,0,0,True,1.0,0.0
EfficientNet-B0,D:\brain_tumor\🧠 Brain Tumor MRI Dataset\classification_task\test\glioma\brisc2025_test_00142_gl_co_t1.jpg,coronal,0,0,True,1.0,9.999999999999998e-15
EfficientNet-B0,D:\brain_tumor\🧠 Brain Tumor MRI Dataset\classification_task\test\glioma\brisc2025_test_00143_gl_co_t1.jpg,coronal,0,0,True,0.9907,0.00017242289999999953
EfficientNet-B0,D:\brain_tumor\🧠 Brain Tumor MRI Dataset\classification_task\test\glioma\brisc2025_test_00144_gl_co_t1.jpg,coronal,0,0,True,0.987,0.00033930269700000034
EfficientNet-B0,D:\brain_tumor\🧠 Brain Tumor MRI Dataset\classification_task\test\glioma\brisc2025_test_00145_gl_co_t1.jpg,coronal,0,0,True,1.0,0.0
EfficientNet-B0,D:\brain_tumor\🧠 Brain Tumor MRI Dataset\classification_task\test\glioma\brisc2025_test_00146_gl_co_t1.jpg,coronal,0,0,True,1.0,9.546159999999999e-11
EfficientNet-B0,D:\brain_tumor\🧠 Brain Tumor MRI Dataset\classification_task\test\glioma\brisc2025_test_00147_gl_co_t1.jpg,coronal,0,0,True,1.0,1.3537326099999999e-08
EfficientNet-B0,D:\brain_tumor\🧠 Brain Tumor MRI Dataset\classification_task\test\glioma\brisc2025_test_00148_gl_co_t1.jpg,coronal,0,0,True,1.0,0.0
EfficientNet-B0,D:\brain_tumor\🧠 Brain Tumor MRI Dataset\classification_task\test\glioma\brisc2025_test_00149_gl_co_t1.jpg,coronal,0,0,True,1.0,7.199999999999999e-15
EfficientNet-B0,D:\brain_tumor\🧠 Brain Tumor MRI Dataset\classification_task\test\glioma\brisc2025_test_00150_gl_co_t1.jpg,coronal,0,0,True,1.0,1.41412e-11
EfficientNet-B0,D:\brain_tumor\🧠 Brain Tumor MRI Dataset\classification_task\test\glioma\brisc2025_test_00151_gl_co_t1.jpg,coronal,0,0,True,1.0,2.537674e-08
EfficientNet-B0,D:\brain_tumor\🧠 Brain Tumor MRI Dataset\classification_task\test\glioma\brisc2025_test_00152_gl_co_t1.jpg,coronal,0,0,True,1.0,0.0
EfficientNet-B0,D:\brain_tumor\🧠 Brain Tumor MRI Dataset\classification_task\test\glioma\brisc2025_test_00153_gl_co_t1.jpg,coronal,0,0,True,1.0,9.999999999999998e-15
EfficientNet-B0,D:\brain_tumor\🧠 Brain Tumor MRI Dataset\classification_task\test\glioma\brisc2025_test_00154_gl_co_t1.jpg,coronal,0,0,True,1.0,0.0
EfficientNet-B0,D:\brain_tumor\🧠 Brain Tumor MRI Dataset\classification_task\test\glioma\brisc2025_test_00155_gl_co_t1.jpg,coronal,0,0,True,1.0,0.0
EfficientNet-B0,D:\brain_tumor\🧠 Brain Tumor MRI Dataset\classification_task\test\glioma\brisc2025_test_00156_gl_co_t1.jpg,coronal,0,0,True,1.0,1.696e-13
EfficientNet-B0,D:\brain_tumor\🧠 Brain Tumor MRI Dataset\classification_task\test\glioma\brisc2025_test_00157_gl_co_t1.jpg,coronal,0,0,True,1.0,0.0
EfficientNet-B0,D:\brain_tumor\🧠 Brain Tumor MRI Dataset\classification_task\test\glioma\brisc2025_test_00158_gl_co_t1.jpg,coronal,0,0,True,1.0,2.6320500000000002e-09
EfficientNet-B0,D:\brain_tumor\🧠 Brain Tumor MRI Dataset\classification_task\test\glioma\brisc2025_test_00159_gl_co_t1.jpg,coronal,0,0,True,1.0,7.689000000000001e-13
EfficientNet-B0,D:\brain_tumor\🧠 Brain Tumor MRI Dataset\classification_task\test\glioma\brisc2025_test_00160_gl_co_t1.jpg,coronal,0,0,True,1.0,4.8179811999999995e-09
EfficientNet-B0,D:\brain_tumor\🧠 Brain Tumor MRI Dataset\classification_task\test\glioma\brisc2025_test_00161_gl_co_t1.jpg,coronal,0,0,True,1.0,7.199999999999999e-15
EfficientNet-B0,D:\brain_tumor\🧠 Brain Tumor MRI Dataset\classification_task\test\glioma\brisc2025_test_00162_gl_co_t1.jpg,coronal,0,0,True,1.0,2.3399999999999998e-11
EfficientNet-B0,D:\brain_tumor\🧠 Brain Tumor MRI Dataset\classification_task\test\glioma\brisc2025_test_00163_gl_co_t1.jpg,coronal,0,0,True,1.0,1.2543999999999998e-10
EfficientNet-B0,D:\brain_tumor\🧠 Brain Tumor MRI Dataset\classification_task\test\glioma\brisc2025_test_00164_gl_co_t1.jpg,coronal,0,0,True,1.0,0.0
EfficientNet-B0,D:\brain_tumor\🧠 Brain Tumor MRI Dataset\classification_task\test\glioma\brisc2025_test_00165_gl_co_t1.jpg,coronal,0,0,True,1.0,0.0
EfficientNet-B0,D:\brain_tumor\🧠 Brain Tumor MRI Dataset\classification_task\test\glioma\brisc2025_test_00166_gl_co_t1.jpg,coronal,0,0,True,1.0,3.599999999999999e-15
EfficientNet-B0,D:\brain_tumor\🧠 Brain Tumor MRI Dataset\classification_task\test\glioma\brisc2025_test_00167_gl_sa_t1.jpg,sagittal,0,0,True,1.0,0.0
EfficientNet-B0,D:\brain_tumor\🧠 Brain Tumor MRI Dataset\classification_task\test\glioma\brisc2025_test_00168_gl_sa_t1.jpg,sagittal,0,0,True,1.0,0.0
EfficientNet-B0,D:\brain_tumor\🧠 Brain Tumor MRI Dataset\classification_task\test\glioma\brisc2025_test_00169_gl_sa_t1.jpg,sagittal,0,0,True,1.0,0.0
EfficientNet-B0,D:\brain_tumor\🧠 Brain Tumor MRI Dataset\classification_task\test\glioma\brisc2025_test_00170_gl_sa_t1.jpg,sagittal,0,0,True,1.0,0.0
EfficientNet-B0,D:\brain_tumor\🧠 Brain Tumor MRI Dataset\classification_task\test\glioma\brisc2025_test_00171_gl_sa_t1.jpg,sagittal,0,0,True,1.0,0.0
EfficientNet-B0,D:\brain_tumor\🧠 Brain Tumor MRI Dataset\classification_task\test\glioma\brisc2025_test_00172_gl_sa_t1.jpg,sagittal,0,0,True,1.0,0.0
EfficientNet-B0,D:\brain_tumor\🧠 Brain Tumor MRI Dataset\classification_task\test\glioma\brisc2025_test_00173_gl_sa_t1.jpg,sagittal,0,0,True,1.0,0.0
EfficientNet-B0,D:\brain_tumor\🧠 Brain Tumor MRI Dataset\classification_task\test\glioma\brisc2025_test_00174_gl_sa_t1.jpg,sagittal,0,0,True,1.0,0.0
EfficientNet-B0,D:\brain_tumor\🧠 Brain Tumor MRI Dataset\classification_task\test\glioma\brisc2025_test_00175_gl_sa_t1.jpg,sagittal,0,0,True,1.0,1.716136e-10
EfficientNet-B0,D:\brain_tumor\🧠 Brain Tumor MRI Dataset\classification_task\test\glioma\brisc2025_test_00176_gl_sa_t1.jpg,sagittal,0,0,True,1.0,0.0
EfficientNet-B0,D:\brain_tumor\🧠 Brain Tumor MRI Dataset\classification_task\test\glioma\brisc2025_test_00177_gl_sa_t1.jpg,sagittal,0,0,True,1.0,0.0
EfficientNet-B0,D:\brain_tumor\🧠 Brain Tumor MRI Dataset\classification_task\test\glioma\brisc2025_test_00178_gl_sa_t1.jpg,sagittal,0,0,True,1.0,0.0
EfficientNet-B0,D:\brain_tumor\🧠 Brain Tumor MRI Dataset\classification_task\test\glioma\brisc2025_test_00179_gl_sa_t1.jpg,sagittal,0,0,True,1.0,0.0
EfficientNet-B0,D:\brain_tumor\🧠 Brain Tumor MRI Dataset\classification_task\test\glioma\brisc2025_test_00180_gl_sa_t1.jpg,sagittal,0,0,True,1.0,0.0
EfficientNet-B0,D:\brain_tumor\🧠 Brain Tumor MRI Dataset\classification_task\test\glioma\brisc2025_test_00181_gl_sa_t1.jpg,sagittal,0,0,True,1.0,0.0
EfficientNet-B0,D:\brain_tumor\🧠 Brain Tumor MRI Dataset\classification_task\test\glioma\brisc2025_test_00182_gl_sa_t1.jpg,sagittal,0,0,True,1.0,0.0
EfficientNet-B0,D:\brain_tumor\🧠 Brain Tumor MRI Dataset\classification_task\test\glioma\brisc2025_test_00183_gl_sa_t1.jpg,sagittal,0,0,True,1.0,0.0
EfficientNet-B0,D:\brain_tumor\🧠 Brain Tumor MRI Dataset\classification_task\test\glioma\brisc2025_test_00184_gl_sa_t1.jpg,sagittal,0,0,True,1.0,0.0
EfficientNet-B0,D:\brain_tumor\🧠 Brain Tumor MRI Dataset\classification_task\test\glioma\brisc2025_test_00185_gl_sa_t1.jpg,sagittal,0,0,True,1.0,0.0
EfficientNet-B0,D:\brain_tumor\🧠 Brain Tumor MRI Dataset\classification_task\test\glioma\brisc2025_test_00186_gl_sa_t1.jpg,sagittal,0,0,True,1.0,0.0
EfficientNet-B0,D:\brain_tumor\🧠 Brain Tumor MRI Dataset\classification_task\test\glioma\brisc2025_test_00187_gl_sa_t1.jpg,sagittal,0,0,True,1.0,0.0
EfficientNet-B0,D:\brain_tumor\🧠 Brain Tumor MRI Dataset\classification_task\test\glioma\brisc2025_test_00188_gl_sa_t1.jpg,sagittal,0,0,True,1.0,0.0
EfficientNet-B0,D:\brain_tumor\🧠 Brain Tumor MRI Dataset\classification_task\test\glioma\brisc2025_test_00189_gl_sa_t1.jpg,sagittal,0,0,True,1.0,0.0
EfficientNet-B0,D:\brain_tumor\🧠 Brain Tumor MRI Dataset\classification_task\test\glioma\brisc2025_test_00190_gl_sa_t1.jpg,sagittal,0,0,True,1.0,0.0
EfficientNet-B0,D:\brain_tumor\🧠 Brain Tumor MRI Dataset\classification_task\test\glioma\brisc2025_test_00191_gl_sa_t1.jpg,sagittal,0,0,True,1.0,0.0
EfficientNet-B0,D:\brain_tumor\🧠 Brain Tumor MRI Dataset\classification_task\test\glioma\brisc2025_test_00192_gl_sa_t1.jpg,sagittal,0,0,True,1.0,0.0
EfficientNet-B0,D:\brain_tumor\🧠 Brain Tumor MRI Dataset\classification_task\test\glioma\brisc2025_test_00193_gl_sa_t1.jpg,sagittal,0,0,True,1.0,0.0
EfficientNet-B0,D:\brain_tumor\🧠 Brain Tumor MRI Dataset\classification_task\test\glioma\brisc2025_test_00194_gl_sa_t1.jpg,sagittal,0,0,True,1.0,0.0
EfficientNet-B0,D:\brain_tumor\🧠 Brain Tumor MRI Dataset\classification_task\test\glioma\brisc2025_test_00195_gl_sa_t1.jpg,sagittal,0,0,True,1.0,0.0
EfficientNet-B0,D:\brain_tumor\🧠 Brain Tumor MRI Dataset\classification_task\test\glioma\brisc2025_test_00196_gl_sa_t1.jpg,sagittal,0,0,True,1.0,0.0
EfficientNet-B0,D:\brain_tumor\🧠 Brain Tumor MRI Dataset\classification_task\test\glioma\brisc2025_test_00197_gl_sa_t1.jpg,sagittal,0,0,True,1.0,0.0
EfficientNet-B0,D:\brain_tumor\🧠 Brain Tumor MRI Dataset\classification_task\test\glioma\brisc2025_test_00198_gl_sa_t1.jpg,sagittal,0,0,True,1.0,0.0
EfficientNet-B0,D:\brain_tumor\🧠 Brain Tumor MRI Dataset\classification_task\test\glioma\brisc2025_test_00199_gl_sa_t1.jpg,sagittal,0,0,True,1.0,0.0
EfficientNet-B0,D:\brain_tumor\🧠 Brain Tumor MRI Dataset\classification_task\test\glioma\brisc2025_test_00200_gl_sa_t1.jpg,sagittal,0,0,True,1.0,0.0
EfficientNet-B0,D:\brain_tumor\🧠 Brain Tumor MRI Dataset\classification_task\test\glioma\brisc2025_test_00201_gl_sa_t1.jpg,sagittal,0,0,True,1.0,0.0
EfficientNet-B0,D:\brain_tumor\🧠 Brain Tumor MRI Dataset\classification_task\test\glioma\brisc2025_test_00202_gl_sa_t1.jpg,sagittal,0,0,True,1.0,0.0
EfficientNet-B0,D:\brain_tumor\🧠 Brain Tumor MRI Dataset\classification_task\test\glioma\brisc2025_test_00203_gl_sa_t1.jpg,sagittal,0,0,True,1.0,0.0
EfficientNet-B0,D:\brain_tumor\🧠 Brain Tumor MRI Dataset\classification_task\test\glioma\brisc2025_test_00204_gl_sa_t1.jpg,sagittal,0,0,True,1.0,0.0
EfficientNet-B0,D:\brain_tumor\🧠 Brain Tumor MRI Dataset\classification_task\test\glioma\brisc2025_test_00205_gl_sa_t1.jpg,sagittal,0,0,True,1.0,0.0
EfficientNet-B0,D:\brain_tumor\🧠 Brain Tumor MRI Dataset\classification_task\test\glioma\brisc2025_test_00206_gl_sa_t1.jpg,sagittal,0,0,True,1.0,0.0
EfficientNet-B0,D:\brain_tumor\🧠 Brain Tumor MRI Dataset\classification_task\test\glioma\brisc2025_test_00207_gl_sa_t1.jpg,sagittal,0,0,True,1.0,0.0
EfficientNet-B0,D:\brain_tumor\🧠 Brain Tumor MRI Dataset\classification_task\test\glioma\brisc2025_test_00208_gl_sa_t1.jpg,sagittal,0,0,True,1.0,0.0
EfficientNet-B0,D:\brain_tumor\🧠 Brain Tumor MRI Dataset\classification_task\test\glioma\brisc2025_test_00209_gl_sa_t1.jpg,sagittal,0,0,True,1.0,0.0
EfficientNet-B0,D:\brain_tumor\🧠 Brain Tumor MRI Dataset\classification_task\test\glioma\brisc2025_test_00210_gl_sa_t1.jpg,sagittal,0,0,True,1.0,0.0
EfficientNet-B0,D:\brain_tumor\🧠 Brain Tumor MRI Dataset\classification_task\test\glioma\brisc2025_test_00211_gl_sa_t1.jpg,sagittal,0,0,True,1.0,0.0
EfficientNet-B0,D:\brain_tumor\🧠 Brain Tumor MRI Dataset\classification_task\test\glioma\brisc2025_test_00212_gl_sa_t1.jpg,sagittal,0,0,True,1.0,0.0
EfficientNet-B0,D:\brain_tumor\🧠 Brain Tumor MRI Dataset\classification_task\test\glioma\brisc2025_test_00213_gl_sa_t1.jpg,sagittal,0,0,True,1.0,0.0
EfficientNet-B0,D:\brain_tumor\🧠 Brain Tumor MRI Dataset\classification_task\test\glioma\brisc2025_test_00214_gl_sa_t1.jpg,sagittal,0,0,True,1.0,0.0
EfficientNet-B0,D:\brain_tumor\🧠 Brain Tumor MRI Dataset\classification_task\test\glioma\brisc2025_test_00215_gl_sa_t1.jpg,sagittal,0,0,True,1.0,0.0
EfficientNet-B0,D:\brain_tumor\🧠 Brain Tumor MRI Dataset\classification_task\test\glioma\brisc2025_test_00216_gl_sa_t1.jpg,sagittal,0,0,True,1.0,0.0
EfficientNet-B0,D:\brain_tumor\🧠 Brain Tumor MRI Dataset\classification_task\test\glioma\brisc2025_test_00217_gl_sa_t1.jpg,sagittal,0,0,True,1.0,0.0
EfficientNet-B0,D:\brain_tumor\🧠 Brain Tumor MRI Dataset\classification_task\test\glioma\brisc2025_test_00218_gl_sa_t1.jpg,sagittal,0,0,True,1.0,4.409999999999999e-12
EfficientNet-B0,D:\brain_tumor\🧠 Brain Tumor MRI Dataset\classification_task\test\glioma\brisc2025_test_00219_gl_sa_t1.jpg,sagittal,0,0,True,1.0,3.599999999999999e-15
EfficientNet-B0,D:\brain_tumor\🧠 Brain Tumor MRI Dataset\classification_task\test\glioma\brisc2025_test_00220_gl_sa_t1.jpg,sagittal,0,0,True,1.0,0.0
EfficientNet-B0,D:\brain_tumor\🧠 Brain Tumor MRI Dataset\classification_task\test\glioma\brisc2025_test_00221_gl_sa_t1.jpg,sagittal,0,0,True,1.0,0.0
EfficientNet-B0,D:\brain_tumor\🧠 Brain Tumor MRI Dataset\classification_task\test\glioma\brisc2025_test_00222_gl_sa_t1.jpg,sagittal,0,0,True,1.0,0.0
EfficientNet-B0,D:\brain_tumor\🧠 Brain Tumor MRI Dataset\classification_task\test\glioma\brisc2025_test_00223_gl_sa_t1.jpg,sagittal,0,0,True,1.0,0.0
EfficientNet-B0,D:\brain_tumor\🧠 Brain Tumor MRI Dataset\classification_task\test\glioma\brisc2025_test_00224_gl_sa_t1.jpg,sagittal,0,0,True,1.0,0.0
EfficientNet-B0,D:\brain_tumor\🧠 Brain Tumor MRI Dataset\classification_task\test\glioma\brisc2025_test_00225_gl_sa_t1.jpg,sagittal,0,0,True,0.9995,3.7460903999994495e-07
EfficientNet-B0,D:\brain_tumor\🧠 Brain Tumor MRI Dataset\classification_task\test\glioma\brisc2025_test_00226_gl_sa_t1.jpg,sagittal,0,0,True,1.0,0.0
EfficientNet-B0,D:\brain_tumor\🧠 Brain Tumor MRI Dataset\classification_task\test\glioma\brisc2025_test_00227_gl_sa_t1.jpg,sagittal,0,0,True,1.0,0.0
EfficientNet-B0,D:\brain_tumor\🧠 Brain Tumor MRI Dataset\classification_task\test\glioma\brisc2025_test_00228_gl_sa_t1.jpg,sagittal,0,0,True,1.0,0.0
EfficientNet-B0,D:\brain_tumor\🧠 Brain Tumor MRI Dataset\classification_task\test\glioma\brisc2025_test_00229_gl_sa_t1.jpg,sagittal,0,0,True,0.996,3.011506203250003e-05
EfficientNet-B0,D:\brain_tumor\🧠 Brain Tumor MRI Dataset\classification_task\test\glioma\brisc2025_test_00230_gl_sa_t1.jpg,sagittal,0,0,True,1.0,0.0
EfficientNet-B0,D:\brain_tumor\🧠 Brain Tumor MRI Dataset\classification_task\test\glioma\brisc2025_test_00231_gl_sa_t1.jpg,sagittal,0,0,True,1.0,0.0
EfficientNet-B0,D:\brain_tumor\🧠 Brain Tumor MRI Dataset\classification_task\test\glioma\brisc2025_test_00232_gl_sa_t1.jpg,sagittal,0,0,True,1.0,0.0
EfficientNet-B0,D:\brain_tumor\🧠 Brain Tumor MRI Dataset\classification_task\test\glioma\brisc2025_test_00233_gl_sa_t1.jpg,sagittal,0,0,True,1.0,1.2959999999999998e-11
EfficientNet-B0,D:\brain_tumor\🧠 Brain Tumor MRI Dataset\classification_task\test\glioma\brisc2025_test_00234_gl_sa_t1.jpg,sagittal,0,0,True,0.9966,2.398562500999972e-05
EfficientNet-B0,D:\brain_tumor\🧠 Brain Tumor MRI Dataset\classification_task\test\glioma\brisc2025_test_00235_gl_sa_t1.jpg,sagittal,0,0,True,0.988,0.00028769768500000025
EfficientNet-B0,D:\brain_tumor\🧠 Brain Tumor MRI Dataset\classification_task\test\glioma\brisc2025_test_00236_gl_sa_t1.jpg,sagittal,0,0,True,1.0,0.0
EfficientNet-B0,D:\brain_tumor\🧠 Brain Tumor MRI Dataset\classification_task\test\glioma\brisc2025_test_00237_gl_sa_t1.jpg,sagittal,0,0,True,1.0,9.6374101e-09
EfficientNet-B0,D:\brain_tumor\🧠 Brain Tumor MRI Dataset\classification_task\test\glioma\brisc2025_test_00238_gl_sa_t1.jpg,sagittal,0,0,True,1.0,0.0
EfficientNet-B0,D:\brain_tumor\🧠 Brain Tumor MRI Dataset\classification_task\test\glioma\brisc2025_test_00239_gl_sa_t1.jpg,sagittal,0,0,True,1.0,0.0
EfficientNet-B0,D:\brain_tumor\🧠 Brain Tumor MRI Dataset\classification_task\test\glioma\brisc2025_test_00240_gl_sa_t1.jpg,sagittal,0,0,True,1.0,9.999999999999998e-15
EfficientNet-B0,D:\brain_tumor\🧠 Brain Tumor MRI Dataset\classification_task\test\glioma\brisc2025_test_00241_gl_sa_t1.jpg,sagittal,0,0,True,0.998,6.936394000000007e-06
EfficientNet-B0,D:\brain_tumor\🧠 Brain Tumor MRI Dataset\classification_task\test\glioma\brisc2025_test_00242_gl_sa_t1.jpg,sagittal,0,0,True,1.0,3.9999999999999994e-14
EfficientNet-B0,D:\brain_tumor\🧠 Brain Tumor MRI Dataset\classification_task\test\glioma\brisc2025_test_00243_gl_sa_t1.jpg,sagittal,0,0,True,1.0,0.0
EfficientNet-B0,D:\brain_tumor\🧠 Brain Tumor MRI Dataset\classification_task\test\glioma\brisc2025_test_00244_gl_sa_t1.jpg,sagittal,0,0,True,1.0,1.0035999999999999e-12
EfficientNet-B0,D:\brain_tumor\🧠 Brain Tumor MRI Dataset\classification_task\test\glioma\brisc2025_test_00245_gl_sa_t1.jpg,sagittal,0,0,True,1.0,2.2449999999999997e-11
EfficientNet-B0,D:\brain_tumor\🧠 Brain Tumor MRI Dataset\classification_task\test\glioma\brisc2025_test_00246_gl_sa_t1.jpg,sagittal,0,0,True,1.0,4.3920000000000004e-13
EfficientNet-B0,D:\brain_tumor\🧠 Brain Tumor MRI Dataset\classification_task\test\glioma\brisc2025_test_00247_gl_sa_t1.jpg,sagittal,0,0,True,1.0,0.0
EfficientNet-B0,D:\brain_tumor\🧠 Brain Tumor MRI Dataset\classification_task\test\glioma\brisc2025_test_00248_gl_sa_t1.jpg,sagittal,0,0,True,0.999,1.3776092900000019e-06
EfficientNet-B0,D:\brain_tumor\🧠 Brain Tumor MRI Dataset\classification_task\test\glioma\brisc2025_test_00249_gl_sa_t1.jpg,sagittal,0,0,True,0.5166,0.4200646064000577
EfficientNet-B0,D:\brain_tumor\🧠 Brain Tumor MRI Dataset\classification_task\test\glioma\brisc2025_test_00250_gl_sa_t1.jpg,sagittal,0,0,True,1.0,0.0
EfficientNet-B0,D:\brain_tumor\🧠 Brain Tumor MRI Dataset\classification_task\test\glioma\brisc2025_test_00251_gl_sa_t1.jpg,sagittal,0,0,True,1.0,0.0
EfficientNet-B0,D:\brain_tumor\🧠 Brain Tumor MRI Dataset\classification_task\test\glioma\brisc2025_test_00252_gl_sa_t1.jpg,sagittal,0,0,True,1.0,0.0
EfficientNet-B0,D:\brain_tumor\🧠 Brain Tumor MRI Dataset\classification_task\test\glioma\brisc2025_test_00253_gl_sa_t1.jpg,sagittal,0,0,True,1.0,0.0
EfficientNet-B0,D:\brain_tumor\🧠 Brain Tumor MRI Dataset\classification_task\test\glioma\brisc2025_test_00254_gl_sa_t1.jpg,sagittal,0,0,True,1.0,0.0
EfficientNet-B0,D:\brain_tumor\🧠 Brain Tumor MRI Dataset\classification_task\test\meningioma\brisc2025_test_00255_me_ax_t1.jpg,axial,1,1,True,1.0,0.0
EfficientNet-B0,D:\brain_tumor\🧠 Brain Tumor MRI Dataset\classification_task\test\meningioma\brisc2025_test_00256_me_ax_t1.jpg,axial,1,1,True,0.9995,3.1280714889994496e-07
EfficientNet-B0,D:\brain_tumor\🧠 Brain Tumor MRI Dataset\classification_task\test\meningioma\brisc2025_test_00257_me_ax_t1.jpg,axial,1,1,True,1.0,0.0
EfficientNet-B0,D:\brain_tumor\🧠 Brain Tumor MRI Dataset\classification_task\test\meningioma\brisc2025_test_00258_me_ax_t1.jpg,axial,1,1,True,1.0,0.0
EfficientNet-B0,D:\brain_tumor\🧠 Brain Tumor MRI Dataset\classification_task\test\meningioma\brisc2025_test_00259_me_ax_t1.jpg,axial,1,1,True,1.0,0.0
EfficientNet-B0,D:\brain_tumor\🧠 Brain Tumor MRI Dataset\classification_task\test\meningioma\brisc2025_test_00260_me_ax_t1.jpg,axial,1,1,True,1.0,0.0
EfficientNet-B0,D:\brain_tumor\🧠 Brain Tumor MRI Dataset\classification_task\test\meningioma\brisc2025_test_00261_me_ax_t1.jpg,axial,1,1,True,1.0,0.0
EfficientNet-B0,D:\brain_tumor\🧠 Brain Tumor MRI Dataset\classification_task\test\meningioma\brisc2025_test_00262_me_ax_t1.jpg,axial,1,1,True,1.0,5.759999999999999e-14
EfficientNet-B0,D:\brain_tumor\🧠 Brain Tumor MRI Dataset\classification_task\test\meningioma\brisc2025_test_00263_me_ax_t1.jpg,axial,1,1,True,1.0,9.999999999999998e-15
EfficientNet-B0,D:\brain_tumor\🧠 Brain Tumor MRI Dataset\classification_task\test\meningioma\brisc2025_test_00264_me_ax_t1.jpg,axial,1,1,True,1.0,0.0
EfficientNet-B0,D:\brain_tumor\🧠 Brain Tumor MRI Dataset\classification_task\test\meningioma\brisc2025_test_00265_me_ax_t1.jpg,axial,1,1,True,1.0,0.0
EfficientNet-B0,D:\brain_tumor\🧠 Brain Tumor MRI Dataset\classification_task\test\meningioma\brisc2025_test_00266_me_ax_t1.jpg,axial,1,1,True,1.0,0.0
EfficientNet-B0,D:\brain_tumor\🧠 Brain Tumor MRI Dataset\classification_task\test\meningioma\brisc2025_test_00267_me_ax_t1.jpg,axial,1,1,True,1.0,0.0
EfficientNet-B0,D:\brain_tumor\🧠 Brain Tumor MRI Dataset\classification_task\test\meningioma\brisc2025_test_00268_me_ax_t1.jpg,axial,1,1,True,1.0,9.999999999999998e-15
EfficientNet-B0,D:\brain_tumor\🧠 Brain Tumor MRI Dataset\classification_task\test\meningioma\brisc2025_test_00269_me_ax_t1.jpg,axial,1,1,True,1.0,0.0
EfficientNet-B0,D:\brain_tumor\🧠 Brain Tumor MRI Dataset\classification_task\test\meningioma\brisc2025_test_00270_me_ax_t1.jpg,axial,1,1,True,1.0,0.0
EfficientNet-B0,D:\brain_tumor\🧠 Brain Tumor MRI Dataset\classification_task\test\meningioma\brisc2025_test_00271_me_ax_t1.jpg,axial,1,1,True,1.0,0.0
EfficientNet-B0,D:\brain_tumor\🧠 Brain Tumor MRI Dataset\classification_task\test\meningioma\brisc2025_test_00272_me_ax_t1.jpg,axial,1,1,True,1.0,0.0
EfficientNet-B0,D:\brain_tumor\🧠 Brain Tumor MRI Dataset\classification_task\test\meningioma\brisc2025_test_00273_me_ax_t1.jpg,axial,1,1,True,1.0,0.0
EfficientNet-B0,D:\brain_tumor\🧠 Brain Tumor MRI Dataset\classification_task\test\meningioma\brisc2025_test_00274_me_ax_t1.jpg,axial,1,1,True,1.0,0.0
EfficientNet-B0,D:\brain_tumor\🧠 Brain Tumor MRI Dataset\classification_task\test\meningioma\brisc2025_test_00275_me_ax_t1.jpg,axial,1,1,True,1.0,5.759999999999999e-14
EfficientNet-B0,D:\brain_tumor\🧠 Brain Tumor MRI Dataset\classification_task\test\meningioma\brisc2025_test_00276_me_ax_t1.jpg,axial,1,1,True,1.0,8.1625e-12
EfficientNet-B0,D:\brain_tumor\🧠 Brain Tumor MRI Dataset\classification_task\test\meningioma\brisc2025_test_00277_me_ax_t1.jpg,axial,1,1,True,1.0,0.0
EfficientNet-B0,D:\brain_tumor\🧠 Brain Tumor MRI Dataset\classification_task\test\meningioma\brisc2025_test_00278_me_ax_t1.jpg,axial,1,1,True,1.0,0.0
EfficientNet-B0,D:\brain_tumor\🧠 Brain Tumor MRI Dataset\classification_task\test\meningioma\brisc2025_test_00279_me_ax_t1.jpg,axial,1,1,True,1.0,0.0
EfficientNet-B0,D:\brain_tumor\🧠 Brain Tumor MRI Dataset\classification_task\test\meningioma\brisc2025_test_00280_me_ax_t1.jpg,axial,1,1,True,1.0,0.0
EfficientNet-B0,D:\brain_tumor\🧠 Brain Tumor MRI Dataset\classification_task\test\meningioma\brisc2025_test_00281_me_ax_t1.jpg,axial,1,0,False,0.9995,1.9990002766890038
EfficientNet-B0,D:\brain_tumor\🧠 Brain Tumor MRI Dataset\classification_task\test\meningioma\brisc2025_test_00282_me_ax_t1.jpg,axial,1,1,True,1.0,0.0
EfficientNet-B0,D:\brain_tumor\🧠 Brain Tumor MRI Dataset\classification_task\test\meningioma\brisc2025_test_00283_me_ax_t1.jpg,axial,1,1,True,1.0,0.0
EfficientNet-B0,D:\brain_tumor\🧠 Brain Tumor MRI Dataset\classification_task\test\meningioma\brisc2025_test_00284_me_ax_t1.jpg,axial,1,1,True,1.0,0.0
EfficientNet-B0,D:\brain_tumor\🧠 Brain Tumor MRI Dataset\classification_task\test\meningioma\brisc2025_test_00285_me_ax_t1.jpg,axial,1,1,True,1.0,0.0
EfficientNet-B0,D:\brain_tumor\🧠 Brain Tumor MRI Dataset\classification_task\test\meningioma\brisc2025_test_00286_me_ax_t1.jpg,axial,1,1,True,1.0,0.0
EfficientNet-B0,D:\brain_tumor\🧠 Brain Tumor MRI Dataset\classification_task\test\meningioma\brisc2025_test_00287_me_ax_t1.jpg,axial,1,1,True,1.0,0.0
EfficientNet-B0,D:\brain_tumor\🧠 Brain Tumor MRI Dataset\classification_task\test\meningioma\brisc2025_test_00288_me_ax_t1.jpg,axial,1,1,True,1.0,0.0
EfficientNet-B0,D:\brain_tumor\🧠 Brain Tumor MRI Dataset\classification_task\test\meningioma\brisc2025_test_00289_me_ax_t1.jpg,axial,1,1,True,1.0,0.0
EfficientNet-B0,D:\brain_tumor\🧠 Brain Tumor MRI Dataset\classification_task\test\meningioma\brisc2025_test_00290_me_ax_t1.jpg,axial,1,1,True,1.0,0.0
EfficientNet-B0,D:\brain_tumor\🧠 Brain Tumor MRI Dataset\classification_task\test\meningioma\brisc2025_test_00291_me_ax_t1.jpg,axial,1,1,True,1.0,0.0
EfficientNet-B0,D:\brain_tumor\🧠 Brain Tumor MRI Dataset\classification_task\test\meningioma\brisc2025_test_00292_me_ax_t1.jpg,axial,1,1,True,1.0,0.0
EfficientNet-B0,D:\brain_tumor\🧠 Brain Tumor MRI Dataset\classification_task\test\meningioma\brisc2025_test_00293_me_ax_t1.jpg,axial,1,1,True,1.0,0.0
EfficientNet-B0,D:\brain_tumor\🧠 Brain Tumor MRI Dataset\classification_task\test\meningioma\brisc2025_test_00294_me_ax_t1.jpg,axial,1,1,True,1.0,0.0
EfficientNet-B0,D:\brain_tumor\🧠 Brain Tumor MRI Dataset\classification_task\test\meningioma\brisc2025_test_00295_me_ax_t1.jpg,axial,1,1,True,1.0,0.0
EfficientNet-B0,D:\brain_tumor\🧠 Brain Tumor MRI Dataset\classification_task\test\meningioma\brisc2025_test_00296_me_ax_t1.jpg,axial,1,1,True,1.0,0.0
EfficientNet-B0,D:\brain_tumor\🧠 Brain Tumor MRI Dataset\classification_task\test\meningioma\brisc2025_test_00297_me_ax_t1.jpg,axial,1,1,True,1.0,0.0
EfficientNet-B0,D:\brain_tumor\🧠 Brain Tumor MRI Dataset\classification_task\test\meningioma\brisc2025_test_00298_me_ax_t1.jpg,axial,1,1,True,1.0,0.0
EfficientNet-B0,D:\brain_tumor\🧠 Brain Tumor MRI Dataset\classification_task\test\meningioma\brisc2025_test_00299_me_ax_t1.jpg,axial,1,1,True,1.0,0.0
EfficientNet-B0,D:\brain_tumor\🧠 Brain Tumor MRI Dataset\classification_task\test\meningioma\brisc2025_test_00300_me_ax_t1.jpg,axial,1,1,True,1.0,0.0
EfficientNet-B0,D:\brain_tumor\🧠 Brain Tumor MRI Dataset\classification_task\test\meningioma\brisc2025_test_00301_me_ax_t1.jpg,axial,1,1,True,1.0,0.0
EfficientNet-B0,D:\brain_tumor\🧠 Brain Tumor MRI Dataset\classification_task\test\meningioma\brisc2025_test_00302_me_ax_t1.jpg,axial,1,1,True,1.0,1.3e-13
EfficientNet-B0,D:\brain_tumor\🧠 Brain Tumor MRI Dataset\classification_task\test\meningioma\brisc2025_test_00303_me_ax_t1.jpg,axial,1,1,True,1.0,3.2399999999999995e-12
EfficientNet-B0,D:\brain_tumor\🧠 Brain Tumor MRI Dataset\classification_task\test\meningioma\brisc2025_test_00304_me_ax_t1.jpg,axial,1,1,True,1.0,0.0
EfficientNet-B0,D:\brain_tumor\🧠 Brain Tumor MRI Dataset\classification_task\test\meningioma\brisc2025_test_00305_me_ax_t1.jpg,axial,1,1,True,1.0,0.0
EfficientNet-B0,D:\brain_tumor\🧠 Brain Tumor MRI Dataset\classification_task\test\meningioma\brisc2025_test_00306_me_ax_t1.jpg,axial,1,1,True,1.0,0.0
EfficientNet-B0,D:\brain_tumor\🧠 Brain Tumor MRI Dataset\classification_task\test\meningioma\brisc2025_test_00307_me_ax_t1.jpg,axial,1,1,True,1.0,0.0
EfficientNet-B0,D:\brain_tumor\🧠 Brain Tumor MRI Dataset\classification_task\test\meningioma\brisc2025_test_00308_me_ax_t1.jpg,axial,1,1,True,1.0,3.9999999999999994e-14
EfficientNet-B0,D:\brain_tumor\🧠 Brain Tumor MRI Dataset\classification_task\test\meningioma\brisc2025_test_00309_me_ax_t1.jpg,axial,1,1,True,1.0,3.599999999999999e-15
EfficientNet-B0,D:\brain_tumor\🧠 Brain Tumor MRI Dataset\classification_task\test\meningioma\brisc2025_test_00310_me_ax_t1.jpg,axial,1,1,True,1.0,0.0
EfficientNet-B0,D:\brain_tumor\🧠 Brain Tumor MRI Dataset\classification_task\test\meningioma\brisc2025_test_00311_me_ax_t1.jpg,axial,1,1,True,0.8926,0.02281451102500001
EfficientNet-B0,D:\brain_tumor\🧠 Brain Tumor MRI Dataset\classification_task\test\meningioma\brisc2025_test_00312_me_ax_t1.jpg,axial,1,1,True,1.0,0.0
EfficientNet-B0,D:\brain_tumor\🧠 Brain Tumor MRI Dataset\classification_task\test\meningioma\brisc2025_test_00313_me_ax_t1.jpg,axial,1,1,True,1.0,0.0
EfficientNet-B0,D:\brain_tumor\🧠 Brain Tumor MRI Dataset\classification_task\test\meningioma\brisc2025_test_00314_me_ax_t1.jpg,axial,1,1,True,1.0,5.759999999999999e-14
EfficientNet-B0,D:\brain_tumor\🧠 Brain Tumor MRI Dataset\classification_task\test\meningioma\brisc2025_test_00315_me_ax_t1.jpg,axial,1,1,True,1.0,0.0
EfficientNet-B0,D:\brain_tumor\🧠 Brain Tumor MRI Dataset\classification_task\test\meningioma\brisc2025_test_00316_me_ax_t1.jpg,axial,1,1,True,1.0,0.0
EfficientNet-B0,D:\brain_tumor\🧠 Brain Tumor MRI Dataset\classification_task\test\meningioma\brisc2025_test_00317_me_ax_t1.jpg,axial,1,1,True,1.0,3.599999999999999e-15
EfficientNet-B0,D:\brain_tumor\🧠 Brain Tumor MRI Dataset\classification_task\test\meningioma\brisc2025_test_00318_me_ax_t1.jpg,axial,1,1,True,1.0,0.0
EfficientNet-B0,D:\brain_tumor\🧠 Brain Tumor MRI Dataset\classification_task\test\meningioma\brisc2025_test_00319_me_ax_t1.jpg,axial,1,1,True,1.0,0.0
EfficientNet-B0,D:\brain_tumor\🧠 Brain Tumor MRI Dataset\classification_task\test\meningioma\brisc2025_test_00320_me_ax_t1.jpg,axial,1,1,True,1.0,0.0
EfficientNet-B0,D:\brain_tumor\🧠 Brain Tumor MRI Dataset\classification_task\test\meningioma\brisc2025_test_00321_me_ax_t1.jpg,axial,1,1,True,1.0,0.0
EfficientNet-B0,D:\brain_tumor\🧠 Brain Tumor MRI Dataset\classification_task\test\meningioma\brisc2025_test_00322_me_ax_t1.jpg,axial,1,1,True,1.0,0.0
EfficientNet-B0,D:\brain_tumor\🧠 Brain Tumor MRI Dataset\classification_task\test\meningioma\brisc2025_test_00323_me_ax_t1.jpg,axial,1,1,True,1.0,0.0
EfficientNet-B0,D:\brain_tumor\🧠 Brain Tumor MRI Dataset\classification_task\test\meningioma\brisc2025_test_00324_me_ax_t1.jpg,axial,1,1,True,1.0,0.0
EfficientNet-B0,D:\brain_tumor\🧠 Brain Tumor MRI Dataset\classification_task\test\meningioma\brisc2025_test_00325_me_ax_t1.jpg,axial,1,1,True,1.0,6.399999999999999e-13
EfficientNet-B0,D:\brain_tumor\🧠 Brain Tumor MRI Dataset\classification_task\test\meningioma\brisc2025_test_00326_me_ax_t1.jpg,axial,1,1,True,1.0,1.32496e-11
EfficientNet-B0,D:\brain_tumor\🧠 Brain Tumor MRI Dataset\classification_task\test\meningioma\brisc2025_test_00327_me_ax_t1.jpg,axial,1,1,True,1.0,6.692569000000001e-10
EfficientNet-B0,D:\brain_tumor\🧠 Brain Tumor MRI Dataset\classification_task\test\meningioma\brisc2025_test_00328_me_ax_t1.jpg,axial,1,1,True,1.0,3.599999999999999e-15
EfficientNet-B0,D:\brain_tumor\🧠 Brain Tumor MRI Dataset\classification_task\test\meningioma\brisc2025_test_00329_me_ax_t1.jpg,axial,1,1,True,1.0,0.0
EfficientNet-B0,D:\brain_tumor\🧠 Brain Tumor MRI Dataset\classification_task\test\meningioma\brisc2025_test_00330_me_ax_t1.jpg,axial,1,1,True,1.0,4.42489e-11
EfficientNet-B0,D:\brain_tumor\🧠 Brain Tumor MRI Dataset\classification_task\test\meningioma\brisc2025_test_00331_me_ax_t1.jpg,axial,1,1,True,0.977,0.001048840280566101
EfficientNet-B0,D:\brain_tumor\🧠 Brain Tumor MRI Dataset\classification_task\test\meningioma\brisc2025_test_00332_me_ax_t1.jpg,axial,1,1,True,1.0,0.0
EfficientNet-B0,D:\brain_tumor\🧠 Brain Tumor MRI Dataset\classification_task\test\meningioma\brisc2025_test_00333_me_ax_t1.jpg,axial,1,1,True,1.0,3.9764689999999996e-10
EfficientNet-B0,D:\brain_tumor\🧠 Brain Tumor MRI Dataset\classification_task\test\meningioma\brisc2025_test_00334_me_ax_t1.jpg,axial,1,1,True,1.0,0.0
EfficientNet-B0,D:\brain_tumor\🧠 Brain Tumor MRI Dataset\classification_task\test\meningioma\brisc2025_test_00335_me_ax_t1.jpg,axial,1,1,True,1.0,5.759999999999999e-14
EfficientNet-B0,D:\brain_tumor\🧠 Brain Tumor MRI Dataset\classification_task\test\meningioma\brisc2025_test_00336_me_ax_t1.jpg,axial,1,1,True,1.0,0.0
EfficientNet-B0,D:\brain_tumor\🧠 Brain Tumor MRI Dataset\classification_task\test\meningioma\brisc2025_test_00337_me_ax_t1.jpg,axial,1,1,True,1.0,0.0
EfficientNet-B0,D:\brain_tumor\🧠 Brain Tumor MRI Dataset\classification_task\test\meningioma\brisc2025_test_00338_me_ax_t1.jpg,axial,1,1,True,1.0,0.0
EfficientNet-B0,D:\brain_tumor\🧠 Brain Tumor MRI Dataset\classification_task\test\meningioma\brisc2025_test_00339_me_ax_t1.jpg,axial,1,1,True,1.0,1.2541e-12
EfficientNet-B0,D:\brain_tumor\🧠 Brain Tumor MRI Dataset\classification_task\test\meningioma\brisc2025_test_00340_me_ax_t1.jpg,axial,1,1,True,0.998,6.9377960036000075e-06
EfficientNet-B0,D:\brain_tumor\🧠 Brain Tumor MRI Dataset\classification_task\test\meningioma\brisc2025_test_00341_me_ax_t1.jpg,axial,1,1,True,1.0,0.0
EfficientNet-B0,D:\brain_tumor\🧠 Brain Tumor MRI Dataset\classification_task\test\meningioma\brisc2025_test_00342_me_ax_t1.jpg,axial,1,1,True,1.0,0.0
EfficientNet-B0,D:\brain_tumor\🧠 Brain Tumor MRI Dataset\classification_task\test\meningioma\brisc2025_test_00343_me_ax_t1.jpg,axial,1,1,True,0.999,1.5843074500000018e-06
EfficientNet-B0,D:\brain_tumor\🧠 Brain Tumor MRI Dataset\classification_task\test\meningioma\brisc2025_test_00344_me_ax_t1.jpg,axial,1,1,True,1.0,0.0
EfficientNet-B0,D:\brain_tumor\🧠 Brain Tumor MRI Dataset\classification_task\test\meningioma\brisc2025_test_00345_me_ax_t1.jpg,axial,1,1,True,0.998,8.368100090000007e-06
EfficientNet-B0,D:\brain_tumor\🧠 Brain Tumor MRI Dataset\classification_task\test\meningioma\brisc2025_test_00346_me_ax_t1.jpg,axial,1,1,True,1.0,3.55216e-11
EfficientNet-B0,D:\brain_tumor\🧠 Brain Tumor MRI Dataset\classification_task\test\meningioma\brisc2025_test_00347_me_ax_t1.jpg,axial,1,1,True,1.0,0.0
EfficientNet-B0,D:\brain_tumor\🧠 Brain Tumor MRI Dataset\classification_task\test\meningioma\brisc2025_test_00348_me_ax_t1.jpg,axial,1,1,True,1.0,7.199999999999999e-15
EfficientNet-B0,D:\brain_tumor\🧠 Brain Tumor MRI Dataset\classification_task\test\meningioma\brisc2025_test_00349_me_ax_t1.jpg,axial,1,1,True,0.9995,3.1280714889994496e-07
EfficientNet-B0,D:\brain_tumor\🧠 Brain Tumor MRI Dataset\classification_task\test\meningioma\brisc2025_test_00350_me_ax_t1.jpg,axial,1,1,True,1.0,6.5572e-12
EfficientNet-B0,D:\brain_tumor\🧠 Brain Tumor MRI Dataset\classification_task\test\meningioma\brisc2025_test_00351_me_ax_t1.jpg,axial,1,1,True,1.0,5.29e-12
EfficientNet-B0,D:\brain_tumor\🧠 Brain Tumor MRI Dataset\classification_task\test\meningioma\brisc2025_test_00352_me_ax_t1.jpg,axial,1,1,True,1.0,0.0
EfficientNet-B0,D:\brain_tumor\🧠 Brain Tumor MRI Dataset\classification_task\test\meningioma\brisc2025_test_00353_me_ax_t1.jpg,axial,1,1,True,1.0,2.4900839999999994e-08
EfficientNet-B0,D:\brain_tumor\🧠 Brain Tumor MRI Dataset\classification_task\test\meningioma\brisc2025_test_00354_me_ax_t1.jpg,axial,1,1,True,1.0,0.0
EfficientNet-B0,D:\brain_tumor\🧠 Brain Tumor MRI Dataset\classification_task\test\meningioma\brisc2025_test_00355_me_ax_t1.jpg,axial,1,1,True,1.0,7.199999999999999e-15
EfficientNet-B0,D:\brain_tumor\🧠 Brain Tumor MRI Dataset\classification_task\test\meningioma\brisc2025_test_00356_me_ax_t1.jpg,axial,1,1,True,1.0,0.0
EfficientNet-B0,D:\brain_tumor\🧠 Brain Tumor MRI Dataset\classification_task\test\meningioma\brisc2025_test_00357_me_ax_t1.jpg,axial,1,1,True,1.0,3.599999999999999e-15
EfficientNet-B0,D:\brain_tumor\🧠 Brain Tumor MRI Dataset\classification_task\test\meningioma\brisc2025_test_00358_me_ax_t1.jpg,axial,1,1,True,1.0,0.0
EfficientNet-B0,D:\brain_tumor\🧠 Brain Tumor MRI Dataset\classification_task\test\meningioma\brisc2025_test_00359_me_ax_t1.jpg,axial,1,1,True,1.0,0.0
EfficientNet-B0,D:\brain_tumor\🧠 Brain Tumor MRI Dataset\classification_task\test\meningioma\brisc2025_test_00360_me_ax_t1.jpg,axial,1,1,True,1.0,0.0
EfficientNet-B0,D:\brain_tumor\🧠 Brain Tumor MRI Dataset\classification_task\test\meningioma\brisc2025_test_00361_me_ax_t1.jpg,axial,1,1,True,1.0,0.0
EfficientNet-B0,D:\brain_tumor\🧠 Brain Tumor MRI Dataset\classification_task\test\meningioma\brisc2025_test_00362_me_ax_t1.jpg,axial,1,1,True,1.0,0.0
EfficientNet-B0,D:\brain_tumor\🧠 Brain Tumor MRI Dataset\classification_task\test\meningioma\brisc2025_test_00363_me_ax_t1.jpg,axial,1,1,True,0.9995,4.297760035999449e-07
EfficientNet-B0,D:\brain_tumor\🧠 Brain Tumor MRI Dataset\classification_task\test\meningioma\brisc2025_test_00364_me_ax_t1.jpg,axial,1,1,True,1.0,2.0041464999999997e-09
EfficientNet-B0,D:\brain_tumor\🧠 Brain Tumor MRI Dataset\classification_task\test\meningioma\brisc2025_test_00365_me_ax_t1.jpg,axial,1,2,False,1.0,1.99998900003025
EfficientNet-B0,D:\brain_tumor\🧠 Brain Tumor MRI Dataset\classification_task\test\meningioma\brisc2025_test_00366_me_ax_t1.jpg,axial,1,1,True,1.0,0.0
EfficientNet-B0,D:\brain_tumor\🧠 Brain Tumor MRI Dataset\classification_task\test\meningioma\brisc2025_test_00367_me_ax_t1.jpg,axial,1,1,True,1.0,3.0485159999999996e-08
EfficientNet-B0,D:\brain_tumor\🧠 Brain Tumor MRI Dataset\classification_task\test\meningioma\brisc2025_test_00368_me_ax_t1.jpg,axial,1,1,True,1.0,7.199999999999999e-15
EfficientNet-B0,D:\brain_tumor\🧠 Brain Tumor MRI Dataset\classification_task\test\meningioma\brisc2025_test_00369_me_ax_t1.jpg,axial,1,1,True,1.0,2.5007089999999996e-08
EfficientNet-B0,D:\brain_tumor\🧠 Brain Tumor MRI Dataset\classification_task\test\meningioma\brisc2025_test_00370_me_ax_t1.jpg,axial,1,1,True,1.0,1e-12
EfficientNet-B0,D:\brain_tumor\🧠 Brain Tumor MRI Dataset\classification_task\test\meningioma\brisc2025_test_00371_me_ax_t1.jpg,axial,1,1,True,1.0,0.0
EfficientNet-B0,D:\brain_tumor\🧠 Brain Tumor MRI Dataset\classification_task\test\meningioma\brisc2025_test_00372_me_ax_t1.jpg,axial,1,1,True,1.0,1.2703731999999996e-09
EfficientNet-B0,D:\brain_tumor\🧠 Brain Tumor MRI Dataset\classification_task\test\meningioma\brisc2025_test_00373_me_ax_t1.jpg,axial,1,1,True,1.0,2.5e-13
EfficientNet-B0,D:\brain_tumor\🧠 Brain Tumor MRI Dataset\classification_task\test\meningioma\brisc2025_test_00374_me_ax_t1.jpg,axial,1,1,True,1.0,0.0
EfficientNet-B0,D:\brain_tumor\🧠 Brain Tumor MRI Dataset\classification_task\test\meningioma\brisc2025_test_00375_me_ax_t1.jpg,axial,1,1,True,1.0,4.0421e-12
EfficientNet-B0,D:\brain_tumor\🧠 Brain Tumor MRI Dataset\classification_task\test\meningioma\brisc2025_test_00376_me_ax_t1.jpg,axial,1,1,True,1.0,0.0
EfficientNet-B0,D:\brain_tumor\🧠 Brain Tumor MRI Dataset\classification_task\test\meningioma\brisc2025_test_00377_me_ax_t1.jpg,axial,1,1,True,1.0,7.236136000000001e-10
EfficientNet-B0,D:\brain_tumor\🧠 Brain Tumor MRI Dataset\classification_task\test\meningioma\brisc2025_test_00378_me_ax_t1.jpg,axial,1,1,True,0.999,2.143555250000002e-06
EfficientNet-B0,D:\brain_tumor\🧠 Brain Tumor MRI Dataset\classification_task\test\meningioma\brisc2025_test_00379_me_ax_t1.jpg,axial,1,1,True,1.0,3.6236000000000004e-12
EfficientNet-B0,D:\brain_tumor\🧠 Brain Tumor MRI Dataset\classification_task\test\meningioma\brisc2025_test_00380_me_ax_t1.jpg,axial,1,1,True,1.0,0.0
EfficientNet-B0,D:\brain_tumor\🧠 Brain Tumor MRI Dataset\classification_task\test\meningioma\brisc2025_test_00381_me_ax_t1.jpg,axial,1,1,True,1.0,2.4999999999999994e-13
EfficientNet-B0,D:\brain_tumor\🧠 Brain Tumor MRI Dataset\classification_task\test\meningioma\brisc2025_test_00382_me_ax_t1.jpg,axial,1,1,True,1.0,0.0
EfficientNet-B0,D:\brain_tumor\🧠 Brain Tumor MRI Dataset\classification_task\test\meningioma\brisc2025_test_00383_me_ax_t1.jpg,axial,1,1,True,1.0,1.7845436499999997e-08
EfficientNet-B0,D:\brain_tumor\🧠 Brain Tumor MRI Dataset\classification_task\test\meningioma\brisc2025_test_00384_me_ax_t1.jpg,axial,1,1,True,1.0,2.2467600000000002e-09
EfficientNet-B0,D:\brain_tumor\🧠 Brain Tumor MRI Dataset\classification_task\test\meningioma\brisc2025_test_00385_me_ax_t1.jpg,axial,1,1,True,1.0,0.0
EfficientNet-B0,D:\brain_tumor\🧠 Brain Tumor MRI Dataset\classification_task\test\meningioma\brisc2025_test_00386_me_ax_t1.jpg,axial,1,1,True,1.0,3.2899999999999995e-12
EfficientNet-B0,D:\brain_tumor\🧠 Brain Tumor MRI Dataset\classification_task\test\meningioma\brisc2025_test_00387_me_ax_t1.jpg,axial,1,1,True,1.0,0.0
EfficientNet-B0,D:\brain_tumor\🧠 Brain Tumor MRI Dataset\classification_task\test\meningioma\brisc2025_test_00388_me_ax_t1.jpg,axial,1,1,True,1.0,0.0
EfficientNet-B0,D:\brain_tumor\🧠 Brain Tumor MRI Dataset\classification_task\test\meningioma\brisc2025_test_00389_me_ax_t1.jpg,axial,1,1,True,1.0,0.0
EfficientNet-B0,D:\brain_tumor\🧠 Brain Tumor MRI Dataset\classification_task\test\meningioma\brisc2025_test_00390_me_ax_t1.jpg,axial,1,1,True,1.0,3.0485159999999996e-08
EfficientNet-B0,D:\brain_tumor\🧠 Brain Tumor MRI Dataset\classification_task\test\meningioma\brisc2025_test_00391_me_ax_t1.jpg,axial,1,1,True,1.0,0.0
EfficientNet-B0,D:\brain_tumor\🧠 Brain Tumor MRI Dataset\classification_task\test\meningioma\brisc2025_test_00392_me_co_t1.jpg,coronal,1,1,True,1.0,3.636e-13
EfficientNet-B0,D:\brain_tumor\🧠 Brain Tumor MRI Dataset\classification_task\test\meningioma\brisc2025_test_00393_me_co_t1.jpg,coronal,1,1,True,1.0,3.9999999999999994e-14
EfficientNet-B0,D:\brain_tumor\🧠 Brain Tumor MRI Dataset\classification_task\test\meningioma\brisc2025_test_00394_me_co_t1.jpg,coronal,1,1,True,1.0,0.0
EfficientNet-B0,D:\brain_tumor\🧠 Brain Tumor MRI Dataset\classification_task\test\meningioma\brisc2025_test_00395_me_co_t1.jpg,coronal,1,1,True,1.0,0.0
EfficientNet-B0,D:\brain_tumor\🧠 Brain Tumor MRI Dataset\classification_task\test\meningioma\brisc2025_test_00396_me_co_t1.jpg,coronal,1,1,True,1.0,0.0
EfficientNet-B0,D:\brain_tumor\🧠 Brain Tumor MRI Dataset\classification_task\test\meningioma\brisc2025_test_00397_me_co_t1.jpg,coronal,1,1,True,1.0,0.0
EfficientNet-B0,D:\brain_tumor\🧠 Brain Tumor MRI Dataset\classification_task\test\meningioma\brisc2025_test_00398_me_co_t1.jpg,coronal,1,1,True,1.0,0.0
EfficientNet-B0,D:\brain_tumor\🧠 Brain Tumor MRI Dataset\classification_task\test\meningioma\brisc2025_test_00399_me_co_t1.jpg,coronal,1,1,True,1.0,0.0
EfficientNet-B0,D:\brain_tumor\🧠 Brain Tumor MRI Dataset\classification_task\test\meningioma\brisc2025_test_00400_me_co_t1.jpg,coronal,1,1,True,1.0,0.0
EfficientNet-B0,D:\brain_tumor\🧠 Brain Tumor MRI Dataset\classification_task\test\meningioma\brisc2025_test_00401_me_co_t1.jpg,coronal,1,1,True,1.0,0.0
EfficientNet-B0,D:\brain_tumor\🧠 Brain Tumor MRI Dataset\classification_task\test\meningioma\brisc2025_test_00402_me_co_t1.jpg,coronal,1,1,True,1.0,0.0
EfficientNet-B0,D:\brain_tumor\🧠 Brain Tumor MRI Dataset\classification_task\test\meningioma\brisc2025_test_00403_me_co_t1.jpg,coronal,1,1,True,1.0,3.9999999999999994e-14
EfficientNet-B0,D:\brain_tumor\🧠 Brain Tumor MRI Dataset\classification_task\test\meningioma\brisc2025_test_00404_me_co_t1.jpg,coronal,1,1,True,1.0,0.0
EfficientNet-B0,D:\brain_tumor\🧠 Brain Tumor MRI Dataset\classification_task\test\meningioma\brisc2025_test_00405_me_co_t1.jpg,coronal,1,1,True,1.0,1.156e-09
EfficientNet-B0,D:\brain_tumor\🧠 Brain Tumor MRI Dataset\classification_task\test\meningioma\brisc2025_test_00406_me_co_t1.jpg,coronal,1,1,True,1.0,0.0
EfficientNet-B0,D:\brain_tumor\🧠 Brain Tumor MRI Dataset\classification_task\test\meningioma\brisc2025_test_00407_me_co_t1.jpg,coronal,1,1,True,1.0,2.6666890000000003e-10
EfficientNet-B0,D:\brain_tumor\🧠 Brain Tumor MRI Dataset\classification_task\test\meningioma\brisc2025_test_00408_me_co_t1.jpg,coronal,1,1,True,1.0,0.0
EfficientNet-B0,D:\brain_tumor\🧠 Brain Tumor MRI Dataset\classification_task\test\meningioma\brisc2025_test_00409_me_co_t1.jpg,coronal,1,1,True,1.0,0.0
EfficientNet-B0,D:\brain_tumor\🧠 Brain Tumor MRI Dataset\classification_task\test\meningioma\brisc2025_test_00410_me_co_t1.jpg,coronal,1,1,True,1.0,0.0
EfficientNet-B0,D:\brain_tumor\🧠 Brain Tumor MRI Dataset\classification_task\test\meningioma\brisc2025_test_00411_me_co_t1.jpg,coronal,1,1,True,1.0,0.0
EfficientNet-B0,D:\brain_tumor\🧠 Brain Tumor MRI Dataset\classification_task\test\meningioma\brisc2025_test_00412_me_co_t1.jpg,coronal,1,1,True,1.0,5.8322609999999994e-08
EfficientNet-B0,D:\brain_tumor\🧠 Brain Tumor MRI Dataset\classification_task\test\meningioma\brisc2025_test_00413_me_co_t1.jpg,coronal,1,1,True,1.0,4.899999999999999e-13
EfficientNet-B0,D:\brain_tumor\🧠 Brain Tumor MRI Dataset\classification_task\test\meningioma\brisc2025_test_00414_me_co_t1.jpg,coronal,1,1,True,1.0,0.0
EfficientNet-B0,D:\brain_tumor\🧠 Brain Tumor MRI Dataset\classification_task\test\meningioma\brisc2025_test_00415_me_co_t1.jpg,coronal,1,1,True,1.0,9e-14
EfficientNet-B0,D:\brain_tumor\🧠 Brain Tumor MRI Dataset\classification_task\test\meningioma\brisc2025_test_00416_me_co_t1.jpg,coronal,1,1,True,1.0,9e-14
EfficientNet-B0,D:\brain_tumor\🧠 Brain Tumor MRI Dataset\classification_task\test\meningioma\brisc2025_test_00417_me_co_t1.jpg,coronal,1,1,True,1.0,0.0
EfficientNet-B0,D:\brain_tumor\🧠 Brain Tumor MRI Dataset\classification_task\test\meningioma\brisc2025_test_00418_me_co_t1.jpg,coronal,1,1,True,0.949,0.003928860954090004
EfficientNet-B0,D:\brain_tumor\🧠 Brain Tumor MRI Dataset\classification_task\test\meningioma\brisc2025_test_00419_me_co_t1.jpg,coronal,1,1,True,1.0,0.0
EfficientNet-B0,D:\brain_tumor\🧠 Brain Tumor MRI Dataset\classification_task\test\meningioma\brisc2025_test_00420_me_co_t1.jpg,coronal,1,1,True,1.0,0.0
EfficientNet-B0,D:\brain_tumor\🧠 Brain Tumor MRI Dataset\classification_task\test\meningioma\brisc2025_test_00421_me_co_t1.jpg,coronal,1,1,True,1.0,0.0
EfficientNet-B0,D:\brain_tumor\🧠 Brain Tumor MRI Dataset\classification_task\test\meningioma\brisc2025_test_00422_me_co_t1.jpg,coronal,1,1,True,1.0,0.0
EfficientNet-B0,D:\brain_tumor\🧠 Brain Tumor MRI Dataset\classification_task\test\meningioma\brisc2025_test_00423_me_co_t1.jpg,coronal,1,1,True,1.0,6.76e-12
EfficientNet-B0,D:\brain_tumor\🧠 Brain Tumor MRI Dataset\classification_task\test\meningioma\brisc2025_test_00424_me_co_t1.jpg,coronal,1,1,True,1.0,3.9999999999999994e-14
EfficientNet-B0,D:\brain_tumor\🧠 Brain Tumor MRI Dataset\classification_task\test\meningioma\brisc2025_test_00425_me_co_t1.jpg,coronal,1,1,True,1.0,3.599999999999999e-15
EfficientNet-B0,D:\brain_tumor\🧠 Brain Tumor MRI Dataset\classification_task\test\meningioma\brisc2025_test_00426_me_co_t1.jpg,coronal,1,2,False,0.758,1.14882484
EfficientNet-B0,D:\brain_tumor\🧠 Brain Tumor MRI Dataset\classification_task\test\meningioma\brisc2025_test_00427_me_co_t1.jpg,coronal,1,1,True,1.0,1.44721476e-08
EfficientNet-B0,D:\brain_tumor\🧠 Brain Tumor MRI Dataset\classification_task\test\meningioma\brisc2025_test_00428_me_co_t1.jpg,coronal,1,1,True,1.0,1.9599999999999997e-12
EfficientNet-B0,D:\brain_tumor\🧠 Brain Tumor MRI Dataset\classification_task\test\meningioma\brisc2025_test_00429_me_co_t1.jpg,coronal,1,1,True,1.0,0.0
EfficientNet-B0,D:\brain_tumor\🧠 Brain Tumor MRI Dataset\classification_task\test\meningioma\brisc2025_test_00430_me_co_t1.jpg,coronal,1,1,True,1.0,0.0
EfficientNet-B0,D:\brain_tumor\🧠 Brain Tumor MRI Dataset\classification_task\test\meningioma\brisc2025_test_00431_me_co_t1.jpg,coronal,1,1,True,1.0,0.0
EfficientNet-B0,D:\brain_tumor\🧠 Brain Tumor MRI Dataset\classification_task\test\meningioma\brisc2025_test_00432_me_co_t1.jpg,coronal,1,1,True,1.0,0.0
EfficientNet-B0,D:\brain_tumor\🧠 Brain Tumor MRI Dataset\classification_task\test\meningioma\brisc2025_test_00433_me_co_t1.jpg,coronal,1,1,True,1.0,1.4776336e-09
EfficientNet-B0,D:\brain_tumor\🧠 Brain Tumor MRI Dataset\classification_task\test\meningioma\brisc2025_test_00434_me_co_t1.jpg,coronal,1,1,True,1.0,1.766241e-08
EfficientNet-B0,D:\brain_tumor\🧠 Brain Tumor MRI Dataset\classification_task\test\meningioma\brisc2025_test_00435_me_co_t1.jpg,coronal,1,1,True,1.0,0.0
EfficientNet-B0,D:\brain_tumor\🧠 Brain Tumor MRI Dataset\classification_task\test\meningioma\brisc2025_test_00436_me_co_t1.jpg,coronal,1,1,True,1.0,1.3599999999999997e-14
EfficientNet-B0,D:\brain_tumor\🧠 Brain Tumor MRI Dataset\classification_task\test\meningioma\brisc2025_test_00437_me_co_t1.jpg,coronal,1,1,True,1.0,0.0
EfficientNet-B0,D:\brain_tumor\🧠 Brain Tumor MRI Dataset\classification_task\test\meningioma\brisc2025_test_00438_me_co_t1.jpg,coronal,1,1,True,1.0,0.0
EfficientNet-B0,D:\brain_tumor\🧠 Brain Tumor MRI Dataset\classification_task\test\meningioma\brisc2025_test_00439_me_co_t1.jpg,coronal,1,1,True,1.0,3.2399999999999995e-12
EfficientNet-B0,D:\brain_tumor\🧠 Brain Tumor MRI Dataset\classification_task\test\meningioma\brisc2025_test_00440_me_co_t1.jpg,coronal,1,1,True,1.0,2.9071610000000005e-10
EfficientNet-B0,D:\brain_tumor\🧠 Brain Tumor MRI Dataset\classification_task\test\meningioma\brisc2025_test_00441_me_co_t1.jpg,coronal,1,1,True,1.0,9.999999999999998e-15
EfficientNet-B0,D:\brain_tumor\🧠 Brain Tumor MRI Dataset\classification_task\test\meningioma\brisc2025_test_00442_me_co_t1.jpg,coronal,1,1,True,1.0,4.422293600000001e-09
EfficientNet-B0,D:\brain_tumor\🧠 Brain Tumor MRI Dataset\classification_task\test\meningioma\brisc2025_test_00443_me_co_t1.jpg,coronal,1,1,True,1.0,0.0
EfficientNet-B0,D:\brain_tumor\🧠 Brain Tumor MRI Dataset\classification_task\test\meningioma\brisc2025_test_00444_me_co_t1.jpg,coronal,1,1,True,0.9995,4.056027799999449e-07
EfficientNet-B0,D:\brain_tumor\🧠 Brain Tumor MRI Dataset\classification_task\test\meningioma\brisc2025_test_00445_me_co_t1.jpg,coronal,1,1,True,1.0,3.599999999999999e-15
EfficientNet-B0,D:\brain_tumor\🧠 Brain Tumor MRI Dataset\classification_task\test\meningioma\brisc2025_test_00446_me_co_t1.jpg,coronal,1,1,True,1.0,7.123923600000001e-09
EfficientNet-B0,D:\brain_tumor\🧠 Brain Tumor MRI Dataset\classification_task\test\meningioma\brisc2025_test_00447_me_co_t1.jpg,coronal,1,1,True,1.0,0.0
EfficientNet-B0,D:\brain_tumor\🧠 Brain Tumor MRI Dataset\classification_task\test\meningioma\brisc2025_test_00448_me_co_t1.jpg,coronal,1,1,True,1.0,0.0
EfficientNet-B0,D:\brain_tumor\🧠 Brain Tumor MRI Dataset\classification_task\test\meningioma\brisc2025_test_00449_me_co_t1.jpg,coronal,1,1,True,1.0,1.3599999999999997e-14
EfficientNet-B0,D:\brain_tumor\🧠 Brain Tumor MRI Dataset\classification_task\test\meningioma\brisc2025_test_00450_me_co_t1.jpg,coronal,1,1,True,1.0,0.0
EfficientNet-B0,D:\brain_tumor\🧠 Brain Tumor MRI Dataset\classification_task\test\meningioma\brisc2025_test_00451_me_co_t1.jpg,coronal,1,1,True,1.0,0.0
EfficientNet-B0,D:\brain_tumor\🧠 Brain Tumor MRI Dataset\classification_task\test\meningioma\brisc2025_test_00452_me_co_t1.jpg,coronal,1,1,True,1.0,3.599999999999999e-15
EfficientNet-B0,D:\brain_tumor\🧠 Brain Tumor MRI Dataset\classification_task\test\meningioma\brisc2025_test_00453_me_co_t1.jpg,coronal,1,1,True,1.0,9e-14
EfficientNet-B0,D:\brain_tumor\🧠 Brain Tumor MRI Dataset\classification_task\test\meningioma\brisc2025_test_00454_me_co_t1.jpg,coronal,1,1,True,1.0,7.57e-11
EfficientNet-B0,D:\brain_tumor\🧠 Brain Tumor MRI Dataset\classification_task\test\meningioma\brisc2025_test_00455_me_co_t1.jpg,coronal,1,1,True,1.0,0.0
EfficientNet-B0,D:\brain_tumor\🧠 Brain Tumor MRI Dataset\classification_task\test\meningioma\brisc2025_test_00456_me_co_t1.jpg,coronal,1,1,True,1.0,0.0
EfficientNet-B0,D:\brain_tumor\🧠 Brain Tumor MRI Dataset\classification_task\test\meningioma\brisc2025_test_00457_me_co_t1.jpg,coronal,1,1,True,1.0,0.0
EfficientNet-B0,D:\brain_tumor\🧠 Brain Tumor MRI Dataset\classification_task\test\meningioma\brisc2025_test_00458_me_co_t1.jpg,coronal,1,1,True,1.0,0.0
EfficientNet-B0,D:\brain_tumor\🧠 Brain Tumor MRI Dataset\classification_task\test\meningioma\brisc2025_test_00459_me_co_t1.jpg,coronal,1,1,True,0.9966,2.261607576999972e-05
EfficientNet-B0,D:\brain_tumor\🧠 Brain Tumor MRI Dataset\classification_task\test\meningioma\brisc2025_test_00460_me_co_t1.jpg,coronal,1,1,True,1.0,9.999999999999998e-15
EfficientNet-B0,D:\brain_tumor\🧠 Brain Tumor MRI Dataset\classification_task\test\meningioma\brisc2025_test_00461_me_co_t1.jpg,coronal,1,1,True,1.0,0.0
EfficientNet-B0,D:\brain_tumor\🧠 Brain Tumor MRI Dataset\classification_task\test\meningioma\brisc2025_test_00462_me_co_t1.jpg,coronal,1,1,True,1.0,0.0
EfficientNet-B0,D:\brain_tumor\🧠 Brain Tumor MRI Dataset\classification_task\test\meningioma\brisc2025_test_00463_me_co_t1.jpg,coronal,1,1,True,1.0,0.0
EfficientNet-B0,D:\brain_tumor\🧠 Brain Tumor MRI Dataset\classification_task\test\meningioma\brisc2025_test_00464_me_co_t1.jpg,coronal,1,1,True,1.0,0.0
EfficientNet-B0,D:\brain_tumor\🧠 Brain Tumor MRI Dataset\classification_task\test\meningioma\brisc2025_test_00465_me_co_t1.jpg,coronal,1,1,True,1.0,2.6802625e-09
EfficientNet-B0,D:\brain_tumor\🧠 Brain Tumor MRI Dataset\classification_task\test\meningioma\brisc2025_test_00466_me_co_t1.jpg,coronal,1,1,True,1.0,1.3579321e-09
EfficientNet-B0,D:\brain_tumor\🧠 Brain Tumor MRI Dataset\classification_task\test\meningioma\brisc2025_test_00467_me_co_t1.jpg,coronal,1,1,True,1.0,0.0
EfficientNet-B0,D:\brain_tumor\🧠 Brain Tumor MRI Dataset\classification_task\test\meningioma\brisc2025_test_00468_me_co_t1.jpg,coronal,1,1,True,1.0,0.0
EfficientNet-B0,D:\brain_tumor\🧠 Brain Tumor MRI Dataset\classification_task\test\meningioma\brisc2025_test_00469_me_co_t1.jpg,coronal,1,1,True,1.0,1.5999999999999997e-13
EfficientNet-B0,D:\brain_tumor\🧠 Brain Tumor MRI Dataset\classification_task\test\meningioma\brisc2025_test_00470_me_co_t1.jpg,coronal,1,1,True,1.0,0.0
EfficientNet-B0,D:\brain_tumor\🧠 Brain Tumor MRI Dataset\classification_task\test\meningioma\brisc2025_test_00471_me_co_t1.jpg,coronal,1,1,True,1.0,0.0
EfficientNet-B0,D:\brain_tumor\🧠 Brain Tumor MRI Dataset\classification_task\test\meningioma\brisc2025_test_00472_me_co_t1.jpg,coronal,1,1,True,1.0,7.199999999999999e-15
EfficientNet-B0,D:\brain_tumor\🧠 Brain Tumor MRI Dataset\classification_task\test\meningioma\brisc2025_test_00473_me_co_t1.jpg,coronal,1,1,True,1.0,1.5999999999999997e-13
EfficientNet-B0,D:\brain_tumor\🧠 Brain Tumor MRI Dataset\classification_task\test\meningioma\brisc2025_test_00474_me_co_t1.jpg,coronal,1,1,True,1.0,0.0
EfficientNet-B0,D:\brain_tumor\🧠 Brain Tumor MRI Dataset\classification_task\test\meningioma\brisc2025_test_00475_me_co_t1.jpg,coronal,1,1,True,1.0,0.0
EfficientNet-B0,D:\brain_tumor\🧠 Brain Tumor MRI Dataset\classification_task\test\meningioma\brisc2025_test_00476_me_co_t1.jpg,coronal,1,1,True,1.0,0.0
EfficientNet-B0,D:\brain_tumor\🧠 Brain Tumor MRI Dataset\classification_task\test\meningioma\brisc2025_test_00477_me_co_t1.jpg,coronal,1,1,True,1.0,0.0
EfficientNet-B0,D:\brain_tumor\🧠 Brain Tumor MRI Dataset\classification_task\test\meningioma\brisc2025_test_00478_me_sa_t1.jpg,sagittal,1,1,True,1.0,0.0
EfficientNet-B0,D:\brain_tumor\🧠 Brain Tumor MRI Dataset\classification_task\test\meningioma\brisc2025_test_00479_me_sa_t1.jpg,sagittal,1,1,True,1.0,0.0
EfficientNet-B0,D:\brain_tumor\🧠 Brain Tumor MRI Dataset\classification_task\test\meningioma\brisc2025_test_00480_me_sa_t1.jpg,sagittal,1,1,True,1.0,0.0
EfficientNet-B0,D:\brain_tumor\🧠 Brain Tumor MRI Dataset\classification_task\test\meningioma\brisc2025_test_00481_me_sa_t1.jpg,sagittal,1,1,True,1.0,0.0
EfficientNet-B0,D:\brain_tumor\🧠 Brain Tumor MRI Dataset\classification_task\test\meningioma\brisc2025_test_00482_me_sa_t1.jpg,sagittal,1,1,True,1.0,0.0
EfficientNet-B0,D:\brain_tumor\🧠 Brain Tumor MRI Dataset\classification_task\test\meningioma\brisc2025_test_00483_me_sa_t1.jpg,sagittal,1,1,True,1.0,0.0
EfficientNet-B0,D:\brain_tumor\🧠 Brain Tumor MRI Dataset\classification_task\test\meningioma\brisc2025_test_00484_me_sa_t1.jpg,sagittal,1,1,True,1.0,2.5e-13
EfficientNet-B0,D:\brain_tumor\🧠 Brain Tumor MRI Dataset\classification_task\test\meningioma\brisc2025_test_00485_me_sa_t1.jpg,sagittal,1,1,True,1.0,2.536e-13
EfficientNet-B0,D:\brain_tumor\🧠 Brain Tumor MRI Dataset\classification_task\test\meningioma\brisc2025_test_00486_me_sa_t1.jpg,sagittal,1,1,True,1.0,0.0
EfficientNet-B0,D:\brain_tumor\🧠 Brain Tumor MRI Dataset\classification_task\test\meningioma\brisc2025_test_00487_me_sa_t1.jpg,sagittal,1,1,True,1.0,0.0
EfficientNet-B0,D:\brain_tumor\🧠 Brain Tumor MRI Dataset\classification_task\test\meningioma\brisc2025_test_00488_me_sa_t1.jpg,sagittal,1,1,True,1.0,0.0
EfficientNet-B0,D:\brain_tumor\🧠 Brain Tumor MRI Dataset\classification_task\test\meningioma\brisc2025_test_00489_me_sa_t1.jpg,sagittal,1,1,True,1.0,0.0
EfficientNet-B0,D:\brain_tumor\🧠 Brain Tumor MRI Dataset\classification_task\test\meningioma\brisc2025_test_00490_me_sa_t1.jpg,sagittal,1,1,True,1.0,0.0
EfficientNet-B0,D:\brain_tumor\🧠 Brain Tumor MRI Dataset\classification_task\test\meningioma\brisc2025_test_00491_me_sa_t1.jpg,sagittal,1,1,True,1.0,0.0
EfficientNet-B0,D:\brain_tumor\🧠 Brain Tumor MRI Dataset\classification_task\test\meningioma\brisc2025_test_00492_me_sa_t1.jpg,sagittal,1,1,True,1.0,2.9160000000000004e-13
EfficientNet-B0,D:\brain_tumor\🧠 Brain Tumor MRI Dataset\classification_task\test\meningioma\brisc2025_test_00493_me_sa_t1.jpg,sagittal,1,1,True,1.0,0.0
EfficientNet-B0,D:\brain_tumor\🧠 Brain Tumor MRI Dataset\classification_task\test\meningioma\brisc2025_test_00494_me_sa_t1.jpg,sagittal,1,1,True,1.0,0.0
EfficientNet-B0,D:\brain_tumor\🧠 Brain Tumor MRI Dataset\classification_task\test\meningioma\brisc2025_test_00495_me_sa_t1.jpg,sagittal,1,1,True,1.0,2.0449000000000003e-12
EfficientNet-B0,D:\brain_tumor\🧠 Brain Tumor MRI Dataset\classification_task\test\meningioma\brisc2025_test_00496_me_sa_t1.jpg,sagittal,1,1,True,1.0,2.4535120000000003e-08
EfficientNet-B0,D:\brain_tumor\🧠 Brain Tumor MRI Dataset\classification_task\test\meningioma\brisc2025_test_00497_me_sa_t1.jpg,sagittal,1,1,True,1.0,0.0
EfficientNet-B0,D:\brain_tumor\🧠 Brain Tumor MRI Dataset\classification_task\test\meningioma\brisc2025_test_00498_me_sa_t1.jpg,sagittal,1,1,True,1.0,0.0
EfficientNet-B0,D:\brain_tumor\🧠 Brain Tumor MRI Dataset\classification_task\test\meningioma\brisc2025_test_00499_me_sa_t1.jpg,sagittal,1,1,True,1.0,0.0
EfficientNet-B0,D:\brain_tumor\🧠 Brain Tumor MRI Dataset\classification_task\test\meningioma\brisc2025_test_00500_me_sa_t1.jpg,sagittal,1,1,True,1.0,3.7e-13
EfficientNet-B0,D:\brain_tumor\🧠 Brain Tumor MRI Dataset\classification_task\test\meningioma\brisc2025_test_00501_me_sa_t1.jpg,sagittal,1,1,True,0.9995,5.131690035999449e-07
EfficientNet-B0,D:\brain_tumor\🧠 Brain Tumor MRI Dataset\classification_task\test\meningioma\brisc2025_test_00502_me_sa_t1.jpg,sagittal,1,1,True,1.0,5.759999999999999e-14
EfficientNet-B0,D:\brain_tumor\🧠 Brain Tumor MRI Dataset\classification_task\test\meningioma\brisc2025_test_00503_me_sa_t1.jpg,sagittal,1,1,True,1.0,0.0
EfficientNet-B0,D:\brain_tumor\🧠 Brain Tumor MRI Dataset\classification_task\test\meningioma\brisc2025_test_00504_me_sa_t1.jpg,sagittal,1,1,True,1.0,3.2489999999999996e-11
EfficientNet-B0,D:\brain_tumor\🧠 Brain Tumor MRI Dataset\classification_task\test\meningioma\brisc2025_test_00505_me_sa_t1.jpg,sagittal,1,1,True,1.0,0.0
EfficientNet-B0,D:\brain_tumor\🧠 Brain Tumor MRI Dataset\classification_task\test\meningioma\brisc2025_test_00506_me_sa_t1.jpg,sagittal,1,1,True,1.0,3.7403617600000006e-08
EfficientNet-B0,D:\brain_tumor\🧠 Brain Tumor MRI Dataset\classification_task\test\meningioma\brisc2025_test_00507_me_sa_t1.jpg,sagittal,1,1,True,1.0,3.9999999999999994e-14
EfficientNet-B0,D:\brain_tumor\🧠 Brain Tumor MRI Dataset\classification_task\test\meningioma\brisc2025_test_00508_me_sa_t1.jpg,sagittal,1,1,True,1.0,0.0
EfficientNet-B0,D:\brain_tumor\🧠 Brain Tumor MRI Dataset\classification_task\test\meningioma\brisc2025_test_00509_me_sa_t1.jpg,sagittal,1,1,True,1.0,4.8141199999999996e-11
EfficientNet-B0,D:\brain_tumor\🧠 Brain Tumor MRI Dataset\classification_task\test\meningioma\brisc2025_test_00510_me_sa_t1.jpg,sagittal,1,1,True,1.0,0.0
EfficientNet-B0,D:\brain_tumor\🧠 Brain Tumor MRI Dataset\classification_task\test\meningioma\brisc2025_test_00511_me_sa_t1.jpg,sagittal,1,1,True,1.0,9.999999999999998e-15
EfficientNet-B0,D:\brain_tumor\🧠 Brain Tumor MRI Dataset\classification_task\test\meningioma\brisc2025_test_00512_me_sa_t1.jpg,sagittal,1,1,True,1.0,3.599999999999999e-15
EfficientNet-B0,D:\brain_tumor\🧠 Brain Tumor MRI Dataset\classification_task\test\meningioma\brisc2025_test_00513_me_sa_t1.jpg,sagittal,1,1,True,1.0,1.3571956e-09
EfficientNet-B0,D:\brain_tumor\🧠 Brain Tumor MRI Dataset\classification_task\test\meningioma\brisc2025_test_00514_me_sa_t1.jpg,sagittal,1,1,True,1.0,0.0
EfficientNet-B0,D:\brain_tumor\🧠 Brain Tumor MRI Dataset\classification_task\test\meningioma\brisc2025_test_00515_me_sa_t1.jpg,sagittal,1,1,True,1.0,0.0
EfficientNet-B0,D:\brain_tumor\🧠 Brain Tumor MRI Dataset\classification_task\test\meningioma\brisc2025_test_00516_me_sa_t1.jpg,sagittal,1,1,True,1.0,3.599999999999999e-15
EfficientNet-B0,D:\brain_tumor\🧠 Brain Tumor MRI Dataset\classification_task\test\meningioma\brisc2025_test_00517_me_sa_t1.jpg,sagittal,1,1,True,0.986,0.0003952050200250004
EfficientNet-B0,D:\brain_tumor\🧠 Brain Tumor MRI Dataset\classification_task\test\meningioma\brisc2025_test_00518_me_sa_t1.jpg,sagittal,1,1,True,1.0,0.0
EfficientNet-B0,D:\brain_tumor\🧠 Brain Tumor MRI Dataset\classification_task\test\meningioma\brisc2025_test_00519_me_sa_t1.jpg,sagittal,1,1,True,1.0,3.599999999999999e-15
EfficientNet-B0,D:\brain_tumor\🧠 Brain Tumor MRI Dataset\classification_task\test\meningioma\brisc2025_test_00520_me_sa_t1.jpg,sagittal,1,1,True,1.0,0.0
EfficientNet-B0,D:\brain_tumor\🧠 Brain Tumor MRI Dataset\classification_task\test\meningioma\brisc2025_test_00521_me_sa_t1.jpg,sagittal,1,1,True,0.9995,3.049351224999449e-07
EfficientNet-B0,D:\brain_tumor\🧠 Brain Tumor MRI Dataset\classification_task\test\meningioma\brisc2025_test_00522_me_sa_t1.jpg,sagittal,1,1,True,1.0,1.34405749e-08
EfficientNet-B0,D:\brain_tumor\🧠 Brain Tumor MRI Dataset\classification_task\test\meningioma\brisc2025_test_00523_me_sa_t1.jpg,sagittal,1,1,True,1.0,1.7850500000000002e-09
EfficientNet-B0,D:\brain_tumor\🧠 Brain Tumor MRI Dataset\classification_task\test\meningioma\brisc2025_test_00524_me_sa_t1.jpg,sagittal,1,1,True,0.976,0.0011453015131125009
EfficientNet-B0,D:\brain_tumor\🧠 Brain Tumor MRI Dataset\classification_task\test\meningioma\brisc2025_test_00525_me_sa_t1.jpg,sagittal,1,1,True,1.0,3.599999999999999e-15
EfficientNet-B0,D:\brain_tumor\🧠 Brain Tumor MRI Dataset\classification_task\test\meningioma\brisc2025_test_00526_me_sa_t1.jpg,sagittal,1,1,True,0.9277,0.010469050108784905
EfficientNet-B0,D:\brain_tumor\🧠 Brain Tumor MRI Dataset\classification_task\test\meningioma\brisc2025_test_00527_me_sa_t1.jpg,sagittal,1,1,True,1.0,1.1631052000000003e-09
EfficientNet-B0,D:\brain_tumor\🧠 Brain Tumor MRI Dataset\classification_task\test\meningioma\brisc2025_test_00528_me_sa_t1.jpg,sagittal,1,1,True,0.995,5.020040000360004e-05
EfficientNet-B0,D:\brain_tumor\🧠 Brain Tumor MRI Dataset\classification_task\test\meningioma\brisc2025_test_00529_me_sa_t1.jpg,sagittal,1,1,True,1.0,0.0
EfficientNet-B0,D:\brain_tumor\🧠 Brain Tumor MRI Dataset\classification_task\test\meningioma\brisc2025_test_00530_me_sa_t1.jpg,sagittal,1,1,True,1.0,9.859872500000001e-09
EfficientNet-B0,D:\brain_tumor\🧠 Brain Tumor MRI Dataset\classification_task\test\meningioma\brisc2025_test_00531_me_sa_t1.jpg,sagittal,1,1,True,1.0,2.536e-13
EfficientNet-B0,D:\brain_tumor\🧠 Brain Tumor MRI Dataset\classification_task\test\meningioma\brisc2025_test_00532_me_sa_t1.jpg,sagittal,1,1,True,1.0,0.0
EfficientNet-B0,D:\brain_tumor\🧠 Brain Tumor MRI Dataset\classification_task\test\meningioma\brisc2025_test_00533_me_sa_t1.jpg,sagittal,1,1,True,1.0,0.0
EfficientNet-B0,D:\brain_tumor\🧠 Brain Tumor MRI Dataset\classification_task\test\meningioma\brisc2025_test_00534_me_sa_t1.jpg,sagittal,1,1,True,1.0,3.599999999999999e-15
EfficientNet-B0,D:\brain_tumor\🧠 Brain Tumor MRI Dataset\classification_task\test\meningioma\brisc2025_test_00535_me_sa_t1.jpg,sagittal,1,1,True,1.0,0.0
EfficientNet-B0,D:\brain_tumor\🧠 Brain Tumor MRI Dataset\classification_task\test\meningioma\brisc2025_test_00536_me_sa_t1.jpg,sagittal,1,1,True,1.0,0.0
EfficientNet-B0,D:\brain_tumor\🧠 Brain Tumor MRI Dataset\classification_task\test\meningioma\brisc2025_test_00537_me_sa_t1.jpg,sagittal,1,1,True,1.0,9.999999999999998e-15
EfficientNet-B0,D:\brain_tumor\🧠 Brain Tumor MRI Dataset\classification_task\test\meningioma\brisc2025_test_00538_me_sa_t1.jpg,sagittal,1,0,False,0.8706,1.5162370300190602
EfficientNet-B0,D:\brain_tumor\🧠 Brain Tumor MRI Dataset\classification_task\test\meningioma\brisc2025_test_00539_me_sa_t1.jpg,sagittal,1,1,True,0.9995,3.544403624999449e-07
EfficientNet-B0,D:\brain_tumor\🧠 Brain Tumor MRI Dataset\classification_task\test\meningioma\brisc2025_test_00540_me_sa_t1.jpg,sagittal,1,1,True,1.0,0.0
EfficientNet-B0,D:\brain_tumor\🧠 Brain Tumor MRI Dataset\classification_task\test\meningioma\brisc2025_test_00541_me_sa_t1.jpg,sagittal,1,1,True,1.0,5.759999999999999e-14
EfficientNet-B0,D:\brain_tumor\🧠 Brain Tumor MRI Dataset\classification_task\test\meningioma\brisc2025_test_00542_me_sa_t1.jpg,sagittal,1,1,True,1.0,1.1165600000000002e-11
EfficientNet-B0,D:\brain_tumor\🧠 Brain Tumor MRI Dataset\classification_task\test\meningioma\brisc2025_test_00543_me_sa_t1.jpg,sagittal,1,1,True,0.981,0.0007212404000036007
EfficientNet-B0,D:\brain_tumor\🧠 Brain Tumor MRI Dataset\classification_task\test\meningioma\brisc2025_test_00544_me_sa_t1.jpg,sagittal,1,1,True,1.0,7.69129e-09
EfficientNet-B0,D:\brain_tumor\🧠 Brain Tumor MRI Dataset\classification_task\test\meningioma\brisc2025_test_00545_me_sa_t1.jpg,sagittal,1,1,True,1.0,0.0
EfficientNet-B0,D:\brain_tumor\🧠 Brain Tumor MRI Dataset\classification_task\test\meningioma\brisc2025_test_00546_me_sa_t1.jpg,sagittal,1,1,True,1.0,0.0
EfficientNet-B0,D:\brain_tumor\🧠 Brain Tumor MRI Dataset\classification_task\test\meningioma\brisc2025_test_00547_me_sa_t1.jpg,sagittal,1,1,True,1.0,3.9999999999999994e-14
EfficientNet-B0,D:\brain_tumor\🧠 Brain Tumor MRI Dataset\classification_task\test\meningioma\brisc2025_test_00548_me_sa_t1.jpg,sagittal,1,1,True,1.0,0.0
EfficientNet-B0,D:\brain_tumor\🧠 Brain Tumor MRI Dataset\classification_task\test\meningioma\brisc2025_test_00549_me_sa_t1.jpg,sagittal,1,1,True,0.9995,3.6696400359994493e-07
EfficientNet-B0,D:\brain_tumor\🧠 Brain Tumor MRI Dataset\classification_task\test\meningioma\brisc2025_test_00550_me_sa_t1.jpg,sagittal,1,1,True,1.0,0.0
EfficientNet-B0,D:\brain_tumor\🧠 Brain Tumor MRI Dataset\classification_task\test\meningioma\brisc2025_test_00551_me_sa_t1.jpg,sagittal,1,1,True,1.0,6.399999999999999e-13
EfficientNet-B0,D:\brain_tumor\🧠 Brain Tumor MRI Dataset\classification_task\test\meningioma\brisc2025_test_00552_me_sa_t1.jpg,sagittal,1,1,True,1.0,1.1602e-10
EfficientNet-B0,D:\brain_tumor\🧠 Brain Tumor MRI Dataset\classification_task\test\meningioma\brisc2025_test_00553_me_sa_t1.jpg,sagittal,1,1,True,1.0,2.89e-12
EfficientNet-B0,D:\brain_tumor\🧠 Brain Tumor MRI Dataset\classification_task\test\meningioma\brisc2025_test_00554_me_sa_t1.jpg,sagittal,1,1,True,0.9985,3.775247089999837e-06
EfficientNet-B0,D:\brain_tumor\🧠 Brain Tumor MRI Dataset\classification_task\test\meningioma\brisc2025_test_00555_me_sa_t1.jpg,sagittal,1,1,True,1.0,2.9812e-10
EfficientNet-B0,D:\brain_tumor\🧠 Brain Tumor MRI Dataset\classification_task\test\meningioma\brisc2025_test_00556_me_sa_t1.jpg,sagittal,1,1,True,1.0,0.0
EfficientNet-B0,D:\brain_tumor\🧠 Brain Tumor MRI Dataset\classification_task\test\meningioma\brisc2025_test_00557_me_sa_t1.jpg,sagittal,1,1,True,1.0,0.0
EfficientNet-B0,D:\brain_tumor\🧠 Brain Tumor MRI Dataset\classification_task\test\meningioma\brisc2025_test_00558_me_sa_t1.jpg,sagittal,1,1,True,1.0,3.549456e-10
EfficientNet-B0,D:\brain_tumor\🧠 Brain Tumor MRI Dataset\classification_task\test\meningioma\brisc2025_test_00559_me_sa_t1.jpg,sagittal,1,1,True,1.0,3.9999999999999994e-14
EfficientNet-B0,D:\brain_tumor\🧠 Brain Tumor MRI Dataset\classification_task\test\meningioma\brisc2025_test_00560_me_sa_t1.jpg,sagittal,1,1,True,1.0,0.0
EfficientNet-B0,D:\brain_tumor\🧠 Brain Tumor MRI Dataset\classification_task\test\no_tumor\brisc2025_test_00561_no_ax_t1.jpg,axial,3,3,True,1.0,0.0
EfficientNet-B0,D:\brain_tumor\🧠 Brain Tumor MRI Dataset\classification_task\test\no_tumor\brisc2025_test_00562_no_ax_t1.jpg,axial,3,3,True,1.0,2.9520000000000004e-13
EfficientNet-B0,D:\brain_tumor\🧠 Brain Tumor MRI Dataset\classification_task\test\no_tumor\brisc2025_test_00563_no_ax_t1.jpg,axial,3,3,True,1.0,2.8236959999999995e-10
EfficientNet-B0,D:\brain_tumor\🧠 Brain Tumor MRI Dataset\classification_task\test\no_tumor\brisc2025_test_00564_no_ax_t1.jpg,axial,3,3,True,1.0,0.0
EfficientNet-B0,D:\brain_tumor\🧠 Brain Tumor MRI Dataset\classification_task\test\no_tumor\brisc2025_test_00565_no_ax_t1.jpg,axial,3,3,True,1.0,0.0
EfficientNet-B0,D:\brain_tumor\🧠 Brain Tumor MRI Dataset\classification_task\test\no_tumor\brisc2025_test_00566_no_ax_t1.jpg,axial,3,3,True,1.0,0.0
EfficientNet-B0,D:\brain_tumor\🧠 Brain Tumor MRI Dataset\classification_task\test\no_tumor\brisc2025_test_00567_no_ax_t1.jpg,axial,3,3,True,1.0,3.599999999999999e-15
EfficientNet-B0,D:\brain_tumor\🧠 Brain Tumor MRI Dataset\classification_task\test\no_tumor\brisc2025_test_00568_no_ax_t1.jpg,axial,3,3,True,1.0,1.4539610000000001e-08
EfficientNet-B0,D:\brain_tumor\🧠 Brain Tumor MRI Dataset\classification_task\test\no_tumor\brisc2025_test_00569_no_ax_t1.jpg,axial,3,3,True,1.0,6.759999999999998e-14
EfficientNet-B0,D:\brain_tumor\🧠 Brain Tumor MRI Dataset\classification_task\test\no_tumor\brisc2025_test_00570_no_ax_t1.jpg,axial,3,3,True,1.0,3.599999999999999e-15
EfficientNet-B0,D:\brain_tumor\🧠 Brain Tumor MRI Dataset\classification_task\test\no_tumor\brisc2025_test_00571_no_ax_t1.jpg,axial,3,3,True,1.0,3.599999999999999e-15
EfficientNet-B0,D:\brain_tumor\🧠 Brain Tumor MRI Dataset\classification_task\test\no_tumor\brisc2025_test_00572_no_ax_t1.jpg,axial,3,3,True,0.999,1.6068410000000018e-06
EfficientNet-B0,D:\brain_tumor\🧠 Brain Tumor MRI Dataset\classification_task\test\no_tumor\brisc2025_test_00573_no_ax_t1.jpg,axial,3,3,True,1.0,0.0
EfficientNet-B0,D:\brain_tumor\🧠 Brain Tumor MRI Dataset\classification_task\test\no_tumor\brisc2025_test_00574_no_ax_t1.jpg,axial,3,3,True,1.0,0.0
EfficientNet-B0,D:\brain_tumor\🧠 Brain Tumor MRI Dataset\classification_task\test\no_tumor\brisc2025_test_00575_no_ax_t1.jpg,axial,3,3,True,1.0,0.0
EfficientNet-B0,D:\brain_tumor\🧠 Brain Tumor MRI Dataset\classification_task\test\no_tumor\brisc2025_test_00576_no_ax_t1.jpg,axial,3,3,True,1.0,0.0
EfficientNet-B0,D:\brain_tumor\🧠 Brain Tumor MRI Dataset\classification_task\test\no_tumor\brisc2025_test_00577_no_ax_t1.jpg,axial,3,3,True,1.0,0.0
EfficientNet-B0,D:\brain_tumor\🧠 Brain Tumor MRI Dataset\classification_task\test\no_tumor\brisc2025_test_00578_no_ax_t1.jpg,axial,3,3,True,1.0,0.0
EfficientNet-B0,D:\brain_tumor\🧠 Brain Tumor MRI Dataset\classification_task\test\no_tumor\brisc2025_test_00579_no_ax_t1.jpg,axial,3,3,True,1.0,0.0
EfficientNet-B0,D:\brain_tumor\🧠 Brain Tumor MRI Dataset\classification_task\test\no_tumor\brisc2025_test_00580_no_ax_t1.jpg,axial,3,3,True,1.0,0.0
EfficientNet-B0,D:\brain_tumor\🧠 Brain Tumor MRI Dataset\classification_task\test\no_tumor\brisc2025_test_00581_no_ax_t1.jpg,axial,3,3,True,1.0,3.9999999999999994e-14
EfficientNet-B0,D:\brain_tumor\🧠 Brain Tumor MRI Dataset\classification_task\test\no_tumor\brisc2025_test_00582_no_ax_t1.jpg,axial,3,3,True,1.0,0.0
EfficientNet-B0,D:\brain_tumor\🧠 Brain Tumor MRI Dataset\classification_task\test\no_tumor\brisc2025_test_00583_no_ax_t1.jpg,axial,3,3,True,1.0,0.0
EfficientNet-B0,D:\brain_tumor\🧠 Brain Tumor MRI Dataset\classification_task\test\no_tumor\brisc2025_test_00584_no_ax_t1.jpg,axial,3,3,True,1.0,1.7606416e-09
EfficientNet-B0,D:\brain_tumor\🧠 Brain Tumor MRI Dataset\classification_task\test\no_tumor\brisc2025_test_00585_no_ax_t1.jpg,axial,3,3,True,1.0,0.0
EfficientNet-B0,D:\brain_tumor\🧠 Brain Tumor MRI Dataset\classification_task\test\no_tumor\brisc2025_test_00586_no_ax_t1.jpg,axial,3,3,True,1.0,0.0
EfficientNet-B0,D:\brain_tumor\🧠 Brain Tumor MRI Dataset\classification_task\test\no_tumor\brisc2025_test_00587_no_ax_t1.jpg,axial,3,3,True,1.0,0.0
EfficientNet-B0,D:\brain_tumor\🧠 Brain Tumor MRI Dataset\classification_task\test\no_tumor\brisc2025_test_00588_no_ax_t1.jpg,axial,3,3,True,1.0,0.0
EfficientNet-B0,D:\brain_tumor\🧠 Brain Tumor MRI Dataset\classification_task\test\no_tumor\brisc2025_test_00589_no_ax_t1.jpg,axial,3,3,True,1.0,0.0
EfficientNet-B0,D:\brain_tumor\🧠 Brain Tumor MRI Dataset\classification_task\test\no_tumor\brisc2025_test_00590_no_ax_t1.jpg,axial,3,3,True,1.0,3.9999999999999994e-14
EfficientNet-B0,D:\brain_tumor\🧠 Brain Tumor MRI Dataset\classification_task\test\no_tumor\brisc2025_test_00591_no_ax_t1.jpg,axial,3,3,True,1.0,9e-14
EfficientNet-B0,D:\brain_tumor\🧠 Brain Tumor MRI Dataset\classification_task\test\no_tumor\brisc2025_test_00592_no_ax_t1.jpg,axial,3,3,True,1.0,9.999999999999998e-15
EfficientNet-B0,D:\brain_tumor\🧠 Brain Tumor MRI Dataset\classification_task\test\no_tumor\brisc2025_test_00593_no_ax_t1.jpg,axial,3,3,True,0.9995,3.898759999999449e-07
EfficientNet-B0,D:\brain_tumor\🧠 Brain Tumor MRI Dataset\classification_task\test\no_tumor\brisc2025_test_00594_no_ax_t1.jpg,axial,3,3,True,1.0,9.025e-13
EfficientNet-B0,D:\brain_tumor\🧠 Brain Tumor MRI Dataset\classification_task\test\no_tumor\brisc2025_test_00595_no_ax_t1.jpg,axial,3,3,True,1.0,3.4257609e-09
EfficientNet-B0,D:\brain_tumor\🧠 Brain Tumor MRI Dataset\classification_task\test\no_tumor\brisc2025_test_00596_no_ax_t1.jpg,axial,3,3,True,1.0,0.0
EfficientNet-B0,D:\brain_tumor\🧠 Brain Tumor MRI Dataset\classification_task\test\no_tumor\brisc2025_test_00597_no_ax_t1.jpg,axial,3,3,True,0.99,0.00019564840000000017
EfficientNet-B0,D:\brain_tumor\🧠 Brain Tumor MRI Dataset\classification_task\test\no_tumor\brisc2025_test_00598_no_ax_t1.jpg,axial,3,3,True,1.0,0.0
EfficientNet-B0,D:\brain_tumor\🧠 Brain Tumor MRI Dataset\classification_task\test\no_tumor\brisc2025_test_00599_no_ax_t1.jpg,axial,3,3,True,1.0,2.3104e-10
EfficientNet-B0,D:\brain_tumor\🧠 Brain Tumor MRI Dataset\classification_task\test\no_tumor\brisc2025_test_00600_no_ax_t1.jpg,axial,3,3,True,1.0,0.0
EfficientNet-B0,D:\brain_tumor\🧠 Brain Tumor MRI Dataset\classification_task\test\no_tumor\brisc2025_test_00601_no_ax_t1.jpg,axial,3,3,True,1.0,7.157160000000001e-11
EfficientNet-B0,D:\brain_tumor\🧠 Brain Tumor MRI Dataset\classification_task\test\no_tumor\brisc2025_test_00602_no_ax_t1.jpg,axial,3,3,True,1.0,6.0590656e-09
EfficientNet-B0,D:\brain_tumor\🧠 Brain Tumor MRI Dataset\classification_task\test\no_tumor\brisc2025_test_00603_no_ax_t1.jpg,axial,3,3,True,1.0,0.0
EfficientNet-B0,D:\brain_tumor\🧠 Brain Tumor MRI Dataset\classification_task\test\no_tumor\brisc2025_test_00604_no_ax_t1.jpg,axial,3,3,True,1.0,0.0
EfficientNet-B0,D:\brain_tumor\🧠 Brain Tumor MRI Dataset\classification_task\test\no_tumor\brisc2025_test_00605_no_ax_t1.jpg,axial,3,3,True,1.0,0.0
EfficientNet-B0,D:\brain_tumor\🧠 Brain Tumor MRI Dataset\classification_task\test\no_tumor\brisc2025_test_00606_no_ax_t1.jpg,axial,3,3,True,0.9995,4.889254435999449e-07
EfficientNet-B0,D:\brain_tumor\🧠 Brain Tumor MRI Dataset\classification_task\test\no_tumor\brisc2025_test_00607_no_ax_t1.jpg,axial,3,3,True,0.9844,0.00048144489999999834
EfficientNet-B0,D:\brain_tumor\🧠 Brain Tumor MRI Dataset\classification_task\test\no_tumor\brisc2025_test_00608_no_ax_t1.jpg,axial,3,3,True,1.0,0.0
EfficientNet-B0,D:\brain_tumor\🧠 Brain Tumor MRI Dataset\classification_task\test\no_tumor\brisc2025_test_00609_no_ax_t1.jpg,axial,3,3,True,1.0,9.025e-13
EfficientNet-B0,D:\brain_tumor\🧠 Brain Tumor MRI Dataset\classification_task\test\no_tumor\brisc2025_test_00610_no_ax_t1.jpg,axial,3,3,True,1.0,0.0
EfficientNet-B0,D:\brain_tumor\🧠 Brain Tumor MRI Dataset\classification_task\test\no_tumor\brisc2025_test_00611_no_ax_t1.jpg,axial,3,3,True,1.0,3.20356e-11
EfficientNet-B0,D:\brain_tumor\🧠 Brain Tumor MRI Dataset\classification_task\test\no_tumor\brisc2025_test_00612_no_ax_t1.jpg,axial,3,3,True,1.0,2.1163600000000002e-11
EfficientNet-B0,D:\brain_tumor\🧠 Brain Tumor MRI Dataset\classification_task\test\no_tumor\brisc2025_test_00613_no_co_t1.jpg,coronal,3,3,True,1.0,0.0
EfficientNet-B0,D:\brain_tumor\🧠 Brain Tumor MRI Dataset\classification_task\test\no_tumor\brisc2025_test_00614_no_co_t1.jpg,coronal,3,3,True,1.0,0.0
EfficientNet-B0,D:\brain_tumor\🧠 Brain Tumor MRI Dataset\classification_task\test\no_tumor\brisc2025_test_00615_no_co_t1.jpg,coronal,3,3,True,1.0,0.0
EfficientNet-B0,D:\brain_tumor\🧠 Brain Tumor MRI Dataset\classification_task\test\no_tumor\brisc2025_test_00616_no_co_t1.jpg,coronal,3,3,True,1.0,3.9999999999999994e-14
EfficientNet-B0,D:\brain_tumor\🧠 Brain Tumor MRI Dataset\classification_task\test\no_tumor\brisc2025_test_00617_no_co_t1.jpg,coronal,3,3,True,1.0,0.0
EfficientNet-B0,D:\brain_tumor\🧠 Brain Tumor MRI Dataset\classification_task\test\no_tumor\brisc2025_test_00618_no_co_t1.jpg,coronal,3,3,True,1.0,0.0
EfficientNet-B0,D:\brain_tumor\🧠 Brain Tumor MRI Dataset\classification_task\test\no_tumor\brisc2025_test_00619_no_co_t1.jpg,coronal,3,3,True,1.0,9.999999999999998e-15
EfficientNet-B0,D:\brain_tumor\🧠 Brain Tumor MRI Dataset\classification_task\test\no_tumor\brisc2025_test_00620_no_co_t1.jpg,coronal,3,3,True,1.0,0.0
EfficientNet-B0,D:\brain_tumor\🧠 Brain Tumor MRI Dataset\classification_task\test\no_tumor\brisc2025_test_00621_no_co_t1.jpg,coronal,3,3,True,1.0,0.0
EfficientNet-B0,D:\brain_tumor\🧠 Brain Tumor MRI Dataset\classification_task\test\no_tumor\brisc2025_test_00622_no_co_t1.jpg,coronal,3,3,True,1.0,0.0
EfficientNet-B0,D:\brain_tumor\🧠 Brain Tumor MRI Dataset\classification_task\test\no_tumor\brisc2025_test_00623_no_co_t1.jpg,coronal,3,3,True,1.0,0.0
EfficientNet-B0,D:\brain_tumor\🧠 Brain Tumor MRI Dataset\classification_task\test\no_tumor\brisc2025_test_00624_no_co_t1.jpg,coronal,3,3,True,1.0,9.999999999999998e-15
EfficientNet-B0,D:\brain_tumor\🧠 Brain Tumor MRI Dataset\classification_task\test\no_tumor\brisc2025_test_00625_no_co_t1.jpg,coronal,3,3,True,1.0,0.0
EfficientNet-B0,D:\brain_tumor\🧠 Brain Tumor MRI Dataset\classification_task\test\no_tumor\brisc2025_test_00626_no_co_t1.jpg,coronal,3,3,True,1.0,0.0
EfficientNet-B0,D:\brain_tumor\🧠 Brain Tumor MRI Dataset\classification_task\test\no_tumor\brisc2025_test_00627_no_co_t1.jpg,coronal,3,3,True,1.0,0.0
EfficientNet-B0,D:\brain_tumor\🧠 Brain Tumor MRI Dataset\classification_task\test\no_tumor\brisc2025_test_00628_no_co_t1.jpg,coronal,3,3,True,1.0,0.0
EfficientNet-B0,D:\brain_tumor\🧠 Brain Tumor MRI Dataset\classification_task\test\no_tumor\brisc2025_test_00629_no_co_t1.jpg,coronal,3,3,True,1.0,0.0
EfficientNet-B0,D:\brain_tumor\🧠 Brain Tumor MRI Dataset\classification_task\test\no_tumor\brisc2025_test_00630_no_co_t1.jpg,coronal,3,3,True,1.0,0.0
EfficientNet-B0,D:\brain_tumor\🧠 Brain Tumor MRI Dataset\classification_task\test\no_tumor\brisc2025_test_00631_no_co_t1.jpg,coronal,3,3,True,1.0,3.599999999999999e-15
EfficientNet-B0,D:\brain_tumor\🧠 Brain Tumor MRI Dataset\classification_task\test\no_tumor\brisc2025_test_00632_no_co_t1.jpg,coronal,3,3,True,1.0,0.0
EfficientNet-B0,D:\brain_tumor\🧠 Brain Tumor MRI Dataset\classification_task\test\no_tumor\brisc2025_test_00633_no_co_t1.jpg,coronal,3,3,True,1.0,0.0
EfficientNet-B0,D:\brain_tumor\🧠 Brain Tumor MRI Dataset\classification_task\test\no_tumor\brisc2025_test_00634_no_co_t1.jpg,coronal,3,3,True,1.0,0.0
EfficientNet-B0,D:\brain_tumor\🧠 Brain Tumor MRI Dataset\classification_task\test\no_tumor\brisc2025_test_00635_no_co_t1.jpg,coronal,3,3,True,1.0,0.0
EfficientNet-B0,D:\brain_tumor\🧠 Brain Tumor MRI Dataset\classification_task\test\no_tumor\brisc2025_test_00636_no_co_t1.jpg,coronal,3,3,True,1.0,0.0
EfficientNet-B0,D:\brain_tumor\🧠 Brain Tumor MRI Dataset\classification_task\test\no_tumor\brisc2025_test_00637_no_co_t1.jpg,coronal,3,3,True,1.0,0.0
EfficientNet-B0,D:\brain_tumor\🧠 Brain Tumor MRI Dataset\classification_task\test\no_tumor\brisc2025_test_00638_no_co_t1.jpg,coronal,3,3,True,1.0,0.0
EfficientNet-B0,D:\brain_tumor\🧠 Brain Tumor MRI Dataset\classification_task\test\no_tumor\brisc2025_test_00639_no_co_t1.jpg,coronal,3,3,True,1.0,0.0
EfficientNet-B0,D:\brain_tumor\🧠 Brain Tumor MRI Dataset\classification_task\test\no_tumor\brisc2025_test_00640_no_co_t1.jpg,coronal,3,3,True,1.0,0.0
EfficientNet-B0,D:\brain_tumor\🧠 Brain Tumor MRI Dataset\classification_task\test\no_tumor\brisc2025_test_00641_no_co_t1.jpg,coronal,3,3,True,1.0,0.0
EfficientNet-B0,D:\brain_tumor\🧠 Brain Tumor MRI Dataset\classification_task\test\no_tumor\brisc2025_test_00642_no_co_t1.jpg,coronal,3,3,True,1.0,0.0
EfficientNet-B0,D:\brain_tumor\🧠 Brain Tumor MRI Dataset\classification_task\test\no_tumor\brisc2025_test_00643_no_co_t1.jpg,coronal,3,3,True,1.0,0.0
EfficientNet-B0,D:\brain_tumor\🧠 Brain Tumor MRI Dataset\classification_task\test\no_tumor\brisc2025_test_00644_no_co_t1.jpg,coronal,3,3,True,1.0,0.0
EfficientNet-B0,D:\brain_tumor\🧠 Brain Tumor MRI Dataset\classification_task\test\no_tumor\brisc2025_test_00645_no_co_t1.jpg,coronal,3,3,True,1.0,0.0
EfficientNet-B0,D:\brain_tumor\🧠 Brain Tumor MRI Dataset\classification_task\test\no_tumor\brisc2025_test_00646_no_co_t1.jpg,coronal,3,3,True,1.0,0.0
EfficientNet-B0,D:\brain_tumor\🧠 Brain Tumor MRI Dataset\classification_task\test\no_tumor\brisc2025_test_00647_no_co_t1.jpg,coronal,3,3,True,1.0,0.0
EfficientNet-B0,D:\brain_tumor\🧠 Brain Tumor MRI Dataset\classification_task\test\no_tumor\brisc2025_test_00648_no_co_t1.jpg,coronal,3,3,True,1.0,0.0
EfficientNet-B0,D:\brain_tumor\🧠 Brain Tumor MRI Dataset\classification_task\test\no_tumor\brisc2025_test_00649_no_co_t1.jpg,coronal,3,3,True,1.0,0.0
EfficientNet-B0,D:\brain_tumor\🧠 Brain Tumor MRI Dataset\classification_task\test\no_tumor\brisc2025_test_00650_no_co_t1.jpg,coronal,3,3,True,1.0,0.0
EfficientNet-B0,D:\brain_tumor\🧠 Brain Tumor MRI Dataset\classification_task\test\no_tumor\brisc2025_test_00651_no_co_t1.jpg,coronal,3,3,True,1.0,0.0
EfficientNet-B0,D:\brain_tumor\🧠 Brain Tumor MRI Dataset\classification_task\test\no_tumor\brisc2025_test_00652_no_co_t1.jpg,coronal,3,3,True,1.0,3.599999999999999e-15
EfficientNet-B0,D:\brain_tumor\🧠 Brain Tumor MRI Dataset\classification_task\test\no_tumor\brisc2025_test_00653_no_co_t1.jpg,coronal,3,3,True,1.0,0.0
EfficientNet-B0,D:\brain_tumor\🧠 Brain Tumor MRI Dataset\classification_task\test\no_tumor\brisc2025_test_00654_no_co_t1.jpg,coronal,3,3,True,1.0,0.0
EfficientNet-B0,D:\brain_tumor\🧠 Brain Tumor MRI Dataset\classification_task\test\no_tumor\brisc2025_test_00655_no_co_t1.jpg,coronal,3,3,True,1.0,0.0
EfficientNet-B0,D:\brain_tumor\🧠 Brain Tumor MRI Dataset\classification_task\test\no_tumor\brisc2025_test_00656_no_co_t1.jpg,coronal,3,3,True,1.0,0.0
EfficientNet-B0,D:\brain_tumor\🧠 Brain Tumor MRI Dataset\classification_task\test\no_tumor\brisc2025_test_00657_no_co_t1.jpg,coronal,3,3,True,1.0,0.0
EfficientNet-B0,D:\brain_tumor\🧠 Brain Tumor MRI Dataset\classification_task\test\no_tumor\brisc2025_test_00658_no_co_t1.jpg,coronal,3,3,True,1.0,0.0
EfficientNet-B0,D:\brain_tumor\🧠 Brain Tumor MRI Dataset\classification_task\test\no_tumor\brisc2025_test_00659_no_co_t1.jpg,coronal,3,3,True,1.0,0.0
EfficientNet-B0,D:\brain_tumor\🧠 Brain Tumor MRI Dataset\classification_task\test\no_tumor\brisc2025_test_00660_no_co_t1.jpg,coronal,3,3,True,1.0,0.0
EfficientNet-B0,D:\brain_tumor\🧠 Brain Tumor MRI Dataset\classification_task\test\no_tumor\brisc2025_test_00661_no_sa_t1.jpg,sagittal,3,3,True,1.0,0.0
EfficientNet-B0,D:\brain_tumor\🧠 Brain Tumor MRI Dataset\classification_task\test\no_tumor\brisc2025_test_00662_no_sa_t1.jpg,sagittal,3,3,True,1.0,0.0
EfficientNet-B0,D:\brain_tumor\🧠 Brain Tumor MRI Dataset\classification_task\test\no_tumor\brisc2025_test_00663_no_sa_t1.jpg,sagittal,3,3,True,1.0,0.0
EfficientNet-B0,D:\brain_tumor\🧠 Brain Tumor MRI Dataset\classification_task\test\no_tumor\brisc2025_test_00664_no_sa_t1.jpg,sagittal,3,3,True,1.0,0.0
EfficientNet-B0,D:\brain_tumor\🧠 Brain Tumor MRI Dataset\classification_task\test\no_tumor\brisc2025_test_00665_no_sa_t1.jpg,sagittal,3,3,True,1.0,0.0
EfficientNet-B0,D:\brain_tumor\🧠 Brain Tumor MRI Dataset\classification_task\test\no_tumor\brisc2025_test_00666_no_sa_t1.jpg,sagittal,3,3,True,1.0,0.0
EfficientNet-B0,D:\brain_tumor\🧠 Brain Tumor MRI Dataset\classification_task\test\no_tumor\brisc2025_test_00667_no_sa_t1.jpg,sagittal,3,3,True,1.0,0.0
EfficientNet-B0,D:\brain_tumor\🧠 Brain Tumor MRI Dataset\classification_task\test\no_tumor\brisc2025_test_00668_no_sa_t1.jpg,sagittal,3,3,True,1.0,0.0
EfficientNet-B0,D:\brain_tumor\🧠 Brain Tumor MRI Dataset\classification_task\test\no_tumor\brisc2025_test_00669_no_sa_t1.jpg,sagittal,3,3,True,1.0,0.0
EfficientNet-B0,D:\brain_tumor\🧠 Brain Tumor MRI Dataset\classification_task\test\no_tumor\brisc2025_test_00670_no_sa_t1.jpg,sagittal,3,3,True,1.0,0.0
EfficientNet-B0,D:\brain_tumor\🧠 Brain Tumor MRI Dataset\classification_task\test\no_tumor\brisc2025_test_00671_no_sa_t1.jpg,sagittal,3,3,True,1.0,0.0
EfficientNet-B0,D:\brain_tumor\🧠 Brain Tumor MRI Dataset\classification_task\test\no_tumor\brisc2025_test_00672_no_sa_t1.jpg,sagittal,3,3,True,1.0,0.0
EfficientNet-B0,D:\brain_tumor\🧠 Brain Tumor MRI Dataset\classification_task\test\no_tumor\brisc2025_test_00673_no_sa_t1.jpg,sagittal,3,3,True,1.0,0.0
EfficientNet-B0,D:\brain_tumor\🧠 Brain Tumor MRI Dataset\classification_task\test\no_tumor\brisc2025_test_00674_no_sa_t1.jpg,sagittal,3,3,True,1.0,0.0
EfficientNet-B0,D:\brain_tumor\🧠 Brain Tumor MRI Dataset\classification_task\test\no_tumor\brisc2025_test_00675_no_sa_t1.jpg,sagittal,3,3,True,1.0,0.0
EfficientNet-B0,D:\brain_tumor\🧠 Brain Tumor MRI Dataset\classification_task\test\no_tumor\brisc2025_test_00676_no_sa_t1.jpg,sagittal,3,3,True,1.0,0.0
EfficientNet-B0,D:\brain_tumor\🧠 Brain Tumor MRI Dataset\classification_task\test\no_tumor\brisc2025_test_00677_no_sa_t1.jpg,sagittal,3,3,True,1.0,0.0
EfficientNet-B0,D:\brain_tumor\🧠 Brain Tumor MRI Dataset\classification_task\test\no_tumor\brisc2025_test_00678_no_sa_t1.jpg,sagittal,3,3,True,1.0,0.0
EfficientNet-B0,D:\brain_tumor\🧠 Brain Tumor MRI Dataset\classification_task\test\no_tumor\brisc2025_test_00679_no_sa_t1.jpg,sagittal,3,3,True,1.0,0.0
EfficientNet-B0,D:\brain_tumor\🧠 Brain Tumor MRI Dataset\classification_task\test\no_tumor\brisc2025_test_00680_no_sa_t1.jpg,sagittal,3,3,True,1.0,0.0
EfficientNet-B0,D:\brain_tumor\🧠 Brain Tumor MRI Dataset\classification_task\test\no_tumor\brisc2025_test_00681_no_sa_t1.jpg,sagittal,3,3,True,1.0,3.599999999999999e-15
EfficientNet-B0,D:\brain_tumor\🧠 Brain Tumor MRI Dataset\classification_task\test\no_tumor\brisc2025_test_00682_no_sa_t1.jpg,sagittal,3,3,True,1.0,0.0
EfficientNet-B0,D:\brain_tumor\🧠 Brain Tumor MRI Dataset\classification_task\test\no_tumor\brisc2025_test_00683_no_sa_t1.jpg,sagittal,3,3,True,1.0,0.0
EfficientNet-B0,D:\brain_tumor\🧠 Brain Tumor MRI Dataset\classification_task\test\no_tumor\brisc2025_test_00684_no_sa_t1.jpg,sagittal,3,3,True,1.0,0.0
EfficientNet-B0,D:\brain_tumor\🧠 Brain Tumor MRI Dataset\classification_task\test\no_tumor\brisc2025_test_00685_no_sa_t1.jpg,sagittal,3,3,True,1.0,0.0
EfficientNet-B0,D:\brain_tumor\🧠 Brain Tumor MRI Dataset\classification_task\test\no_tumor\brisc2025_test_00686_no_sa_t1.jpg,sagittal,3,3,True,1.0,0.0
EfficientNet-B0,D:\brain_tumor\🧠 Brain Tumor MRI Dataset\classification_task\test\no_tumor\brisc2025_test_00687_no_sa_t1.jpg,sagittal,3,3,True,1.0,0.0
EfficientNet-B0,D:\brain_tumor\🧠 Brain Tumor MRI Dataset\classification_task\test\no_tumor\brisc2025_test_00688_no_sa_t1.jpg,sagittal,3,3,True,1.0,0.0
EfficientNet-B0,D:\brain_tumor\🧠 Brain Tumor MRI Dataset\classification_task\test\no_tumor\brisc2025_test_00689_no_sa_t1.jpg,sagittal,3,3,True,1.0,0.0
EfficientNet-B0,D:\brain_tumor\🧠 Brain Tumor MRI Dataset\classification_task\test\no_tumor\brisc2025_test_00690_no_sa_t1.jpg,sagittal,3,3,True,1.0,0.0
EfficientNet-B0,D:\brain_tumor\🧠 Brain Tumor MRI Dataset\classification_task\test\no_tumor\brisc2025_test_00691_no_sa_t1.jpg,sagittal,3,3,True,1.0,0.0
EfficientNet-B0,D:\brain_tumor\🧠 Brain Tumor MRI Dataset\classification_task\test\no_tumor\brisc2025_test_00692_no_sa_t1.jpg,sagittal,3,3,True,1.0,0.0
EfficientNet-B0,D:\brain_tumor\🧠 Brain Tumor MRI Dataset\classification_task\test\no_tumor\brisc2025_test_00693_no_sa_t1.jpg,sagittal,3,3,True,1.0,0.0
EfficientNet-B0,D:\brain_tumor\🧠 Brain Tumor MRI Dataset\classification_task\test\no_tumor\brisc2025_test_00694_no_sa_t1.jpg,sagittal,3,3,True,1.0,0.0
EfficientNet-B0,D:\brain_tumor\🧠 Brain Tumor MRI Dataset\classification_task\test\no_tumor\brisc2025_test_00695_no_sa_t1.jpg,sagittal,3,3,True,1.0,0.0
EfficientNet-B0,D:\brain_tumor\🧠 Brain Tumor MRI Dataset\classification_task\test\no_tumor\brisc2025_test_00696_no_sa_t1.jpg,sagittal,3,3,True,1.0,0.0
EfficientNet-B0,D:\brain_tumor\🧠 Brain Tumor MRI Dataset\classification_task\test\no_tumor\brisc2025_test_00697_no_sa_t1.jpg,sagittal,3,3,True,1.0,0.0
EfficientNet-B0,D:\brain_tumor\🧠 Brain Tumor MRI Dataset\classification_task\test\no_tumor\brisc2025_test_00698_no_sa_t1.jpg,sagittal,3,3,True,1.0,3.599999999999999e-15
EfficientNet-B0,D:\brain_tumor\🧠 Brain Tumor MRI Dataset\classification_task\test\no_tumor\brisc2025_test_00699_no_sa_t1.jpg,sagittal,3,3,True,1.0,0.0
EfficientNet-B0,D:\brain_tumor\🧠 Brain Tumor MRI Dataset\classification_task\test\no_tumor\brisc2025_test_00700_no_sa_t1.jpg,sagittal,3,3,True,1.0,0.0
EfficientNet-B0,D:\brain_tumor\🧠 Brain Tumor MRI Dataset\classification_task\test\pituitary\brisc2025_test_00701_pi_ax_t1.jpg,axial,2,2,True,1.0,0.0
EfficientNet-B0,D:\brain_tumor\🧠 Brain Tumor MRI Dataset\classification_task\test\pituitary\brisc2025_test_00702_pi_ax_t1.jpg,axial,2,2,True,0.9985,3.3483813799998376e-06
EfficientNet-B0,D:\brain_tumor\🧠 Brain Tumor MRI Dataset\classification_task\test\pituitary\brisc2025_test_00703_pi_ax_t1.jpg,axial,2,2,True,1.0,0.0
EfficientNet-B0,D:\brain_tumor\🧠 Brain Tumor MRI Dataset\classification_task\test\pituitary\brisc2025_test_00704_pi_ax_t1.jpg,axial,2,2,True,1.0,0.0
EfficientNet-B0,D:\brain_tumor\🧠 Brain Tumor MRI Dataset\classification_task\test\pituitary\brisc2025_test_00705_pi_ax_t1.jpg,axial,2,2,True,1.0,2.6010000000000002e-11
EfficientNet-B0,D:\brain_tumor\🧠 Brain Tumor MRI Dataset\classification_task\test\pituitary\brisc2025_test_00706_pi_ax_t1.jpg,axial,2,2,True,1.0,1.0608999999999999e-10
EfficientNet-B0,D:\brain_tumor\🧠 Brain Tumor MRI Dataset\classification_task\test\pituitary\brisc2025_test_00707_pi_ax_t1.jpg,axial,2,2,True,1.0,0.0
EfficientNet-B0,D:\brain_tumor\🧠 Brain Tumor MRI Dataset\classification_task\test\pituitary\brisc2025_test_00708_pi_ax_t1.jpg,axial,2,2,True,1.0,0.0
EfficientNet-B0,D:\brain_tumor\🧠 Brain Tumor MRI Dataset\classification_task\test\pituitary\brisc2025_test_00709_pi_ax_t1.jpg,axial,2,2,True,1.0,0.0
EfficientNet-B0,D:\brain_tumor\🧠 Brain Tumor MRI Dataset\classification_task\test\pituitary\brisc2025_test_00710_pi_ax_t1.jpg,axial,2,2,True,1.0,3.8809000000000006e-12
EfficientNet-B0,D:\brain_tumor\🧠 Brain Tumor MRI Dataset\classification_task\test\pituitary\brisc2025_test_00711_pi_ax_t1.jpg,axial,2,2,True,1.0,0.0
EfficientNet-B0,D:\brain_tumor\🧠 Brain Tumor MRI Dataset\classification_task\test\pituitary\brisc2025_test_00712_pi_ax_t1.jpg,axial,2,2,True,1.0,4.4717000000000007e-10
EfficientNet-B0,D:\brain_tumor\🧠 Brain Tumor MRI Dataset\classification_task\test\pituitary\brisc2025_test_00713_pi_ax_t1.jpg,axial,2,2,True,1.0,0.0
EfficientNet-B0,D:\brain_tumor\🧠 Brain Tumor MRI Dataset\classification_task\test\pituitary\brisc2025_test_00714_pi_ax_t1.jpg,axial,2,2,True,1.0,0.0
EfficientNet-B0,D:\brain_tumor\🧠 Brain Tumor MRI Dataset\classification_task\test\pituitary\brisc2025_test_00715_pi_ax_t1.jpg,axial,2,2,True,1.0,0.0
EfficientNet-B0,D:\brain_tumor\🧠 Brain Tumor MRI Dataset\classification_task\test\pituitary\brisc2025_test_00716_pi_ax_t1.jpg,axial,2,2,True,1.0,3.599999999999999e-15
EfficientNet-B0,D:\brain_tumor\🧠 Brain Tumor MRI Dataset\classification_task\test\pituitary\brisc2025_test_00717_pi_ax_t1.jpg,axial,2,2,True,0.9053,0.0179304989
EfficientNet-B0,D:\brain_tumor\🧠 Brain Tumor MRI Dataset\classification_task\test\pituitary\brisc2025_test_00718_pi_ax_t1.jpg,axial,2,2,True,1.0,0.0
EfficientNet-B0,D:\brain_tumor\🧠 Brain Tumor MRI Dataset\classification_task\test\pituitary\brisc2025_test_00719_pi_ax_t1.jpg,axial,2,2,True,1.0,0.0
EfficientNet-B0,D:\brain_tumor\🧠 Brain Tumor MRI Dataset\classification_task\test\pituitary\brisc2025_test_00720_pi_ax_t1.jpg,axial,2,2,True,1.0,0.0
EfficientNet-B0,D:\brain_tumor\🧠 Brain Tumor MRI Dataset\classification_task\test\pituitary\brisc2025_test_00721_pi_ax_t1.jpg,axial,2,2,True,1.0,0.0
EfficientNet-B0,D:\brain_tumor\🧠 Brain Tumor MRI Dataset\classification_task\test\pituitary\brisc2025_test_00722_pi_ax_t1.jpg,axial,2,2,True,0.9937,7.940238024999966e-05
EfficientNet-B0,D:\brain_tumor\🧠 Brain Tumor MRI Dataset\classification_task\test\pituitary\brisc2025_test_00723_pi_ax_t1.jpg,axial,2,2,True,1.0,0.0
EfficientNet-B0,D:\brain_tumor\🧠 Brain Tumor MRI Dataset\classification_task\test\pituitary\brisc2025_test_00724_pi_ax_t1.jpg,axial,2,2,True,1.0,3.599999999999999e-15
EfficientNet-B0,D:\brain_tumor\🧠 Brain Tumor MRI Dataset\classification_task\test\pituitary\brisc2025_test_00725_pi_ax_t1.jpg,axial,2,2,True,0.9995,5.47573209999945e-07
EfficientNet-B0,D:\brain_tumor\🧠 Brain Tumor MRI Dataset\classification_task\test\pituitary\brisc2025_test_00726_pi_ax_t1.jpg,axial,2,2,True,1.0,0.0
EfficientNet-B0,D:\brain_tumor\🧠 Brain Tumor MRI Dataset\classification_task\test\pituitary\brisc2025_test_00727_pi_ax_t1.jpg,axial,2,2,True,1.0,0.0
EfficientNet-B0,D:\brain_tumor\🧠 Brain Tumor MRI Dataset\classification_task\test\pituitary\brisc2025_test_00728_pi_ax_t1.jpg,axial,2,2,True,1.0,0.0
EfficientNet-B0,D:\brain_tumor\🧠 Brain Tumor MRI Dataset\classification_task\test\pituitary\brisc2025_test_00729_pi_ax_t1.jpg,axial,2,2,True,1.0,0.0
EfficientNet-B0,D:\brain_tumor\🧠 Brain Tumor MRI Dataset\classification_task\test\pituitary\brisc2025_test_00730_pi_ax_t1.jpg,axial,2,2,True,1.0,0.0
EfficientNet-B0,D:\brain_tumor\🧠 Brain Tumor MRI Dataset\classification_task\test\pituitary\brisc2025_test_00731_pi_ax_t1.jpg,axial,2,2,True,1.0,9e-14
EfficientNet-B0,D:\brain_tumor\🧠 Brain Tumor MRI Dataset\classification_task\test\pituitary\brisc2025_test_00732_pi_ax_t1.jpg,axial,2,2,True,1.0,0.0
EfficientNet-B0,D:\brain_tumor\🧠 Brain Tumor MRI Dataset\classification_task\test\pituitary\brisc2025_test_00733_pi_ax_t1.jpg,axial,2,2,True,1.0,3.599999999999999e-15
EfficientNet-B0,D:\brain_tumor\🧠 Brain Tumor MRI Dataset\classification_task\test\pituitary\brisc2025_test_00734_pi_ax_t1.jpg,axial,2,2,True,1.0,0.0
EfficientNet-B0,D:\brain_tumor\🧠 Brain Tumor MRI Dataset\classification_task\test\pituitary\brisc2025_test_00735_pi_ax_t1.jpg,axial,2,2,True,1.0,0.0
EfficientNet-B0,D:\brain_tumor\🧠 Brain Tumor MRI Dataset\classification_task\test\pituitary\brisc2025_test_00736_pi_ax_t1.jpg,axial,2,2,True,1.0,9e-14
EfficientNet-B0,D:\brain_tumor\🧠 Brain Tumor MRI Dataset\classification_task\test\pituitary\brisc2025_test_00737_pi_ax_t1.jpg,axial,2,2,True,1.0,3.4225000000000004e-12
EfficientNet-B0,D:\brain_tumor\🧠 Brain Tumor MRI Dataset\classification_task\test\pituitary\brisc2025_test_00738_pi_ax_t1.jpg,axial,2,2,True,1.0,0.0
EfficientNet-B0,D:\brain_tumor\🧠 Brain Tumor MRI Dataset\classification_task\test\pituitary\brisc2025_test_00739_pi_ax_t1.jpg,axial,2,2,True,1.0,0.0
EfficientNet-B0,D:\brain_tumor\🧠 Brain Tumor MRI Dataset\classification_task\test\pituitary\brisc2025_test_00740_pi_ax_t1.jpg,axial,2,2,True,1.0,1.0119999999999999e-13
EfficientNet-B0,D:\brain_tumor\🧠 Brain Tumor MRI Dataset\classification_task\test\pituitary\brisc2025_test_00741_pi_ax_t1.jpg,axial,2,2,True,1.0,0.0
EfficientNet-B0,D:\brain_tumor\🧠 Brain Tumor MRI Dataset\classification_task\test\pituitary\brisc2025_test_00742_pi_ax_t1.jpg,axial,2,2,True,1.0,4.899999999999999e-13
EfficientNet-B0,D:\brain_tumor\🧠 Brain Tumor MRI Dataset\classification_task\test\pituitary\brisc2025_test_00743_pi_ax_t1.jpg,axial,2,2,True,1.0,0.0
EfficientNet-B0,D:\brain_tumor\🧠 Brain Tumor MRI Dataset\classification_task\test\pituitary\brisc2025_test_00744_pi_ax_t1.jpg,axial,2,2,True,1.0,0.0
EfficientNet-B0,D:\brain_tumor\🧠 Brain Tumor MRI Dataset\classification_task\test\pituitary\brisc2025_test_00745_pi_ax_t1.jpg,axial,2,2,True,1.0,0.0
EfficientNet-B0,D:\brain_tumor\🧠 Brain Tumor MRI Dataset\classification_task\test\pituitary\brisc2025_test_00746_pi_ax_t1.jpg,axial,2,2,True,1.0,3.9999999999999994e-14
EfficientNet-B0,D:\brain_tumor\🧠 Brain Tumor MRI Dataset\classification_task\test\pituitary\brisc2025_test_00747_pi_ax_t1.jpg,axial,2,2,True,1.0,7.507600000000001e-12
EfficientNet-B0,D:\brain_tumor\🧠 Brain Tumor MRI Dataset\classification_task\test\pituitary\brisc2025_test_00748_pi_ax_t1.jpg,axial,2,2,True,1.0,0.0
EfficientNet-B0,D:\brain_tumor\🧠 Brain Tumor MRI Dataset\classification_task\test\pituitary\brisc2025_test_00749_pi_ax_t1.jpg,axial,2,2,True,1.0,0.0
EfficientNet-B0,D:\brain_tumor\🧠 Brain Tumor MRI Dataset\classification_task\test\pituitary\brisc2025_test_00750_pi_ax_t1.jpg,axial,2,2,True,1.0,3.599999999999999e-15
EfficientNet-B0,D:\brain_tumor\🧠 Brain Tumor MRI Dataset\classification_task\test\pituitary\brisc2025_test_00751_pi_ax_t1.jpg,axial,2,2,True,1.0,0.0
EfficientNet-B0,D:\brain_tumor\🧠 Brain Tumor MRI Dataset\classification_task\test\pituitary\brisc2025_test_00752_pi_ax_t1.jpg,axial,2,2,True,1.0,0.0
EfficientNet-B0,D:\brain_tumor\🧠 Brain Tumor MRI Dataset\classification_task\test\pituitary\brisc2025_test_00753_pi_ax_t1.jpg,axial,2,2,True,1.0,0.0
EfficientNet-B0,D:\brain_tumor\🧠 Brain Tumor MRI Dataset\classification_task\test\pituitary\brisc2025_test_00754_pi_ax_t1.jpg,axial,2,2,True,1.0,4.3560000000000003e-13
EfficientNet-B0,D:\brain_tumor\🧠 Brain Tumor MRI Dataset\classification_task\test\pituitary\brisc2025_test_00755_pi_ax_t1.jpg,axial,2,2,True,1.0,1.874186e-08
EfficientNet-B0,D:\brain_tumor\🧠 Brain Tumor MRI Dataset\classification_task\test\pituitary\brisc2025_test_00756_pi_ax_t1.jpg,axial,2,2,True,1.0,0.0
EfficientNet-B0,D:\brain_tumor\🧠 Brain Tumor MRI Dataset\classification_task\test\pituitary\brisc2025_test_00757_pi_ax_t1.jpg,axial,2,2,True,1.0,0.0
EfficientNet-B0,D:\brain_tumor\🧠 Brain Tumor MRI Dataset\classification_task\test\pituitary\brisc2025_test_00758_pi_ax_t1.jpg,axial,2,2,True,1.0,0.0
EfficientNet-B0,D:\brain_tumor\🧠 Brain Tumor MRI Dataset\classification_task\test\pituitary\brisc2025_test_00759_pi_ax_t1.jpg,axial,2,2,True,1.0,0.0
EfficientNet-B0,D:\brain_tumor\🧠 Brain Tumor MRI Dataset\classification_task\test\pituitary\brisc2025_test_00760_pi_ax_t1.jpg,axial,2,2,True,1.0,0.0
EfficientNet-B0,D:\brain_tumor\🧠 Brain Tumor MRI Dataset\classification_task\test\pituitary\brisc2025_test_00761_pi_ax_t1.jpg,axial,2,2,True,1.0,0.0
EfficientNet-B0,D:\brain_tumor\🧠 Brain Tumor MRI Dataset\classification_task\test\pituitary\brisc2025_test_00762_pi_ax_t1.jpg,axial,2,2,True,1.0,0.0
EfficientNet-B0,D:\brain_tumor\🧠 Brain Tumor MRI Dataset\classification_task\test\pituitary\brisc2025_test_00763_pi_ax_t1.jpg,axial,2,2,True,1.0,0.0
EfficientNet-B0,D:\brain_tumor\🧠 Brain Tumor MRI Dataset\classification_task\test\pituitary\brisc2025_test_00764_pi_ax_t1.jpg,axial,2,2,True,1.0,2.9160000000000004e-13
EfficientNet-B0,D:\brain_tumor\🧠 Brain Tumor MRI Dataset\classification_task\test\pituitary\brisc2025_test_00765_pi_ax_t1.jpg,axial,2,2,True,1.0,3.24e-10
EfficientNet-B0,D:\brain_tumor\🧠 Brain Tumor MRI Dataset\classification_task\test\pituitary\brisc2025_test_00766_pi_ax_t1.jpg,axial,2,2,True,1.0,3.599999999999999e-15
EfficientNet-B0,D:\brain_tumor\🧠 Brain Tumor MRI Dataset\classification_task\test\pituitary\brisc2025_test_00767_pi_ax_t1.jpg,axial,2,2,True,1.0,0.0
EfficientNet-B0,D:\brain_tumor\🧠 Brain Tumor MRI Dataset\classification_task\test\pituitary\brisc2025_test_00768_pi_ax_t1.jpg,axial,2,2,True,1.0,0.0
EfficientNet-B0,D:\brain_tumor\🧠 Brain Tumor MRI Dataset\classification_task\test\pituitary\brisc2025_test_00769_pi_ax_t1.jpg,axial,2,2,True,1.0,5.9536e-12
EfficientNet-B0,D:\brain_tumor\🧠 Brain Tumor MRI Dataset\classification_task\test\pituitary\brisc2025_test_00770_pi_ax_t1.jpg,axial,2,2,True,1.0,4.326899999999999e-12
EfficientNet-B0,D:\brain_tumor\🧠 Brain Tumor MRI Dataset\classification_task\test\pituitary\brisc2025_test_00771_pi_ax_t1.jpg,axial,2,2,True,1.0,0.0
EfficientNet-B0,D:\brain_tumor\🧠 Brain Tumor MRI Dataset\classification_task\test\pituitary\brisc2025_test_00772_pi_ax_t1.jpg,axial,2,2,True,1.0,0.0
EfficientNet-B0,D:\brain_tumor\🧠 Brain Tumor MRI Dataset\classification_task\test\pituitary\brisc2025_test_00773_pi_ax_t1.jpg,axial,2,2,True,1.0,0.0
EfficientNet-B0,D:\brain_tumor\🧠 Brain Tumor MRI Dataset\classification_task\test\pituitary\brisc2025_test_00774_pi_ax_t1.jpg,axial,2,2,True,1.0,0.0
EfficientNet-B0,D:\brain_tumor\🧠 Brain Tumor MRI Dataset\classification_task\test\pituitary\brisc2025_test_00775_pi_ax_t1.jpg,axial,2,2,True,1.0,0.0
EfficientNet-B0,D:\brain_tumor\🧠 Brain Tumor MRI Dataset\classification_task\test\pituitary\brisc2025_test_00776_pi_ax_t1.jpg,axial,2,2,True,1.0,0.0
EfficientNet-B0,D:\brain_tumor\🧠 Brain Tumor MRI Dataset\classification_task\test\pituitary\brisc2025_test_00777_pi_ax_t1.jpg,axial,2,2,True,1.0,0.0
EfficientNet-B0,D:\brain_tumor\🧠 Brain Tumor MRI Dataset\classification_task\test\pituitary\brisc2025_test_00778_pi_ax_t1.jpg,axial,2,2,True,1.0,0.0
EfficientNet-B0,D:\brain_tumor\🧠 Brain Tumor MRI Dataset\classification_task\test\pituitary\brisc2025_test_00779_pi_ax_t1.jpg,axial,2,2,True,1.0,0.0
EfficientNet-B0,D:\brain_tumor\🧠 Brain Tumor MRI Dataset\classification_task\test\pituitary\brisc2025_test_00780_pi_ax_t1.jpg,axial,2,2,True,1.0,0.0
EfficientNet-B0,D:\brain_tumor\🧠 Brain Tumor MRI Dataset\classification_task\test\pituitary\brisc2025_test_00781_pi_ax_t1.jpg,axial,2,2,True,1.0,6.265008999999999e-10
EfficientNet-B0,D:\brain_tumor\🧠 Brain Tumor MRI Dataset\classification_task\test\pituitary\brisc2025_test_00782_pi_ax_t1.jpg,axial,2,2,True,1.0,3.599999999999999e-15
EfficientNet-B0,D:\brain_tumor\🧠 Brain Tumor MRI Dataset\classification_task\test\pituitary\brisc2025_test_00783_pi_ax_t1.jpg,axial,2,2,True,1.0,0.0
EfficientNet-B0,D:\brain_tumor\🧠 Brain Tumor MRI Dataset\classification_task\test\pituitary\brisc2025_test_00784_pi_ax_t1.jpg,axial,2,2,True,1.0,0.0
EfficientNet-B0,D:\brain_tumor\🧠 Brain Tumor MRI Dataset\classification_task\test\pituitary\brisc2025_test_00785_pi_ax_t1.jpg,axial,2,2,True,1.0,0.0
EfficientNet-B0,D:\brain_tumor\🧠 Brain Tumor MRI Dataset\classification_task\test\pituitary\brisc2025_test_00786_pi_ax_t1.jpg,axial,2,2,True,1.0,0.0
EfficientNet-B0,D:\brain_tumor\🧠 Brain Tumor MRI Dataset\classification_task\test\pituitary\brisc2025_test_00787_pi_ax_t1.jpg,axial,2,2,True,1.0,6.5513271999999995e-09
EfficientNet-B0,D:\brain_tumor\🧠 Brain Tumor MRI Dataset\classification_task\test\pituitary\brisc2025_test_00788_pi_ax_t1.jpg,axial,2,2,True,1.0,3.599999999999999e-15
EfficientNet-B0,D:\brain_tumor\🧠 Brain Tumor MRI Dataset\classification_task\test\pituitary\brisc2025_test_00789_pi_ax_t1.jpg,axial,2,2,True,1.0,0.0
EfficientNet-B0,D:\brain_tumor\🧠 Brain Tumor MRI Dataset\classification_task\test\pituitary\brisc2025_test_00790_pi_ax_t1.jpg,axial,2,2,True,1.0,3.599999999999999e-15
EfficientNet-B0,D:\brain_tumor\🧠 Brain Tumor MRI Dataset\classification_task\test\pituitary\brisc2025_test_00791_pi_ax_t1.jpg,axial,2,2,True,1.0,0.0
EfficientNet-B0,D:\brain_tumor\🧠 Brain Tumor MRI Dataset\classification_task\test\pituitary\brisc2025_test_00792_pi_ax_t1.jpg,axial,2,2,True,1.0,3.9999999999999994e-14
EfficientNet-B0,D:\brain_tumor\🧠 Brain Tumor MRI Dataset\classification_task\test\pituitary\brisc2025_test_00793_pi_ax_t1.jpg,axial,2,2,True,1.0,0.0
EfficientNet-B0,D:\brain_tumor\🧠 Brain Tumor MRI Dataset\classification_task\test\pituitary\brisc2025_test_00794_pi_ax_t1.jpg,axial,2,2,True,1.0,0.0
EfficientNet-B0,D:\brain_tumor\🧠 Brain Tumor MRI Dataset\classification_task\test\pituitary\brisc2025_test_00795_pi_ax_t1.jpg,axial,2,2,True,1.0,0.0
EfficientNet-B0,D:\brain_tumor\🧠 Brain Tumor MRI Dataset\classification_task\test\pituitary\brisc2025_test_00796_pi_ax_t1.jpg,axial,2,2,True,1.0,3.599999999999999e-15
EfficientNet-B0,D:\brain_tumor\🧠 Brain Tumor MRI Dataset\classification_task\test\pituitary\brisc2025_test_00797_pi_ax_t1.jpg,axial,2,2,True,1.0,5.29e-12
EfficientNet-B0,D:\brain_tumor\🧠 Brain Tumor MRI Dataset\classification_task\test\pituitary\brisc2025_test_00798_pi_ax_t1.jpg,axial,2,2,True,1.0,0.0
EfficientNet-B0,D:\brain_tumor\🧠 Brain Tumor MRI Dataset\classification_task\test\pituitary\brisc2025_test_00799_pi_ax_t1.jpg,axial,2,2,True,1.0,0.0
EfficientNet-B0,D:\brain_tumor\🧠 Brain Tumor MRI Dataset\classification_task\test\pituitary\brisc2025_test_00800_pi_ax_t1.jpg,axial,2,2,True,1.0,0.0
EfficientNet-B0,D:\brain_tumor\🧠 Brain Tumor MRI Dataset\classification_task\test\pituitary\brisc2025_test_00801_pi_ax_t1.jpg,axial,2,2,True,1.0,0.0
EfficientNet-B0,D:\brain_tumor\🧠 Brain Tumor MRI Dataset\classification_task\test\pituitary\brisc2025_test_00802_pi_ax_t1.jpg,axial,2,2,True,1.0,0.0
EfficientNet-B0,D:\brain_tumor\🧠 Brain Tumor MRI Dataset\classification_task\test\pituitary\brisc2025_test_00803_pi_ax_t1.jpg,axial,2,2,True,1.0,0.0
EfficientNet-B0,D:\brain_tumor\🧠 Brain Tumor MRI Dataset\classification_task\test\pituitary\brisc2025_test_00804_pi_ax_t1.jpg,axial,2,2,True,1.0,0.0
EfficientNet-B0,D:\brain_tumor\🧠 Brain Tumor MRI Dataset\classification_task\test\pituitary\brisc2025_test_00805_pi_ax_t1.jpg,axial,2,2,True,0.995,4.963730907650005e-05
EfficientNet-B0,D:\brain_tumor\🧠 Brain Tumor MRI Dataset\classification_task\test\pituitary\brisc2025_test_00806_pi_ax_t1.jpg,axial,2,2,True,1.0,7.8436e-12
EfficientNet-B0,D:\brain_tumor\🧠 Brain Tumor MRI Dataset\classification_task\test\pituitary\brisc2025_test_00807_pi_ax_t1.jpg,axial,2,2,True,1.0,0.0
EfficientNet-B0,D:\brain_tumor\🧠 Brain Tumor MRI Dataset\classification_task\test\pituitary\brisc2025_test_00808_pi_ax_t1.jpg,axial,2,2,True,1.0,4.3560000000000003e-13
EfficientNet-B0,D:\brain_tumor\🧠 Brain Tumor MRI Dataset\classification_task\test\pituitary\brisc2025_test_00809_pi_ax_t1.jpg,axial,2,2,True,1.0,0.0
EfficientNet-B0,D:\brain_tumor\🧠 Brain Tumor MRI Dataset\classification_task\test\pituitary\brisc2025_test_00810_pi_ax_t1.jpg,axial,2,2,True,1.0,0.0
EfficientNet-B0,D:\brain_tumor\🧠 Brain Tumor MRI Dataset\classification_task\test\pituitary\brisc2025_test_00811_pi_ax_t1.jpg,axial,2,2,True,1.0,0.0
EfficientNet-B0,D:\brain_tumor\🧠 Brain Tumor MRI Dataset\classification_task\test\pituitary\brisc2025_test_00812_pi_ax_t1.jpg,axial,2,2,True,0.999,2.450823900000002e-06
EfficientNet-B0,D:\brain_tumor\🧠 Brain Tumor MRI Dataset\classification_task\test\pituitary\brisc2025_test_00813_pi_ax_t1.jpg,axial,2,2,True,1.0,0.0
EfficientNet-B0,D:\brain_tumor\🧠 Brain Tumor MRI Dataset\classification_task\test\pituitary\brisc2025_test_00814_pi_ax_t1.jpg,axial,2,2,True,1.0,0.0
EfficientNet-B0,D:\brain_tumor\🧠 Brain Tumor MRI Dataset\classification_task\test\pituitary\brisc2025_test_00815_pi_ax_t1.jpg,axial,2,2,True,1.0,0.0
EfficientNet-B0,D:\brain_tumor\🧠 Brain Tumor MRI Dataset\classification_task\test\pituitary\brisc2025_test_00816_pi_ax_t1.jpg,axial,2,2,True,1.0,3.9999999999999994e-14
EfficientNet-B0,D:\brain_tumor\🧠 Brain Tumor MRI Dataset\classification_task\test\pituitary\brisc2025_test_00817_pi_ax_t1.jpg,axial,2,2,True,1.0,0.0
EfficientNet-B0,D:\brain_tumor\🧠 Brain Tumor MRI Dataset\classification_task\test\pituitary\brisc2025_test_00818_pi_ax_t1.jpg,axial,2,2,True,1.0,0.0
EfficientNet-B0,D:\brain_tumor\🧠 Brain Tumor MRI Dataset\classification_task\test\pituitary\brisc2025_test_00819_pi_ax_t1.jpg,axial,2,2,True,1.0,2.3076000000000004e-12
EfficientNet-B0,D:\brain_tumor\🧠 Brain Tumor MRI Dataset\classification_task\test\pituitary\brisc2025_test_00820_pi_ax_t1.jpg,axial,2,2,True,0.7656,0.10988672003074922
EfficientNet-B0,D:\brain_tumor\🧠 Brain Tumor MRI Dataset\classification_task\test\pituitary\brisc2025_test_00821_pi_ax_t1.jpg,axial,2,2,True,1.0,0.0
EfficientNet-B0,D:\brain_tumor\🧠 Brain Tumor MRI Dataset\classification_task\test\pituitary\brisc2025_test_00822_pi_ax_t1.jpg,axial,2,2,True,1.0,0.0
EfficientNet-B0,D:\brain_tumor\🧠 Brain Tumor MRI Dataset\classification_task\test\pituitary\brisc2025_test_00823_pi_ax_t1.jpg,axial,2,2,True,1.0,0.0
EfficientNet-B0,D:\brain_tumor\🧠 Brain Tumor MRI Dataset\classification_task\test\pituitary\brisc2025_test_00824_pi_ax_t1.jpg,axial,2,2,True,1.0,3.599999999999999e-15
EfficientNet-B0,D:\brain_tumor\🧠 Brain Tumor MRI Dataset\classification_task\test\pituitary\brisc2025_test_00825_pi_co_t1.jpg,coronal,2,2,True,1.0,0.0
EfficientNet-B0,D:\brain_tumor\🧠 Brain Tumor MRI Dataset\classification_task\test\pituitary\brisc2025_test_00826_pi_co_t1.jpg,coronal,2,2,True,0.939,0.007438340900000007
EfficientNet-B0,D:\brain_tumor\🧠 Brain Tumor MRI Dataset\classification_task\test\pituitary\brisc2025_test_00827_pi_co_t1.jpg,coronal,2,2,True,1.0,0.0
EfficientNet-B0,D:\brain_tumor\🧠 Brain Tumor MRI Dataset\classification_task\test\pituitary\brisc2025_test_00828_pi_co_t1.jpg,coronal,2,2,True,1.0,0.0
EfficientNet-B0,D:\brain_tumor\🧠 Brain Tumor MRI Dataset\classification_task\test\pituitary\brisc2025_test_00829_pi_co_t1.jpg,coronal,2,2,True,1.0,0.0
EfficientNet-B0,D:\brain_tumor\🧠 Brain Tumor MRI Dataset\classification_task\test\pituitary\brisc2025_test_00830_pi_co_t1.jpg,coronal,2,2,True,1.0,0.0
EfficientNet-B0,D:\brain_tumor\🧠 Brain Tumor MRI Dataset\classification_task\test\pituitary\brisc2025_test_00831_pi_co_t1.jpg,coronal,2,2,True,1.0,0.0
EfficientNet-B0,D:\brain_tumor\🧠 Brain Tumor MRI Dataset\classification_task\test\pituitary\brisc2025_test_00832_pi_co_t1.jpg,coronal,2,2,True,1.0,0.0
EfficientNet-B0,D:\brain_tumor\🧠 Brain Tumor MRI Dataset\classification_task\test\pituitary\brisc2025_test_00833_pi_co_t1.jpg,coronal,2,2,True,1.0,0.0
EfficientNet-B0,D:\brain_tumor\🧠 Brain Tumor MRI Dataset\classification_task\test\pituitary\brisc2025_test_00834_pi_co_t1.jpg,coronal,2,2,True,1.0,0.0
EfficientNet-B0,D:\brain_tumor\🧠 Brain Tumor MRI Dataset\classification_task\test\pituitary\brisc2025_test_00835_pi_co_t1.jpg,coronal,2,2,True,1.0,0.0
EfficientNet-B0,D:\brain_tumor\🧠 Brain Tumor MRI Dataset\classification_task\test\pituitary\brisc2025_test_00836_pi_co_t1.jpg,coronal,2,2,True,1.0,0.0
EfficientNet-B0,D:\brain_tumor\🧠 Brain Tumor MRI Dataset\classification_task\test\pituitary\brisc2025_test_00837_pi_co_t1.jpg,coronal,2,2,True,1.0,0.0
EfficientNet-B0,D:\brain_tumor\🧠 Brain Tumor MRI Dataset\classification_task\test\pituitary\brisc2025_test_00838_pi_co_t1.jpg,coronal,2,2,True,1.0,0.0
EfficientNet-B0,D:\brain_tumor\🧠 Brain Tumor MRI Dataset\classification_task\test\pituitary\brisc2025_test_00839_pi_co_t1.jpg,coronal,2,2,True,1.0,0.0
EfficientNet-B0,D:\brain_tumor\🧠 Brain Tumor MRI Dataset\classification_task\test\pituitary\brisc2025_test_00840_pi_co_t1.jpg,coronal,2,2,True,1.0,0.0
EfficientNet-B0,D:\brain_tumor\🧠 Brain Tumor MRI Dataset\classification_task\test\pituitary\brisc2025_test_00841_pi_co_t1.jpg,coronal,2,2,True,1.0,0.0
EfficientNet-B0,D:\brain_tumor\🧠 Brain Tumor MRI Dataset\classification_task\test\pituitary\brisc2025_test_00842_pi_co_t1.jpg,coronal,2,2,True,1.0,0.0
EfficientNet-B0,D:\brain_tumor\🧠 Brain Tumor MRI Dataset\classification_task\test\pituitary\brisc2025_test_00843_pi_co_t1.jpg,coronal,2,2,True,1.0,0.0
EfficientNet-B0,D:\brain_tumor\🧠 Brain Tumor MRI Dataset\classification_task\test\pituitary\brisc2025_test_00844_pi_co_t1.jpg,coronal,2,2,True,1.0,0.0
EfficientNet-B0,D:\brain_tumor\🧠 Brain Tumor MRI Dataset\classification_task\test\pituitary\brisc2025_test_00845_pi_co_t1.jpg,coronal,2,2,True,1.0,0.0
EfficientNet-B0,D:\brain_tumor\🧠 Brain Tumor MRI Dataset\classification_task\test\pituitary\brisc2025_test_00846_pi_co_t1.jpg,coronal,2,2,True,1.0,0.0
EfficientNet-B0,D:\brain_tumor\🧠 Brain Tumor MRI Dataset\classification_task\test\pituitary\brisc2025_test_00847_pi_co_t1.jpg,coronal,2,2,True,1.0,0.0
EfficientNet-B0,D:\brain_tumor\🧠 Brain Tumor MRI Dataset\classification_task\test\pituitary\brisc2025_test_00848_pi_co_t1.jpg,coronal,2,2,True,1.0,0.0
EfficientNet-B0,D:\brain_tumor\🧠 Brain Tumor MRI Dataset\classification_task\test\pituitary\brisc2025_test_00849_pi_co_t1.jpg,coronal,2,2,True,1.0,0.0
EfficientNet-B0,D:\brain_tumor\🧠 Brain Tumor MRI Dataset\classification_task\test\pituitary\brisc2025_test_00850_pi_co_t1.jpg,coronal,2,2,True,1.0,0.0
EfficientNet-B0,D:\brain_tumor\🧠 Brain Tumor MRI Dataset\classification_task\test\pituitary\brisc2025_test_00851_pi_co_t1.jpg,coronal,2,2,True,1.0,0.0
EfficientNet-B0,D:\brain_tumor\🧠 Brain Tumor MRI Dataset\classification_task\test\pituitary\brisc2025_test_00852_pi_co_t1.jpg,coronal,2,2,True,1.0,0.0
EfficientNet-B0,D:\brain_tumor\🧠 Brain Tumor MRI Dataset\classification_task\test\pituitary\brisc2025_test_00853_pi_co_t1.jpg,coronal,2,2,True,1.0,0.0
EfficientNet-B0,D:\brain_tumor\🧠 Brain Tumor MRI Dataset\classification_task\test\pituitary\brisc2025_test_00854_pi_co_t1.jpg,coronal,2,2,True,1.0,0.0
EfficientNet-B0,D:\brain_tumor\🧠 Brain Tumor MRI Dataset\classification_task\test\pituitary\brisc2025_test_00855_pi_co_t1.jpg,coronal,2,2,True,1.0,0.0
EfficientNet-B0,D:\brain_tumor\🧠 Brain Tumor MRI Dataset\classification_task\test\pituitary\brisc2025_test_00856_pi_co_t1.jpg,coronal,2,2,True,1.0,0.0
EfficientNet-B0,D:\brain_tumor\🧠 Brain Tumor MRI Dataset\classification_task\test\pituitary\brisc2025_test_00857_pi_co_t1.jpg,coronal,2,2,True,1.0,0.0
EfficientNet-B0,D:\brain_tumor\🧠 Brain Tumor MRI Dataset\classification_task\test\pituitary\brisc2025_test_00858_pi_co_t1.jpg,coronal,2,2,True,1.0,0.0
EfficientNet-B0,D:\brain_tumor\🧠 Brain Tumor MRI Dataset\classification_task\test\pituitary\brisc2025_test_00859_pi_co_t1.jpg,coronal,2,2,True,1.0,0.0
EfficientNet-B0,D:\brain_tumor\🧠 Brain Tumor MRI Dataset\classification_task\test\pituitary\brisc2025_test_00860_pi_co_t1.jpg,coronal,2,2,True,1.0,0.0
EfficientNet-B0,D:\brain_tumor\🧠 Brain Tumor MRI Dataset\classification_task\test\pituitary\brisc2025_test_00861_pi_co_t1.jpg,coronal,2,2,True,1.0,0.0
EfficientNet-B0,D:\brain_tumor\🧠 Brain Tumor MRI Dataset\classification_task\test\pituitary\brisc2025_test_00862_pi_co_t1.jpg,coronal,2,2,True,1.0,0.0
EfficientNet-B0,D:\brain_tumor\🧠 Brain Tumor MRI Dataset\classification_task\test\pituitary\brisc2025_test_00863_pi_co_t1.jpg,coronal,2,2,True,1.0,0.0
EfficientNet-B0,D:\brain_tumor\🧠 Brain Tumor MRI Dataset\classification_task\test\pituitary\brisc2025_test_00864_pi_co_t1.jpg,coronal,2,2,True,1.0,0.0
EfficientNet-B0,D:\brain_tumor\🧠 Brain Tumor MRI Dataset\classification_task\test\pituitary\brisc2025_test_00865_pi_co_t1.jpg,coronal,2,2,True,1.0,0.0
EfficientNet-B0,D:\brain_tumor\🧠 Brain Tumor MRI Dataset\classification_task\test\pituitary\brisc2025_test_00866_pi_co_t1.jpg,coronal,2,2,True,1.0,0.0
EfficientNet-B0,D:\brain_tumor\🧠 Brain Tumor MRI Dataset\classification_task\test\pituitary\brisc2025_test_00867_pi_co_t1.jpg,coronal,2,2,True,1.0,0.0
EfficientNet-B0,D:\brain_tumor\🧠 Brain Tumor MRI Dataset\classification_task\test\pituitary\brisc2025_test_00868_pi_co_t1.jpg,coronal,2,2,True,1.0,0.0
EfficientNet-B0,D:\brain_tumor\🧠 Brain Tumor MRI Dataset\classification_task\test\pituitary\brisc2025_test_00869_pi_co_t1.jpg,coronal,2,2,True,1.0,0.0
EfficientNet-B0,D:\brain_tumor\🧠 Brain Tumor MRI Dataset\classification_task\test\pituitary\brisc2025_test_00870_pi_co_t1.jpg,coronal,2,2,True,1.0,0.0
EfficientNet-B0,D:\brain_tumor\🧠 Brain Tumor MRI Dataset\classification_task\test\pituitary\brisc2025_test_00871_pi_co_t1.jpg,coronal,2,2,True,1.0,0.0
EfficientNet-B0,D:\brain_tumor\🧠 Brain Tumor MRI Dataset\classification_task\test\pituitary\brisc2025_test_00872_pi_co_t1.jpg,coronal,2,2,True,1.0,0.0
EfficientNet-B0,D:\brain_tumor\🧠 Brain Tumor MRI Dataset\classification_task\test\pituitary\brisc2025_test_00873_pi_co_t1.jpg,coronal,2,2,True,1.0,0.0
EfficientNet-B0,D:\brain_tumor\🧠 Brain Tumor MRI Dataset\classification_task\test\pituitary\brisc2025_test_00874_pi_co_t1.jpg,coronal,2,2,True,1.0,0.0
EfficientNet-B0,D:\brain_tumor\🧠 Brain Tumor MRI Dataset\classification_task\test\pituitary\brisc2025_test_00875_pi_co_t1.jpg,coronal,2,2,True,1.0,0.0
EfficientNet-B0,D:\brain_tumor\🧠 Brain Tumor MRI Dataset\classification_task\test\pituitary\brisc2025_test_00876_pi_co_t1.jpg,coronal,2,2,True,1.0,0.0
EfficientNet-B0,D:\brain_tumor\🧠 Brain Tumor MRI Dataset\classification_task\test\pituitary\brisc2025_test_00877_pi_co_t1.jpg,coronal,2,2,True,1.0,0.0
EfficientNet-B0,D:\brain_tumor\🧠 Brain Tumor MRI Dataset\classification_task\test\pituitary\brisc2025_test_00878_pi_co_t1.jpg,coronal,2,2,True,1.0,3.9999999999999994e-14
EfficientNet-B0,D:\brain_tumor\🧠 Brain Tumor MRI Dataset\classification_task\test\pituitary\brisc2025_test_00879_pi_co_t1.jpg,coronal,2,2,True,1.0,0.0
EfficientNet-B0,D:\brain_tumor\🧠 Brain Tumor MRI Dataset\classification_task\test\pituitary\brisc2025_test_00880_pi_co_t1.jpg,coronal,2,2,True,1.0,0.0
EfficientNet-B0,D:\brain_tumor\🧠 Brain Tumor MRI Dataset\classification_task\test\pituitary\brisc2025_test_00881_pi_co_t1.jpg,coronal,2,2,True,1.0,0.0
EfficientNet-B0,D:\brain_tumor\🧠 Brain Tumor MRI Dataset\classification_task\test\pituitary\brisc2025_test_00882_pi_co_t1.jpg,coronal,2,2,True,1.0,0.0
EfficientNet-B0,D:\brain_tumor\🧠 Brain Tumor MRI Dataset\classification_task\test\pituitary\brisc2025_test_00883_pi_co_t1.jpg,coronal,2,2,True,1.0,0.0
EfficientNet-B0,D:\brain_tumor\🧠 Brain Tumor MRI Dataset\classification_task\test\pituitary\brisc2025_test_00884_pi_co_t1.jpg,coronal,2,2,True,1.0,0.0
EfficientNet-B0,D:\brain_tumor\🧠 Brain Tumor MRI Dataset\classification_task\test\pituitary\brisc2025_test_00885_pi_co_t1.jpg,coronal,2,2,True,1.0,0.0
EfficientNet-B0,D:\brain_tumor\🧠 Brain Tumor MRI Dataset\classification_task\test\pituitary\brisc2025_test_00886_pi_co_t1.jpg,coronal,2,2,True,1.0,0.0
EfficientNet-B0,D:\brain_tumor\🧠 Brain Tumor MRI Dataset\classification_task\test\pituitary\brisc2025_test_00887_pi_co_t1.jpg,coronal,2,2,True,1.0,0.0
EfficientNet-B0,D:\brain_tumor\🧠 Brain Tumor MRI Dataset\classification_task\test\pituitary\brisc2025_test_00888_pi_co_t1.jpg,coronal,2,2,True,1.0,0.0
EfficientNet-B0,D:\brain_tumor\🧠 Brain Tumor MRI Dataset\classification_task\test\pituitary\brisc2025_test_00889_pi_co_t1.jpg,coronal,2,2,True,1.0,0.0
EfficientNet-B0,D:\brain_tumor\🧠 Brain Tumor MRI Dataset\classification_task\test\pituitary\brisc2025_test_00890_pi_co_t1.jpg,coronal,2,2,True,1.0,0.0
EfficientNet-B0,D:\brain_tumor\🧠 Brain Tumor MRI Dataset\classification_task\test\pituitary\brisc2025_test_00891_pi_co_t1.jpg,coronal,2,2,True,1.0,0.0
EfficientNet-B0,D:\brain_tumor\🧠 Brain Tumor MRI Dataset\classification_task\test\pituitary\brisc2025_test_00892_pi_co_t1.jpg,coronal,2,2,True,1.0,0.0
EfficientNet-B0,D:\brain_tumor\🧠 Brain Tumor MRI Dataset\classification_task\test\pituitary\brisc2025_test_00893_pi_co_t1.jpg,coronal,2,2,True,1.0,0.0
EfficientNet-B0,D:\brain_tumor\🧠 Brain Tumor MRI Dataset\classification_task\test\pituitary\brisc2025_test_00894_pi_co_t1.jpg,coronal,2,2,True,1.0,0.0
EfficientNet-B0,D:\brain_tumor\🧠 Brain Tumor MRI Dataset\classification_task\test\pituitary\brisc2025_test_00895_pi_co_t1.jpg,coronal,2,2,True,1.0,0.0
EfficientNet-B0,D:\brain_tumor\🧠 Brain Tumor MRI Dataset\classification_task\test\pituitary\brisc2025_test_00896_pi_co_t1.jpg,coronal,2,2,True,1.0,0.0
EfficientNet-B0,D:\brain_tumor\🧠 Brain Tumor MRI Dataset\classification_task\test\pituitary\brisc2025_test_00897_pi_co_t1.jpg,coronal,2,2,True,1.0,0.0
EfficientNet-B0,D:\brain_tumor\🧠 Brain Tumor MRI Dataset\classification_task\test\pituitary\brisc2025_test_00898_pi_co_t1.jpg,coronal,2,2,True,1.0,0.0
EfficientNet-B0,D:\brain_tumor\🧠 Brain Tumor MRI Dataset\classification_task\test\pituitary\brisc2025_test_00899_pi_co_t1.jpg,coronal,2,2,True,1.0,0.0
EfficientNet-B0,D:\brain_tumor\🧠 Brain Tumor MRI Dataset\classification_task\test\pituitary\brisc2025_test_00900_pi_co_t1.jpg,coronal,2,2,True,1.0,0.0
EfficientNet-B0,D:\brain_tumor\🧠 Brain Tumor MRI Dataset\classification_task\test\pituitary\brisc2025_test_00901_pi_co_t1.jpg,coronal,2,2,True,1.0,0.0
EfficientNet-B0,D:\brain_tumor\🧠 Brain Tumor MRI Dataset\classification_task\test\pituitary\brisc2025_test_00902_pi_co_t1.jpg,coronal,2,2,True,1.0,0.0
EfficientNet-B0,D:\brain_tumor\🧠 Brain Tumor MRI Dataset\classification_task\test\pituitary\brisc2025_test_00903_pi_co_t1.jpg,coronal,2,2,True,1.0,0.0
EfficientNet-B0,D:\brain_tumor\🧠 Brain Tumor MRI Dataset\classification_task\test\pituitary\brisc2025_test_00904_pi_co_t1.jpg,coronal,2,2,True,1.0,0.0
EfficientNet-B0,D:\brain_tumor\🧠 Brain Tumor MRI Dataset\classification_task\test\pituitary\brisc2025_test_00905_pi_co_t1.jpg,coronal,2,2,True,1.0,0.0
EfficientNet-B0,D:\brain_tumor\🧠 Brain Tumor MRI Dataset\classification_task\test\pituitary\brisc2025_test_00906_pi_co_t1.jpg,coronal,2,2,True,1.0,0.0
EfficientNet-B0,D:\brain_tumor\🧠 Brain Tumor MRI Dataset\classification_task\test\pituitary\brisc2025_test_00907_pi_co_t1.jpg,coronal,2,2,True,1.0,0.0
EfficientNet-B0,D:\brain_tumor\🧠 Brain Tumor MRI Dataset\classification_task\test\pituitary\brisc2025_test_00908_pi_co_t1.jpg,coronal,2,2,True,1.0,0.0
EfficientNet-B0,D:\brain_tumor\🧠 Brain Tumor MRI Dataset\classification_task\test\pituitary\brisc2025_test_00909_pi_co_t1.jpg,coronal,2,2,True,1.0,0.0
EfficientNet-B0,D:\brain_tumor\🧠 Brain Tumor MRI Dataset\classification_task\test\pituitary\brisc2025_test_00910_pi_co_t1.jpg,coronal,2,2,True,1.0,0.0
EfficientNet-B0,D:\brain_tumor\🧠 Brain Tumor MRI Dataset\classification_task\test\pituitary\brisc2025_test_00911_pi_co_t1.jpg,coronal,2,2,True,1.0,0.0
EfficientNet-B0,D:\brain_tumor\🧠 Brain Tumor MRI Dataset\classification_task\test\pituitary\brisc2025_test_00912_pi_co_t1.jpg,coronal,2,2,True,1.0,0.0
EfficientNet-B0,D:\brain_tumor\🧠 Brain Tumor MRI Dataset\classification_task\test\pituitary\brisc2025_test_00913_pi_co_t1.jpg,coronal,2,2,True,1.0,0.0
EfficientNet-B0,D:\brain_tumor\🧠 Brain Tumor MRI Dataset\classification_task\test\pituitary\brisc2025_test_00914_pi_co_t1.jpg,coronal,2,2,True,1.0,0.0
EfficientNet-B0,D:\brain_tumor\🧠 Brain Tumor MRI Dataset\classification_task\test\pituitary\brisc2025_test_00915_pi_sa_t1.jpg,sagittal,2,2,True,1.0,0.0
EfficientNet-B0,D:\brain_tumor\🧠 Brain Tumor MRI Dataset\classification_task\test\pituitary\brisc2025_test_00916_pi_sa_t1.jpg,sagittal,2,2,True,1.0,0.0
EfficientNet-B0,D:\brain_tumor\🧠 Brain Tumor MRI Dataset\classification_task\test\pituitary\brisc2025_test_00917_pi_sa_t1.jpg,sagittal,2,2,True,1.0,0.0
EfficientNet-B0,D:\brain_tumor\🧠 Brain Tumor MRI Dataset\classification_task\test\pituitary\brisc2025_test_00918_pi_sa_t1.jpg,sagittal,2,2,True,1.0,0.0
EfficientNet-B0,D:\brain_tumor\🧠 Brain Tumor MRI Dataset\classification_task\test\pituitary\brisc2025_test_00919_pi_sa_t1.jpg,sagittal,2,2,True,1.0,0.0
EfficientNet-B0,D:\brain_tumor\🧠 Brain Tumor MRI Dataset\classification_task\test\pituitary\brisc2025_test_00920_pi_sa_t1.jpg,sagittal,2,2,True,1.0,0.0
EfficientNet-B0,D:\brain_tumor\🧠 Brain Tumor MRI Dataset\classification_task\test\pituitary\brisc2025_test_00921_pi_sa_t1.jpg,sagittal,2,2,True,1.0,0.0
EfficientNet-B0,D:\brain_tumor\🧠 Brain Tumor MRI Dataset\classification_task\test\pituitary\brisc2025_test_00922_pi_sa_t1.jpg,sagittal,2,2,True,1.0,0.0
EfficientNet-B0,D:\brain_tumor\🧠 Brain Tumor MRI Dataset\classification_task\test\pituitary\brisc2025_test_00923_pi_sa_t1.jpg,sagittal,2,2,True,1.0,0.0
EfficientNet-B0,D:\brain_tumor\🧠 Brain Tumor MRI Dataset\classification_task\test\pituitary\brisc2025_test_00924_pi_sa_t1.jpg,sagittal,2,2,True,1.0,0.0
EfficientNet-B0,D:\brain_tumor\🧠 Brain Tumor MRI Dataset\classification_task\test\pituitary\brisc2025_test_00925_pi_sa_t1.jpg,sagittal,2,2,True,1.0,0.0
EfficientNet-B0,D:\brain_tumor\🧠 Brain Tumor MRI Dataset\classification_task\test\pituitary\brisc2025_test_00926_pi_sa_t1.jpg,sagittal,2,2,True,1.0,0.0
EfficientNet-B0,D:\brain_tumor\🧠 Brain Tumor MRI Dataset\classification_task\test\pituitary\brisc2025_test_00927_pi_sa_t1.jpg,sagittal,2,2,True,1.0,0.0
EfficientNet-B0,D:\brain_tumor\🧠 Brain Tumor MRI Dataset\classification_task\test\pituitary\brisc2025_test_00928_pi_sa_t1.jpg,sagittal,2,2,True,1.0,0.0
EfficientNet-B0,D:\brain_tumor\🧠 Brain Tumor MRI Dataset\classification_task\test\pituitary\brisc2025_test_00929_pi_sa_t1.jpg,sagittal,2,2,True,1.0,0.0
EfficientNet-B0,D:\brain_tumor\🧠 Brain Tumor MRI Dataset\classification_task\test\pituitary\brisc2025_test_00930_pi_sa_t1.jpg,sagittal,2,2,True,0.998,7.367321628900008e-06
EfficientNet-B0,D:\brain_tumor\🧠 Brain Tumor MRI Dataset\classification_task\test\pituitary\brisc2025_test_00931_pi_sa_t1.jpg,sagittal,2,2,True,1.0,0.0
EfficientNet-B0,D:\brain_tumor\🧠 Brain Tumor MRI Dataset\classification_task\test\pituitary\brisc2025_test_00932_pi_sa_t1.jpg,sagittal,2,2,True,1.0,0.0
EfficientNet-B0,D:\brain_tumor\🧠 Brain Tumor MRI Dataset\classification_task\test\pituitary\brisc2025_test_00933_pi_sa_t1.jpg,sagittal,2,2,True,1.0,0.0
EfficientNet-B0,D:\brain_tumor\🧠 Brain Tumor MRI Dataset\classification_task\test\pituitary\brisc2025_test_00934_pi_sa_t1.jpg,sagittal,2,2,True,1.0,0.0
EfficientNet-B0,D:\brain_tumor\🧠 Brain Tumor MRI Dataset\classification_task\test\pituitary\brisc2025_test_00935_pi_sa_t1.jpg,sagittal,2,2,True,1.0,0.0
EfficientNet-B0,D:\brain_tumor\🧠 Brain Tumor MRI Dataset\classification_task\test\pituitary\brisc2025_test_00936_pi_sa_t1.jpg,sagittal,2,2,True,1.0,0.0
EfficientNet-B0,D:\brain_tumor\🧠 Brain Tumor MRI Dataset\classification_task\test\pituitary\brisc2025_test_00937_pi_sa_t1.jpg,sagittal,2,2,True,1.0,0.0
EfficientNet-B0,D:\brain_tumor\🧠 Brain Tumor MRI Dataset\classification_task\test\pituitary\brisc2025_test_00938_pi_sa_t1.jpg,sagittal,2,2,True,1.0,0.0
EfficientNet-B0,D:\brain_tumor\🧠 Brain Tumor MRI Dataset\classification_task\test\pituitary\brisc2025_test_00939_pi_sa_t1.jpg,sagittal,2,2,True,1.0,0.0
EfficientNet-B0,D:\brain_tumor\🧠 Brain Tumor MRI Dataset\classification_task\test\pituitary\brisc2025_test_00940_pi_sa_t1.jpg,sagittal,2,2,True,1.0,0.0
EfficientNet-B0,D:\brain_tumor\🧠 Brain Tumor MRI Dataset\classification_task\test\pituitary\brisc2025_test_00941_pi_sa_t1.jpg,sagittal,2,2,True,1.0,0.0
EfficientNet-B0,D:\brain_tumor\🧠 Brain Tumor MRI Dataset\classification_task\test\pituitary\brisc2025_test_00942_pi_sa_t1.jpg,sagittal,2,2,True,1.0,3.599999999999999e-15
EfficientNet-B0,D:\brain_tumor\🧠 Brain Tumor MRI Dataset\classification_task\test\pituitary\brisc2025_test_00943_pi_sa_t1.jpg,sagittal,2,2,True,1.0,0.0
EfficientNet-B0,D:\brain_tumor\🧠 Brain Tumor MRI Dataset\classification_task\test\pituitary\brisc2025_test_00944_pi_sa_t1.jpg,sagittal,2,2,True,1.0,0.0
EfficientNet-B0,D:\brain_tumor\🧠 Brain Tumor MRI Dataset\classification_task\test\pituitary\brisc2025_test_00945_pi_sa_t1.jpg,sagittal,2,2,True,1.0,0.0
EfficientNet-B0,D:\brain_tumor\🧠 Brain Tumor MRI Dataset\classification_task\test\pituitary\brisc2025_test_00946_pi_sa_t1.jpg,sagittal,2,2,True,1.0,0.0
EfficientNet-B0,D:\brain_tumor\🧠 Brain Tumor MRI Dataset\classification_task\test\pituitary\brisc2025_test_00947_pi_sa_t1.jpg,sagittal,2,2,True,1.0,0.0
EfficientNet-B0,D:\brain_tumor\🧠 Brain Tumor MRI Dataset\classification_task\test\pituitary\brisc2025_test_00948_pi_sa_t1.jpg,sagittal,2,2,True,1.0,0.0
EfficientNet-B0,D:\brain_tumor\🧠 Brain Tumor MRI Dataset\classification_task\test\pituitary\brisc2025_test_00949_pi_sa_t1.jpg,sagittal,2,2,True,1.0,0.0
EfficientNet-B0,D:\brain_tumor\🧠 Brain Tumor MRI Dataset\classification_task\test\pituitary\brisc2025_test_00950_pi_sa_t1.jpg,sagittal,2,2,True,1.0,0.0
EfficientNet-B0,D:\brain_tumor\🧠 Brain Tumor MRI Dataset\classification_task\test\pituitary\brisc2025_test_00951_pi_sa_t1.jpg,sagittal,2,2,True,1.0,0.0
EfficientNet-B0,D:\brain_tumor\🧠 Brain Tumor MRI Dataset\classification_task\test\pituitary\brisc2025_test_00952_pi_sa_t1.jpg,sagittal,2,2,True,1.0,0.0
EfficientNet-B0,D:\brain_tumor\🧠 Brain Tumor MRI Dataset\classification_task\test\pituitary\brisc2025_test_00953_pi_sa_t1.jpg,sagittal,2,2,True,1.0,0.0
EfficientNet-B0,D:\brain_tumor\🧠 Brain Tumor MRI Dataset\classification_task\test\pituitary\brisc2025_test_00954_pi_sa_t1.jpg,sagittal,2,2,True,1.0,0.0
EfficientNet-B0,D:\brain_tumor\🧠 Brain Tumor MRI Dataset\classification_task\test\pituitary\brisc2025_test_00955_pi_sa_t1.jpg,sagittal,2,2,True,1.0,0.0
EfficientNet-B0,D:\brain_tumor\🧠 Brain Tumor MRI Dataset\classification_task\test\pituitary\brisc2025_test_00956_pi_sa_t1.jpg,sagittal,2,2,True,1.0,0.0
EfficientNet-B0,D:\brain_tumor\🧠 Brain Tumor MRI Dataset\classification_task\test\pituitary\brisc2025_test_00957_pi_sa_t1.jpg,sagittal,2,2,True,1.0,0.0
EfficientNet-B0,D:\brain_tumor\🧠 Brain Tumor MRI Dataset\classification_task\test\pituitary\brisc2025_test_00958_pi_sa_t1.jpg,sagittal,2,2,True,1.0,0.0
EfficientNet-B0,D:\brain_tumor\🧠 Brain Tumor MRI Dataset\classification_task\test\pituitary\brisc2025_test_00959_pi_sa_t1.jpg,sagittal,2,2,True,1.0,0.0
EfficientNet-B0,D:\brain_tumor\🧠 Brain Tumor MRI Dataset\classification_task\test\pituitary\brisc2025_test_00960_pi_sa_t1.jpg,sagittal,2,2,True,1.0,0.0
EfficientNet-B0,D:\brain_tumor\🧠 Brain Tumor MRI Dataset\classification_task\test\pituitary\brisc2025_test_00961_pi_sa_t1.jpg,sagittal,2,2,True,1.0,0.0
EfficientNet-B0,D:\brain_tumor\🧠 Brain Tumor MRI Dataset\classification_task\test\pituitary\brisc2025_test_00962_pi_sa_t1.jpg,sagittal,2,2,True,1.0,0.0
EfficientNet-B0,D:\brain_tumor\🧠 Brain Tumor MRI Dataset\classification_task\test\pituitary\brisc2025_test_00963_pi_sa_t1.jpg,sagittal,2,2,True,1.0,0.0
EfficientNet-B0,D:\brain_tumor\🧠 Brain Tumor MRI Dataset\classification_task\test\pituitary\brisc2025_test_00964_pi_sa_t1.jpg,sagittal,2,2,True,1.0,0.0
EfficientNet-B0,D:\brain_tumor\🧠 Brain Tumor MRI Dataset\classification_task\test\pituitary\brisc2025_test_00965_pi_sa_t1.jpg,sagittal,2,2,True,1.0,0.0
EfficientNet-B0,D:\brain_tumor\🧠 Brain Tumor MRI Dataset\classification_task\test\pituitary\brisc2025_test_00966_pi_sa_t1.jpg,sagittal,2,2,True,1.0,0.0
EfficientNet-B0,D:\brain_tumor\🧠 Brain Tumor MRI Dataset\classification_task\test\pituitary\brisc2025_test_00967_pi_sa_t1.jpg,sagittal,2,2,True,1.0,0.0
EfficientNet-B0,D:\brain_tumor\🧠 Brain Tumor MRI Dataset\classification_task\test\pituitary\brisc2025_test_00968_pi_sa_t1.jpg,sagittal,2,2,True,1.0,0.0
EfficientNet-B0,D:\brain_tumor\🧠 Brain Tumor MRI Dataset\classification_task\test\pituitary\brisc2025_test_00969_pi_sa_t1.jpg,sagittal,2,2,True,1.0,0.0
EfficientNet-B0,D:\brain_tumor\🧠 Brain Tumor MRI Dataset\classification_task\test\pituitary\brisc2025_test_00970_pi_sa_t1.jpg,sagittal,2,2,True,1.0,0.0
EfficientNet-B0,D:\brain_tumor\🧠 Brain Tumor MRI Dataset\classification_task\test\pituitary\brisc2025_test_00971_pi_sa_t1.jpg,sagittal,2,2,True,1.0,0.0
EfficientNet-B0,D:\brain_tumor\🧠 Brain Tumor MRI Dataset\classification_task\test\pituitary\brisc2025_test_00972_pi_sa_t1.jpg,sagittal,2,2,True,1.0,0.0
EfficientNet-B0,D:\brain_tumor\🧠 Brain Tumor MRI Dataset\classification_task\test\pituitary\brisc2025_test_00973_pi_sa_t1.jpg,sagittal,2,2,True,1.0,0.0
EfficientNet-B0,D:\brain_tumor\🧠 Brain Tumor MRI Dataset\classification_task\test\pituitary\brisc2025_test_00974_pi_sa_t1.jpg,sagittal,2,2,True,1.0,1e-12
EfficientNet-B0,D:\brain_tumor\🧠 Brain Tumor MRI Dataset\classification_task\test\pituitary\brisc2025_test_00975_pi_sa_t1.jpg,sagittal,2,2,True,1.0,0.0
EfficientNet-B0,D:\brain_tumor\🧠 Brain Tumor MRI Dataset\classification_task\test\pituitary\brisc2025_test_00976_pi_sa_t1.jpg,sagittal,2,2,True,1.0,0.0
EfficientNet-B0,D:\brain_tumor\🧠 Brain Tumor MRI Dataset\classification_task\test\pituitary\brisc2025_test_00977_pi_sa_t1.jpg,sagittal,2,2,True,1.0,0.0
EfficientNet-B0,D:\brain_tumor\🧠 Brain Tumor MRI Dataset\classification_task\test\pituitary\brisc2025_test_00978_pi_sa_t1.jpg,sagittal,2,2,True,1.0,0.0
EfficientNet-B0,D:\brain_tumor\🧠 Brain Tumor MRI Dataset\classification_task\test\pituitary\brisc2025_test_00979_pi_sa_t1.jpg,sagittal,2,2,True,1.0,0.0
EfficientNet-B0,D:\brain_tumor\🧠 Brain Tumor MRI Dataset\classification_task\test\pituitary\brisc2025_test_00980_pi_sa_t1.jpg,sagittal,2,2,True,1.0,0.0
EfficientNet-B0,D:\brain_tumor\🧠 Brain Tumor MRI Dataset\classification_task\test\pituitary\brisc2025_test_00981_pi_sa_t1.jpg,sagittal,2,2,True,1.0,0.0
EfficientNet-B0,D:\brain_tumor\🧠 Brain Tumor MRI Dataset\classification_task\test\pituitary\brisc2025_test_00982_pi_sa_t1.jpg,sagittal,2,2,True,1.0,0.0
EfficientNet-B0,D:\brain_tumor\🧠 Brain Tumor MRI Dataset\classification_task\test\pituitary\brisc2025_test_00983_pi_sa_t1.jpg,sagittal,2,2,True,1.0,0.0
EfficientNet-B0,D:\brain_tumor\🧠 Brain Tumor MRI Dataset\classification_task\test\pituitary\brisc2025_test_00984_pi_sa_t1.jpg,sagittal,2,2,True,1.0,0.0
EfficientNet-B0,D:\brain_tumor\🧠 Brain Tumor MRI Dataset\classification_task\test\pituitary\brisc2025_test_00985_pi_sa_t1.jpg,sagittal,2,2,True,1.0,0.0
EfficientNet-B0,D:\brain_tumor\🧠 Brain Tumor MRI Dataset\classification_task\test\pituitary\brisc2025_test_00986_pi_sa_t1.jpg,sagittal,2,2,True,1.0,0.0
EfficientNet-B0,D:\brain_tumor\🧠 Brain Tumor MRI Dataset\classification_task\test\pituitary\brisc2025_test_00987_pi_sa_t1.jpg,sagittal,2,2,True,1.0,0.0
EfficientNet-B0,D:\brain_tumor\🧠 Brain Tumor MRI Dataset\classification_task\test\pituitary\brisc2025_test_00988_pi_sa_t1.jpg,sagittal,2,2,True,1.0,0.0
EfficientNet-B0,D:\brain_tumor\🧠 Brain Tumor MRI Dataset\classification_task\test\pituitary\brisc2025_test_00989_pi_sa_t1.jpg,sagittal,2,2,True,1.0,0.0
EfficientNet-B0,D:\brain_tumor\🧠 Brain Tumor MRI Dataset\classification_task\test\pituitary\brisc2025_test_00990_pi_sa_t1.jpg,sagittal,2,2,True,1.0,0.0
EfficientNet-B0,D:\brain_tumor\🧠 Brain Tumor MRI Dataset\classification_task\test\pituitary\brisc2025_test_00991_pi_sa_t1.jpg,sagittal,2,2,True,1.0,0.0
EfficientNet-B0,D:\brain_tumor\🧠 Brain Tumor MRI Dataset\classification_task\test\pituitary\brisc2025_test_00992_pi_sa_t1.jpg,sagittal,2,2,True,1.0,0.0
EfficientNet-B0,D:\brain_tumor\🧠 Brain Tumor MRI Dataset\classification_task\test\pituitary\brisc2025_test_00993_pi_sa_t1.jpg,sagittal,2,2,True,1.0,0.0
EfficientNet-B0,D:\brain_tumor\🧠 Brain Tumor MRI Dataset\classification_task\test\pituitary\brisc2025_test_00994_pi_sa_t1.jpg,sagittal,2,2,True,1.0,0.0
EfficientNet-B0,D:\brain_tumor\🧠 Brain Tumor MRI Dataset\classification_task\test\pituitary\brisc2025_test_00995_pi_sa_t1.jpg,sagittal,2,2,True,1.0,0.0
EfficientNet-B0,D:\brain_tumor\🧠 Brain Tumor MRI Dataset\classification_task\test\pituitary\brisc2025_test_00996_pi_sa_t1.jpg,sagittal,2,2,True,1.0,0.0
EfficientNet-B0,D:\brain_tumor\🧠 Brain Tumor MRI Dataset\classification_task\test\pituitary\brisc2025_test_00997_pi_sa_t1.jpg,sagittal,2,2,True,1.0,0.0
EfficientNet-B0,D:\brain_tumor\🧠 Brain Tumor MRI Dataset\classification_task\test\pituitary\brisc2025_test_00998_pi_sa_t1.jpg,sagittal,2,2,True,1.0,0.0
EfficientNet-B0,D:\brain_tumor\🧠 Brain Tumor MRI Dataset\classification_task\test\pituitary\brisc2025_test_00999_pi_sa_t1.jpg,sagittal,2,2,True,1.0,0.0
EfficientNet-B0,D:\brain_tumor\🧠 Brain Tumor MRI Dataset\classification_task\test\pituitary\brisc2025_test_01000_pi_sa_t1.jpg,sagittal,2,2,True,1.0,0.0
ConvNeXt-Tiny,D:\brain_tumor\🧠 Brain Tumor MRI Dataset\classification_task\test\glioma\brisc2025_test_00001_gl_ax_t1.jpg,axial,0,0,True,0.9998192,4.563908354374995e-08
ConvNeXt-Tiny,D:\brain_tumor\🧠 Brain Tumor MRI Dataset\classification_task\test\glioma\brisc2025_test_00002_gl_ax_t1.jpg,axial,0,0,True,0.999788,6.942208916829761e-08
ConvNeXt-Tiny,D:\brain_tumor\🧠 Brain Tumor MRI Dataset\classification_task\test\glioma\brisc2025_test_00003_gl_ax_t1.jpg,axial,0,0,True,0.9999683,1.8120363336123845e-09
ConvNeXt-Tiny,D:\brain_tumor\🧠 Brain Tumor MRI Dataset\classification_task\test\glioma\brisc2025_test_00004_gl_ax_t1.jpg,axial,0,1,False,0.87446946,1.7748918914327136
ConvNeXt-Tiny,D:\brain_tumor\🧠 Brain Tumor MRI Dataset\classification_task\test\glioma\brisc2025_test_00005_gl_ax_t1.jpg,axial,0,1,False,0.6475929,1.4380577286072203
ConvNeXt-Tiny,D:\brain_tumor\🧠 Brain Tumor MRI Dataset\classification_task\test\glioma\brisc2025_test_00006_gl_ax_t1.jpg,axial,0,0,True,0.9986059,3.3957739566649748e-06
ConvNeXt-Tiny,D:\brain_tumor\🧠 Brain Tumor MRI Dataset\classification_task\test\glioma\brisc2025_test_00007_gl_ax_t1.jpg,axial,0,0,True,0.96867377,0.0018230559370828144
ConvNeXt-Tiny,D:\brain_tumor\🧠 Brain Tumor MRI Dataset\classification_task\test\glioma\brisc2025_test_00008_gl_ax_t1.jpg,axial,0,0,True,0.9999511,4.157658777759281e-09
ConvNeXt-Tiny,D:\brain_tumor\🧠 Brain Tumor MRI Dataset\classification_task\test\glioma\brisc2025_test_00009_gl_ax_t1.jpg,axial,0,0,True,0.9999598,2.8747682527359216e-09
ConvNeXt-Tiny,D:\brain_tumor\🧠 Brain Tumor MRI Dataset\classification_task\test\glioma\brisc2025_test_00010_gl_ax_t1.jpg,axial,0,0,True,0.99779785,8.783766810222934e-06
ConvNeXt-Tiny,D:\brain_tumor\🧠 Brain Tumor MRI Dataset\classification_task\test\glioma\brisc2025_test_00011_gl_ax_t1.jpg,axial,0,0,True,0.999671,1.8554796212586754e-07
ConvNeXt-Tiny,D:\brain_tumor\🧠 Brain Tumor MRI Dataset\classification_task\test\glioma\brisc2025_test_00012_gl_ax_t1.jpg,axial,0,0,True,0.99995494,3.5856291283093762e-09
ConvNeXt-Tiny,D:\brain_tumor\🧠 Brain Tumor MRI Dataset\classification_task\test\glioma\brisc2025_test_00013_gl_ax_t1.jpg,axial,0,0,True,0.99997485,1.1604302199550198e-09
ConvNeXt-Tiny,D:\brain_tumor\🧠 Brain Tumor MRI Dataset\classification_task\test\glioma\brisc2025_test_00014_gl_ax_t1.jpg,axial,0,0,True,0.9998516,3.503420318730107e-08
ConvNeXt-Tiny,D:\brain_tumor\🧠 Brain Tumor MRI Dataset\classification_task\test\glioma\brisc2025_test_00015_gl_ax_t1.jpg,axial,0,0,True,0.9999579,3.178450944389608e-09
ConvNeXt-Tiny,D:\brain_tumor\🧠 Brain Tumor MRI Dataset\classification_task\test\glioma\brisc2025_test_00016_gl_ax_t1.jpg,axial,0,0,True,0.99997854,8.285889690169865e-10
ConvNeXt-Tiny,D:\brain_tumor\🧠 Brain Tumor MRI Dataset\classification_task\test\glioma\brisc2025_test_00017_gl_ax_t1.jpg,axial,0,0,True,0.9998043,5.366900085011599e-08
ConvNeXt-Tiny,D:\brain_tumor\🧠 Brain Tumor MRI Dataset\classification_task\test\glioma\brisc2025_test_00018_gl_ax_t1.jpg,axial,0,0,True,0.9999428,5.589350148462886e-09
ConvNeXt-Tiny,D:\brain_tumor\🧠 Brain Tumor MRI Dataset\classification_task\test\glioma\brisc2025_test_00019_gl_ax_t1.jpg,axial,0,0,True,0.9999658,2.1260751041008056e-09
ConvNeXt-Tiny,D:\brain_tumor\🧠 Brain Tumor MRI Dataset\classification_task\test\glioma\brisc2025_test_00020_gl_ax_t1.jpg,axial,0,0,True,0.99996924,1.5599916147825826e-09
ConvNeXt-Tiny,D:\brain_tumor\🧠 Brain Tumor MRI Dataset\classification_task\test\glioma\brisc2025_test_00021_gl_ax_t1.jpg,axial,0,0,True,0.9999721,1.4017438915318106e-09
ConvNeXt-Tiny,D:\brain_tumor\🧠 Brain Tumor MRI Dataset\classification_task\test\glioma\brisc2025_test_00022_gl_ax_t1.jpg,axial,0,0,True,0.9999665,1.9734149739692627e-09
ConvNeXt-Tiny,D:\brain_tumor\🧠 Brain Tumor MRI Dataset\classification_task\test\glioma\brisc2025_test_00023_gl_ax_t1.jpg,axial,0,0,True,0.999977,9.424059514788296e-10
ConvNeXt-Tiny,D:\brain_tumor\🧠 Brain Tumor MRI Dataset\classification_task\test\glioma\brisc2025_test_00024_gl_ax_t1.jpg,axial,0,0,True,0.9998603,3.336352296133869e-08
ConvNeXt-Tiny,D:\brain_tumor\🧠 Brain Tumor MRI Dataset\classification_task\test\glioma\brisc2025_test_00025_gl_ax_t1.jpg,axial,0,0,True,0.9999689,1.7058118258347597e-09
ConvNeXt-Tiny,D:\brain_tumor\🧠 Brain Tumor MRI Dataset\classification_task\test\glioma\brisc2025_test_00026_gl_ax_t1.jpg,axial,0,0,True,0.9999758,1.0334223029351675e-09
ConvNeXt-Tiny,D:\brain_tumor\🧠 Brain Tumor MRI Dataset\classification_task\test\glioma\brisc2025_test_00027_gl_ax_t1.jpg,axial,0,0,True,0.99992824,9.460221451870181e-09
ConvNeXt-Tiny,D:\brain_tumor\🧠 Brain Tumor MRI Dataset\classification_task\test\glioma\brisc2025_test_00028_gl_ax_t1.jpg,axial,0,0,True,0.9999671,1.9529886041920296e-09
ConvNeXt-Tiny,D:\brain_tumor\🧠 Brain Tumor MRI Dataset\classification_task\test\glioma\brisc2025_test_00029_gl_ax_t1.jpg,axial,0,0,True,0.99997103,1.5142247879721628e-09
ConvNeXt-Tiny,D:\brain_tumor\🧠 Brain Tumor MRI Dataset\classification_task\test\glioma\brisc2025_test_00030_gl_ax_t1.jpg,axial,0,0,True,0.99995255,3.175256260246639e-09
ConvNeXt-Tiny,D:\brain_tumor\🧠 Brain Tumor MRI Dataset\classification_task\test\glioma\brisc2025_test_00031_gl_ax_t1.jpg,axial,0,0,True,0.9999745,1.0984979992746605e-09
ConvNeXt-Tiny,D:\brain_tumor\🧠 Brain Tumor MRI Dataset\classification_task\test\glioma\brisc2025_test_00032_gl_ax_t1.jpg,axial,0,0,True,0.9999602,2.8729138999143216e-09
ConvNeXt-Tiny,D:\brain_tumor\🧠 Brain Tumor MRI Dataset\classification_task\test\glioma\brisc2025_test_00033_gl_ax_t1.jpg,axial,0,0,True,0.99996305,2.5328779730104154e-09
ConvNeXt-Tiny,D:\brain_tumor\🧠 Brain Tumor MRI Dataset\classification_task\test\glioma\brisc2025_test_00034_gl_ax_t1.jpg,axial,0,0,True,0.9999273,9.524667567162224e-09
ConvNeXt-Tiny,D:\brain_tumor\🧠 Brain Tumor MRI Dataset\classification_task\test\glioma\brisc2025_test_00035_gl_ax_t1.jpg,axial,0,0,True,0.9999654,2.1312192776184685e-09
ConvNeXt-Tiny,D:\brain_tumor\🧠 Brain Tumor MRI Dataset\classification_task\test\glioma\brisc2025_test_00036_gl_ax_t1.jpg,axial,0,0,True,0.9999485,4.717926000043945e-09
ConvNeXt-Tiny,D:\brain_tumor\🧠 Brain Tumor MRI Dataset\classification_task\test\glioma\brisc2025_test_00037_gl_ax_t1.jpg,axial,0,0,True,0.99997985,7.225233296290501e-10
ConvNeXt-Tiny,D:\brain_tumor\🧠 Brain Tumor MRI Dataset\classification_task\test\glioma\brisc2025_test_00038_gl_ax_t1.jpg,axial,0,0,True,0.999972,1.3577483198645349e-09
ConvNeXt-Tiny,D:\brain_tumor\🧠 Brain Tumor MRI Dataset\classification_task\test\glioma\brisc2025_test_00039_gl_ax_t1.jpg,axial,0,0,True,0.9999571,3.2936328877014787e-09
ConvNeXt-Tiny,D:\brain_tumor\🧠 Brain Tumor MRI Dataset\classification_task\test\glioma\brisc2025_test_00040_gl_ax_t1.jpg,axial,0,0,True,0.9999516,4.2174217930187076e-09
ConvNeXt-Tiny,D:\brain_tumor\🧠 Brain Tumor MRI Dataset\classification_task\test\glioma\brisc2025_test_00041_gl_ax_t1.jpg,axial,0,0,True,0.9999399,6.796971001024954e-09
ConvNeXt-Tiny,D:\brain_tumor\🧠 Brain Tumor MRI Dataset\classification_task\test\glioma\brisc2025_test_00042_gl_ax_t1.jpg,axial,0,0,True,0.999938,6.4310150484654315e-09
ConvNeXt-Tiny,D:\brain_tumor\🧠 Brain Tumor MRI Dataset\classification_task\test\glioma\brisc2025_test_00043_gl_ax_t1.jpg,axial,0,0,True,0.99985707,3.7993296451166014e-08
ConvNeXt-Tiny,D:\brain_tumor\🧠 Brain Tumor MRI Dataset\classification_task\test\glioma\brisc2025_test_00044_gl_ax_t1.jpg,axial,0,0,True,0.9999709,1.5223038845421976e-09
ConvNeXt-Tiny,D:\brain_tumor\🧠 Brain Tumor MRI Dataset\classification_task\test\glioma\brisc2025_test_00045_gl_ax_t1.jpg,axial,0,2,False,0.76910305,1.5320505915607192
ConvNeXt-Tiny,D:\brain_tumor\🧠 Brain Tumor MRI Dataset\classification_task\test\glioma\brisc2025_test_00046_gl_ax_t1.jpg,axial,0,0,True,0.9998604,3.398283276359824e-08
ConvNeXt-Tiny,D:\brain_tumor\🧠 Brain Tumor MRI Dataset\classification_task\test\glioma\brisc2025_test_00047_gl_ax_t1.jpg,axial,0,0,True,0.9998909,2.1710365699938563e-08
ConvNeXt-Tiny,D:\brain_tumor\🧠 Brain Tumor MRI Dataset\classification_task\test\glioma\brisc2025_test_00048_gl_ax_t1.jpg,axial,0,0,True,0.99978155,6.766147323743255e-08
ConvNeXt-Tiny,D:\brain_tumor\🧠 Brain Tumor MRI Dataset\classification_task\test\glioma\brisc2025_test_00049_gl_ax_t1.jpg,axial,0,0,True,0.9972721,1.3545890277984471e-05
ConvNeXt-Tiny,D:\brain_tumor\🧠 Brain Tumor MRI Dataset\classification_task\test\glioma\brisc2025_test_00050_gl_ax_t1.jpg,axial,0,1,False,0.99849427,1.9965163290803654
ConvNeXt-Tiny,D:\brain_tumor\🧠 Brain Tumor MRI Dataset\classification_task\test\glioma\brisc2025_test_00051_gl_ax_t1.jpg,axial,0,0,True,0.9999535,3.7910520138685026e-09
ConvNeXt-Tiny,D:\brain_tumor\🧠 Brain Tumor MRI Dataset\classification_task\test\glioma\brisc2025_test_00052_gl_ax_t1.jpg,axial,0,0,True,0.9939957,6.874852876612789e-05
ConvNeXt-Tiny,D:\brain_tumor\🧠 Brain Tumor MRI Dataset\classification_task\test\glioma\brisc2025_test_00053_gl_ax_t1.jpg,axial,0,0,True,0.9999654,2.014065605363952e-09
ConvNeXt-Tiny,D:\brain_tumor\🧠 Brain Tumor MRI Dataset\classification_task\test\glioma\brisc2025_test_00054_gl_ax_t1.jpg,axial,0,0,True,0.9999443,5.592255141887582e-09
ConvNeXt-Tiny,D:\brain_tumor\🧠 Brain Tumor MRI Dataset\classification_task\test\glioma\brisc2025_test_00055_gl_ax_t1.jpg,axial,0,0,True,0.9550454,0.004031810407782274
ConvNeXt-Tiny,D:\brain_tumor\🧠 Brain Tumor MRI Dataset\classification_task\test\glioma\brisc2025_test_00056_gl_ax_t1.jpg,axial,0,0,True,0.99991906,1.1848750345847475e-08
ConvNeXt-Tiny,D:\brain_tumor\🧠 Brain Tumor MRI Dataset\classification_task\test\glioma\brisc2025_test_00057_gl_ax_t1.jpg,axial,0,0,True,0.9993135,6.600959628746099e-07
ConvNeXt-Tiny,D:\brain_tumor\🧠 Brain Tumor MRI Dataset\classification_task\test\glioma\brisc2025_test_00058_gl_ax_t1.jpg,axial,0,0,True,0.9985536,3.034200510486698e-06
ConvNeXt-Tiny,D:\brain_tumor\🧠 Brain Tumor MRI Dataset\classification_task\test\glioma\brisc2025_test_00059_gl_ax_t1.jpg,axial,0,0,True,0.99993086,8.48342660750026e-09
ConvNeXt-Tiny,D:\brain_tumor\🧠 Brain Tumor MRI Dataset\classification_task\test\glioma\brisc2025_test_00060_gl_ax_t1.jpg,axial,0,2,False,0.99999213,1.9999705915910322
ConvNeXt-Tiny,D:\brain_tumor\🧠 Brain Tumor MRI Dataset\classification_task\test\glioma\brisc2025_test_00061_gl_ax_t1.jpg,axial,0,0,True,0.99947697,4.909725202510524e-07
ConvNeXt-Tiny,D:\brain_tumor\🧠 Brain Tumor MRI Dataset\classification_task\test\glioma\brisc2025_test_00062_gl_ax_t1.jpg,axial,0,0,True,0.9999467,4.925273416389575e-09
ConvNeXt-Tiny,D:\brain_tumor\🧠 Brain Tumor MRI Dataset\classification_task\test\glioma\brisc2025_test_00063_gl_ax_t1.jpg,axial,0,0,True,0.99996984,1.5952420059408879e-09
ConvNeXt-Tiny,D:\brain_tumor\🧠 Brain Tumor MRI Dataset\classification_task\test\glioma\brisc2025_test_00064_gl_ax_t1.jpg,axial,0,0,True,0.99950135,4.741293085148912e-07
ConvNeXt-Tiny,D:\brain_tumor\🧠 Brain Tumor MRI Dataset\classification_task\test\glioma\brisc2025_test_00065_gl_ax_t1.jpg,axial,0,0,True,0.995252,3.3360480114143855e-05
ConvNeXt-Tiny,D:\brain_tumor\🧠 Brain Tumor MRI Dataset\classification_task\test\glioma\brisc2025_test_00066_gl_ax_t1.jpg,axial,0,0,True,0.9999758,9.37435673075809e-10
ConvNeXt-Tiny,D:\brain_tumor\🧠 Brain Tumor MRI Dataset\classification_task\test\glioma\brisc2025_test_00067_gl_ax_t1.jpg,axial,0,0,True,0.9999697,1.5325548308278703e-09
ConvNeXt-Tiny,D:\brain_tumor\🧠 Brain Tumor MRI Dataset\classification_task\test\glioma\brisc2025_test_00068_gl_ax_t1.jpg,axial,0,0,True,0.9999622,2.5270134706246164e-09
ConvNeXt-Tiny,D:\brain_tumor\🧠 Brain Tumor MRI Dataset\classification_task\test\glioma\brisc2025_test_00069_gl_ax_t1.jpg,axial,0,0,True,0.9999536,3.853916686485951e-09
ConvNeXt-Tiny,D:\brain_tumor\🧠 Brain Tumor MRI Dataset\classification_task\test\glioma\brisc2025_test_00070_gl_ax_t1.jpg,axial,0,0,True,0.9999206,1.1839782577423742e-08
ConvNeXt-Tiny,D:\brain_tumor\🧠 Brain Tumor MRI Dataset\classification_task\test\glioma\brisc2025_test_00071_gl_ax_t1.jpg,axial,0,0,True,0.9994715,5.001881860640156e-07
ConvNeXt-Tiny,D:\brain_tumor\🧠 Brain Tumor MRI Dataset\classification_task\test\glioma\brisc2025_test_00072_gl_ax_t1.jpg,axial,0,0,True,0.9999546,2.903279529838879e-09
ConvNeXt-Tiny,D:\brain_tumor\🧠 Brain Tumor MRI Dataset\classification_task\test\glioma\brisc2025_test_00073_gl_ax_t1.jpg,axial,0,0,True,0.9999423,5.178075443190248e-09
ConvNeXt-Tiny,D:\brain_tumor\🧠 Brain Tumor MRI Dataset\classification_task\test\glioma\brisc2025_test_00074_gl_ax_t1.jpg,axial,0,0,True,0.9999424,5.954991300074749e-09
ConvNeXt-Tiny,D:\brain_tumor\🧠 Brain Tumor MRI Dataset\classification_task\test\glioma\brisc2025_test_00075_gl_ax_t1.jpg,axial,0,0,True,0.99996233,2.569661371753466e-09
ConvNeXt-Tiny,D:\brain_tumor\🧠 Brain Tumor MRI Dataset\classification_task\test\glioma\brisc2025_test_00076_gl_ax_t1.jpg,axial,0,0,True,0.9999784,8.293708100774062e-10
ConvNeXt-Tiny,D:\brain_tumor\🧠 Brain Tumor MRI Dataset\classification_task\test\glioma\brisc2025_test_00077_gl_ax_t1.jpg,axial,0,0,True,0.99887246,1.8220468877659056e-06
ConvNeXt-Tiny,D:\brain_tumor\🧠 Brain Tumor MRI Dataset\classification_task\test\glioma\brisc2025_test_00078_gl_ax_t1.jpg,axial,0,0,True,0.999579,2.552235590412687e-07
ConvNeXt-Tiny,D:\brain_tumor\🧠 Brain Tumor MRI Dataset\classification_task\test\glioma\brisc2025_test_00079_gl_ax_t1.jpg,axial,0,0,True,0.99959046,2.2586878696493362e-07
ConvNeXt-Tiny,D:\brain_tumor\🧠 Brain Tumor MRI Dataset\classification_task\test\glioma\brisc2025_test_00080_gl_ax_t1.jpg,axial,0,0,True,0.9999664,1.5969891589451467e-09
ConvNeXt-Tiny,D:\brain_tumor\🧠 Brain Tumor MRI Dataset\classification_task\test\glioma\brisc2025_test_00081_gl_ax_t1.jpg,axial,0,0,True,0.9993024,8.12556236849175e-07
ConvNeXt-Tiny,D:\brain_tumor\🧠 Brain Tumor MRI Dataset\classification_task\test\glioma\brisc2025_test_00082_gl_ax_t1.jpg,axial,0,0,True,0.97709286,0.0010200518110615449
ConvNeXt-Tiny,D:\brain_tumor\🧠 Brain Tumor MRI Dataset\classification_task\test\glioma\brisc2025_test_00083_gl_ax_t1.jpg,axial,0,0,True,0.9999578,3.2384390844034764e-09
ConvNeXt-Tiny,D:\brain_tumor\🧠 Brain Tumor MRI Dataset\classification_task\test\glioma\brisc2025_test_00084_gl_ax_t1.jpg,axial,0,0,True,0.999954,3.961657701915846e-09
ConvNeXt-Tiny,D:\brain_tumor\🧠 Brain Tumor MRI Dataset\classification_task\test\glioma\brisc2025_test_00085_gl_ax_t1.jpg,axial,0,0,True,0.9999254,1.0138237718618839e-08
ConvNeXt-Tiny,D:\brain_tumor\🧠 Brain Tumor MRI Dataset\classification_task\test\glioma\brisc2025_test_00086_gl_co_t1.jpg,coronal,0,0,True,0.99997616,8.842308761655407e-10
ConvNeXt-Tiny,D:\brain_tumor\🧠 Brain Tumor MRI Dataset\classification_task\test\glioma\brisc2025_test_00087_gl_co_t1.jpg,coronal,0,0,True,0.99998295,4.855536421378177e-10
ConvNeXt-Tiny,D:\brain_tumor\🧠 Brain Tumor MRI Dataset\classification_task\test\glioma\brisc2025_test_00088_gl_co_t1.jpg,coronal,0,0,True,0.9999387,5.582551053021838e-09
ConvNeXt-Tiny,D:\brain_tumor\🧠 Brain Tumor MRI Dataset\classification_task\test\glioma\brisc2025_test_00089_gl_co_t1.jpg,coronal,0,0,True,0.99998474,3.9927320749889166e-10
ConvNeXt-Tiny,D:\brain_tumor\🧠 Brain Tumor MRI Dataset\classification_task\test\glioma\brisc2025_test_00090_gl_co_t1.jpg,coronal,0,0,True,0.9999784,7.480915453929178e-10
ConvNeXt-Tiny,D:\brain_tumor\🧠 Brain Tumor MRI Dataset\classification_task\test\glioma\brisc2025_test_00091_gl_co_t1.jpg,coronal,0,0,True,0.99996555,1.670678637523767e-09
ConvNeXt-Tiny,D:\brain_tumor\🧠 Brain Tumor MRI Dataset\classification_task\test\glioma\brisc2025_test_00092_gl_co_t1.jpg,coronal,0,0,True,0.99995255,3.175256260246639e-09
ConvNeXt-Tiny,D:\brain_tumor\🧠 Brain Tumor MRI Dataset\classification_task\test\glioma\brisc2025_test_00093_gl_co_t1.jpg,coronal,0,0,True,0.999376,7.211437095741798e-07
ConvNeXt-Tiny,D:\brain_tumor\🧠 Brain Tumor MRI Dataset\classification_task\test\glioma\brisc2025_test_00094_gl_co_t1.jpg,coronal,0,0,True,0.9999187,1.0913867076057575e-08
ConvNeXt-Tiny,D:\brain_tumor\🧠 Brain Tumor MRI Dataset\classification_task\test\glioma\brisc2025_test_00095_gl_co_t1.jpg,coronal,0,0,True,0.99989235,1.623958018784773e-08
ConvNeXt-Tiny,D:\brain_tumor\🧠 Brain Tumor MRI Dataset\classification_task\test\glioma\brisc2025_test_00096_gl_co_t1.jpg,coronal,0,2,False,0.56301886,1.4167063431438915
ConvNeXt-Tiny,D:\brain_tumor\🧠 Brain Tumor MRI Dataset\classification_task\test\glioma\brisc2025_test_00097_gl_co_t1.jpg,coronal,0,0,True,0.99995315,3.0759445776355933e-09
ConvNeXt-Tiny,D:\brain_tumor\🧠 Brain Tumor MRI Dataset\classification_task\test\glioma\brisc2025_test_00098_gl_co_t1.jpg,coronal,0,0,True,0.9999684,1.7463440454106378e-09
ConvNeXt-Tiny,D:\brain_tumor\🧠 Brain Tumor MRI Dataset\classification_task\test\glioma\brisc2025_test_00099_gl_co_t1.jpg,coronal,0,0,True,0.9985098,3.6315806416337853e-06
ConvNeXt-Tiny,D:\brain_tumor\🧠 Brain Tumor MRI Dataset\classification_task\test\glioma\brisc2025_test_00100_gl_co_t1.jpg,coronal,0,0,True,0.9999585,2.9246061144840106e-09
ConvNeXt-Tiny,D:\brain_tumor\🧠 Brain Tumor MRI Dataset\classification_task\test\glioma\brisc2025_test_00101_gl_co_t1.jpg,coronal,0,0,True,0.99998605,3.113694302831288e-10
ConvNeXt-Tiny,D:\brain_tumor\🧠 Brain Tumor MRI Dataset\classification_task\test\glioma\brisc2025_test_00102_gl_co_t1.jpg,coronal,0,0,True,0.99998033,6.588411734262714e-10
ConvNeXt-Tiny,D:\brain_tumor\🧠 Brain Tumor MRI Dataset\classification_task\test\glioma\brisc2025_test_00103_gl_co_t1.jpg,coronal,0,0,True,0.99998844,2.043284543444345e-10
ConvNeXt-Tiny,D:\brain_tumor\🧠 Brain Tumor MRI Dataset\classification_task\test\glioma\brisc2025_test_00104_gl_co_t1.jpg,coronal,0,0,True,0.9999844,4.1999975986760614e-10
ConvNeXt-Tiny,D:\brain_tumor\🧠 Brain Tumor MRI Dataset\classification_task\test\glioma\brisc2025_test_00105_gl_co_t1.jpg,coronal,0,0,True,0.9999833,4.2576062151185016e-10
ConvNeXt-Tiny,D:\brain_tumor\🧠 Brain Tumor MRI Dataset\classification_task\test\glioma\brisc2025_test_00106_gl_co_t1.jpg,coronal,0,0,True,0.99997747,8.349539903413347e-10
ConvNeXt-Tiny,D:\brain_tumor\🧠 Brain Tumor MRI Dataset\classification_task\test\glioma\brisc2025_test_00107_gl_co_t1.jpg,coronal,0,0,True,0.999977,8.205291426748343e-10
ConvNeXt-Tiny,D:\brain_tumor\🧠 Brain Tumor MRI Dataset\classification_task\test\glioma\brisc2025_test_00108_gl_co_t1.jpg,coronal,0,0,True,0.99998057,5.771678700529784e-10
ConvNeXt-Tiny,D:\brain_tumor\🧠 Brain Tumor MRI Dataset\classification_task\test\glioma\brisc2025_test_00109_gl_co_t1.jpg,coronal,0,0,True,0.99997866,7.790477576882565e-10
ConvNeXt-Tiny,D:\brain_tumor\🧠 Brain Tumor MRI Dataset\classification_task\test\glioma\brisc2025_test_00110_gl_co_t1.jpg,coronal,0,0,True,0.9999864,3.0385327560172385e-10
ConvNeXt-Tiny,D:\brain_tumor\🧠 Brain Tumor MRI Dataset\classification_task\test\glioma\brisc2025_test_00111_gl_co_t1.jpg,coronal,0,0,True,0.99989104,1.8238554449519242e-08
ConvNeXt-Tiny,D:\brain_tumor\🧠 Brain Tumor MRI Dataset\classification_task\test\glioma\brisc2025_test_00112_gl_co_t1.jpg,coronal,0,0,True,0.9999771,8.079764344425419e-10
ConvNeXt-Tiny,D:\brain_tumor\🧠 Brain Tumor MRI Dataset\classification_task\test\glioma\brisc2025_test_00113_gl_co_t1.jpg,coronal,0,0,True,0.99997807,7.845731087375757e-10
ConvNeXt-Tiny,D:\brain_tumor\🧠 Brain Tumor MRI Dataset\classification_task\test\glioma\brisc2025_test_00114_gl_co_t1.jpg,coronal,0,0,True,0.9999107,1.181352286965186e-08
ConvNeXt-Tiny,D:\brain_tumor\🧠 Brain Tumor MRI Dataset\classification_task\test\glioma\brisc2025_test_00115_gl_co_t1.jpg,coronal,0,0,True,0.9999629,2.4142227289594286e-09
ConvNeXt-Tiny,D:\brain_tumor\🧠 Brain Tumor MRI Dataset\classification_task\test\glioma\brisc2025_test_00116_gl_co_t1.jpg,coronal,0,0,True,0.9999728,1.2550551966918859e-09
ConvNeXt-Tiny,D:\brain_tumor\🧠 Brain Tumor MRI Dataset\classification_task\test\glioma\brisc2025_test_00117_gl_co_t1.jpg,coronal,0,0,True,0.9926474,8.049901503699596e-05
ConvNeXt-Tiny,D:\brain_tumor\🧠 Brain Tumor MRI Dataset\classification_task\test\glioma\brisc2025_test_00118_gl_co_t1.jpg,coronal,0,0,True,0.99972314,1.0995198579697014e-07
ConvNeXt-Tiny,D:\brain_tumor\🧠 Brain Tumor MRI Dataset\classification_task\test\glioma\brisc2025_test_00119_gl_co_t1.jpg,coronal,0,0,True,0.9999347,6.357622448528552e-09
ConvNeXt-Tiny,D:\brain_tumor\🧠 Brain Tumor MRI Dataset\classification_task\test\glioma\brisc2025_test_00120_gl_co_t1.jpg,coronal,0,0,True,0.99998367,4.3526958204912994e-10
ConvNeXt-Tiny,D:\brain_tumor\🧠 Brain Tumor MRI Dataset\classification_task\test\glioma\brisc2025_test_00121_gl_co_t1.jpg,coronal,0,0,True,0.9999858,3.2124482722904403e-10
ConvNeXt-Tiny,D:\brain_tumor\🧠 Brain Tumor MRI Dataset\classification_task\test\glioma\brisc2025_test_00122_gl_co_t1.jpg,coronal,0,0,True,0.99998534,3.137941850733414e-10
ConvNeXt-Tiny,D:\brain_tumor\🧠 Brain Tumor MRI Dataset\classification_task\test\glioma\brisc2025_test_00123_gl_co_t1.jpg,coronal,0,0,True,0.9999838,4.0580920775058703e-10
ConvNeXt-Tiny,D:\brain_tumor\🧠 Brain Tumor MRI Dataset\classification_task\test\glioma\brisc2025_test_00124_gl_co_t1.jpg,coronal,0,0,True,0.999985,3.4877353176843546e-10
ConvNeXt-Tiny,D:\brain_tumor\🧠 Brain Tumor MRI Dataset\classification_task\test\glioma\brisc2025_test_00125_gl_co_t1.jpg,coronal,0,0,True,0.9999846,3.8101889905767595e-10
ConvNeXt-Tiny,D:\brain_tumor\🧠 Brain Tumor MRI Dataset\classification_task\test\glioma\brisc2025_test_00126_gl_co_t1.jpg,coronal,0,0,True,0.9999819,5.083378651907625e-10
ConvNeXt-Tiny,D:\brain_tumor\🧠 Brain Tumor MRI Dataset\classification_task\test\glioma\brisc2025_test_00127_gl_co_t1.jpg,coronal,0,0,True,0.999974,1.0649481162172884e-09
ConvNeXt-Tiny,D:\brain_tumor\🧠 Brain Tumor MRI Dataset\classification_task\test\glioma\brisc2025_test_00128_gl_co_t1.jpg,coronal,0,0,True,0.9999697,1.600524628922447e-09
ConvNeXt-Tiny,D:\brain_tumor\🧠 Brain Tumor MRI Dataset\classification_task\test\glioma\brisc2025_test_00129_gl_co_t1.jpg,coronal,0,0,True,0.9999893,1.8955918511207388e-10
ConvNeXt-Tiny,D:\brain_tumor\🧠 Brain Tumor MRI Dataset\classification_task\test\glioma\brisc2025_test_00130_gl_co_t1.jpg,coronal,0,0,True,0.99998546,3.3218777079916846e-10
ConvNeXt-Tiny,D:\brain_tumor\🧠 Brain Tumor MRI Dataset\classification_task\test\glioma\brisc2025_test_00131_gl_co_t1.jpg,coronal,0,0,True,0.9999076,1.3203071350850096e-08
ConvNeXt-Tiny,D:\brain_tumor\🧠 Brain Tumor MRI Dataset\classification_task\test\glioma\brisc2025_test_00132_gl_co_t1.jpg,coronal,0,0,True,0.9999585,2.706485470492419e-09
ConvNeXt-Tiny,D:\brain_tumor\🧠 Brain Tumor MRI Dataset\classification_task\test\glioma\brisc2025_test_00133_gl_co_t1.jpg,coronal,0,0,True,0.99997056,1.5527999270814429e-09
ConvNeXt-Tiny,D:\brain_tumor\🧠 Brain Tumor MRI Dataset\classification_task\test\glioma\brisc2025_test_00134_gl_co_t1.jpg,coronal,0,0,True,0.9999752,1.0627799431687524e-09
ConvNeXt-Tiny,D:\brain_tumor\🧠 Brain Tumor MRI Dataset\classification_task\test\glioma\brisc2025_test_00135_gl_co_t1.jpg,coronal,0,0,True,0.9999505,4.373732154009887e-09
ConvNeXt-Tiny,D:\brain_tumor\🧠 Brain Tumor MRI Dataset\classification_task\test\glioma\brisc2025_test_00136_gl_co_t1.jpg,coronal,0,0,True,0.9999857,3.0268796367967307e-10
ConvNeXt-Tiny,D:\brain_tumor\🧠 Brain Tumor MRI Dataset\classification_task\test\glioma\brisc2025_test_00137_gl_co_t1.jpg,coronal,0,0,True,0.9933963,8.182708595996244e-05
ConvNeXt-Tiny,D:\brain_tumor\🧠 Brain Tumor MRI Dataset\classification_task\test\glioma\brisc2025_test_00138_gl_co_t1.jpg,coronal,0,0,True,0.9999907,1.4406965796320132e-10
ConvNeXt-Tiny,D:\brain_tumor\🧠 Brain Tumor MRI Dataset\classification_task\test\glioma\brisc2025_test_00139_gl_co_t1.jpg,coronal,0,0,True,0.999933,7.542859142208906e-09
ConvNeXt-Tiny,D:\brain_tumor\🧠 Brain Tumor MRI Dataset\classification_task\test\glioma\brisc2025_test_00140_gl_co_t1.jpg,coronal,0,0,True,0.999943,4.875071495531934e-09
ConvNeXt-Tiny,D:\brain_tumor\🧠 Brain Tumor MRI Dataset\classification_task\test\glioma\brisc2025_test_00141_gl_co_t1.jpg,coronal,0,0,True,0.99997985,6.889040657886654e-10
ConvNeXt-Tiny,D:\brain_tumor\🧠 Brain Tumor MRI Dataset\classification_task\test\glioma\brisc2025_test_00142_gl_co_t1.jpg,coronal,0,0,True,0.9997098,1.1678940954745148e-07
ConvNeXt-Tiny,D:\brain_tumor\🧠 Brain Tumor MRI Dataset\classification_task\test\glioma\brisc2025_test_00143_gl_co_t1.jpg,coronal,0,0,True,0.9994486,5.71337487830745e-07
ConvNeXt-Tiny,D:\brain_tumor\🧠 Brain Tumor MRI Dataset\classification_task\test\glioma\brisc2025_test_00144_gl_co_t1.jpg,coronal,0,0,True,0.7991612,0.08053139104318176
ConvNeXt-Tiny,D:\brain_tumor\🧠 Brain Tumor MRI Dataset\classification_task\test\glioma\brisc2025_test_00145_gl_co_t1.jpg,coronal,0,0,True,0.99996173,2.0248704010732263e-09
ConvNeXt-Tiny,D:\brain_tumor\🧠 Brain Tumor MRI Dataset\classification_task\test\glioma\brisc2025_test_00146_gl_co_t1.jpg,coronal,0,1,False,0.99985933,1.9994466637440582
ConvNeXt-Tiny,D:\brain_tumor\🧠 Brain Tumor MRI Dataset\classification_task\test\glioma\brisc2025_test_00147_gl_co_t1.jpg,coronal,0,0,True,0.9953896,4.221606487460841e-05
ConvNeXt-Tiny,D:\brain_tumor\🧠 Brain Tumor MRI Dataset\classification_task\test\glioma\brisc2025_test_00148_gl_co_t1.jpg,coronal,0,0,True,0.9999186,9.316623566384241e-09
ConvNeXt-Tiny,D:\brain_tumor\🧠 Brain Tumor MRI Dataset\classification_task\test\glioma\brisc2025_test_00149_gl_co_t1.jpg,coronal,0,0,True,0.88693565,0.023308365761319703
ConvNeXt-Tiny,D:\brain_tumor\🧠 Brain Tumor MRI Dataset\classification_task\test\glioma\brisc2025_test_00150_gl_co_t1.jpg,coronal,0,0,True,0.9481743,0.0053634913317712855
ConvNeXt-Tiny,D:\brain_tumor\🧠 Brain Tumor MRI Dataset\classification_task\test\glioma\brisc2025_test_00151_gl_co_t1.jpg,coronal,0,0,True,0.999278,7.079749242465117e-07
ConvNeXt-Tiny,D:\brain_tumor\🧠 Brain Tumor MRI Dataset\classification_task\test\glioma\brisc2025_test_00152_gl_co_t1.jpg,coronal,0,0,True,0.9999753,8.800923442319838e-10
ConvNeXt-Tiny,D:\brain_tumor\🧠 Brain Tumor MRI Dataset\classification_task\test\glioma\brisc2025_test_00153_gl_co_t1.jpg,coronal,0,0,True,0.9998857,1.806555797056135e-08
ConvNeXt-Tiny,D:\brain_tumor\🧠 Brain Tumor MRI Dataset\classification_task\test\glioma\brisc2025_test_00154_gl_co_t1.jpg,coronal,0,0,True,0.99996483,1.8219259504338844e-09
ConvNeXt-Tiny,D:\brain_tumor\🧠 Brain Tumor MRI Dataset\classification_task\test\glioma\brisc2025_test_00155_gl_co_t1.jpg,coronal,0,0,True,0.9999267,7.274294526551263e-09
ConvNeXt-Tiny,D:\brain_tumor\🧠 Brain Tumor MRI Dataset\classification_task\test\glioma\brisc2025_test_00156_gl_co_t1.jpg,coronal,0,0,True,0.99987507,2.5810671023839388e-08
ConvNeXt-Tiny,D:\brain_tumor\🧠 Brain Tumor MRI Dataset\classification_task\test\glioma\brisc2025_test_00157_gl_co_t1.jpg,coronal,0,0,True,0.99995935,2.4072177024524797e-09
ConvNeXt-Tiny,D:\brain_tumor\🧠 Brain Tumor MRI Dataset\classification_task\test\glioma\brisc2025_test_00158_gl_co_t1.jpg,coronal,0,0,True,0.9968712,1.7277330198510865e-05
ConvNeXt-Tiny,D:\brain_tumor\🧠 Brain Tumor MRI Dataset\classification_task\test\glioma\brisc2025_test_00159_gl_co_t1.jpg,coronal,0,0,True,0.9999231,8.507711547474675e-09
ConvNeXt-Tiny,D:\brain_tumor\🧠 Brain Tumor MRI Dataset\classification_task\test\glioma\brisc2025_test_00160_gl_co_t1.jpg,coronal,0,0,True,0.99896157,1.9444398817859035e-06
ConvNeXt-Tiny,D:\brain_tumor\🧠 Brain Tumor MRI Dataset\classification_task\test\glioma\brisc2025_test_00161_gl_co_t1.jpg,coronal,0,0,True,0.9999417,5.3976107031733855e-09
ConvNeXt-Tiny,D:\brain_tumor\🧠 Brain Tumor MRI Dataset\classification_task\test\glioma\brisc2025_test_00162_gl_co_t1.jpg,coronal,0,0,True,0.99989045,2.0310360554941388e-08
ConvNeXt-Tiny,D:\brain_tumor\🧠 Brain Tumor MRI Dataset\classification_task\test\glioma\brisc2025_test_00163_gl_co_t1.jpg,coronal,0,0,True,0.9763647,0.001097442018372217
ConvNeXt-Tiny,D:\brain_tumor\🧠 Brain Tumor MRI Dataset\classification_task\test\glioma\brisc2025_test_00164_gl_co_t1.jpg,coronal,0,0,True,0.9998714,2.414624350113645e-08
ConvNeXt-Tiny,D:\brain_tumor\🧠 Brain Tumor MRI Dataset\classification_task\test\glioma\brisc2025_test_00165_gl_co_t1.jpg,coronal,0,0,True,0.9999484,3.57062040005052e-09
ConvNeXt-Tiny,D:\brain_tumor\🧠 Brain Tumor MRI Dataset\classification_task\test\glioma\brisc2025_test_00166_gl_co_t1.jpg,coronal,0,0,True,0.99959546,2.1971111411485223e-07
ConvNeXt-Tiny,D:\brain_tumor\🧠 Brain Tumor MRI Dataset\classification_task\test\glioma\brisc2025_test_00167_gl_sa_t1.jpg,sagittal,0,0,True,0.99998975,1.6000322459188507e-10
ConvNeXt-Tiny,D:\brain_tumor\🧠 Brain Tumor MRI Dataset\classification_task\test\glioma\brisc2025_test_00168_gl_sa_t1.jpg,sagittal,0,0,True,0.9999521,3.219109738250299e-09
ConvNeXt-Tiny,D:\brain_tumor\🧠 Brain Tumor MRI Dataset\classification_task\test\glioma\brisc2025_test_00169_gl_sa_t1.jpg,sagittal,0,0,True,0.99997413,1.0668100501591371e-09
ConvNeXt-Tiny,D:\brain_tumor\🧠 Brain Tumor MRI Dataset\classification_task\test\glioma\brisc2025_test_00170_gl_sa_t1.jpg,sagittal,0,0,True,0.99998295,4.3990032753931286e-10
ConvNeXt-Tiny,D:\brain_tumor\🧠 Brain Tumor MRI Dataset\classification_task\test\glioma\brisc2025_test_00171_gl_sa_t1.jpg,sagittal,0,0,True,0.99991333,1.1294855711134829e-08
ConvNeXt-Tiny,D:\brain_tumor\🧠 Brain Tumor MRI Dataset\classification_task\test\glioma\brisc2025_test_00172_gl_sa_t1.jpg,sagittal,0,0,True,0.99990404,1.3735991449770265e-08
ConvNeXt-Tiny,D:\brain_tumor\🧠 Brain Tumor MRI Dataset\classification_task\test\glioma\brisc2025_test_00173_gl_sa_t1.jpg,sagittal,0,0,True,0.9999051,1.4462012306781653e-08
ConvNeXt-Tiny,D:\brain_tumor\🧠 Brain Tumor MRI Dataset\classification_task\test\glioma\brisc2025_test_00174_gl_sa_t1.jpg,sagittal,0,0,True,0.9999448,4.496446054448471e-09
ConvNeXt-Tiny,D:\brain_tumor\🧠 Brain Tumor MRI Dataset\classification_task\test\glioma\brisc2025_test_00175_gl_sa_t1.jpg,sagittal,0,0,True,0.9999584,2.357625370474032e-09
ConvNeXt-Tiny,D:\brain_tumor\🧠 Brain Tumor MRI Dataset\classification_task\test\glioma\brisc2025_test_00176_gl_sa_t1.jpg,sagittal,0,0,True,0.9981456,5.505359327401586e-06
ConvNeXt-Tiny,D:\brain_tumor\🧠 Brain Tumor MRI Dataset\classification_task\test\glioma\brisc2025_test_00177_gl_sa_t1.jpg,sagittal,0,0,True,0.99994373,4.7161521519743415e-09
ConvNeXt-Tiny,D:\brain_tumor\🧠 Brain Tumor MRI Dataset\classification_task\test\glioma\brisc2025_test_00178_gl_sa_t1.jpg,sagittal,0,0,True,0.9999844,3.7000990056552464e-10
ConvNeXt-Tiny,D:\brain_tumor\🧠 Brain Tumor MRI Dataset\classification_task\test\glioma\brisc2025_test_00179_gl_sa_t1.jpg,sagittal,0,0,True,0.9999838,4.233216063475812e-10
ConvNeXt-Tiny,D:\brain_tumor\🧠 Brain Tumor MRI Dataset\classification_task\test\glioma\brisc2025_test_00180_gl_sa_t1.jpg,sagittal,0,0,True,0.99997675,9.306399272082835e-10
ConvNeXt-Tiny,D:\brain_tumor\🧠 Brain Tumor MRI Dataset\classification_task\test\glioma\brisc2025_test_00181_gl_sa_t1.jpg,sagittal,0,0,True,0.99997663,8.712731954083506e-10
ConvNeXt-Tiny,D:\brain_tumor\🧠 Brain Tumor MRI Dataset\classification_task\test\glioma\brisc2025_test_00182_gl_sa_t1.jpg,sagittal,0,0,True,0.99998164,5.415790633897287e-10
ConvNeXt-Tiny,D:\brain_tumor\🧠 Brain Tumor MRI Dataset\classification_task\test\glioma\brisc2025_test_00183_gl_sa_t1.jpg,sagittal,0,0,True,0.99997544,9.429905252638911e-10
ConvNeXt-Tiny,D:\brain_tumor\🧠 Brain Tumor MRI Dataset\classification_task\test\glioma\brisc2025_test_00184_gl_sa_t1.jpg,sagittal,0,0,True,0.99998164,4.798485747952744e-10
ConvNeXt-Tiny,D:\brain_tumor\🧠 Brain Tumor MRI Dataset\classification_task\test\glioma\brisc2025_test_00185_gl_sa_t1.jpg,sagittal,0,0,True,0.99996233,2.0194481195685935e-09
ConvNeXt-Tiny,D:\brain_tumor\🧠 Brain Tumor MRI Dataset\classification_task\test\glioma\brisc2025_test_00186_gl_sa_t1.jpg,sagittal,0,0,True,0.9999701,1.3992533884811369e-09
ConvNeXt-Tiny,D:\brain_tumor\🧠 Brain Tumor MRI Dataset\classification_task\test\glioma\brisc2025_test_00187_gl_sa_t1.jpg,sagittal,0,0,True,0.9999739,1.0708644873753434e-09
ConvNeXt-Tiny,D:\brain_tumor\🧠 Brain Tumor MRI Dataset\classification_task\test\glioma\brisc2025_test_00188_gl_sa_t1.jpg,sagittal,0,0,True,0.99997735,8.19783614060932e-10
ConvNeXt-Tiny,D:\brain_tumor\🧠 Brain Tumor MRI Dataset\classification_task\test\glioma\brisc2025_test_00189_gl_sa_t1.jpg,sagittal,0,0,True,0.9999819,5.410117929071026e-10
ConvNeXt-Tiny,D:\brain_tumor\🧠 Brain Tumor MRI Dataset\classification_task\test\glioma\brisc2025_test_00190_gl_sa_t1.jpg,sagittal,0,0,True,0.9999677,1.6493135031032725e-09
ConvNeXt-Tiny,D:\brain_tumor\🧠 Brain Tumor MRI Dataset\classification_task\test\glioma\brisc2025_test_00191_gl_sa_t1.jpg,sagittal,0,0,True,0.9999398,5.616475504668854e-09
ConvNeXt-Tiny,D:\brain_tumor\🧠 Brain Tumor MRI Dataset\classification_task\test\glioma\brisc2025_test_00192_gl_sa_t1.jpg,sagittal,0,0,True,0.99996305,2.1533834553739415e-09
ConvNeXt-Tiny,D:\brain_tumor\🧠 Brain Tumor MRI Dataset\classification_task\test\glioma\brisc2025_test_00193_gl_sa_t1.jpg,sagittal,0,0,True,0.9999809,5.978736599588052e-10
ConvNeXt-Tiny,D:\brain_tumor\🧠 Brain Tumor MRI Dataset\classification_task\test\glioma\brisc2025_test_00194_gl_sa_t1.jpg,sagittal,0,0,True,0.9999825,4.74313783597111e-10
ConvNeXt-Tiny,D:\brain_tumor\🧠 Brain Tumor MRI Dataset\classification_task\test\glioma\brisc2025_test_00195_gl_sa_t1.jpg,sagittal,0,0,True,0.9999578,2.6983661507288095e-09
ConvNeXt-Tiny,D:\brain_tumor\🧠 Brain Tumor MRI Dataset\classification_task\test\glioma\brisc2025_test_00196_gl_sa_t1.jpg,sagittal,0,0,True,0.99998534,3.552833852787579e-10
ConvNeXt-Tiny,D:\brain_tumor\🧠 Brain Tumor MRI Dataset\classification_task\test\glioma\brisc2025_test_00197_gl_sa_t1.jpg,sagittal,0,0,True,0.99995804,2.6994509433486437e-09
ConvNeXt-Tiny,D:\brain_tumor\🧠 Brain Tumor MRI Dataset\classification_task\test\glioma\brisc2025_test_00198_gl_sa_t1.jpg,sagittal,0,0,True,0.99998045,6.507074562862529e-10
ConvNeXt-Tiny,D:\brain_tumor\🧠 Brain Tumor MRI Dataset\classification_task\test\glioma\brisc2025_test_00199_gl_sa_t1.jpg,sagittal,0,0,True,0.99998045,6.419978815893514e-10
ConvNeXt-Tiny,D:\brain_tumor\🧠 Brain Tumor MRI Dataset\classification_task\test\glioma\brisc2025_test_00200_gl_sa_t1.jpg,sagittal,0,0,True,0.9999777,8.710440521478612e-10
ConvNeXt-Tiny,D:\brain_tumor\🧠 Brain Tumor MRI Dataset\classification_task\test\glioma\brisc2025_test_00201_gl_sa_t1.jpg,sagittal,0,0,True,0.99998236,4.887169244803288e-10
ConvNeXt-Tiny,D:\brain_tumor\🧠 Brain Tumor MRI Dataset\classification_task\test\glioma\brisc2025_test_00202_gl_sa_t1.jpg,sagittal,0,0,True,0.99996305,2.1044504019550867e-09
ConvNeXt-Tiny,D:\brain_tumor\🧠 Brain Tumor MRI Dataset\classification_task\test\glioma\brisc2025_test_00203_gl_sa_t1.jpg,sagittal,0,0,True,0.9999851,3.6819415758540294e-10
ConvNeXt-Tiny,D:\brain_tumor\🧠 Brain Tumor MRI Dataset\classification_task\test\glioma\brisc2025_test_00204_gl_sa_t1.jpg,sagittal,0,0,True,0.99998343,4.4130906689326915e-10
ConvNeXt-Tiny,D:\brain_tumor\🧠 Brain Tumor MRI Dataset\classification_task\test\glioma\brisc2025_test_00205_gl_sa_t1.jpg,sagittal,0,0,True,0.99994755,4.436901091298684e-09
ConvNeXt-Tiny,D:\brain_tumor\🧠 Brain Tumor MRI Dataset\classification_task\test\glioma\brisc2025_test_00206_gl_sa_t1.jpg,sagittal,0,0,True,0.9999466,4.055329148789348e-09
ConvNeXt-Tiny,D:\brain_tumor\🧠 Brain Tumor MRI Dataset\classification_task\test\glioma\brisc2025_test_00207_gl_sa_t1.jpg,sagittal,0,0,True,0.9996232,2.1392232495916956e-07
ConvNeXt-Tiny,D:\brain_tumor\🧠 Brain Tumor MRI Dataset\classification_task\test\glioma\brisc2025_test_00208_gl_sa_t1.jpg,sagittal,0,0,True,0.999877,2.111451515319234e-08
ConvNeXt-Tiny,D:\brain_tumor\🧠 Brain Tumor MRI Dataset\classification_task\test\glioma\brisc2025_test_00209_gl_sa_t1.jpg,sagittal,0,0,True,0.99990106,1.4057186597020214e-08
ConvNeXt-Tiny,D:\brain_tumor\🧠 Brain Tumor MRI Dataset\classification_task\test\glioma\brisc2025_test_00210_gl_sa_t1.jpg,sagittal,0,0,True,0.9998877,2.0876944672603824e-08
ConvNeXt-Tiny,D:\brain_tumor\🧠 Brain Tumor MRI Dataset\classification_task\test\glioma\brisc2025_test_00211_gl_sa_t1.jpg,sagittal,0,0,True,0.99994886,4.27447328750875e-09
ConvNeXt-Tiny,D:\brain_tumor\🧠 Brain Tumor MRI Dataset\classification_task\test\glioma\brisc2025_test_00212_gl_sa_t1.jpg,sagittal,0,0,True,0.99996424,2.1448722206592462e-09
ConvNeXt-Tiny,D:\brain_tumor\🧠 Brain Tumor MRI Dataset\classification_task\test\glioma\brisc2025_test_00213_gl_sa_t1.jpg,sagittal,0,0,True,0.99993753,6.54374790749018e-09
ConvNeXt-Tiny,D:\brain_tumor\🧠 Brain Tumor MRI Dataset\classification_task\test\glioma\brisc2025_test_00214_gl_sa_t1.jpg,sagittal,0,0,True,0.99997914,6.978471594345391e-10
ConvNeXt-Tiny,D:\brain_tumor\🧠 Brain Tumor MRI Dataset\classification_task\test\glioma\brisc2025_test_00215_gl_sa_t1.jpg,sagittal,0,0,True,0.99997854,7.343299854134513e-10
ConvNeXt-Tiny,D:\brain_tumor\🧠 Brain Tumor MRI Dataset\classification_task\test\glioma\brisc2025_test_00216_gl_sa_t1.jpg,sagittal,0,0,True,0.999961,2.3259773304604453e-09
ConvNeXt-Tiny,D:\brain_tumor\🧠 Brain Tumor MRI Dataset\classification_task\test\glioma\brisc2025_test_00217_gl_sa_t1.jpg,sagittal,0,0,True,0.99997306,1.0828757285714608e-09
ConvNeXt-Tiny,D:\brain_tumor\🧠 Brain Tumor MRI Dataset\classification_task\test\glioma\brisc2025_test_00218_gl_sa_t1.jpg,sagittal,0,0,True,0.99992573,8.220995263086603e-09
ConvNeXt-Tiny,D:\brain_tumor\🧠 Brain Tumor MRI Dataset\classification_task\test\glioma\brisc2025_test_00219_gl_sa_t1.jpg,sagittal,0,0,True,0.9999175,1.031107040505559e-08
ConvNeXt-Tiny,D:\brain_tumor\🧠 Brain Tumor MRI Dataset\classification_task\test\glioma\brisc2025_test_00220_gl_sa_t1.jpg,sagittal,0,0,True,0.99991107,1.220958888954204e-08
ConvNeXt-Tiny,D:\brain_tumor\🧠 Brain Tumor MRI Dataset\classification_task\test\glioma\brisc2025_test_00221_gl_sa_t1.jpg,sagittal,0,0,True,0.99998116,5.926106159412263e-10
ConvNeXt-Tiny,D:\brain_tumor\🧠 Brain Tumor MRI Dataset\classification_task\test\glioma\brisc2025_test_00222_gl_sa_t1.jpg,sagittal,0,0,True,0.99993813,6.67269186114247e-09
ConvNeXt-Tiny,D:\brain_tumor\🧠 Brain Tumor MRI Dataset\classification_task\test\glioma\brisc2025_test_00223_gl_sa_t1.jpg,sagittal,0,0,True,0.9999126,1.1644030995191728e-08
ConvNeXt-Tiny,D:\brain_tumor\🧠 Brain Tumor MRI Dataset\classification_task\test\glioma\brisc2025_test_00224_gl_sa_t1.jpg,sagittal,0,0,True,0.9999343,6.9033046376275835e-09
ConvNeXt-Tiny,D:\brain_tumor\🧠 Brain Tumor MRI Dataset\classification_task\test\glioma\brisc2025_test_00225_gl_sa_t1.jpg,sagittal,0,0,True,0.90733004,0.017145602223597328
ConvNeXt-Tiny,D:\brain_tumor\🧠 Brain Tumor MRI Dataset\classification_task\test\glioma\brisc2025_test_00226_gl_sa_t1.jpg,sagittal,0,0,True,0.9999726,1.0532860698763721e-09
ConvNeXt-Tiny,D:\brain_tumor\🧠 Brain Tumor MRI Dataset\classification_task\test\glioma\brisc2025_test_00227_gl_sa_t1.jpg,sagittal,0,0,True,0.99994326,4.574280648969569e-09
ConvNeXt-Tiny,D:\brain_tumor\🧠 Brain Tumor MRI Dataset\classification_task\test\glioma\brisc2025_test_00228_gl_sa_t1.jpg,sagittal,0,0,True,0.99987864,2.173496074471331e-08
ConvNeXt-Tiny,D:\brain_tumor\🧠 Brain Tumor MRI Dataset\classification_task\test\glioma\brisc2025_test_00229_gl_sa_t1.jpg,sagittal,0,1,False,0.9966372,1.9866965016932159
ConvNeXt-Tiny,D:\brain_tumor\🧠 Brain Tumor MRI Dataset\classification_task\test\glioma\brisc2025_test_00230_gl_sa_t1.jpg,sagittal,0,0,True,0.9999763,8.051908273692451e-10
ConvNeXt-Tiny,D:\brain_tumor\🧠 Brain Tumor MRI Dataset\classification_task\test\glioma\brisc2025_test_00231_gl_sa_t1.jpg,sagittal,0,0,True,0.99998033,5.285267849943132e-10
ConvNeXt-Tiny,D:\brain_tumor\🧠 Brain Tumor MRI Dataset\classification_task\test\glioma\brisc2025_test_00232_gl_sa_t1.jpg,sagittal,0,0,True,0.999944,4.300142511490531e-09
ConvNeXt-Tiny,D:\brain_tumor\🧠 Brain Tumor MRI Dataset\classification_task\test\glioma\brisc2025_test_00233_gl_sa_t1.jpg,sagittal,0,0,True,0.9999535,3.170939052028366e-09
ConvNeXt-Tiny,D:\brain_tumor\🧠 Brain Tumor MRI Dataset\classification_task\test\glioma\brisc2025_test_00234_gl_sa_t1.jpg,sagittal,0,0,True,0.99673235,2.1001918919296464e-05
ConvNeXt-Tiny,D:\brain_tumor\🧠 Brain Tumor MRI Dataset\classification_task\test\glioma\brisc2025_test_00235_gl_sa_t1.jpg,sagittal,0,0,True,0.99261755,8.365267784392069e-05
ConvNeXt-Tiny,D:\brain_tumor\🧠 Brain Tumor MRI Dataset\classification_task\test\glioma\brisc2025_test_00236_gl_sa_t1.jpg,sagittal,0,0,True,0.9999192,9.565628996790068e-09
ConvNeXt-Tiny,D:\brain_tumor\🧠 Brain Tumor MRI Dataset\classification_task\test\glioma\brisc2025_test_00237_gl_sa_t1.jpg,sagittal,0,0,True,0.99851114,3.89060526244944e-06
ConvNeXt-Tiny,D:\brain_tumor\🧠 Brain Tumor MRI Dataset\classification_task\test\glioma\brisc2025_test_00238_gl_sa_t1.jpg,sagittal,0,0,True,0.9999652,1.8410611608407355e-09
ConvNeXt-Tiny,D:\brain_tumor\🧠 Brain Tumor MRI Dataset\classification_task\test\glioma\brisc2025_test_00239_gl_sa_t1.jpg,sagittal,0,0,True,0.99995947,2.2413843787872623e-09
ConvNeXt-Tiny,D:\brain_tumor\🧠 Brain Tumor MRI Dataset\classification_task\test\glioma\brisc2025_test_00240_gl_sa_t1.jpg,sagittal,0,0,True,0.9932423,6.782959278044386e-05
ConvNeXt-Tiny,D:\brain_tumor\🧠 Brain Tumor MRI Dataset\classification_task\test\glioma\brisc2025_test_00241_gl_sa_t1.jpg,sagittal,0,0,True,0.9997385,1.1046752878134141e-07
ConvNeXt-Tiny,D:\brain_tumor\🧠 Brain Tumor MRI Dataset\classification_task\test\glioma\brisc2025_test_00242_gl_sa_t1.jpg,sagittal,0,0,True,0.9999317,7.004175568147383e-09
ConvNeXt-Tiny,D:\brain_tumor\🧠 Brain Tumor MRI Dataset\classification_task\test\glioma\brisc2025_test_00243_gl_sa_t1.jpg,sagittal,0,0,True,0.9999813,5.219660297615785e-10
ConvNeXt-Tiny,D:\brain_tumor\🧠 Brain Tumor MRI Dataset\classification_task\test\glioma\brisc2025_test_00244_gl_sa_t1.jpg,sagittal,0,0,True,0.9995561,3.0842217715949267e-07
ConvNeXt-Tiny,D:\brain_tumor\🧠 Brain Tumor MRI Dataset\classification_task\test\glioma\brisc2025_test_00245_gl_sa_t1.jpg,sagittal,0,0,True,0.9995245,3.169340805161159e-07
ConvNeXt-Tiny,D:\brain_tumor\🧠 Brain Tumor MRI Dataset\classification_task\test\glioma\brisc2025_test_00246_gl_sa_t1.jpg,sagittal,0,0,True,0.9997906,6.055110885282441e-08
ConvNeXt-Tiny,D:\brain_tumor\🧠 Brain Tumor MRI Dataset\classification_task\test\glioma\brisc2025_test_00247_gl_sa_t1.jpg,sagittal,0,0,True,0.99982774,4.1416531124679444e-08
ConvNeXt-Tiny,D:\brain_tumor\🧠 Brain Tumor MRI Dataset\classification_task\test\glioma\brisc2025_test_00248_gl_sa_t1.jpg,sagittal,0,0,True,0.969099,0.0018828048772370257
ConvNeXt-Tiny,D:\brain_tumor\🧠 Brain Tumor MRI Dataset\classification_task\test\glioma\brisc2025_test_00249_gl_sa_t1.jpg,sagittal,0,0,True,0.998762,2.7154872771298213e-06
ConvNeXt-Tiny,D:\brain_tumor\🧠 Brain Tumor MRI Dataset\classification_task\test\glioma\brisc2025_test_00250_gl_sa_t1.jpg,sagittal,0,0,True,0.9999689,1.2908127541258334e-09
ConvNeXt-Tiny,D:\brain_tumor\🧠 Brain Tumor MRI Dataset\classification_task\test\glioma\brisc2025_test_00251_gl_sa_t1.jpg,sagittal,0,0,True,0.9999486,4.4640347173924565e-09
ConvNeXt-Tiny,D:\brain_tumor\🧠 Brain Tumor MRI Dataset\classification_task\test\glioma\brisc2025_test_00252_gl_sa_t1.jpg,sagittal,0,0,True,0.9999113,1.056399622379235e-08
ConvNeXt-Tiny,D:\brain_tumor\🧠 Brain Tumor MRI Dataset\classification_task\test\glioma\brisc2025_test_00253_gl_sa_t1.jpg,sagittal,0,0,True,0.99997175,1.1509227390081647e-09
ConvNeXt-Tiny,D:\brain_tumor\🧠 Brain Tumor MRI Dataset\classification_task\test\glioma\brisc2025_test_00254_gl_sa_t1.jpg,sagittal,0,0,True,0.99990714,1.211432931139411e-08
ConvNeXt-Tiny,D:\brain_tumor\🧠 Brain Tumor MRI Dataset\classification_task\test\meningioma\brisc2025_test_00255_me_ax_t1.jpg,axial,1,1,True,0.99996054,2.4913372992428416e-09
ConvNeXt-Tiny,D:\brain_tumor\🧠 Brain Tumor MRI Dataset\classification_task\test\meningioma\brisc2025_test_00256_me_ax_t1.jpg,axial,1,1,True,0.9999914,1.1508528829699281e-10
ConvNeXt-Tiny,D:\brain_tumor\🧠 Brain Tumor MRI Dataset\classification_task\test\meningioma\brisc2025_test_00257_me_ax_t1.jpg,axial,1,1,True,0.99999785,6.575386874974508e-12
ConvNeXt-Tiny,D:\brain_tumor\🧠 Brain Tumor MRI Dataset\classification_task\test\meningioma\brisc2025_test_00258_me_ax_t1.jpg,axial,1,1,True,0.99999475,4.1619015318251525e-11
ConvNeXt-Tiny,D:\brain_tumor\🧠 Brain Tumor MRI Dataset\classification_task\test\meningioma\brisc2025_test_00259_me_ax_t1.jpg,axial,1,1,True,0.999998,5.660511092339559e-12
ConvNeXt-Tiny,D:\brain_tumor\🧠 Brain Tumor MRI Dataset\classification_task\test\meningioma\brisc2025_test_00260_me_ax_t1.jpg,axial,1,1,True,0.9999912,1.328623102141619e-10
ConvNeXt-Tiny,D:\brain_tumor\🧠 Brain Tumor MRI Dataset\classification_task\test\meningioma\brisc2025_test_00261_me_ax_t1.jpg,axial,1,1,True,0.9999609,2.9702201664784397e-09
ConvNeXt-Tiny,D:\brain_tumor\🧠 Brain Tumor MRI Dataset\classification_task\test\meningioma\brisc2025_test_00262_me_ax_t1.jpg,axial,1,1,True,0.99999046,1.366034038734553e-10
ConvNeXt-Tiny,D:\brain_tumor\🧠 Brain Tumor MRI Dataset\classification_task\test\meningioma\brisc2025_test_00263_me_ax_t1.jpg,axial,1,1,True,0.9999732,1.0248815225756512e-09
ConvNeXt-Tiny,D:\brain_tumor\🧠 Brain Tumor MRI Dataset\classification_task\test\meningioma\brisc2025_test_00264_me_ax_t1.jpg,axial,1,1,True,0.9999976,1.003787987982423e-11
ConvNeXt-Tiny,D:\brain_tumor\🧠 Brain Tumor MRI Dataset\classification_task\test\meningioma\brisc2025_test_00265_me_ax_t1.jpg,axial,1,1,True,0.9999964,2.1057090007854564e-11
ConvNeXt-Tiny,D:\brain_tumor\🧠 Brain Tumor MRI Dataset\classification_task\test\meningioma\brisc2025_test_00266_me_ax_t1.jpg,axial,1,1,True,0.99999833,4.0278452548377276e-12
ConvNeXt-Tiny,D:\brain_tumor\🧠 Brain Tumor MRI Dataset\classification_task\test\meningioma\brisc2025_test_00267_me_ax_t1.jpg,axial,1,1,True,0.9999975,9.078939586168679e-12
ConvNeXt-Tiny,D:\brain_tumor\🧠 Brain Tumor MRI Dataset\classification_task\test\meningioma\brisc2025_test_00268_me_ax_t1.jpg,axial,1,1,True,0.99995303,3.39695082114829e-09
ConvNeXt-Tiny,D:\brain_tumor\🧠 Brain Tumor MRI Dataset\classification_task\test\meningioma\brisc2025_test_00269_me_ax_t1.jpg,axial,1,1,True,0.99991894,1.0103354564134135e-08
ConvNeXt-Tiny,D:\brain_tumor\🧠 Brain Tumor MRI Dataset\classification_task\test\meningioma\brisc2025_test_00270_me_ax_t1.jpg,axial,1,1,True,0.99998987,1.6716186977784684e-10
ConvNeXt-Tiny,D:\brain_tumor\🧠 Brain Tumor MRI Dataset\classification_task\test\meningioma\brisc2025_test_00271_me_ax_t1.jpg,axial,1,1,True,0.9999962,2.4491047956410624e-11
ConvNeXt-Tiny,D:\brain_tumor\🧠 Brain Tumor MRI Dataset\classification_task\test\meningioma\brisc2025_test_00272_me_ax_t1.jpg,axial,1,1,True,0.99999857,3.086158585571121e-12
ConvNeXt-Tiny,D:\brain_tumor\🧠 Brain Tumor MRI Dataset\classification_task\test\meningioma\brisc2025_test_00273_me_ax_t1.jpg,axial,1,1,True,0.9999989,1.665131976706057e-12
ConvNeXt-Tiny,D:\brain_tumor\🧠 Brain Tumor MRI Dataset\classification_task\test\meningioma\brisc2025_test_00274_me_ax_t1.jpg,axial,1,1,True,0.99999917,9.73674076492075e-13
ConvNeXt-Tiny,D:\brain_tumor\🧠 Brain Tumor MRI Dataset\classification_task\test\meningioma\brisc2025_test_00275_me_ax_t1.jpg,axial,1,1,True,0.99999046,1.366034038734553e-10
ConvNeXt-Tiny,D:\brain_tumor\🧠 Brain Tumor MRI Dataset\classification_task\test\meningioma\brisc2025_test_00276_me_ax_t1.jpg,axial,1,1,True,0.9999951,3.319201862693584e-11
ConvNeXt-Tiny,D:\brain_tumor\🧠 Brain Tumor MRI Dataset\classification_task\test\meningioma\brisc2025_test_00277_me_ax_t1.jpg,axial,1,1,True,0.9999975,8.641141642759751e-12
ConvNeXt-Tiny,D:\brain_tumor\🧠 Brain Tumor MRI Dataset\classification_task\test\meningioma\brisc2025_test_00278_me_ax_t1.jpg,axial,1,1,True,0.9999944,4.5865631516263386e-11
ConvNeXt-Tiny,D:\brain_tumor\🧠 Brain Tumor MRI Dataset\classification_task\test\meningioma\brisc2025_test_00279_me_ax_t1.jpg,axial,1,1,True,0.99999845,3.3006368274996693e-12
ConvNeXt-Tiny,D:\brain_tumor\🧠 Brain Tumor MRI Dataset\classification_task\test\meningioma\brisc2025_test_00280_me_ax_t1.jpg,axial,1,1,True,0.9999993,6.761064814344026e-13
ConvNeXt-Tiny,D:\brain_tumor\🧠 Brain Tumor MRI Dataset\classification_task\test\meningioma\brisc2025_test_00281_me_ax_t1.jpg,axial,1,0,False,0.53945136,0.5839926424335152
ConvNeXt-Tiny,D:\brain_tumor\🧠 Brain Tumor MRI Dataset\classification_task\test\meningioma\brisc2025_test_00282_me_ax_t1.jpg,axial,1,1,True,0.99998856,2.2731996454585452e-10
ConvNeXt-Tiny,D:\brain_tumor\🧠 Brain Tumor MRI Dataset\classification_task\test\meningioma\brisc2025_test_00283_me_ax_t1.jpg,axial,1,1,True,0.99999774,7.00690187755331e-12
ConvNeXt-Tiny,D:\brain_tumor\🧠 Brain Tumor MRI Dataset\classification_task\test\meningioma\brisc2025_test_00284_me_ax_t1.jpg,axial,1,1,True,0.999974,1.0272806518957408e-09
ConvNeXt-Tiny,D:\brain_tumor\🧠 Brain Tumor MRI Dataset\classification_task\test\meningioma\brisc2025_test_00285_me_ax_t1.jpg,axial,1,1,True,0.9999956,2.931882307724111e-11
ConvNeXt-Tiny,D:\brain_tumor\🧠 Brain Tumor MRI Dataset\classification_task\test\meningioma\brisc2025_test_00286_me_ax_t1.jpg,axial,1,1,True,0.99999154,1.3144975479849941e-10
ConvNeXt-Tiny,D:\brain_tumor\🧠 Brain Tumor MRI Dataset\classification_task\test\meningioma\brisc2025_test_00287_me_ax_t1.jpg,axial,1,1,True,0.99999845,3.625422788941499e-12
ConvNeXt-Tiny,D:\brain_tumor\🧠 Brain Tumor MRI Dataset\classification_task\test\meningioma\brisc2025_test_00288_me_ax_t1.jpg,axial,1,1,True,0.99981755,6.534160225219288e-08
ConvNeXt-Tiny,D:\brain_tumor\🧠 Brain Tumor MRI Dataset\classification_task\test\meningioma\brisc2025_test_00289_me_ax_t1.jpg,axial,1,1,True,0.9999933,6.586758773135782e-11
ConvNeXt-Tiny,D:\brain_tumor\🧠 Brain Tumor MRI Dataset\classification_task\test\meningioma\brisc2025_test_00290_me_ax_t1.jpg,axial,1,1,True,0.99999976,9.026211481761141e-14
ConvNeXt-Tiny,D:\brain_tumor\🧠 Brain Tumor MRI Dataset\classification_task\test\meningioma\brisc2025_test_00291_me_ax_t1.jpg,axial,1,1,True,0.9999989,1.6817154341585248e-12
ConvNeXt-Tiny,D:\brain_tumor\🧠 Brain Tumor MRI Dataset\classification_task\test\meningioma\brisc2025_test_00292_me_ax_t1.jpg,axial,1,1,True,0.9999982,4.393912949361262e-12
ConvNeXt-Tiny,D:\brain_tumor\🧠 Brain Tumor MRI Dataset\classification_task\test\meningioma\brisc2025_test_00293_me_ax_t1.jpg,axial,1,1,True,0.99998677,3.1705956311714607e-10
ConvNeXt-Tiny,D:\brain_tumor\🧠 Brain Tumor MRI Dataset\classification_task\test\meningioma\brisc2025_test_00294_me_ax_t1.jpg,axial,1,1,True,0.9999982,4.726727789800277e-12
ConvNeXt-Tiny,D:\brain_tumor\🧠 Brain Tumor MRI Dataset\classification_task\test\meningioma\brisc2025_test_00295_me_ax_t1.jpg,axial,1,1,True,0.9999982,4.374672278528784e-12
ConvNeXt-Tiny,D:\brain_tumor\🧠 Brain Tumor MRI Dataset\classification_task\test\meningioma\brisc2025_test_00296_me_ax_t1.jpg,axial,1,1,True,0.9999045,1.7843198231333456e-08
ConvNeXt-Tiny,D:\brain_tumor\🧠 Brain Tumor MRI Dataset\classification_task\test\meningioma\brisc2025_test_00297_me_ax_t1.jpg,axial,1,1,True,0.99999774,7.916728833419692e-12
ConvNeXt-Tiny,D:\brain_tumor\🧠 Brain Tumor MRI Dataset\classification_task\test\meningioma\brisc2025_test_00298_me_ax_t1.jpg,axial,1,1,True,0.99998903,2.331350668866678e-10
ConvNeXt-Tiny,D:\brain_tumor\🧠 Brain Tumor MRI Dataset\classification_task\test\meningioma\brisc2025_test_00299_me_ax_t1.jpg,axial,1,1,True,0.9999989,1.7490440312585025e-12
ConvNeXt-Tiny,D:\brain_tumor\🧠 Brain Tumor MRI Dataset\classification_task\test\meningioma\brisc2025_test_00300_me_ax_t1.jpg,axial,1,1,True,0.99999833,4.1274580984869235e-12
ConvNeXt-Tiny,D:\brain_tumor\🧠 Brain Tumor MRI Dataset\classification_task\test\meningioma\brisc2025_test_00301_me_ax_t1.jpg,axial,1,1,True,0.97081214,0.0016754358791357408
ConvNeXt-Tiny,D:\brain_tumor\🧠 Brain Tumor MRI Dataset\classification_task\test\meningioma\brisc2025_test_00302_me_ax_t1.jpg,axial,1,1,True,0.99999297,7.268317615790762e-11
ConvNeXt-Tiny,D:\brain_tumor\🧠 Brain Tumor MRI Dataset\classification_task\test\meningioma\brisc2025_test_00303_me_ax_t1.jpg,axial,1,1,True,0.99999595,2.9388127475402204e-11
ConvNeXt-Tiny,D:\brain_tumor\🧠 Brain Tumor MRI Dataset\classification_task\test\meningioma\brisc2025_test_00304_me_ax_t1.jpg,axial,1,1,True,0.9999987,2.5767172003776212e-12
ConvNeXt-Tiny,D:\brain_tumor\🧠 Brain Tumor MRI Dataset\classification_task\test\meningioma\brisc2025_test_00305_me_ax_t1.jpg,axial,1,1,True,0.99999785,7.008601996726559e-12
ConvNeXt-Tiny,D:\brain_tumor\🧠 Brain Tumor MRI Dataset\classification_task\test\meningioma\brisc2025_test_00306_me_ax_t1.jpg,axial,1,1,True,0.99999595,2.5120449931378173e-11
ConvNeXt-Tiny,D:\brain_tumor\🧠 Brain Tumor MRI Dataset\classification_task\test\meningioma\brisc2025_test_00307_me_ax_t1.jpg,axial,1,1,True,0.99999845,3.739711528002882e-12
ConvNeXt-Tiny,D:\brain_tumor\🧠 Brain Tumor MRI Dataset\classification_task\test\meningioma\brisc2025_test_00308_me_ax_t1.jpg,axial,1,1,True,0.99999905,1.257112512985847e-12
ConvNeXt-Tiny,D:\brain_tumor\🧠 Brain Tumor MRI Dataset\classification_task\test\meningioma\brisc2025_test_00309_me_ax_t1.jpg,axial,1,1,True,0.9993388,8.680273046327096e-07
ConvNeXt-Tiny,D:\brain_tumor\🧠 Brain Tumor MRI Dataset\classification_task\test\meningioma\brisc2025_test_00310_me_ax_t1.jpg,axial,1,1,True,0.9999989,1.620065306806653e-12
ConvNeXt-Tiny,D:\brain_tumor\🧠 Brain Tumor MRI Dataset\classification_task\test\meningioma\brisc2025_test_00311_me_ax_t1.jpg,axial,1,1,True,0.9999826,5.937075324664322e-10
ConvNeXt-Tiny,D:\brain_tumor\🧠 Brain Tumor MRI Dataset\classification_task\test\meningioma\brisc2025_test_00312_me_ax_t1.jpg,axial,1,1,True,0.9999721,1.2913306592509234e-09
ConvNeXt-Tiny,D:\brain_tumor\🧠 Brain Tumor MRI Dataset\classification_task\test\meningioma\brisc2025_test_00313_me_ax_t1.jpg,axial,1,1,True,0.99999666,1.8908280399473017e-11
ConvNeXt-Tiny,D:\brain_tumor\🧠 Brain Tumor MRI Dataset\classification_task\test\meningioma\brisc2025_test_00314_me_ax_t1.jpg,axial,1,1,True,0.99997354,1.350052464989889e-09
ConvNeXt-Tiny,D:\brain_tumor\🧠 Brain Tumor MRI Dataset\classification_task\test\meningioma\brisc2025_test_00315_me_ax_t1.jpg,axial,1,1,True,0.9999771,9.718658613440048e-10
ConvNeXt-Tiny,D:\brain_tumor\🧠 Brain Tumor MRI Dataset\classification_task\test\meningioma\brisc2025_test_00316_me_ax_t1.jpg,axial,1,1,True,0.9999975,9.236539885081028e-12
ConvNeXt-Tiny,D:\brain_tumor\🧠 Brain Tumor MRI Dataset\classification_task\test\meningioma\brisc2025_test_00317_me_ax_t1.jpg,axial,1,1,True,0.9999963,2.1029949899924698e-11
ConvNeXt-Tiny,D:\brain_tumor\🧠 Brain Tumor MRI Dataset\classification_task\test\meningioma\brisc2025_test_00318_me_ax_t1.jpg,axial,1,1,True,0.9999988,2.4174353904039856e-12
ConvNeXt-Tiny,D:\brain_tumor\🧠 Brain Tumor MRI Dataset\classification_task\test\meningioma\brisc2025_test_00319_me_ax_t1.jpg,axial,1,1,True,0.88797843,0.025096248398611208
ConvNeXt-Tiny,D:\brain_tumor\🧠 Brain Tumor MRI Dataset\classification_task\test\meningioma\brisc2025_test_00320_me_ax_t1.jpg,axial,1,1,True,0.99999034,1.6606260317808452e-10
ConvNeXt-Tiny,D:\brain_tumor\🧠 Brain Tumor MRI Dataset\classification_task\test\meningioma\brisc2025_test_00321_me_ax_t1.jpg,axial,1,1,True,0.9999974,1.125178250560297e-11
ConvNeXt-Tiny,D:\brain_tumor\🧠 Brain Tumor MRI Dataset\classification_task\test\meningioma\brisc2025_test_00322_me_ax_t1.jpg,axial,1,1,True,0.9999975,8.70573500588349e-12
ConvNeXt-Tiny,D:\brain_tumor\🧠 Brain Tumor MRI Dataset\classification_task\test\meningioma\brisc2025_test_00323_me_ax_t1.jpg,axial,1,1,True,0.9999975,8.956000838387595e-12
ConvNeXt-Tiny,D:\brain_tumor\🧠 Brain Tumor MRI Dataset\classification_task\test\meningioma\brisc2025_test_00324_me_ax_t1.jpg,axial,1,1,True,0.9999043,1.3999783331914158e-08
ConvNeXt-Tiny,D:\brain_tumor\🧠 Brain Tumor MRI Dataset\classification_task\test\meningioma\brisc2025_test_00325_me_ax_t1.jpg,axial,1,1,True,0.9998242,5.9219076372680256e-08
ConvNeXt-Tiny,D:\brain_tumor\🧠 Brain Tumor MRI Dataset\classification_task\test\meningioma\brisc2025_test_00326_me_ax_t1.jpg,axial,1,1,True,0.999995,4.5289399993504444e-11
ConvNeXt-Tiny,D:\brain_tumor\🧠 Brain Tumor MRI Dataset\classification_task\test\meningioma\brisc2025_test_00327_me_ax_t1.jpg,axial,1,1,True,0.9999858,2.9339644117291073e-10
ConvNeXt-Tiny,D:\brain_tumor\🧠 Brain Tumor MRI Dataset\classification_task\test\meningioma\brisc2025_test_00328_me_ax_t1.jpg,axial,1,1,True,0.99998486,4.186208463027403e-10
ConvNeXt-Tiny,D:\brain_tumor\🧠 Brain Tumor MRI Dataset\classification_task\test\meningioma\brisc2025_test_00329_me_ax_t1.jpg,axial,1,1,True,0.99995375,3.0454729320138004e-09
ConvNeXt-Tiny,D:\brain_tumor\🧠 Brain Tumor MRI Dataset\classification_task\test\meningioma\brisc2025_test_00330_me_ax_t1.jpg,axial,1,1,True,0.99998474,4.027828629851215e-10
ConvNeXt-Tiny,D:\brain_tumor\🧠 Brain Tumor MRI Dataset\classification_task\test\meningioma\brisc2025_test_00331_me_ax_t1.jpg,axial,1,1,True,0.9972493,1.5053153536785619e-05
ConvNeXt-Tiny,D:\brain_tumor\🧠 Brain Tumor MRI Dataset\classification_task\test\meningioma\brisc2025_test_00332_me_ax_t1.jpg,axial,1,1,True,0.99999094,1.2350026850770403e-10
ConvNeXt-Tiny,D:\brain_tumor\🧠 Brain Tumor MRI Dataset\classification_task\test\meningioma\brisc2025_test_00333_me_ax_t1.jpg,axial,1,1,True,0.99996996,1.7397841834499215e-09
ConvNeXt-Tiny,D:\brain_tumor\🧠 Brain Tumor MRI Dataset\classification_task\test\meningioma\brisc2025_test_00334_me_ax_t1.jpg,axial,1,1,True,0.9999851,4.0207624818037917e-10
ConvNeXt-Tiny,D:\brain_tumor\🧠 Brain Tumor MRI Dataset\classification_task\test\meningioma\brisc2025_test_00335_me_ax_t1.jpg,axial,1,1,True,0.99987423,3.1402054097047837e-08
ConvNeXt-Tiny,D:\brain_tumor\🧠 Brain Tumor MRI Dataset\classification_task\test\meningioma\brisc2025_test_00336_me_ax_t1.jpg,axial,1,1,True,0.9999982,5.0135337839139585e-12
ConvNeXt-Tiny,D:\brain_tumor\🧠 Brain Tumor MRI Dataset\classification_task\test\meningioma\brisc2025_test_00337_me_ax_t1.jpg,axial,1,1,True,0.99998116,5.636792254972292e-10
ConvNeXt-Tiny,D:\brain_tumor\🧠 Brain Tumor MRI Dataset\classification_task\test\meningioma\brisc2025_test_00338_me_ax_t1.jpg,axial,1,1,True,0.99999654,1.7384574187113964e-11
ConvNeXt-Tiny,D:\brain_tumor\🧠 Brain Tumor MRI Dataset\classification_task\test\meningioma\brisc2025_test_00339_me_ax_t1.jpg,axial,1,1,True,0.99998987,1.869731711514871e-10
ConvNeXt-Tiny,D:\brain_tumor\🧠 Brain Tumor MRI Dataset\classification_task\test\meningioma\brisc2025_test_00340_me_ax_t1.jpg,axial,1,1,True,0.9999367,7.629659120202603e-09
ConvNeXt-Tiny,D:\brain_tumor\🧠 Brain Tumor MRI Dataset\classification_task\test\meningioma\brisc2025_test_00341_me_ax_t1.jpg,axial,1,1,True,0.9999944,4.6241134272690553e-11
ConvNeXt-Tiny,D:\brain_tumor\🧠 Brain Tumor MRI Dataset\classification_task\test\meningioma\brisc2025_test_00342_me_ax_t1.jpg,axial,1,1,True,0.999982,6.398066554239944e-10
ConvNeXt-Tiny,D:\brain_tumor\🧠 Brain Tumor MRI Dataset\classification_task\test\meningioma\brisc2025_test_00343_me_ax_t1.jpg,axial,1,1,True,0.9999789,8.531442258288201e-10
ConvNeXt-Tiny,D:\brain_tumor\🧠 Brain Tumor MRI Dataset\classification_task\test\meningioma\brisc2025_test_00344_me_ax_t1.jpg,axial,1,1,True,0.99999547,3.838610462082232e-11
ConvNeXt-Tiny,D:\brain_tumor\🧠 Brain Tumor MRI Dataset\classification_task\test\meningioma\brisc2025_test_00345_me_ax_t1.jpg,axial,1,1,True,0.9955474,3.929341163880438e-05
ConvNeXt-Tiny,D:\brain_tumor\🧠 Brain Tumor MRI Dataset\classification_task\test\meningioma\brisc2025_test_00346_me_ax_t1.jpg,axial,1,1,True,0.9999908,1.264921715983941e-10
ConvNeXt-Tiny,D:\brain_tumor\🧠 Brain Tumor MRI Dataset\classification_task\test\meningioma\brisc2025_test_00347_me_ax_t1.jpg,axial,1,1,True,0.99999785,7.495259401935949e-12
ConvNeXt-Tiny,D:\brain_tumor\🧠 Brain Tumor MRI Dataset\classification_task\test\meningioma\brisc2025_test_00348_me_ax_t1.jpg,axial,1,1,True,0.99999285,7.052664467686563e-11
ConvNeXt-Tiny,D:\brain_tumor\🧠 Brain Tumor MRI Dataset\classification_task\test\meningioma\brisc2025_test_00349_me_ax_t1.jpg,axial,1,1,True,0.9999914,1.1508528829699281e-10
ConvNeXt-Tiny,D:\brain_tumor\🧠 Brain Tumor MRI Dataset\classification_task\test\meningioma\brisc2025_test_00350_me_ax_t1.jpg,axial,1,1,True,0.99995875,2.6879234327733357e-09
ConvNeXt-Tiny,D:\brain_tumor\🧠 Brain Tumor MRI Dataset\classification_task\test\meningioma\brisc2025_test_00351_me_ax_t1.jpg,axial,1,1,True,0.99992263,1.1722453120722555e-08
ConvNeXt-Tiny,D:\brain_tumor\🧠 Brain Tumor MRI Dataset\classification_task\test\meningioma\brisc2025_test_00352_me_ax_t1.jpg,axial,1,1,True,0.9999771,9.718658613440048e-10
ConvNeXt-Tiny,D:\brain_tumor\🧠 Brain Tumor MRI Dataset\classification_task\test\meningioma\brisc2025_test_00353_me_ax_t1.jpg,axial,1,1,True,0.9999912,1.4573463554591229e-10
ConvNeXt-Tiny,D:\brain_tumor\🧠 Brain Tumor MRI Dataset\classification_task\test\meningioma\brisc2025_test_00354_me_ax_t1.jpg,axial,1,1,True,0.88797843,0.025096248398611208
ConvNeXt-Tiny,D:\brain_tumor\🧠 Brain Tumor MRI Dataset\classification_task\test\meningioma\brisc2025_test_00355_me_ax_t1.jpg,axial,1,1,True,0.9999845,3.5002290877710563e-10
ConvNeXt-Tiny,D:\brain_tumor\🧠 Brain Tumor MRI Dataset\classification_task\test\meningioma\brisc2025_test_00356_me_ax_t1.jpg,axial,1,1,True,0.99999785,6.580897674366137e-12
ConvNeXt-Tiny,D:\brain_tumor\🧠 Brain Tumor MRI Dataset\classification_task\test\meningioma\brisc2025_test_00357_me_ax_t1.jpg,axial,1,1,True,0.99771774,1.0399475748836732e-05
ConvNeXt-Tiny,D:\brain_tumor\🧠 Brain Tumor MRI Dataset\classification_task\test\meningioma\brisc2025_test_00358_me_ax_t1.jpg,axial,1,1,True,0.9999918,1.2128102829347227e-10
ConvNeXt-Tiny,D:\brain_tumor\🧠 Brain Tumor MRI Dataset\classification_task\test\meningioma\brisc2025_test_00359_me_ax_t1.jpg,axial,1,1,True,0.9999956,3.19938950455263e-11
ConvNeXt-Tiny,D:\brain_tumor\🧠 Brain Tumor MRI Dataset\classification_task\test\meningioma\brisc2025_test_00360_me_ax_t1.jpg,axial,1,1,True,0.999985,4.4063093143718947e-10
ConvNeXt-Tiny,D:\brain_tumor\🧠 Brain Tumor MRI Dataset\classification_task\test\meningioma\brisc2025_test_00361_me_ax_t1.jpg,axial,1,1,True,0.9999695,1.7694818531118875e-09
ConvNeXt-Tiny,D:\brain_tumor\🧠 Brain Tumor MRI Dataset\classification_task\test\meningioma\brisc2025_test_00362_me_ax_t1.jpg,axial,1,1,True,0.999752,1.1749675251032389e-07
ConvNeXt-Tiny,D:\brain_tumor\🧠 Brain Tumor MRI Dataset\classification_task\test\meningioma\brisc2025_test_00363_me_ax_t1.jpg,axial,1,1,True,0.9992823,9.897855977950808e-07
ConvNeXt-Tiny,D:\brain_tumor\🧠 Brain Tumor MRI Dataset\classification_task\test\meningioma\brisc2025_test_00364_me_ax_t1.jpg,axial,1,1,True,0.9999746,1.055801676138245e-09
ConvNeXt-Tiny,D:\brain_tumor\🧠 Brain Tumor MRI Dataset\classification_task\test\meningioma\brisc2025_test_00365_me_ax_t1.jpg,axial,1,2,False,0.9999993,1.9999973335783099
ConvNeXt-Tiny,D:\brain_tumor\🧠 Brain Tumor MRI Dataset\classification_task\test\meningioma\brisc2025_test_00366_me_ax_t1.jpg,axial,1,1,True,0.9999907,1.4882185873319062e-10
ConvNeXt-Tiny,D:\brain_tumor\🧠 Brain Tumor MRI Dataset\classification_task\test\meningioma\brisc2025_test_00367_me_ax_t1.jpg,axial,1,1,True,0.5204759,0.45984913309896075
ConvNeXt-Tiny,D:\brain_tumor\🧠 Brain Tumor MRI Dataset\classification_task\test\meningioma\brisc2025_test_00368_me_ax_t1.jpg,axial,1,1,True,0.99999225,1.1135348718452613e-10
ConvNeXt-Tiny,D:\brain_tumor\🧠 Brain Tumor MRI Dataset\classification_task\test\meningioma\brisc2025_test_00369_me_ax_t1.jpg,axial,1,1,True,0.99998116,5.242655103855164e-10
ConvNeXt-Tiny,D:\brain_tumor\🧠 Brain Tumor MRI Dataset\classification_task\test\meningioma\brisc2025_test_00370_me_ax_t1.jpg,axial,1,1,True,0.99999416,5.493268523293462e-11
ConvNeXt-Tiny,D:\brain_tumor\🧠 Brain Tumor MRI Dataset\classification_task\test\meningioma\brisc2025_test_00371_me_ax_t1.jpg,axial,1,1,True,0.9999926,8.849993998985018e-11
ConvNeXt-Tiny,D:\brain_tumor\🧠 Brain Tumor MRI Dataset\classification_task\test\meningioma\brisc2025_test_00372_me_ax_t1.jpg,axial,1,1,True,0.99989355,2.0743559692847102e-08
ConvNeXt-Tiny,D:\brain_tumor\🧠 Brain Tumor MRI Dataset\classification_task\test\meningioma\brisc2025_test_00373_me_ax_t1.jpg,axial,1,1,True,0.9999852,3.329916095993725e-10
ConvNeXt-Tiny,D:\brain_tumor\🧠 Brain Tumor MRI Dataset\classification_task\test\meningioma\brisc2025_test_00374_me_ax_t1.jpg,axial,1,1,True,0.99997985,7.342135100965287e-10
ConvNeXt-Tiny,D:\brain_tumor\🧠 Brain Tumor MRI Dataset\classification_task\test\meningioma\brisc2025_test_00375_me_ax_t1.jpg,axial,1,1,True,0.9999671,1.723396164358573e-09
ConvNeXt-Tiny,D:\brain_tumor\🧠 Brain Tumor MRI Dataset\classification_task\test\meningioma\brisc2025_test_00376_me_ax_t1.jpg,axial,1,1,True,0.99998355,4.1377740500655997e-10
ConvNeXt-Tiny,D:\brain_tumor\🧠 Brain Tumor MRI Dataset\classification_task\test\meningioma\brisc2025_test_00377_me_ax_t1.jpg,axial,1,1,True,0.999998,7.1383695112038065e-12
ConvNeXt-Tiny,D:\brain_tumor\🧠 Brain Tumor MRI Dataset\classification_task\test\meningioma\brisc2025_test_00378_me_ax_t1.jpg,axial,1,1,True,0.9999722,1.2560351739708277e-09
ConvNeXt-Tiny,D:\brain_tumor\🧠 Brain Tumor MRI Dataset\classification_task\test\meningioma\brisc2025_test_00379_me_ax_t1.jpg,axial,1,1,True,0.9999932,8.078412518056579e-11
ConvNeXt-Tiny,D:\brain_tumor\🧠 Brain Tumor MRI Dataset\classification_task\test\meningioma\brisc2025_test_00380_me_ax_t1.jpg,axial,1,1,True,0.9999914,1.1008205147012422e-10
ConvNeXt-Tiny,D:\brain_tumor\🧠 Brain Tumor MRI Dataset\classification_task\test\meningioma\brisc2025_test_00381_me_ax_t1.jpg,axial,1,1,True,0.9999962,2.3481803422554682e-11
ConvNeXt-Tiny,D:\brain_tumor\🧠 Brain Tumor MRI Dataset\classification_task\test\meningioma\brisc2025_test_00382_me_ax_t1.jpg,axial,1,1,True,0.99992955,7.60323542492567e-09
ConvNeXt-Tiny,D:\brain_tumor\🧠 Brain Tumor MRI Dataset\classification_task\test\meningioma\brisc2025_test_00383_me_ax_t1.jpg,axial,1,1,True,0.9984792,4.60627417028088e-06
ConvNeXt-Tiny,D:\brain_tumor\🧠 Brain Tumor MRI Dataset\classification_task\test\meningioma\brisc2025_test_00384_me_ax_t1.jpg,axial,1,1,True,0.9999883,2.5624919320054944e-10
ConvNeXt-Tiny,D:\brain_tumor\🧠 Brain Tumor MRI Dataset\classification_task\test\meningioma\brisc2025_test_00385_me_ax_t1.jpg,axial,1,1,True,0.9999924,9.646992095502871e-11
ConvNeXt-Tiny,D:\brain_tumor\🧠 Brain Tumor MRI Dataset\classification_task\test\meningioma\brisc2025_test_00386_me_ax_t1.jpg,axial,1,1,True,0.9999869,2.589698182992704e-10
ConvNeXt-Tiny,D:\brain_tumor\🧠 Brain Tumor MRI Dataset\classification_task\test\meningioma\brisc2025_test_00387_me_ax_t1.jpg,axial,1,1,True,0.99999475,5.198348203669054e-11
ConvNeXt-Tiny,D:\brain_tumor\🧠 Brain Tumor MRI Dataset\classification_task\test\meningioma\brisc2025_test_00388_me_ax_t1.jpg,axial,1,1,True,0.99999714,1.483589533563019e-11
ConvNeXt-Tiny,D:\brain_tumor\🧠 Brain Tumor MRI Dataset\classification_task\test\meningioma\brisc2025_test_00389_me_ax_t1.jpg,axial,1,1,True,0.9999962,2.5678213712392447e-11
ConvNeXt-Tiny,D:\brain_tumor\🧠 Brain Tumor MRI Dataset\classification_task\test\meningioma\brisc2025_test_00390_me_ax_t1.jpg,axial,1,1,True,0.9999603,2.335801126982114e-09
ConvNeXt-Tiny,D:\brain_tumor\🧠 Brain Tumor MRI Dataset\classification_task\test\meningioma\brisc2025_test_00391_me_ax_t1.jpg,axial,1,1,True,0.9999893,1.8995620466304253e-10
ConvNeXt-Tiny,D:\brain_tumor\🧠 Brain Tumor MRI Dataset\classification_task\test\meningioma\brisc2025_test_00392_me_co_t1.jpg,coronal,1,1,True,0.99999547,2.7611400612429413e-11
ConvNeXt-Tiny,D:\brain_tumor\🧠 Brain Tumor MRI Dataset\classification_task\test\meningioma\brisc2025_test_00393_me_co_t1.jpg,coronal,1,1,True,0.99998665,2.6637186691922954e-10
ConvNeXt-Tiny,D:\brain_tumor\🧠 Brain Tumor MRI Dataset\classification_task\test\meningioma\brisc2025_test_00394_me_co_t1.jpg,coronal,1,1,True,0.9961152,2.4101402987686903e-05
ConvNeXt-Tiny,D:\brain_tumor\🧠 Brain Tumor MRI Dataset\classification_task\test\meningioma\brisc2025_test_00395_me_co_t1.jpg,coronal,1,1,True,0.9999968,1.7595933054723388e-11
ConvNeXt-Tiny,D:\brain_tumor\🧠 Brain Tumor MRI Dataset\classification_task\test\meningioma\brisc2025_test_00396_me_co_t1.jpg,coronal,1,1,True,0.99986386,3.6013084512226214e-08
ConvNeXt-Tiny,D:\brain_tumor\🧠 Brain Tumor MRI Dataset\classification_task\test\meningioma\brisc2025_test_00397_me_co_t1.jpg,coronal,1,1,True,0.99999845,3.302359639023323e-12
ConvNeXt-Tiny,D:\brain_tumor\🧠 Brain Tumor MRI Dataset\classification_task\test\meningioma\brisc2025_test_00398_me_co_t1.jpg,coronal,1,1,True,0.99996305,2.571671136140994e-09
ConvNeXt-Tiny,D:\brain_tumor\🧠 Brain Tumor MRI Dataset\classification_task\test\meningioma\brisc2025_test_00399_me_co_t1.jpg,coronal,1,1,True,0.99995255,4.048114988688966e-09
ConvNeXt-Tiny,D:\brain_tumor\🧠 Brain Tumor MRI Dataset\classification_task\test\meningioma\brisc2025_test_00400_me_co_t1.jpg,coronal,1,1,True,0.999998,6.360755587283207e-12
ConvNeXt-Tiny,D:\brain_tumor\🧠 Brain Tumor MRI Dataset\classification_task\test\meningioma\brisc2025_test_00401_me_co_t1.jpg,coronal,1,1,True,0.9999379,7.254476808001287e-09
ConvNeXt-Tiny,D:\brain_tumor\🧠 Brain Tumor MRI Dataset\classification_task\test\meningioma\brisc2025_test_00402_me_co_t1.jpg,coronal,1,1,True,0.9999763,1.0993812754256028e-09
ConvNeXt-Tiny,D:\brain_tumor\🧠 Brain Tumor MRI Dataset\classification_task\test\meningioma\brisc2025_test_00403_me_co_t1.jpg,coronal,1,1,True,0.99998164,5.563687996889485e-10
ConvNeXt-Tiny,D:\brain_tumor\🧠 Brain Tumor MRI Dataset\classification_task\test\meningioma\brisc2025_test_00404_me_co_t1.jpg,coronal,1,1,True,0.9999958,2.6375405444739605e-11
ConvNeXt-Tiny,D:\brain_tumor\🧠 Brain Tumor MRI Dataset\classification_task\test\meningioma\brisc2025_test_00405_me_co_t1.jpg,coronal,1,1,True,0.9999747,1.182918867626368e-09
ConvNeXt-Tiny,D:\brain_tumor\🧠 Brain Tumor MRI Dataset\classification_task\test\meningioma\brisc2025_test_00406_me_co_t1.jpg,coronal,1,1,True,0.9967411,2.1167704838697572e-05
ConvNeXt-Tiny,D:\brain_tumor\🧠 Brain Tumor MRI Dataset\classification_task\test\meningioma\brisc2025_test_00407_me_co_t1.jpg,coronal,1,1,True,0.99999475,4.448666625700453e-11
ConvNeXt-Tiny,D:\brain_tumor\🧠 Brain Tumor MRI Dataset\classification_task\test\meningioma\brisc2025_test_00408_me_co_t1.jpg,coronal,1,1,True,0.9999734,1.3829037344514643e-09
ConvNeXt-Tiny,D:\brain_tumor\🧠 Brain Tumor MRI Dataset\classification_task\test\meningioma\brisc2025_test_00409_me_co_t1.jpg,coronal,1,1,True,0.99999785,7.89508071238084e-12
ConvNeXt-Tiny,D:\brain_tumor\🧠 Brain Tumor MRI Dataset\classification_task\test\meningioma\brisc2025_test_00410_me_co_t1.jpg,coronal,1,3,False,0.7594867,1.155969140226927
ConvNeXt-Tiny,D:\brain_tumor\🧠 Brain Tumor MRI Dataset\classification_task\test\meningioma\brisc2025_test_00411_me_co_t1.jpg,coronal,1,1,True,0.9987544,2.8310589102729912e-06
ConvNeXt-Tiny,D:\brain_tumor\🧠 Brain Tumor MRI Dataset\classification_task\test\meningioma\brisc2025_test_00412_me_co_t1.jpg,coronal,1,1,True,0.9999919,9.610847347875781e-11
ConvNeXt-Tiny,D:\brain_tumor\🧠 Brain Tumor MRI Dataset\classification_task\test\meningioma\brisc2025_test_00413_me_co_t1.jpg,coronal,1,1,True,0.8159825,0.06766586991523109
ConvNeXt-Tiny,D:\brain_tumor\🧠 Brain Tumor MRI Dataset\classification_task\test\meningioma\brisc2025_test_00414_me_co_t1.jpg,coronal,1,1,True,0.99999046,1.4271819126489895e-10
ConvNeXt-Tiny,D:\brain_tumor\🧠 Brain Tumor MRI Dataset\classification_task\test\meningioma\brisc2025_test_00415_me_co_t1.jpg,coronal,1,1,True,0.9999943,4.812800271756475e-11
ConvNeXt-Tiny,D:\brain_tumor\🧠 Brain Tumor MRI Dataset\classification_task\test\meningioma\brisc2025_test_00416_me_co_t1.jpg,coronal,1,1,True,0.9999943,4.812800271756475e-11
ConvNeXt-Tiny,D:\brain_tumor\🧠 Brain Tumor MRI Dataset\classification_task\test\meningioma\brisc2025_test_00417_me_co_t1.jpg,coronal,1,1,True,0.9999982,4.8695720755570425e-12
ConvNeXt-Tiny,D:\brain_tumor\🧠 Brain Tumor MRI Dataset\classification_task\test\meningioma\brisc2025_test_00418_me_co_t1.jpg,coronal,1,1,True,0.99956864,3.0726446431564286e-07
ConvNeXt-Tiny,D:\brain_tumor\🧠 Brain Tumor MRI Dataset\classification_task\test\meningioma\brisc2025_test_00419_me_co_t1.jpg,coronal,1,1,True,0.999998,6.470969412429248e-12
ConvNeXt-Tiny,D:\brain_tumor\🧠 Brain Tumor MRI Dataset\classification_task\test\meningioma\brisc2025_test_00420_me_co_t1.jpg,coronal,1,1,True,0.99993646,5.877084624298519e-09
ConvNeXt-Tiny,D:\brain_tumor\🧠 Brain Tumor MRI Dataset\classification_task\test\meningioma\brisc2025_test_00421_me_co_t1.jpg,coronal,1,1,True,0.9999454,5.805925380087004e-09
ConvNeXt-Tiny,D:\brain_tumor\🧠 Brain Tumor MRI Dataset\classification_task\test\meningioma\brisc2025_test_00422_me_co_t1.jpg,coronal,1,1,True,0.9999918,1.1152426657011069e-10
ConvNeXt-Tiny,D:\brain_tumor\🧠 Brain Tumor MRI Dataset\classification_task\test\meningioma\brisc2025_test_00423_me_co_t1.jpg,coronal,1,1,True,0.9999404,5.604581488049702e-09
ConvNeXt-Tiny,D:\brain_tumor\🧠 Brain Tumor MRI Dataset\classification_task\test\meningioma\brisc2025_test_00424_me_co_t1.jpg,coronal,1,1,True,0.99999297,8.448246439206787e-11
ConvNeXt-Tiny,D:\brain_tumor\🧠 Brain Tumor MRI Dataset\classification_task\test\meningioma\brisc2025_test_00425_me_co_t1.jpg,coronal,1,1,True,0.9999937,7.499291406416049e-11
ConvNeXt-Tiny,D:\brain_tumor\🧠 Brain Tumor MRI Dataset\classification_task\test\meningioma\brisc2025_test_00426_me_co_t1.jpg,coronal,1,1,True,0.9996321,2.628649069276649e-07
ConvNeXt-Tiny,D:\brain_tumor\🧠 Brain Tumor MRI Dataset\classification_task\test\meningioma\brisc2025_test_00427_me_co_t1.jpg,coronal,1,1,True,0.99999416,5.922937084871224e-11
ConvNeXt-Tiny,D:\brain_tumor\🧠 Brain Tumor MRI Dataset\classification_task\test\meningioma\brisc2025_test_00428_me_co_t1.jpg,coronal,1,1,True,0.9999794,8.036653203374076e-10
ConvNeXt-Tiny,D:\brain_tumor\🧠 Brain Tumor MRI Dataset\classification_task\test\meningioma\brisc2025_test_00429_me_co_t1.jpg,coronal,1,1,True,0.9999695,1.7694818531118875e-09
ConvNeXt-Tiny,D:\brain_tumor\🧠 Brain Tumor MRI Dataset\classification_task\test\meningioma\brisc2025_test_00430_me_co_t1.jpg,coronal,1,1,True,0.9999925,1.0069325624603994e-10
ConvNeXt-Tiny,D:\brain_tumor\🧠 Brain Tumor MRI Dataset\classification_task\test\meningioma\brisc2025_test_00431_me_co_t1.jpg,coronal,1,1,True,0.9999404,6.3193778911909904e-09
ConvNeXt-Tiny,D:\brain_tumor\🧠 Brain Tumor MRI Dataset\classification_task\test\meningioma\brisc2025_test_00432_me_co_t1.jpg,coronal,1,1,True,0.9999502,4.3545793544109355e-09
ConvNeXt-Tiny,D:\brain_tumor\🧠 Brain Tumor MRI Dataset\classification_task\test\meningioma\brisc2025_test_00433_me_co_t1.jpg,coronal,1,1,True,0.9985279,4.286453593072222e-06
ConvNeXt-Tiny,D:\brain_tumor\🧠 Brain Tumor MRI Dataset\classification_task\test\meningioma\brisc2025_test_00434_me_co_t1.jpg,coronal,1,1,True,0.9999194,1.1153842288465791e-08
ConvNeXt-Tiny,D:\brain_tumor\🧠 Brain Tumor MRI Dataset\classification_task\test\meningioma\brisc2025_test_00435_me_co_t1.jpg,coronal,1,1,True,0.99995756,2.7115452696640125e-09
ConvNeXt-Tiny,D:\brain_tumor\🧠 Brain Tumor MRI Dataset\classification_task\test\meningioma\brisc2025_test_00436_me_co_t1.jpg,coronal,1,1,True,0.9999851,3.768235101524174e-10
ConvNeXt-Tiny,D:\brain_tumor\🧠 Brain Tumor MRI Dataset\classification_task\test\meningioma\brisc2025_test_00437_me_co_t1.jpg,coronal,1,1,True,0.99992526,1.0144257943920909e-08
ConvNeXt-Tiny,D:\brain_tumor\🧠 Brain Tumor MRI Dataset\classification_task\test\meningioma\brisc2025_test_00438_me_co_t1.jpg,coronal,1,1,True,0.99999714,1.1258721175829106e-11
ConvNeXt-Tiny,D:\brain_tumor\🧠 Brain Tumor MRI Dataset\classification_task\test\meningioma\brisc2025_test_00439_me_co_t1.jpg,coronal,1,1,True,0.99998367,4.849821789173486e-10
ConvNeXt-Tiny,D:\brain_tumor\🧠 Brain Tumor MRI Dataset\classification_task\test\meningioma\brisc2025_test_00440_me_co_t1.jpg,coronal,1,1,True,0.99996233,2.4967882731862174e-09
ConvNeXt-Tiny,D:\brain_tumor\🧠 Brain Tumor MRI Dataset\classification_task\test\meningioma\brisc2025_test_00441_me_co_t1.jpg,coronal,1,1,True,0.99999726,1.1485393408986643e-11
ConvNeXt-Tiny,D:\brain_tumor\🧠 Brain Tumor MRI Dataset\classification_task\test\meningioma\brisc2025_test_00442_me_co_t1.jpg,coronal,1,1,True,0.9999857,3.55655975192073e-10
ConvNeXt-Tiny,D:\brain_tumor\🧠 Brain Tumor MRI Dataset\classification_task\test\meningioma\brisc2025_test_00443_me_co_t1.jpg,coronal,1,1,True,0.99997807,9.454369986775744e-10
ConvNeXt-Tiny,D:\brain_tumor\🧠 Brain Tumor MRI Dataset\classification_task\test\meningioma\brisc2025_test_00444_me_co_t1.jpg,coronal,1,1,True,0.99938107,7.452547110737744e-07
ConvNeXt-Tiny,D:\brain_tumor\🧠 Brain Tumor MRI Dataset\classification_task\test\meningioma\brisc2025_test_00445_me_co_t1.jpg,coronal,1,1,True,0.99999666,2.0228364487890234e-11
ConvNeXt-Tiny,D:\brain_tumor\🧠 Brain Tumor MRI Dataset\classification_task\test\meningioma\brisc2025_test_00446_me_co_t1.jpg,coronal,1,1,True,0.9999856,3.293228116076853e-10
ConvNeXt-Tiny,D:\brain_tumor\🧠 Brain Tumor MRI Dataset\classification_task\test\meningioma\brisc2025_test_00447_me_co_t1.jpg,coronal,1,1,True,0.9999907,1.5041765998579085e-10
ConvNeXt-Tiny,D:\brain_tumor\🧠 Brain Tumor MRI Dataset\classification_task\test\meningioma\brisc2025_test_00448_me_co_t1.jpg,coronal,1,1,True,0.99999213,9.085556996356264e-11
ConvNeXt-Tiny,D:\brain_tumor\🧠 Brain Tumor MRI Dataset\classification_task\test\meningioma\brisc2025_test_00449_me_co_t1.jpg,coronal,1,1,True,0.99998856,2.1932205605893126e-10
ConvNeXt-Tiny,D:\brain_tumor\🧠 Brain Tumor MRI Dataset\classification_task\test\meningioma\brisc2025_test_00450_me_co_t1.jpg,coronal,1,1,True,0.9999732,1.39166064254964e-09
ConvNeXt-Tiny,D:\brain_tumor\🧠 Brain Tumor MRI Dataset\classification_task\test\meningioma\brisc2025_test_00451_me_co_t1.jpg,coronal,1,1,True,0.9999883,2.4684409872366245e-10
ConvNeXt-Tiny,D:\brain_tumor\🧠 Brain Tumor MRI Dataset\classification_task\test\meningioma\brisc2025_test_00452_me_co_t1.jpg,coronal,1,1,True,0.9999727,1.126908170558771e-09
ConvNeXt-Tiny,D:\brain_tumor\🧠 Brain Tumor MRI Dataset\classification_task\test\meningioma\brisc2025_test_00453_me_co_t1.jpg,coronal,1,1,True,0.9999795,8.139384709158165e-10
ConvNeXt-Tiny,D:\brain_tumor\🧠 Brain Tumor MRI Dataset\classification_task\test\meningioma\brisc2025_test_00454_me_co_t1.jpg,coronal,1,1,True,0.99998105,6.469730458877843e-10
ConvNeXt-Tiny,D:\brain_tumor\🧠 Brain Tumor MRI Dataset\classification_task\test\meningioma\brisc2025_test_00455_me_co_t1.jpg,coronal,1,1,True,0.9999635,2.4318411599010447e-09
ConvNeXt-Tiny,D:\brain_tumor\🧠 Brain Tumor MRI Dataset\classification_task\test\meningioma\brisc2025_test_00456_me_co_t1.jpg,coronal,1,1,True,0.9999887,1.784498231322519e-10
ConvNeXt-Tiny,D:\brain_tumor\🧠 Brain Tumor MRI Dataset\classification_task\test\meningioma\brisc2025_test_00457_me_co_t1.jpg,coronal,1,1,True,0.9999701,1.3846994049031112e-09
ConvNeXt-Tiny,D:\brain_tumor\🧠 Brain Tumor MRI Dataset\classification_task\test\meningioma\brisc2025_test_00458_me_co_t1.jpg,coronal,1,1,True,0.9999684,1.6207231233515038e-09
ConvNeXt-Tiny,D:\brain_tumor\🧠 Brain Tumor MRI Dataset\classification_task\test\meningioma\brisc2025_test_00459_me_co_t1.jpg,coronal,1,1,True,0.9997453,1.2908615482047312e-07
ConvNeXt-Tiny,D:\brain_tumor\🧠 Brain Tumor MRI Dataset\classification_task\test\meningioma\brisc2025_test_00460_me_co_t1.jpg,coronal,1,1,True,0.99996746,1.5856339238965097e-09
ConvNeXt-Tiny,D:\brain_tumor\🧠 Brain Tumor MRI Dataset\classification_task\test\meningioma\brisc2025_test_00461_me_co_t1.jpg,coronal,1,1,True,0.99998283,4.584786849267852e-10
ConvNeXt-Tiny,D:\brain_tumor\🧠 Brain Tumor MRI Dataset\classification_task\test\meningioma\brisc2025_test_00462_me_co_t1.jpg,coronal,1,1,True,0.9999951,3.8988231535401485e-11
ConvNeXt-Tiny,D:\brain_tumor\🧠 Brain Tumor MRI Dataset\classification_task\test\meningioma\brisc2025_test_00463_me_co_t1.jpg,coronal,1,1,True,0.9999831,4.236310720411706e-10
ConvNeXt-Tiny,D:\brain_tumor\🧠 Brain Tumor MRI Dataset\classification_task\test\meningioma\brisc2025_test_00464_me_co_t1.jpg,coronal,1,1,True,0.99999714,1.5434903654526607e-11
ConvNeXt-Tiny,D:\brain_tumor\🧠 Brain Tumor MRI Dataset\classification_task\test\meningioma\brisc2025_test_00465_me_co_t1.jpg,coronal,1,1,True,0.999995,4.684262542110216e-11
ConvNeXt-Tiny,D:\brain_tumor\🧠 Brain Tumor MRI Dataset\classification_task\test\meningioma\brisc2025_test_00466_me_co_t1.jpg,coronal,1,1,True,0.99986005,3.5362313666371196e-08
ConvNeXt-Tiny,D:\brain_tumor\🧠 Brain Tumor MRI Dataset\classification_task\test\meningioma\brisc2025_test_00467_me_co_t1.jpg,coronal,1,1,True,0.99999535,3.2336699381940724e-11
ConvNeXt-Tiny,D:\brain_tumor\🧠 Brain Tumor MRI Dataset\classification_task\test\meningioma\brisc2025_test_00468_me_co_t1.jpg,coronal,1,1,True,0.99998736,3.013050727090562e-10
ConvNeXt-Tiny,D:\brain_tumor\🧠 Brain Tumor MRI Dataset\classification_task\test\meningioma\brisc2025_test_00469_me_co_t1.jpg,coronal,1,1,True,0.9999964,2.1258105562794374e-11
ConvNeXt-Tiny,D:\brain_tumor\🧠 Brain Tumor MRI Dataset\classification_task\test\meningioma\brisc2025_test_00470_me_co_t1.jpg,coronal,1,1,True,0.99999356,6.655243625180784e-11
ConvNeXt-Tiny,D:\brain_tumor\🧠 Brain Tumor MRI Dataset\classification_task\test\meningioma\brisc2025_test_00471_me_co_t1.jpg,coronal,1,1,True,0.9999889,2.1904853123566716e-10
ConvNeXt-Tiny,D:\brain_tumor\🧠 Brain Tumor MRI Dataset\classification_task\test\meningioma\brisc2025_test_00472_me_co_t1.jpg,coronal,1,1,True,0.9999976,8.47366362603795e-12
ConvNeXt-Tiny,D:\brain_tumor\🧠 Brain Tumor MRI Dataset\classification_task\test\meningioma\brisc2025_test_00473_me_co_t1.jpg,coronal,1,1,True,0.9999963,1.994633781329063e-11
ConvNeXt-Tiny,D:\brain_tumor\🧠 Brain Tumor MRI Dataset\classification_task\test\meningioma\brisc2025_test_00474_me_co_t1.jpg,coronal,1,1,True,0.9999926,8.043998909333846e-11
ConvNeXt-Tiny,D:\brain_tumor\🧠 Brain Tumor MRI Dataset\classification_task\test\meningioma\brisc2025_test_00475_me_co_t1.jpg,coronal,1,1,True,0.9999864,2.843239149794393e-10
ConvNeXt-Tiny,D:\brain_tumor\🧠 Brain Tumor MRI Dataset\classification_task\test\meningioma\brisc2025_test_00476_me_co_t1.jpg,coronal,1,1,True,0.99998176,4.951704662651578e-10
ConvNeXt-Tiny,D:\brain_tumor\🧠 Brain Tumor MRI Dataset\classification_task\test\meningioma\brisc2025_test_00477_me_co_t1.jpg,coronal,1,1,True,0.9999939,5.4887164539659865e-11
ConvNeXt-Tiny,D:\brain_tumor\🧠 Brain Tumor MRI Dataset\classification_task\test\meningioma\brisc2025_test_00478_me_sa_t1.jpg,sagittal,1,1,True,0.99993885,7.298281132714226e-09
ConvNeXt-Tiny,D:\brain_tumor\🧠 Brain Tumor MRI Dataset\classification_task\test\meningioma\brisc2025_test_00479_me_sa_t1.jpg,sagittal,1,1,True,0.9999944,5.385772092923228e-11
ConvNeXt-Tiny,D:\brain_tumor\🧠 Brain Tumor MRI Dataset\classification_task\test\meningioma\brisc2025_test_00480_me_sa_t1.jpg,sagittal,1,1,True,0.9999987,2.3228028111479533e-12
ConvNeXt-Tiny,D:\brain_tumor\🧠 Brain Tumor MRI Dataset\classification_task\test\meningioma\brisc2025_test_00481_me_sa_t1.jpg,sagittal,1,1,True,0.99999666,1.5798021896337957e-11
ConvNeXt-Tiny,D:\brain_tumor\🧠 Brain Tumor MRI Dataset\classification_task\test\meningioma\brisc2025_test_00482_me_sa_t1.jpg,sagittal,1,1,True,0.99999285,8.370325125347963e-11
ConvNeXt-Tiny,D:\brain_tumor\🧠 Brain Tumor MRI Dataset\classification_task\test\meningioma\brisc2025_test_00483_me_sa_t1.jpg,sagittal,1,1,True,0.9999968,1.517948902796908e-11
ConvNeXt-Tiny,D:\brain_tumor\🧠 Brain Tumor MRI Dataset\classification_task\test\meningioma\brisc2025_test_00484_me_sa_t1.jpg,sagittal,1,1,True,0.9999378,7.563935608700732e-09
ConvNeXt-Tiny,D:\brain_tumor\🧠 Brain Tumor MRI Dataset\classification_task\test\meningioma\brisc2025_test_00485_me_sa_t1.jpg,sagittal,1,1,True,0.9999622,2.5943574512049393e-09
ConvNeXt-Tiny,D:\brain_tumor\🧠 Brain Tumor MRI Dataset\classification_task\test\meningioma\brisc2025_test_00486_me_sa_t1.jpg,sagittal,1,1,True,0.9999975,8.82598251395721e-12
ConvNeXt-Tiny,D:\brain_tumor\🧠 Brain Tumor MRI Dataset\classification_task\test\meningioma\brisc2025_test_00487_me_sa_t1.jpg,sagittal,1,1,True,0.9999845,4.330480411597279e-10
ConvNeXt-Tiny,D:\brain_tumor\🧠 Brain Tumor MRI Dataset\classification_task\test\meningioma\brisc2025_test_00488_me_sa_t1.jpg,sagittal,1,1,True,0.999585,3.295111839134127e-07
ConvNeXt-Tiny,D:\brain_tumor\🧠 Brain Tumor MRI Dataset\classification_task\test\meningioma\brisc2025_test_00489_me_sa_t1.jpg,sagittal,1,1,True,0.99999714,1.1971709855543968e-11
ConvNeXt-Tiny,D:\brain_tumor\🧠 Brain Tumor MRI Dataset\classification_task\test\meningioma\brisc2025_test_00490_me_sa_t1.jpg,sagittal,1,1,True,0.9998871,2.214671934029561e-08
ConvNeXt-Tiny,D:\brain_tumor\🧠 Brain Tumor MRI Dataset\classification_task\test\meningioma\brisc2025_test_00491_me_sa_t1.jpg,sagittal,1,1,True,0.9999008,1.6977073451735675e-08
ConvNeXt-Tiny,D:\brain_tumor\🧠 Brain Tumor MRI Dataset\classification_task\test\meningioma\brisc2025_test_00492_me_sa_t1.jpg,sagittal,1,1,True,0.9999988,2.0531278763900663e-12
ConvNeXt-Tiny,D:\brain_tumor\🧠 Brain Tumor MRI Dataset\classification_task\test\meningioma\brisc2025_test_00493_me_sa_t1.jpg,sagittal,1,1,True,0.9999968,1.541057269561832e-11
ConvNeXt-Tiny,D:\brain_tumor\🧠 Brain Tumor MRI Dataset\classification_task\test\meningioma\brisc2025_test_00494_me_sa_t1.jpg,sagittal,1,1,True,0.9999883,2.44790626405373e-10
ConvNeXt-Tiny,D:\brain_tumor\🧠 Brain Tumor MRI Dataset\classification_task\test\meningioma\brisc2025_test_00495_me_sa_t1.jpg,sagittal,1,1,True,0.999042,1.8275005746881523e-06
ConvNeXt-Tiny,D:\brain_tumor\🧠 Brain Tumor MRI Dataset\classification_task\test\meningioma\brisc2025_test_00496_me_sa_t1.jpg,sagittal,1,1,True,0.999964,2.2245494195770585e-09
ConvNeXt-Tiny,D:\brain_tumor\🧠 Brain Tumor MRI Dataset\classification_task\test\meningioma\brisc2025_test_00497_me_sa_t1.jpg,sagittal,1,1,True,0.9999958,2.976117843589491e-11
ConvNeXt-Tiny,D:\brain_tumor\🧠 Brain Tumor MRI Dataset\classification_task\test\meningioma\brisc2025_test_00498_me_sa_t1.jpg,sagittal,1,1,True,0.99998677,3.3942852263214817e-10
ConvNeXt-Tiny,D:\brain_tumor\🧠 Brain Tumor MRI Dataset\classification_task\test\meningioma\brisc2025_test_00499_me_sa_t1.jpg,sagittal,1,1,True,0.9999653,2.2571273995477407e-09
ConvNeXt-Tiny,D:\brain_tumor\🧠 Brain Tumor MRI Dataset\classification_task\test\meningioma\brisc2025_test_00500_me_sa_t1.jpg,sagittal,1,1,True,0.9999112,1.2229259685714917e-08
ConvNeXt-Tiny,D:\brain_tumor\🧠 Brain Tumor MRI Dataset\classification_task\test\meningioma\brisc2025_test_00501_me_sa_t1.jpg,sagittal,1,1,True,0.9999596,3.2058628744127568e-09
ConvNeXt-Tiny,D:\brain_tumor\🧠 Brain Tumor MRI Dataset\classification_task\test\meningioma\brisc2025_test_00502_me_sa_t1.jpg,sagittal,1,1,True,0.99987805,2.5501355334576014e-08
ConvNeXt-Tiny,D:\brain_tumor\🧠 Brain Tumor MRI Dataset\classification_task\test\meningioma\brisc2025_test_00503_me_sa_t1.jpg,sagittal,1,1,True,0.99902713,1.658898782870442e-06
ConvNeXt-Tiny,D:\brain_tumor\🧠 Brain Tumor MRI Dataset\classification_task\test\meningioma\brisc2025_test_00504_me_sa_t1.jpg,sagittal,1,1,True,0.9998035,7.310241367093286e-08
ConvNeXt-Tiny,D:\brain_tumor\🧠 Brain Tumor MRI Dataset\classification_task\test\meningioma\brisc2025_test_00505_me_sa_t1.jpg,sagittal,1,1,True,0.9999945,4.453172461001147e-11
ConvNeXt-Tiny,D:\brain_tumor\🧠 Brain Tumor MRI Dataset\classification_task\test\meningioma\brisc2025_test_00506_me_sa_t1.jpg,sagittal,1,1,True,0.9999846,4.2896658106617386e-10
ConvNeXt-Tiny,D:\brain_tumor\🧠 Brain Tumor MRI Dataset\classification_task\test\meningioma\brisc2025_test_00507_me_sa_t1.jpg,sagittal,1,1,True,0.9999769,9.476613018466683e-10
ConvNeXt-Tiny,D:\brain_tumor\🧠 Brain Tumor MRI Dataset\classification_task\test\meningioma\brisc2025_test_00508_me_sa_t1.jpg,sagittal,1,1,True,0.99937326,7.820488110292295e-07
ConvNeXt-Tiny,D:\brain_tumor\🧠 Brain Tumor MRI Dataset\classification_task\test\meningioma\brisc2025_test_00509_me_sa_t1.jpg,sagittal,1,1,True,0.9999796,6.540880178899664e-10
ConvNeXt-Tiny,D:\brain_tumor\🧠 Brain Tumor MRI Dataset\classification_task\test\meningioma\brisc2025_test_00510_me_sa_t1.jpg,sagittal,1,1,True,0.9999881,2.727176940795149e-10
ConvNeXt-Tiny,D:\brain_tumor\🧠 Brain Tumor MRI Dataset\classification_task\test\meningioma\brisc2025_test_00511_me_sa_t1.jpg,sagittal,1,1,True,0.99999523,4.1882585714599116e-11
ConvNeXt-Tiny,D:\brain_tumor\🧠 Brain Tumor MRI Dataset\classification_task\test\meningioma\brisc2025_test_00512_me_sa_t1.jpg,sagittal,1,1,True,0.9552238,0.004008701927215467
ConvNeXt-Tiny,D:\brain_tumor\🧠 Brain Tumor MRI Dataset\classification_task\test\meningioma\brisc2025_test_00513_me_sa_t1.jpg,sagittal,1,1,True,0.99996114,2.666802946462884e-09
ConvNeXt-Tiny,D:\brain_tumor\🧠 Brain Tumor MRI Dataset\classification_task\test\meningioma\brisc2025_test_00514_me_sa_t1.jpg,sagittal,1,1,True,0.99999416,5.2468111157166775e-11
ConvNeXt-Tiny,D:\brain_tumor\🧠 Brain Tumor MRI Dataset\classification_task\test\meningioma\brisc2025_test_00515_me_sa_t1.jpg,sagittal,1,1,True,0.999972,1.2879169825224832e-09
ConvNeXt-Tiny,D:\brain_tumor\🧠 Brain Tumor MRI Dataset\classification_task\test\meningioma\brisc2025_test_00516_me_sa_t1.jpg,sagittal,1,1,True,0.99999094,1.2060263667368208e-10
ConvNeXt-Tiny,D:\brain_tumor\🧠 Brain Tumor MRI Dataset\classification_task\test\meningioma\brisc2025_test_00517_me_sa_t1.jpg,sagittal,1,1,True,0.9999771,9.585983015356743e-10
ConvNeXt-Tiny,D:\brain_tumor\🧠 Brain Tumor MRI Dataset\classification_task\test\meningioma\brisc2025_test_00518_me_sa_t1.jpg,sagittal,1,1,True,0.99999213,1.1856777072247726e-10
ConvNeXt-Tiny,D:\brain_tumor\🧠 Brain Tumor MRI Dataset\classification_task\test\meningioma\brisc2025_test_00519_me_sa_t1.jpg,sagittal,1,1,True,0.9953206,4.331007601223226e-05
ConvNeXt-Tiny,D:\brain_tumor\🧠 Brain Tumor MRI Dataset\classification_task\test\meningioma\brisc2025_test_00520_me_sa_t1.jpg,sagittal,1,1,True,0.9999858,3.831862016511747e-10
ConvNeXt-Tiny,D:\brain_tumor\🧠 Brain Tumor MRI Dataset\classification_task\test\meningioma\brisc2025_test_00521_me_sa_t1.jpg,sagittal,1,1,True,0.9999013,1.5582512519432676e-08
ConvNeXt-Tiny,D:\brain_tumor\🧠 Brain Tumor MRI Dataset\classification_task\test\meningioma\brisc2025_test_00522_me_sa_t1.jpg,sagittal,1,1,True,0.9999578,2.6579760668908043e-09
ConvNeXt-Tiny,D:\brain_tumor\🧠 Brain Tumor MRI Dataset\classification_task\test\meningioma\brisc2025_test_00523_me_sa_t1.jpg,sagittal,1,1,True,0.9995197,4.573658346117167e-07
ConvNeXt-Tiny,D:\brain_tumor\🧠 Brain Tumor MRI Dataset\classification_task\test\meningioma\brisc2025_test_00524_me_sa_t1.jpg,sagittal,1,1,True,0.99998355,4.701901043959419e-10
ConvNeXt-Tiny,D:\brain_tumor\🧠 Brain Tumor MRI Dataset\classification_task\test\meningioma\brisc2025_test_00525_me_sa_t1.jpg,sagittal,1,1,True,0.9999844,4.1598624545978576e-10
ConvNeXt-Tiny,D:\brain_tumor\🧠 Brain Tumor MRI Dataset\classification_task\test\meningioma\brisc2025_test_00526_me_sa_t1.jpg,sagittal,1,2,False,0.9998951,1.9995831096887597
ConvNeXt-Tiny,D:\brain_tumor\🧠 Brain Tumor MRI Dataset\classification_task\test\meningioma\brisc2025_test_00527_me_sa_t1.jpg,sagittal,1,1,True,0.9997937,7.53928829985467e-08
ConvNeXt-Tiny,D:\brain_tumor\🧠 Brain Tumor MRI Dataset\classification_task\test\meningioma\brisc2025_test_00528_me_sa_t1.jpg,sagittal,1,1,True,0.6423251,0.25574315462615527
ConvNeXt-Tiny,D:\brain_tumor\🧠 Brain Tumor MRI Dataset\classification_task\test\meningioma\brisc2025_test_00529_me_sa_t1.jpg,sagittal,1,1,True,0.99999297,7.381898150799794e-11
ConvNeXt-Tiny,D:\brain_tumor\🧠 Brain Tumor MRI Dataset\classification_task\test\meningioma\brisc2025_test_00530_me_sa_t1.jpg,sagittal,1,1,True,0.9999856,3.106959037013986e-10
ConvNeXt-Tiny,D:\brain_tumor\🧠 Brain Tumor MRI Dataset\classification_task\test\meningioma\brisc2025_test_00531_me_sa_t1.jpg,sagittal,1,1,True,0.99999547,3.293680242534502e-11
ConvNeXt-Tiny,D:\brain_tumor\🧠 Brain Tumor MRI Dataset\classification_task\test\meningioma\brisc2025_test_00532_me_sa_t1.jpg,sagittal,1,1,True,0.99998844,2.413324262890479e-10
ConvNeXt-Tiny,D:\brain_tumor\🧠 Brain Tumor MRI Dataset\classification_task\test\meningioma\brisc2025_test_00533_me_sa_t1.jpg,sagittal,1,1,True,0.9964155,2.553814707898157e-05
ConvNeXt-Tiny,D:\brain_tumor\🧠 Brain Tumor MRI Dataset\classification_task\test\meningioma\brisc2025_test_00534_me_sa_t1.jpg,sagittal,1,1,True,0.99928766,9.933849368627645e-07
ConvNeXt-Tiny,D:\brain_tumor\🧠 Brain Tumor MRI Dataset\classification_task\test\meningioma\brisc2025_test_00535_me_sa_t1.jpg,sagittal,1,1,True,0.99990475,1.7622305245264304e-08
ConvNeXt-Tiny,D:\brain_tumor\🧠 Brain Tumor MRI Dataset\classification_task\test\meningioma\brisc2025_test_00536_me_sa_t1.jpg,sagittal,1,1,True,0.9999862,3.566481838890856e-10
ConvNeXt-Tiny,D:\brain_tumor\🧠 Brain Tumor MRI Dataset\classification_task\test\meningioma\brisc2025_test_00537_me_sa_t1.jpg,sagittal,1,1,True,0.9999968,1.474235454215396e-11
ConvNeXt-Tiny,D:\brain_tumor\🧠 Brain Tumor MRI Dataset\classification_task\test\meningioma\brisc2025_test_00538_me_sa_t1.jpg,sagittal,1,1,True,0.99999774,7.802588874574759e-12
ConvNeXt-Tiny,D:\brain_tumor\🧠 Brain Tumor MRI Dataset\classification_task\test\meningioma\brisc2025_test_00539_me_sa_t1.jpg,sagittal,1,1,True,0.9999666,2.178909050739051e-09
ConvNeXt-Tiny,D:\brain_tumor\🧠 Brain Tumor MRI Dataset\classification_task\test\meningioma\brisc2025_test_00540_me_sa_t1.jpg,sagittal,1,1,True,0.9999838,4.370421477454706e-10
ConvNeXt-Tiny,D:\brain_tumor\🧠 Brain Tumor MRI Dataset\classification_task\test\meningioma\brisc2025_test_00541_me_sa_t1.jpg,sagittal,1,1,True,0.9817832,0.0006628720413950545
ConvNeXt-Tiny,D:\brain_tumor\🧠 Brain Tumor MRI Dataset\classification_task\test\meningioma\brisc2025_test_00542_me_sa_t1.jpg,sagittal,1,1,True,0.99990714,1.3600431760574515e-08
ConvNeXt-Tiny,D:\brain_tumor\🧠 Brain Tumor MRI Dataset\classification_task\test\meningioma\brisc2025_test_00543_me_sa_t1.jpg,sagittal,1,1,True,0.99999154,1.3863035189617882e-10
ConvNeXt-Tiny,D:\brain_tumor\🧠 Brain Tumor MRI Dataset\classification_task\test\meningioma\brisc2025_test_00544_me_sa_t1.jpg,sagittal,1,1,True,0.9996511,2.3724734143462348e-07
ConvNeXt-Tiny,D:\brain_tumor\🧠 Brain Tumor MRI Dataset\classification_task\test\meningioma\brisc2025_test_00545_me_sa_t1.jpg,sagittal,1,1,True,0.99997413,1.1616848790372384e-09
ConvNeXt-Tiny,D:\brain_tumor\🧠 Brain Tumor MRI Dataset\classification_task\test\meningioma\brisc2025_test_00546_me_sa_t1.jpg,sagittal,1,1,True,0.999992,1.23772655577586e-10
ConvNeXt-Tiny,D:\brain_tumor\🧠 Brain Tumor MRI Dataset\classification_task\test\meningioma\brisc2025_test_00547_me_sa_t1.jpg,sagittal,1,1,True,0.9999418,6.733319482940608e-09
ConvNeXt-Tiny,D:\brain_tumor\🧠 Brain Tumor MRI Dataset\classification_task\test\meningioma\brisc2025_test_00548_me_sa_t1.jpg,sagittal,1,1,True,0.99997735,9.576966906691462e-10
ConvNeXt-Tiny,D:\brain_tumor\🧠 Brain Tumor MRI Dataset\classification_task\test\meningioma\brisc2025_test_00549_me_sa_t1.jpg,sagittal,1,1,True,0.9999926,9.84165006484733e-11
ConvNeXt-Tiny,D:\brain_tumor\🧠 Brain Tumor MRI Dataset\classification_task\test\meningioma\brisc2025_test_00550_me_sa_t1.jpg,sagittal,1,1,True,0.99965453,2.3428069539393415e-07
ConvNeXt-Tiny,D:\brain_tumor\🧠 Brain Tumor MRI Dataset\classification_task\test\meningioma\brisc2025_test_00551_me_sa_t1.jpg,sagittal,1,1,True,0.9999839,4.3910611032177443e-10
ConvNeXt-Tiny,D:\brain_tumor\🧠 Brain Tumor MRI Dataset\classification_task\test\meningioma\brisc2025_test_00552_me_sa_t1.jpg,sagittal,1,2,False,0.99865353,1.9946320587447879
ConvNeXt-Tiny,D:\brain_tumor\🧠 Brain Tumor MRI Dataset\classification_task\test\meningioma\brisc2025_test_00553_me_sa_t1.jpg,sagittal,1,1,True,0.99997723,9.221104462722361e-10
ConvNeXt-Tiny,D:\brain_tumor\🧠 Brain Tumor MRI Dataset\classification_task\test\meningioma\brisc2025_test_00554_me_sa_t1.jpg,sagittal,1,1,True,0.99999833,4.189253689684576e-12
ConvNeXt-Tiny,D:\brain_tumor\🧠 Brain Tumor MRI Dataset\classification_task\test\meningioma\brisc2025_test_00555_me_sa_t1.jpg,sagittal,1,1,True,0.99990594,1.6823823192176353e-08
ConvNeXt-Tiny,D:\brain_tumor\🧠 Brain Tumor MRI Dataset\classification_task\test\meningioma\brisc2025_test_00556_me_sa_t1.jpg,sagittal,1,1,True,0.9999889,1.893999984883157e-10
ConvNeXt-Tiny,D:\brain_tumor\🧠 Brain Tumor MRI Dataset\classification_task\test\meningioma\brisc2025_test_00557_me_sa_t1.jpg,sagittal,1,1,True,0.9999708,1.636621948797471e-09
ConvNeXt-Tiny,D:\brain_tumor\🧠 Brain Tumor MRI Dataset\classification_task\test\meningioma\brisc2025_test_00558_me_sa_t1.jpg,sagittal,1,1,True,0.9955472,3.649283257370254e-05
ConvNeXt-Tiny,D:\brain_tumor\🧠 Brain Tumor MRI Dataset\classification_task\test\meningioma\brisc2025_test_00559_me_sa_t1.jpg,sagittal,1,1,True,0.99997306,1.3305935970153553e-09
ConvNeXt-Tiny,D:\brain_tumor\🧠 Brain Tumor MRI Dataset\classification_task\test\meningioma\brisc2025_test_00560_me_sa_t1.jpg,sagittal,1,1,True,0.99999475,5.1122103840199317e-11
ConvNeXt-Tiny,D:\brain_tumor\🧠 Brain Tumor MRI Dataset\classification_task\test\no_tumor\brisc2025_test_00561_no_ax_t1.jpg,axial,3,3,True,0.9999944,4.840726974666115e-11
ConvNeXt-Tiny,D:\brain_tumor\🧠 Brain Tumor MRI Dataset\classification_task\test\no_tumor\brisc2025_test_00562_no_ax_t1.jpg,axial,3,3,True,0.99997663,8.296175338105511e-10
ConvNeXt-Tiny,D:\brain_tumor\🧠 Brain Tumor MRI Dataset\classification_task\test\no_tumor\brisc2025_test_00563_no_ax_t1.jpg,axial,3,3,True,0.9999994,5.891476885437491e-13
ConvNeXt-Tiny,D:\brain_tumor\🧠 Brain Tumor MRI Dataset\classification_task\test\no_tumor\brisc2025_test_00564_no_ax_t1.jpg,axial,3,3,True,0.9999988,2.1638780231263345e-12
ConvNeXt-Tiny,D:\brain_tumor\🧠 Brain Tumor MRI Dataset\classification_task\test\no_tumor\brisc2025_test_00565_no_ax_t1.jpg,axial,3,3,True,0.9999995,4.4143078062380026e-13
ConvNeXt-Tiny,D:\brain_tumor\🧠 Brain Tumor MRI Dataset\classification_task\test\no_tumor\brisc2025_test_00566_no_ax_t1.jpg,axial,3,3,True,0.99999917,1.0211735220850391e-12
ConvNeXt-Tiny,D:\brain_tumor\🧠 Brain Tumor MRI Dataset\classification_task\test\no_tumor\brisc2025_test_00567_no_ax_t1.jpg,axial,3,3,True,0.9999993,7.858079814690697e-13
ConvNeXt-Tiny,D:\brain_tumor\🧠 Brain Tumor MRI Dataset\classification_task\test\no_tumor\brisc2025_test_00568_no_ax_t1.jpg,axial,3,3,True,0.9999988,2.1819766031760226e-12
ConvNeXt-Tiny,D:\brain_tumor\🧠 Brain Tumor MRI Dataset\classification_task\test\no_tumor\brisc2025_test_00569_no_ax_t1.jpg,axial,3,3,True,0.9999995,3.800634606682078e-13
ConvNeXt-Tiny,D:\brain_tumor\🧠 Brain Tumor MRI Dataset\classification_task\test\no_tumor\brisc2025_test_00570_no_ax_t1.jpg,axial,3,3,True,0.9999994,5.761053629078788e-13
ConvNeXt-Tiny,D:\brain_tumor\🧠 Brain Tumor MRI Dataset\classification_task\test\no_tumor\brisc2025_test_00571_no_ax_t1.jpg,axial,3,3,True,0.9999993,6.998849316732889e-13
ConvNeXt-Tiny,D:\brain_tumor\🧠 Brain Tumor MRI Dataset\classification_task\test\no_tumor\brisc2025_test_00572_no_ax_t1.jpg,axial,3,3,True,0.99999726,1.444921855690062e-11
ConvNeXt-Tiny,D:\brain_tumor\🧠 Brain Tumor MRI Dataset\classification_task\test\no_tumor\brisc2025_test_00573_no_ax_t1.jpg,axial,3,3,True,0.9999995,4.191195079033978e-13
ConvNeXt-Tiny,D:\brain_tumor\🧠 Brain Tumor MRI Dataset\classification_task\test\no_tumor\brisc2025_test_00574_no_ax_t1.jpg,axial,3,3,True,0.9999994,5.49933228772529e-13
ConvNeXt-Tiny,D:\brain_tumor\🧠 Brain Tumor MRI Dataset\classification_task\test\no_tumor\brisc2025_test_00575_no_ax_t1.jpg,axial,3,3,True,0.9999995,4.3978119804201003e-13
ConvNeXt-Tiny,D:\brain_tumor\🧠 Brain Tumor MRI Dataset\classification_task\test\no_tumor\brisc2025_test_00576_no_ax_t1.jpg,axial,3,3,True,0.99999917,1.0891344605748625e-12
ConvNeXt-Tiny,D:\brain_tumor\🧠 Brain Tumor MRI Dataset\classification_task\test\no_tumor\brisc2025_test_00577_no_ax_t1.jpg,axial,3,3,True,0.9999995,3.590543440739219e-13
ConvNeXt-Tiny,D:\brain_tumor\🧠 Brain Tumor MRI Dataset\classification_task\test\no_tumor\brisc2025_test_00578_no_ax_t1.jpg,axial,3,3,True,0.9999995,4.363869756305277e-13
ConvNeXt-Tiny,D:\brain_tumor\🧠 Brain Tumor MRI Dataset\classification_task\test\no_tumor\brisc2025_test_00579_no_ax_t1.jpg,axial,3,3,True,0.9999994,6.421416960373873e-13
ConvNeXt-Tiny,D:\brain_tumor\🧠 Brain Tumor MRI Dataset\classification_task\test\no_tumor\brisc2025_test_00580_no_ax_t1.jpg,axial,3,3,True,0.9999994,5.914641469215694e-13
ConvNeXt-Tiny,D:\brain_tumor\🧠 Brain Tumor MRI Dataset\classification_task\test\no_tumor\brisc2025_test_00581_no_ax_t1.jpg,axial,3,3,True,0.9999994,5.74378957909455e-13
ConvNeXt-Tiny,D:\brain_tumor\🧠 Brain Tumor MRI Dataset\classification_task\test\no_tumor\brisc2025_test_00582_no_ax_t1.jpg,axial,3,3,True,0.9999995,4.966269156740995e-13
ConvNeXt-Tiny,D:\brain_tumor\🧠 Brain Tumor MRI Dataset\classification_task\test\no_tumor\brisc2025_test_00583_no_ax_t1.jpg,axial,3,3,True,0.9999988,2.4794781687950315e-12
ConvNeXt-Tiny,D:\brain_tumor\🧠 Brain Tumor MRI Dataset\classification_task\test\no_tumor\brisc2025_test_00584_no_ax_t1.jpg,axial,3,3,True,0.9999993,8.124966919459311e-13
ConvNeXt-Tiny,D:\brain_tumor\🧠 Brain Tumor MRI Dataset\classification_task\test\no_tumor\brisc2025_test_00585_no_ax_t1.jpg,axial,3,3,True,0.9999995,4.3334861466707096e-13
ConvNeXt-Tiny,D:\brain_tumor\🧠 Brain Tumor MRI Dataset\classification_task\test\no_tumor\brisc2025_test_00586_no_ax_t1.jpg,axial,3,3,True,0.9999926,9.729958385289496e-11
ConvNeXt-Tiny,D:\brain_tumor\🧠 Brain Tumor MRI Dataset\classification_task\test\no_tumor\brisc2025_test_00587_no_ax_t1.jpg,axial,3,3,True,0.9999987,3.0963508088961905e-12
ConvNeXt-Tiny,D:\brain_tumor\🧠 Brain Tumor MRI Dataset\classification_task\test\no_tumor\brisc2025_test_00588_no_ax_t1.jpg,axial,3,3,True,0.9996245,2.7407888287258316e-07
ConvNeXt-Tiny,D:\brain_tumor\🧠 Brain Tumor MRI Dataset\classification_task\test\no_tumor\brisc2025_test_00589_no_ax_t1.jpg,axial,3,3,True,0.9968459,1.855871556954213e-05
ConvNeXt-Tiny,D:\brain_tumor\🧠 Brain Tumor MRI Dataset\classification_task\test\no_tumor\brisc2025_test_00590_no_ax_t1.jpg,axial,3,3,True,0.99999905,1.6087017518709008e-12
ConvNeXt-Tiny,D:\brain_tumor\🧠 Brain Tumor MRI Dataset\classification_task\test\no_tumor\brisc2025_test_00591_no_ax_t1.jpg,axial,3,3,True,0.99999976,1.0285274182876456e-13
ConvNeXt-Tiny,D:\brain_tumor\🧠 Brain Tumor MRI Dataset\classification_task\test\no_tumor\brisc2025_test_00592_no_ax_t1.jpg,axial,3,3,True,0.99999917,1.1547312946670246e-12
ConvNeXt-Tiny,D:\brain_tumor\🧠 Brain Tumor MRI Dataset\classification_task\test\no_tumor\brisc2025_test_00593_no_ax_t1.jpg,axial,3,3,True,0.9999987,2.9350335292975368e-12
ConvNeXt-Tiny,D:\brain_tumor\🧠 Brain Tumor MRI Dataset\classification_task\test\no_tumor\brisc2025_test_00594_no_ax_t1.jpg,axial,3,3,True,0.99999845,4.1471569087297315e-12
ConvNeXt-Tiny,D:\brain_tumor\🧠 Brain Tumor MRI Dataset\classification_task\test\no_tumor\brisc2025_test_00595_no_ax_t1.jpg,axial,3,3,True,0.9999958,2.772512855346707e-11
ConvNeXt-Tiny,D:\brain_tumor\🧠 Brain Tumor MRI Dataset\classification_task\test\no_tumor\brisc2025_test_00596_no_ax_t1.jpg,axial,3,3,True,0.99999845,4.4836467406839506e-12
ConvNeXt-Tiny,D:\brain_tumor\🧠 Brain Tumor MRI Dataset\classification_task\test\no_tumor\brisc2025_test_00597_no_ax_t1.jpg,axial,3,3,True,0.9999993,8.484667174087275e-13
ConvNeXt-Tiny,D:\brain_tumor\🧠 Brain Tumor MRI Dataset\classification_task\test\no_tumor\brisc2025_test_00598_no_ax_t1.jpg,axial,3,3,True,0.9999963,2.0665496587501026e-11
ConvNeXt-Tiny,D:\brain_tumor\🧠 Brain Tumor MRI Dataset\classification_task\test\no_tumor\brisc2025_test_00599_no_ax_t1.jpg,axial,3,3,True,0.9999993,8.531441324717447e-13
ConvNeXt-Tiny,D:\brain_tumor\🧠 Brain Tumor MRI Dataset\classification_task\test\no_tumor\brisc2025_test_00600_no_ax_t1.jpg,axial,3,3,True,0.99999785,8.563587630393376e-12
ConvNeXt-Tiny,D:\brain_tumor\🧠 Brain Tumor MRI Dataset\classification_task\test\no_tumor\brisc2025_test_00601_no_ax_t1.jpg,axial,3,3,True,0.99999714,1.3286884337635255e-11
ConvNeXt-Tiny,D:\brain_tumor\🧠 Brain Tumor MRI Dataset\classification_task\test\no_tumor\brisc2025_test_00602_no_ax_t1.jpg,axial,3,3,True,0.9999964,2.2190913751644185e-11
ConvNeXt-Tiny,D:\brain_tumor\🧠 Brain Tumor MRI Dataset\classification_task\test\no_tumor\brisc2025_test_00603_no_ax_t1.jpg,axial,3,3,True,0.9999994,5.210226912320158e-13
ConvNeXt-Tiny,D:\brain_tumor\🧠 Brain Tumor MRI Dataset\classification_task\test\no_tumor\brisc2025_test_00604_no_ax_t1.jpg,axial,3,3,True,0.999119,1.3495209388136225e-06
ConvNeXt-Tiny,D:\brain_tumor\🧠 Brain Tumor MRI Dataset\classification_task\test\no_tumor\brisc2025_test_00605_no_ax_t1.jpg,axial,3,3,True,0.9999987,2.84239806199414e-12
ConvNeXt-Tiny,D:\brain_tumor\🧠 Brain Tumor MRI Dataset\classification_task\test\no_tumor\brisc2025_test_00606_no_ax_t1.jpg,axial,3,3,True,0.99993944,5.5807669152062306e-09
ConvNeXt-Tiny,D:\brain_tumor\🧠 Brain Tumor MRI Dataset\classification_task\test\no_tumor\brisc2025_test_00607_no_ax_t1.jpg,axial,3,3,True,0.9999994,6.469453716896906e-13
ConvNeXt-Tiny,D:\brain_tumor\🧠 Brain Tumor MRI Dataset\classification_task\test\no_tumor\brisc2025_test_00608_no_ax_t1.jpg,axial,3,3,True,0.99999976,9.581703603513828e-14
ConvNeXt-Tiny,D:\brain_tumor\🧠 Brain Tumor MRI Dataset\classification_task\test\no_tumor\brisc2025_test_00609_no_ax_t1.jpg,axial,3,3,True,0.9999981,5.711693422729696e-12
ConvNeXt-Tiny,D:\brain_tumor\🧠 Brain Tumor MRI Dataset\classification_task\test\no_tumor\brisc2025_test_00610_no_ax_t1.jpg,axial,3,3,True,0.9999994,5.852593573996778e-13
ConvNeXt-Tiny,D:\brain_tumor\🧠 Brain Tumor MRI Dataset\classification_task\test\no_tumor\brisc2025_test_00611_no_ax_t1.jpg,axial,3,3,True,0.99999785,7.008800954728651e-12
ConvNeXt-Tiny,D:\brain_tumor\🧠 Brain Tumor MRI Dataset\classification_task\test\no_tumor\brisc2025_test_00612_no_ax_t1.jpg,axial,3,3,True,0.99999905,1.5796868204340362e-12
ConvNeXt-Tiny,D:\brain_tumor\🧠 Brain Tumor MRI Dataset\classification_task\test\no_tumor\brisc2025_test_00613_no_co_t1.jpg,coronal,3,3,True,0.9999993,8.911758843279876e-13
ConvNeXt-Tiny,D:\brain_tumor\🧠 Brain Tumor MRI Dataset\classification_task\test\no_tumor\brisc2025_test_00614_no_co_t1.jpg,coronal,3,3,True,0.9999987,3.0156014134963485e-12
ConvNeXt-Tiny,D:\brain_tumor\🧠 Brain Tumor MRI Dataset\classification_task\test\no_tumor\brisc2025_test_00615_no_co_t1.jpg,coronal,3,3,True,0.9999993,8.10294632801283e-13
ConvNeXt-Tiny,D:\brain_tumor\🧠 Brain Tumor MRI Dataset\classification_task\test\no_tumor\brisc2025_test_00616_no_co_t1.jpg,coronal,3,3,True,0.9999989,2.014299249542864e-12
ConvNeXt-Tiny,D:\brain_tumor\🧠 Brain Tumor MRI Dataset\classification_task\test\no_tumor\brisc2025_test_00617_no_co_t1.jpg,coronal,3,3,True,0.9999994,5.618451547113622e-13
ConvNeXt-Tiny,D:\brain_tumor\🧠 Brain Tumor MRI Dataset\classification_task\test\no_tumor\brisc2025_test_00618_no_co_t1.jpg,coronal,3,3,True,0.9999993,7.91699847907554e-13
ConvNeXt-Tiny,D:\brain_tumor\🧠 Brain Tumor MRI Dataset\classification_task\test\no_tumor\brisc2025_test_00619_no_co_t1.jpg,coronal,3,3,True,0.9999994,6.281533265545688e-13
ConvNeXt-Tiny,D:\brain_tumor\🧠 Brain Tumor MRI Dataset\classification_task\test\no_tumor\brisc2025_test_00620_no_co_t1.jpg,coronal,3,3,True,0.9999994,5.592663690376132e-13
ConvNeXt-Tiny,D:\brain_tumor\🧠 Brain Tumor MRI Dataset\classification_task\test\no_tumor\brisc2025_test_00621_no_co_t1.jpg,coronal,3,3,True,0.9999995,3.9667392493216443e-13
ConvNeXt-Tiny,D:\brain_tumor\🧠 Brain Tumor MRI Dataset\classification_task\test\no_tumor\brisc2025_test_00622_no_co_t1.jpg,coronal,3,3,True,0.99999917,9.817333292322034e-13
ConvNeXt-Tiny,D:\brain_tumor\🧠 Brain Tumor MRI Dataset\classification_task\test\no_tumor\brisc2025_test_00623_no_co_t1.jpg,coronal,3,3,True,0.99999917,1.0765238218594278e-12
ConvNeXt-Tiny,D:\brain_tumor\🧠 Brain Tumor MRI Dataset\classification_task\test\no_tumor\brisc2025_test_00624_no_co_t1.jpg,coronal,3,3,True,0.9999994,5.55173254180343e-13
ConvNeXt-Tiny,D:\brain_tumor\🧠 Brain Tumor MRI Dataset\classification_task\test\no_tumor\brisc2025_test_00625_no_co_t1.jpg,coronal,3,3,True,0.9999989,1.7732817642192726e-12
ConvNeXt-Tiny,D:\brain_tumor\🧠 Brain Tumor MRI Dataset\classification_task\test\no_tumor\brisc2025_test_00626_no_co_t1.jpg,coronal,3,3,True,0.9999994,5.12925261517835e-13
ConvNeXt-Tiny,D:\brain_tumor\🧠 Brain Tumor MRI Dataset\classification_task\test\no_tumor\brisc2025_test_00627_no_co_t1.jpg,coronal,3,3,True,0.99999917,9.693784719581239e-13
ConvNeXt-Tiny,D:\brain_tumor\🧠 Brain Tumor MRI Dataset\classification_task\test\no_tumor\brisc2025_test_00628_no_co_t1.jpg,coronal,3,3,True,0.9999994,5.277050895896664e-13
ConvNeXt-Tiny,D:\brain_tumor\🧠 Brain Tumor MRI Dataset\classification_task\test\no_tumor\brisc2025_test_00629_no_co_t1.jpg,coronal,3,3,True,0.9999993,7.677174004142181e-13
ConvNeXt-Tiny,D:\brain_tumor\🧠 Brain Tumor MRI Dataset\classification_task\test\no_tumor\brisc2025_test_00630_no_co_t1.jpg,coronal,3,3,True,0.99999917,1.10159199113767e-12
ConvNeXt-Tiny,D:\brain_tumor\🧠 Brain Tumor MRI Dataset\classification_task\test\no_tumor\brisc2025_test_00631_no_co_t1.jpg,coronal,3,3,True,0.9999994,5.369547704066429e-13
ConvNeXt-Tiny,D:\brain_tumor\🧠 Brain Tumor MRI Dataset\classification_task\test\no_tumor\brisc2025_test_00632_no_co_t1.jpg,coronal,3,3,True,0.9999993,7.69018455777136e-13
ConvNeXt-Tiny,D:\brain_tumor\🧠 Brain Tumor MRI Dataset\classification_task\test\no_tumor\brisc2025_test_00633_no_co_t1.jpg,coronal,3,3,True,0.9998833,2.6724095536244885e-08
ConvNeXt-Tiny,D:\brain_tumor\🧠 Brain Tumor MRI Dataset\classification_task\test\no_tumor\brisc2025_test_00634_no_co_t1.jpg,coronal,3,3,True,0.9999989,1.7332558304848059e-12
ConvNeXt-Tiny,D:\brain_tumor\🧠 Brain Tumor MRI Dataset\classification_task\test\no_tumor\brisc2025_test_00635_no_co_t1.jpg,coronal,3,3,True,0.9999993,7.366985495456002e-13
ConvNeXt-Tiny,D:\brain_tumor\🧠 Brain Tumor MRI Dataset\classification_task\test\no_tumor\brisc2025_test_00636_no_co_t1.jpg,coronal,3,3,True,0.9999994,5.625074604572282e-13
ConvNeXt-Tiny,D:\brain_tumor\🧠 Brain Tumor MRI Dataset\classification_task\test\no_tumor\brisc2025_test_00637_no_co_t1.jpg,coronal,3,3,True,0.9999994,5.58010822681917e-13
ConvNeXt-Tiny,D:\brain_tumor\🧠 Brain Tumor MRI Dataset\classification_task\test\no_tumor\brisc2025_test_00638_no_co_t1.jpg,coronal,3,3,True,0.9999994,5.850858129068108e-13
ConvNeXt-Tiny,D:\brain_tumor\🧠 Brain Tumor MRI Dataset\classification_task\test\no_tumor\brisc2025_test_00639_no_co_t1.jpg,coronal,3,3,True,0.9999995,4.397597779561558e-13
ConvNeXt-Tiny,D:\brain_tumor\🧠 Brain Tumor MRI Dataset\classification_task\test\no_tumor\brisc2025_test_00640_no_co_t1.jpg,coronal,3,3,True,0.9999987,2.6581142376128103e-12
ConvNeXt-Tiny,D:\brain_tumor\🧠 Brain Tumor MRI Dataset\classification_task\test\no_tumor\brisc2025_test_00641_no_co_t1.jpg,coronal,3,3,True,0.9999988,2.2293441524524583e-12
ConvNeXt-Tiny,D:\brain_tumor\🧠 Brain Tumor MRI Dataset\classification_task\test\no_tumor\brisc2025_test_00642_no_co_t1.jpg,coronal,3,3,True,0.99999905,1.4321839279462949e-12
ConvNeXt-Tiny,D:\brain_tumor\🧠 Brain Tumor MRI Dataset\classification_task\test\no_tumor\brisc2025_test_00643_no_co_t1.jpg,coronal,3,3,True,0.99999917,9.83134401815553e-13
ConvNeXt-Tiny,D:\brain_tumor\🧠 Brain Tumor MRI Dataset\classification_task\test\no_tumor\brisc2025_test_00644_no_co_t1.jpg,coronal,3,3,True,0.9999987,2.48414593898836e-12
ConvNeXt-Tiny,D:\brain_tumor\🧠 Brain Tumor MRI Dataset\classification_task\test\no_tumor\brisc2025_test_00645_no_co_t1.jpg,coronal,3,3,True,0.9999994,5.731576507954283e-13
ConvNeXt-Tiny,D:\brain_tumor\🧠 Brain Tumor MRI Dataset\classification_task\test\no_tumor\brisc2025_test_00646_no_co_t1.jpg,coronal,3,3,True,0.9999995,3.5642447293967153e-13
ConvNeXt-Tiny,D:\brain_tumor\🧠 Brain Tumor MRI Dataset\classification_task\test\no_tumor\brisc2025_test_00647_no_co_t1.jpg,coronal,3,3,True,0.9999989,1.6994644861405352e-12
ConvNeXt-Tiny,D:\brain_tumor\🧠 Brain Tumor MRI Dataset\classification_task\test\no_tumor\brisc2025_test_00648_no_co_t1.jpg,coronal,3,3,True,0.99999964,2.2856104478933395e-13
ConvNeXt-Tiny,D:\brain_tumor\🧠 Brain Tumor MRI Dataset\classification_task\test\no_tumor\brisc2025_test_00649_no_co_t1.jpg,coronal,3,3,True,0.9999993,7.453192082913463e-13
ConvNeXt-Tiny,D:\brain_tumor\🧠 Brain Tumor MRI Dataset\classification_task\test\no_tumor\brisc2025_test_00650_no_co_t1.jpg,coronal,3,3,True,0.99999964,2.1328401264209722e-13
ConvNeXt-Tiny,D:\brain_tumor\🧠 Brain Tumor MRI Dataset\classification_task\test\no_tumor\brisc2025_test_00651_no_co_t1.jpg,coronal,3,3,True,0.9999993,6.983150746944464e-13
ConvNeXt-Tiny,D:\brain_tumor\🧠 Brain Tumor MRI Dataset\classification_task\test\no_tumor\brisc2025_test_00652_no_co_t1.jpg,coronal,3,3,True,0.9999994,5.317427634261956e-13
ConvNeXt-Tiny,D:\brain_tumor\🧠 Brain Tumor MRI Dataset\classification_task\test\no_tumor\brisc2025_test_00653_no_co_t1.jpg,coronal,3,3,True,0.9999994,5.228624517895206e-13
ConvNeXt-Tiny,D:\brain_tumor\🧠 Brain Tumor MRI Dataset\classification_task\test\no_tumor\brisc2025_test_00654_no_co_t1.jpg,coronal,3,3,True,0.99999917,9.814495886080755e-13
ConvNeXt-Tiny,D:\brain_tumor\🧠 Brain Tumor MRI Dataset\classification_task\test\no_tumor\brisc2025_test_00655_no_co_t1.jpg,coronal,3,3,True,0.9999995,3.584143523980818e-13
ConvNeXt-Tiny,D:\brain_tumor\🧠 Brain Tumor MRI Dataset\classification_task\test\no_tumor\brisc2025_test_00656_no_co_t1.jpg,coronal,3,3,True,0.9999989,2.199317835457386e-12
ConvNeXt-Tiny,D:\brain_tumor\🧠 Brain Tumor MRI Dataset\classification_task\test\no_tumor\brisc2025_test_00657_no_co_t1.jpg,coronal,3,3,True,0.9999994,5.257724161386546e-13
ConvNeXt-Tiny,D:\brain_tumor\🧠 Brain Tumor MRI Dataset\classification_task\test\no_tumor\brisc2025_test_00658_no_co_t1.jpg,coronal,3,3,True,0.99999917,1.2582850740415225e-12
ConvNeXt-Tiny,D:\brain_tumor\🧠 Brain Tumor MRI Dataset\classification_task\test\no_tumor\brisc2025_test_00659_no_co_t1.jpg,coronal,3,3,True,0.9999993,8.329855906824485e-13
ConvNeXt-Tiny,D:\brain_tumor\🧠 Brain Tumor MRI Dataset\classification_task\test\no_tumor\brisc2025_test_00660_no_co_t1.jpg,coronal,3,3,True,0.9999993,8.329855906824485e-13
ConvNeXt-Tiny,D:\brain_tumor\🧠 Brain Tumor MRI Dataset\classification_task\test\no_tumor\brisc2025_test_00661_no_sa_t1.jpg,sagittal,3,3,True,0.9999994,6.336316335861319e-13
ConvNeXt-Tiny,D:\brain_tumor\🧠 Brain Tumor MRI Dataset\classification_task\test\no_tumor\brisc2025_test_00662_no_sa_t1.jpg,sagittal,3,3,True,0.99999964,2.1383428303551025e-13
ConvNeXt-Tiny,D:\brain_tumor\🧠 Brain Tumor MRI Dataset\classification_task\test\no_tumor\brisc2025_test_00663_no_sa_t1.jpg,sagittal,3,3,True,0.99999964,2.405204774914229e-13
ConvNeXt-Tiny,D:\brain_tumor\🧠 Brain Tumor MRI Dataset\classification_task\test\no_tumor\brisc2025_test_00664_no_sa_t1.jpg,sagittal,3,3,True,0.9999994,5.275193415623446e-13
ConvNeXt-Tiny,D:\brain_tumor\🧠 Brain Tumor MRI Dataset\classification_task\test\no_tumor\brisc2025_test_00665_no_sa_t1.jpg,sagittal,3,3,True,0.9999994,6.407543845207528e-13
ConvNeXt-Tiny,D:\brain_tumor\🧠 Brain Tumor MRI Dataset\classification_task\test\no_tumor\brisc2025_test_00666_no_sa_t1.jpg,sagittal,3,3,True,0.9999995,3.8582915391699444e-13
ConvNeXt-Tiny,D:\brain_tumor\🧠 Brain Tumor MRI Dataset\classification_task\test\no_tumor\brisc2025_test_00667_no_sa_t1.jpg,sagittal,3,3,True,0.9999989,1.7726607073838338e-12
ConvNeXt-Tiny,D:\brain_tumor\🧠 Brain Tumor MRI Dataset\classification_task\test\no_tumor\brisc2025_test_00668_no_sa_t1.jpg,sagittal,3,3,True,0.9999995,4.368224207800807e-13
ConvNeXt-Tiny,D:\brain_tumor\🧠 Brain Tumor MRI Dataset\classification_task\test\no_tumor\brisc2025_test_00669_no_sa_t1.jpg,sagittal,3,3,True,0.9999989,1.8001796347858313e-12
ConvNeXt-Tiny,D:\brain_tumor\🧠 Brain Tumor MRI Dataset\classification_task\test\no_tumor\brisc2025_test_00670_no_sa_t1.jpg,sagittal,3,3,True,0.99999785,7.143432694687834e-12
ConvNeXt-Tiny,D:\brain_tumor\🧠 Brain Tumor MRI Dataset\classification_task\test\no_tumor\brisc2025_test_00671_no_sa_t1.jpg,sagittal,3,3,True,0.99999857,3.060078100836553e-12
ConvNeXt-Tiny,D:\brain_tumor\🧠 Brain Tumor MRI Dataset\classification_task\test\no_tumor\brisc2025_test_00672_no_sa_t1.jpg,sagittal,3,3,True,0.9999993,7.622135176164982e-13
ConvNeXt-Tiny,D:\brain_tumor\🧠 Brain Tumor MRI Dataset\classification_task\test\no_tumor\brisc2025_test_00673_no_sa_t1.jpg,sagittal,3,3,True,0.99999285,9.915056489206161e-11
ConvNeXt-Tiny,D:\brain_tumor\🧠 Brain Tumor MRI Dataset\classification_task\test\no_tumor\brisc2025_test_00674_no_sa_t1.jpg,sagittal,3,3,True,0.9999987,2.526342684492677e-12
ConvNeXt-Tiny,D:\brain_tumor\🧠 Brain Tumor MRI Dataset\classification_task\test\no_tumor\brisc2025_test_00675_no_sa_t1.jpg,sagittal,3,3,True,0.9999988,2.1532747377461186e-12
ConvNeXt-Tiny,D:\brain_tumor\🧠 Brain Tumor MRI Dataset\classification_task\test\no_tumor\brisc2025_test_00676_no_sa_t1.jpg,sagittal,3,3,True,0.9999968,1.561233445899142e-11
ConvNeXt-Tiny,D:\brain_tumor\🧠 Brain Tumor MRI Dataset\classification_task\test\no_tumor\brisc2025_test_00677_no_sa_t1.jpg,sagittal,3,3,True,0.99999833,3.994958981025343e-12
ConvNeXt-Tiny,D:\brain_tumor\🧠 Brain Tumor MRI Dataset\classification_task\test\no_tumor\brisc2025_test_00678_no_sa_t1.jpg,sagittal,3,3,True,0.99999905,1.3539902808681484e-12
ConvNeXt-Tiny,D:\brain_tumor\🧠 Brain Tumor MRI Dataset\classification_task\test\no_tumor\brisc2025_test_00679_no_sa_t1.jpg,sagittal,3,3,True,0.9999976,8.709852421610965e-12
ConvNeXt-Tiny,D:\brain_tumor\🧠 Brain Tumor MRI Dataset\classification_task\test\no_tumor\brisc2025_test_00680_no_sa_t1.jpg,sagittal,3,3,True,0.9999937,7.142110908272557e-11
ConvNeXt-Tiny,D:\brain_tumor\🧠 Brain Tumor MRI Dataset\classification_task\test\no_tumor\brisc2025_test_00681_no_sa_t1.jpg,sagittal,3,3,True,0.9999964,2.168659254743625e-11
ConvNeXt-Tiny,D:\brain_tumor\🧠 Brain Tumor MRI Dataset\classification_task\test\no_tumor\brisc2025_test_00682_no_sa_t1.jpg,sagittal,3,3,True,0.99999785,7.011348779125653e-12
ConvNeXt-Tiny,D:\brain_tumor\🧠 Brain Tumor MRI Dataset\classification_task\test\no_tumor\brisc2025_test_00683_no_sa_t1.jpg,sagittal,3,3,True,0.999926,1.0853282259659348e-08
ConvNeXt-Tiny,D:\brain_tumor\🧠 Brain Tumor MRI Dataset\classification_task\test\no_tumor\brisc2025_test_00684_no_sa_t1.jpg,sagittal,3,3,True,0.99999774,7.940953327034539e-12
ConvNeXt-Tiny,D:\brain_tumor\🧠 Brain Tumor MRI Dataset\classification_task\test\no_tumor\brisc2025_test_00685_no_sa_t1.jpg,sagittal,3,3,True,0.9999976,8.61953505326094e-12
ConvNeXt-Tiny,D:\brain_tumor\🧠 Brain Tumor MRI Dataset\classification_task\test\no_tumor\brisc2025_test_00686_no_sa_t1.jpg,sagittal,3,3,True,0.99999726,1.2654070444608238e-11
ConvNeXt-Tiny,D:\brain_tumor\🧠 Brain Tumor MRI Dataset\classification_task\test\no_tumor\brisc2025_test_00687_no_sa_t1.jpg,sagittal,3,3,True,0.9999988,2.257186538436943e-12
ConvNeXt-Tiny,D:\brain_tumor\🧠 Brain Tumor MRI Dataset\classification_task\test\no_tumor\brisc2025_test_00688_no_sa_t1.jpg,sagittal,3,3,True,0.9999931,9.220970410703127e-11
ConvNeXt-Tiny,D:\brain_tumor\🧠 Brain Tumor MRI Dataset\classification_task\test\no_tumor\brisc2025_test_00689_no_sa_t1.jpg,sagittal,3,3,True,0.99999905,1.4068215178478708e-12
ConvNeXt-Tiny,D:\brain_tumor\🧠 Brain Tumor MRI Dataset\classification_task\test\no_tumor\brisc2025_test_00690_no_sa_t1.jpg,sagittal,3,3,True,0.9999974,1.0281151528857447e-11
ConvNeXt-Tiny,D:\brain_tumor\🧠 Brain Tumor MRI Dataset\classification_task\test\no_tumor\brisc2025_test_00691_no_sa_t1.jpg,sagittal,3,3,True,0.99999857,2.9856717718341616e-12
ConvNeXt-Tiny,D:\brain_tumor\🧠 Brain Tumor MRI Dataset\classification_task\test\no_tumor\brisc2025_test_00692_no_sa_t1.jpg,sagittal,3,3,True,0.9999993,7.408187451311381e-13
ConvNeXt-Tiny,D:\brain_tumor\🧠 Brain Tumor MRI Dataset\classification_task\test\no_tumor\brisc2025_test_00693_no_sa_t1.jpg,sagittal,3,3,True,0.9999993,7.907971593465089e-13
ConvNeXt-Tiny,D:\brain_tumor\🧠 Brain Tumor MRI Dataset\classification_task\test\no_tumor\brisc2025_test_00694_no_sa_t1.jpg,sagittal,3,3,True,0.9999994,5.441914432635726e-13
ConvNeXt-Tiny,D:\brain_tumor\🧠 Brain Tumor MRI Dataset\classification_task\test\no_tumor\brisc2025_test_00695_no_sa_t1.jpg,sagittal,3,3,True,0.9999995,4.36040334600433e-13
ConvNeXt-Tiny,D:\brain_tumor\🧠 Brain Tumor MRI Dataset\classification_task\test\no_tumor\brisc2025_test_00696_no_sa_t1.jpg,sagittal,3,3,True,0.99999917,9.83366765657274e-13
ConvNeXt-Tiny,D:\brain_tumor\🧠 Brain Tumor MRI Dataset\classification_task\test\no_tumor\brisc2025_test_00697_no_sa_t1.jpg,sagittal,3,3,True,0.9999994,6.433069995494751e-13
ConvNeXt-Tiny,D:\brain_tumor\🧠 Brain Tumor MRI Dataset\classification_task\test\no_tumor\brisc2025_test_00698_no_sa_t1.jpg,sagittal,3,3,True,0.9999995,3.804819022239167e-13
ConvNeXt-Tiny,D:\brain_tumor\🧠 Brain Tumor MRI Dataset\classification_task\test\no_tumor\brisc2025_test_00699_no_sa_t1.jpg,sagittal,3,3,True,0.9999995,3.5311560119252363e-13
ConvNeXt-Tiny,D:\brain_tumor\🧠 Brain Tumor MRI Dataset\classification_task\test\no_tumor\brisc2025_test_00700_no_sa_t1.jpg,sagittal,3,3,True,0.9999994,5.544924733809295e-13
ConvNeXt-Tiny,D:\brain_tumor\🧠 Brain Tumor MRI Dataset\classification_task\test\pituitary\brisc2025_test_00701_pi_ax_t1.jpg,axial,2,2,True,1.0,1.2723124866764102e-15
ConvNeXt-Tiny,D:\brain_tumor\🧠 Brain Tumor MRI Dataset\classification_task\test\pituitary\brisc2025_test_00702_pi_ax_t1.jpg,axial,2,2,True,0.9999999,2.0072163653636333e-14
ConvNeXt-Tiny,D:\brain_tumor\🧠 Brain Tumor MRI Dataset\classification_task\test\pituitary\brisc2025_test_00703_pi_ax_t1.jpg,axial,2,2,True,0.99999976,1.2613632767217173e-13
ConvNeXt-Tiny,D:\brain_tumor\🧠 Brain Tumor MRI Dataset\classification_task\test\pituitary\brisc2025_test_00704_pi_ax_t1.jpg,axial,2,2,True,1.0,1.544139580796364e-15
ConvNeXt-Tiny,D:\brain_tumor\🧠 Brain Tumor MRI Dataset\classification_task\test\pituitary\brisc2025_test_00705_pi_ax_t1.jpg,axial,2,2,True,0.9999999,1.506871758606771e-14
ConvNeXt-Tiny,D:\brain_tumor\🧠 Brain Tumor MRI Dataset\classification_task\test\pituitary\brisc2025_test_00706_pi_ax_t1.jpg,axial,2,2,True,0.9999999,1.4931641332199592e-14
ConvNeXt-Tiny,D:\brain_tumor\🧠 Brain Tumor MRI Dataset\classification_task\test\pituitary\brisc2025_test_00707_pi_ax_t1.jpg,axial,2,2,True,1.0,1.1312798919050109e-15
ConvNeXt-Tiny,D:\brain_tumor\🧠 Brain Tumor MRI Dataset\classification_task\test\pituitary\brisc2025_test_00708_pi_ax_t1.jpg,axial,2,2,True,0.9999999,3.027360912075431e-14
ConvNeXt-Tiny,D:\brain_tumor\🧠 Brain Tumor MRI Dataset\classification_task\test\pituitary\brisc2025_test_00709_pi_ax_t1.jpg,axial,2,2,True,0.99999976,1.1676482392400976e-13
ConvNeXt-Tiny,D:\brain_tumor\🧠 Brain Tumor MRI Dataset\classification_task\test\pituitary\brisc2025_test_00710_pi_ax_t1.jpg,axial,2,2,True,0.9999999,3.1537599871129556e-14
ConvNeXt-Tiny,D:\brain_tumor\🧠 Brain Tumor MRI Dataset\classification_task\test\pituitary\brisc2025_test_00711_pi_ax_t1.jpg,axial,2,2,True,0.9999988,2.3699620236578252e-12
ConvNeXt-Tiny,D:\brain_tumor\🧠 Brain Tumor MRI Dataset\classification_task\test\pituitary\brisc2025_test_00712_pi_ax_t1.jpg,axial,2,2,True,0.9999999,2.184257846002037e-14
ConvNeXt-Tiny,D:\brain_tumor\🧠 Brain Tumor MRI Dataset\classification_task\test\pituitary\brisc2025_test_00713_pi_ax_t1.jpg,axial,2,2,True,0.9999999,1.5782891143476488e-14
ConvNeXt-Tiny,D:\brain_tumor\🧠 Brain Tumor MRI Dataset\classification_task\test\pituitary\brisc2025_test_00714_pi_ax_t1.jpg,axial,2,2,True,0.9999999,1.4654002693703165e-14
ConvNeXt-Tiny,D:\brain_tumor\🧠 Brain Tumor MRI Dataset\classification_task\test\pituitary\brisc2025_test_00715_pi_ax_t1.jpg,axial,2,2,True,0.99999964,1.8919797758079347e-13
ConvNeXt-Tiny,D:\brain_tumor\🧠 Brain Tumor MRI Dataset\classification_task\test\pituitary\brisc2025_test_00716_pi_ax_t1.jpg,axial,2,2,True,0.9999999,2.143201966877365e-14
ConvNeXt-Tiny,D:\brain_tumor\🧠 Brain Tumor MRI Dataset\classification_task\test\pituitary\brisc2025_test_00717_pi_ax_t1.jpg,axial,2,2,True,1.0,1.5062668989083939e-15
ConvNeXt-Tiny,D:\brain_tumor\🧠 Brain Tumor MRI Dataset\classification_task\test\pituitary\brisc2025_test_00718_pi_ax_t1.jpg,axial,2,2,True,0.9999994,6.410997048195033e-13
ConvNeXt-Tiny,D:\brain_tumor\🧠 Brain Tumor MRI Dataset\classification_task\test\pituitary\brisc2025_test_00719_pi_ax_t1.jpg,axial,2,2,True,0.9999999,1.3453656661773503e-14
ConvNeXt-Tiny,D:\brain_tumor\🧠 Brain Tumor MRI Dataset\classification_task\test\pituitary\brisc2025_test_00720_pi_ax_t1.jpg,axial,2,2,True,0.9999999,1.3833153111805363e-14
ConvNeXt-Tiny,D:\brain_tumor\🧠 Brain Tumor MRI Dataset\classification_task\test\pituitary\brisc2025_test_00721_pi_ax_t1.jpg,axial,2,2,True,0.9999995,4.547185059731617e-13
ConvNeXt-Tiny,D:\brain_tumor\🧠 Brain Tumor MRI Dataset\classification_task\test\pituitary\brisc2025_test_00722_pi_ax_t1.jpg,axial,2,2,True,0.9999993,8.392304438260563e-13
ConvNeXt-Tiny,D:\brain_tumor\🧠 Brain Tumor MRI Dataset\classification_task\test\pituitary\brisc2025_test_00723_pi_ax_t1.jpg,axial,2,2,True,0.9999999,1.4907669253081096e-14
ConvNeXt-Tiny,D:\brain_tumor\🧠 Brain Tumor MRI Dataset\classification_task\test\pituitary\brisc2025_test_00724_pi_ax_t1.jpg,axial,2,2,True,0.99999976,1.2018670655600387e-13
ConvNeXt-Tiny,D:\brain_tumor\🧠 Brain Tumor MRI Dataset\classification_task\test\pituitary\brisc2025_test_00725_pi_ax_t1.jpg,axial,2,2,True,0.99999785,8.714556874716646e-12
ConvNeXt-Tiny,D:\brain_tumor\🧠 Brain Tumor MRI Dataset\classification_task\test\pituitary\brisc2025_test_00726_pi_ax_t1.jpg,axial,2,2,True,1.0,2.0513944614369894e-15
ConvNeXt-Tiny,D:\brain_tumor\🧠 Brain Tumor MRI Dataset\classification_task\test\pituitary\brisc2025_test_00727_pi_ax_t1.jpg,axial,2,2,True,0.9999999,1.7908816815011664e-14
ConvNeXt-Tiny,D:\brain_tumor\🧠 Brain Tumor MRI Dataset\classification_task\test\pituitary\brisc2025_test_00728_pi_ax_t1.jpg,axial,2,2,True,0.9999999,2.726411393028721e-14
ConvNeXt-Tiny,D:\brain_tumor\🧠 Brain Tumor MRI Dataset\classification_task\test\pituitary\brisc2025_test_00729_pi_ax_t1.jpg,axial,2,2,True,0.99999976,7.784982692893823e-14
ConvNeXt-Tiny,D:\brain_tumor\🧠 Brain Tumor MRI Dataset\classification_task\test\pituitary\brisc2025_test_00730_pi_ax_t1.jpg,axial,2,2,True,0.9999999,2.1349238936219652e-14
ConvNeXt-Tiny,D:\brain_tumor\🧠 Brain Tumor MRI Dataset\classification_task\test\pituitary\brisc2025_test_00731_pi_ax_t1.jpg,axial,2,2,True,0.9999999,1.3959837142941396e-14
ConvNeXt-Tiny,D:\brain_tumor\🧠 Brain Tumor MRI Dataset\classification_task\test\pituitary\brisc2025_test_00732_pi_ax_t1.jpg,axial,2,2,True,0.99999964,2.474021982239672e-13
ConvNeXt-Tiny,D:\brain_tumor\🧠 Brain Tumor MRI Dataset\classification_task\test\pituitary\brisc2025_test_00733_pi_ax_t1.jpg,axial,2,2,True,0.9999999,1.751426556755818e-14
ConvNeXt-Tiny,D:\brain_tumor\🧠 Brain Tumor MRI Dataset\classification_task\test\pituitary\brisc2025_test_00734_pi_ax_t1.jpg,axial,2,2,True,0.99999964,2.0744973113600698e-13
ConvNeXt-Tiny,D:\brain_tumor\🧠 Brain Tumor MRI Dataset\classification_task\test\pituitary\brisc2025_test_00735_pi_ax_t1.jpg,axial,2,2,True,1.0,2.155805694709507e-15
ConvNeXt-Tiny,D:\brain_tumor\🧠 Brain Tumor MRI Dataset\classification_task\test\pituitary\brisc2025_test_00736_pi_ax_t1.jpg,axial,2,2,True,0.99999976,1.0306957108394248e-13
ConvNeXt-Tiny,D:\brain_tumor\🧠 Brain Tumor MRI Dataset\classification_task\test\pituitary\brisc2025_test_00737_pi_ax_t1.jpg,axial,2,2,True,1.0,7.750601747016551e-16
ConvNeXt-Tiny,D:\brain_tumor\🧠 Brain Tumor MRI Dataset\classification_task\test\pituitary\brisc2025_test_00738_pi_ax_t1.jpg,axial,2,2,True,0.9999999,1.4727069255792378e-14
ConvNeXt-Tiny,D:\brain_tumor\🧠 Brain Tumor MRI Dataset\classification_task\test\pituitary\brisc2025_test_00739_pi_ax_t1.jpg,axial,2,2,True,1.0,1.2413264484377348e-15
ConvNeXt-Tiny,D:\brain_tumor\🧠 Brain Tumor MRI Dataset\classification_task\test\pituitary\brisc2025_test_00740_pi_ax_t1.jpg,axial,2,2,True,0.9999999,2.069081368400353e-14
ConvNeXt-Tiny,D:\brain_tumor\🧠 Brain Tumor MRI Dataset\classification_task\test\pituitary\brisc2025_test_00741_pi_ax_t1.jpg,axial,2,2,True,0.9999999,1.5811891412261276e-14
ConvNeXt-Tiny,D:\brain_tumor\🧠 Brain Tumor MRI Dataset\classification_task\test\pituitary\brisc2025_test_00742_pi_ax_t1.jpg,axial,2,2,True,0.9999999,2.6541656027801987e-14
ConvNeXt-Tiny,D:\brain_tumor\🧠 Brain Tumor MRI Dataset\classification_task\test\pituitary\brisc2025_test_00743_pi_ax_t1.jpg,axial,2,2,True,0.99999976,8.894900195564564e-14
ConvNeXt-Tiny,D:\brain_tumor\🧠 Brain Tumor MRI Dataset\classification_task\test\pituitary\brisc2025_test_00744_pi_ax_t1.jpg,axial,2,2,True,1.0,5.872091114167423e-16
ConvNeXt-Tiny,D:\brain_tumor\🧠 Brain Tumor MRI Dataset\classification_task\test\pituitary\brisc2025_test_00745_pi_ax_t1.jpg,axial,2,2,True,0.9999999,1.3462504434473287e-14
ConvNeXt-Tiny,D:\brain_tumor\🧠 Brain Tumor MRI Dataset\classification_task\test\pituitary\brisc2025_test_00746_pi_ax_t1.jpg,axial,2,2,True,1.0,1.2664800139101423e-15
ConvNeXt-Tiny,D:\brain_tumor\🧠 Brain Tumor MRI Dataset\classification_task\test\pituitary\brisc2025_test_00747_pi_ax_t1.jpg,axial,2,2,True,0.9999999,1.8334189179924095e-14
ConvNeXt-Tiny,D:\brain_tumor\🧠 Brain Tumor MRI Dataset\classification_task\test\pituitary\brisc2025_test_00748_pi_ax_t1.jpg,axial,2,2,True,1.0,1.5989556982966472e-15
ConvNeXt-Tiny,D:\brain_tumor\🧠 Brain Tumor MRI Dataset\classification_task\test\pituitary\brisc2025_test_00749_pi_ax_t1.jpg,axial,2,2,True,0.9999999,1.6843511667868893e-14
ConvNeXt-Tiny,D:\brain_tumor\🧠 Brain Tumor MRI Dataset\classification_task\test\pituitary\brisc2025_test_00750_pi_ax_t1.jpg,axial,2,2,True,0.9999999,1.3737368364992472e-14
ConvNeXt-Tiny,D:\brain_tumor\🧠 Brain Tumor MRI Dataset\classification_task\test\pituitary\brisc2025_test_00751_pi_ax_t1.jpg,axial,2,2,True,0.9999999,1.7019803992937676e-14
ConvNeXt-Tiny,D:\brain_tumor\🧠 Brain Tumor MRI Dataset\classification_task\test\pituitary\brisc2025_test_00752_pi_ax_t1.jpg,axial,2,2,True,0.9999999,1.860948971690157e-14
ConvNeXt-Tiny,D:\brain_tumor\🧠 Brain Tumor MRI Dataset\classification_task\test\pituitary\brisc2025_test_00753_pi_ax_t1.jpg,axial,2,2,True,0.99999976,7.819635097364582e-14
ConvNeXt-Tiny,D:\brain_tumor\🧠 Brain Tumor MRI Dataset\classification_task\test\pituitary\brisc2025_test_00754_pi_ax_t1.jpg,axial,2,2,True,0.9999999,1.2767133006486058e-14
ConvNeXt-Tiny,D:\brain_tumor\🧠 Brain Tumor MRI Dataset\classification_task\test\pituitary\brisc2025_test_00755_pi_ax_t1.jpg,axial,2,2,True,0.9999999,1.2787752387663297e-14
ConvNeXt-Tiny,D:\brain_tumor\🧠 Brain Tumor MRI Dataset\classification_task\test\pituitary\brisc2025_test_00756_pi_ax_t1.jpg,axial,2,2,True,0.9999999,1.2431323483612311e-14
ConvNeXt-Tiny,D:\brain_tumor\🧠 Brain Tumor MRI Dataset\classification_task\test\pituitary\brisc2025_test_00757_pi_ax_t1.jpg,axial,2,2,True,0.9999999,1.368274843702369e-14
ConvNeXt-Tiny,D:\brain_tumor\🧠 Brain Tumor MRI Dataset\classification_task\test\pituitary\brisc2025_test_00758_pi_ax_t1.jpg,axial,2,2,True,0.99999976,7.935402041988453e-14
ConvNeXt-Tiny,D:\brain_tumor\🧠 Brain Tumor MRI Dataset\classification_task\test\pituitary\brisc2025_test_00759_pi_ax_t1.jpg,axial,2,2,True,0.9999995,3.407636896395123e-13
ConvNeXt-Tiny,D:\brain_tumor\🧠 Brain Tumor MRI Dataset\classification_task\test\pituitary\brisc2025_test_00760_pi_ax_t1.jpg,axial,2,2,True,0.99999976,1.0686739670124246e-13
ConvNeXt-Tiny,D:\brain_tumor\🧠 Brain Tumor MRI Dataset\classification_task\test\pituitary\brisc2025_test_00761_pi_ax_t1.jpg,axial,2,2,True,1.0,7.836090701234147e-16
ConvNeXt-Tiny,D:\brain_tumor\🧠 Brain Tumor MRI Dataset\classification_task\test\pituitary\brisc2025_test_00762_pi_ax_t1.jpg,axial,2,2,True,1.0,1.638029577822461e-15
ConvNeXt-Tiny,D:\brain_tumor\🧠 Brain Tumor MRI Dataset\classification_task\test\pituitary\brisc2025_test_00763_pi_ax_t1.jpg,axial,2,2,True,0.9999999,1.2247394814518228e-14
ConvNeXt-Tiny,D:\brain_tumor\🧠 Brain Tumor MRI Dataset\classification_task\test\pituitary\brisc2025_test_00764_pi_ax_t1.jpg,axial,2,2,True,1.0,9.442590024342743e-16
ConvNeXt-Tiny,D:\brain_tumor\🧠 Brain Tumor MRI Dataset\classification_task\test\pituitary\brisc2025_test_00765_pi_ax_t1.jpg,axial,2,2,True,0.9999999,1.9320772371290556e-14
ConvNeXt-Tiny,D:\brain_tumor\🧠 Brain Tumor MRI Dataset\classification_task\test\pituitary\brisc2025_test_00766_pi_ax_t1.jpg,axial,2,2,True,1.0,1.3274200855080806e-15
ConvNeXt-Tiny,D:\brain_tumor\🧠 Brain Tumor MRI Dataset\classification_task\test\pituitary\brisc2025_test_00767_pi_ax_t1.jpg,axial,2,2,True,0.9999999,1.8306602745293612e-14
ConvNeXt-Tiny,D:\brain_tumor\🧠 Brain Tumor MRI Dataset\classification_task\test\pituitary\brisc2025_test_00768_pi_ax_t1.jpg,axial,2,2,True,0.9999999,1.3647047033358838e-14
ConvNeXt-Tiny,D:\brain_tumor\🧠 Brain Tumor MRI Dataset\classification_task\test\pituitary\brisc2025_test_00769_pi_ax_t1.jpg,axial,2,2,True,0.9999999,2.1280366307242222e-14
ConvNeXt-Tiny,D:\brain_tumor\🧠 Brain Tumor MRI Dataset\classification_task\test\pituitary\brisc2025_test_00770_pi_ax_t1.jpg,axial,2,2,True,0.99999976,1.0753906449570394e-13
ConvNeXt-Tiny,D:\brain_tumor\🧠 Brain Tumor MRI Dataset\classification_task\test\pituitary\brisc2025_test_00771_pi_ax_t1.jpg,axial,2,2,True,0.99999976,1.070492962754671e-13
ConvNeXt-Tiny,D:\brain_tumor\🧠 Brain Tumor MRI Dataset\classification_task\test\pituitary\brisc2025_test_00772_pi_ax_t1.jpg,axial,2,2,True,1.0,9.947345869015148e-16
ConvNeXt-Tiny,D:\brain_tumor\🧠 Brain Tumor MRI Dataset\classification_task\test\pituitary\brisc2025_test_00773_pi_ax_t1.jpg,axial,2,2,True,1.0,4.508346918524312e-16
ConvNeXt-Tiny,D:\brain_tumor\🧠 Brain Tumor MRI Dataset\classification_task\test\pituitary\brisc2025_test_00774_pi_ax_t1.jpg,axial,2,2,True,0.9999999,2.4123744742224976e-14
ConvNeXt-Tiny,D:\brain_tumor\🧠 Brain Tumor MRI Dataset\classification_task\test\pituitary\brisc2025_test_00775_pi_ax_t1.jpg,axial,2,2,True,0.9999999,1.2267614271130243e-14
ConvNeXt-Tiny,D:\brain_tumor\🧠 Brain Tumor MRI Dataset\classification_task\test\pituitary\brisc2025_test_00776_pi_ax_t1.jpg,axial,2,2,True,0.9999995,4.062947779133219e-13
ConvNeXt-Tiny,D:\brain_tumor\🧠 Brain Tumor MRI Dataset\classification_task\test\pituitary\brisc2025_test_00777_pi_ax_t1.jpg,axial,2,2,True,1.0,1.2098215925419452e-15
ConvNeXt-Tiny,D:\brain_tumor\🧠 Brain Tumor MRI Dataset\classification_task\test\pituitary\brisc2025_test_00778_pi_ax_t1.jpg,axial,2,2,True,0.9999999,1.4176641432649055e-14
ConvNeXt-Tiny,D:\brain_tumor\🧠 Brain Tumor MRI Dataset\classification_task\test\pituitary\brisc2025_test_00779_pi_ax_t1.jpg,axial,2,2,True,1.0,2.0871997650214678e-15
ConvNeXt-Tiny,D:\brain_tumor\🧠 Brain Tumor MRI Dataset\classification_task\test\pituitary\brisc2025_test_00780_pi_ax_t1.jpg,axial,2,2,True,0.99999976,8.023531728412326e-14
ConvNeXt-Tiny,D:\brain_tumor\🧠 Brain Tumor MRI Dataset\classification_task\test\pituitary\brisc2025_test_00781_pi_ax_t1.jpg,axial,2,2,True,0.9999999,1.2841787405580491e-14
ConvNeXt-Tiny,D:\brain_tumor\🧠 Brain Tumor MRI Dataset\classification_task\test\pituitary\brisc2025_test_00782_pi_ax_t1.jpg,axial,2,2,True,0.9999999,1.2539143074500765e-14
ConvNeXt-Tiny,D:\brain_tumor\🧠 Brain Tumor MRI Dataset\classification_task\test\pituitary\brisc2025_test_00783_pi_ax_t1.jpg,axial,2,2,True,0.9999999,2.3452621200225127e-14
ConvNeXt-Tiny,D:\brain_tumor\🧠 Brain Tumor MRI Dataset\classification_task\test\pituitary\brisc2025_test_00784_pi_ax_t1.jpg,axial,2,2,True,1.0,1.7462464012200211e-15
ConvNeXt-Tiny,D:\brain_tumor\🧠 Brain Tumor MRI Dataset\classification_task\test\pituitary\brisc2025_test_00785_pi_ax_t1.jpg,axial,2,2,True,0.9999999,1.5305988964009268e-14
ConvNeXt-Tiny,D:\brain_tumor\🧠 Brain Tumor MRI Dataset\classification_task\test\pituitary\brisc2025_test_00786_pi_ax_t1.jpg,axial,2,2,True,0.9999994,5.933959543164527e-13
ConvNeXt-Tiny,D:\brain_tumor\🧠 Brain Tumor MRI Dataset\classification_task\test\pituitary\brisc2025_test_00787_pi_ax_t1.jpg,axial,2,2,True,0.9999999,2.7593890124339842e-14
ConvNeXt-Tiny,D:\brain_tumor\🧠 Brain Tumor MRI Dataset\classification_task\test\pituitary\brisc2025_test_00788_pi_ax_t1.jpg,axial,2,2,True,0.9999989,2.1133569948568705e-12
ConvNeXt-Tiny,D:\brain_tumor\🧠 Brain Tumor MRI Dataset\classification_task\test\pituitary\brisc2025_test_00789_pi_ax_t1.jpg,axial,2,2,True,0.9999999,1.5924859016873276e-14
ConvNeXt-Tiny,D:\brain_tumor\🧠 Brain Tumor MRI Dataset\classification_task\test\pituitary\brisc2025_test_00790_pi_ax_t1.jpg,axial,2,2,True,0.99999917,1.2277046041329075e-12
ConvNeXt-Tiny,D:\brain_tumor\🧠 Brain Tumor MRI Dataset\classification_task\test\pituitary\brisc2025_test_00791_pi_ax_t1.jpg,axial,2,2,True,0.9999999,1.3180281701726555e-14
ConvNeXt-Tiny,D:\brain_tumor\🧠 Brain Tumor MRI Dataset\classification_task\test\pituitary\brisc2025_test_00792_pi_ax_t1.jpg,axial,2,2,True,0.9999999,1.6529615276378365e-14
ConvNeXt-Tiny,D:\brain_tumor\🧠 Brain Tumor MRI Dataset\classification_task\test\pituitary\brisc2025_test_00793_pi_ax_t1.jpg,axial,2,2,True,0.99999964,2.0430297182822077e-13
ConvNeXt-Tiny,D:\brain_tumor\🧠 Brain Tumor MRI Dataset\classification_task\test\pituitary\brisc2025_test_00794_pi_ax_t1.jpg,axial,2,2,True,0.9999995,3.7070134980177745e-13
ConvNeXt-Tiny,D:\brain_tumor\🧠 Brain Tumor MRI Dataset\classification_task\test\pituitary\brisc2025_test_00795_pi_ax_t1.jpg,axial,2,2,True,0.9999999,2.5885062401645374e-14
ConvNeXt-Tiny,D:\brain_tumor\🧠 Brain Tumor MRI Dataset\classification_task\test\pituitary\brisc2025_test_00796_pi_ax_t1.jpg,axial,2,2,True,0.9999999,1.691345677982255e-14
ConvNeXt-Tiny,D:\brain_tumor\🧠 Brain Tumor MRI Dataset\classification_task\test\pituitary\brisc2025_test_00797_pi_ax_t1.jpg,axial,2,2,True,0.9999999,1.6083900464428265e-14
ConvNeXt-Tiny,D:\brain_tumor\🧠 Brain Tumor MRI Dataset\classification_task\test\pituitary\brisc2025_test_00798_pi_ax_t1.jpg,axial,2,2,True,0.9999993,9.299118298531503e-13
ConvNeXt-Tiny,D:\brain_tumor\🧠 Brain Tumor MRI Dataset\classification_task\test\pituitary\brisc2025_test_00799_pi_ax_t1.jpg,axial,2,2,True,1.0,2.0894942620643764e-15
ConvNeXt-Tiny,D:\brain_tumor\🧠 Brain Tumor MRI Dataset\classification_task\test\pituitary\brisc2025_test_00800_pi_ax_t1.jpg,axial,2,2,True,0.9999999,1.2238746282005248e-14
ConvNeXt-Tiny,D:\brain_tumor\🧠 Brain Tumor MRI Dataset\classification_task\test\pituitary\brisc2025_test_00801_pi_ax_t1.jpg,axial,2,2,True,0.9999999,1.3419050041539218e-14
ConvNeXt-Tiny,D:\brain_tumor\🧠 Brain Tumor MRI Dataset\classification_task\test\pituitary\brisc2025_test_00802_pi_ax_t1.jpg,axial,2,2,True,1.0,1.63648913794321e-15
ConvNeXt-Tiny,D:\brain_tumor\🧠 Brain Tumor MRI Dataset\classification_task\test\pituitary\brisc2025_test_00803_pi_ax_t1.jpg,axial,2,2,True,0.9999999,2.4612948006190777e-14
ConvNeXt-Tiny,D:\brain_tumor\🧠 Brain Tumor MRI Dataset\classification_task\test\pituitary\brisc2025_test_00804_pi_ax_t1.jpg,axial,2,2,True,0.9999994,5.692580411769251e-13
ConvNeXt-Tiny,D:\brain_tumor\🧠 Brain Tumor MRI Dataset\classification_task\test\pituitary\brisc2025_test_00805_pi_ax_t1.jpg,axial,2,2,True,0.99999917,1.3615249995123436e-12
ConvNeXt-Tiny,D:\brain_tumor\🧠 Brain Tumor MRI Dataset\classification_task\test\pituitary\brisc2025_test_00806_pi_ax_t1.jpg,axial,2,2,True,0.99999976,7.74452344874425e-14
ConvNeXt-Tiny,D:\brain_tumor\🧠 Brain Tumor MRI Dataset\classification_task\test\pituitary\brisc2025_test_00807_pi_ax_t1.jpg,axial,2,2,True,0.99999976,1.0196559549101209e-13
ConvNeXt-Tiny,D:\brain_tumor\🧠 Brain Tumor MRI Dataset\classification_task\test\pituitary\brisc2025_test_00808_pi_ax_t1.jpg,axial,2,2,True,0.9999968,1.9137347701530806e-11
ConvNeXt-Tiny,D:\brain_tumor\🧠 Brain Tumor MRI Dataset\classification_task\test\pituitary\brisc2025_test_00809_pi_ax_t1.jpg,axial,2,2,True,0.9999999,1.3181361721020395e-14
ConvNeXt-Tiny,D:\brain_tumor\🧠 Brain Tumor MRI Dataset\classification_task\test\pituitary\brisc2025_test_00810_pi_ax_t1.jpg,axial,2,2,True,1.0,1.510444930693697e-15
ConvNeXt-Tiny,D:\brain_tumor\🧠 Brain Tumor MRI Dataset\classification_task\test\pituitary\brisc2025_test_00811_pi_ax_t1.jpg,axial,2,2,True,0.9999999,2.3617450273401257e-14
ConvNeXt-Tiny,D:\brain_tumor\🧠 Brain Tumor MRI Dataset\classification_task\test\pituitary\brisc2025_test_00812_pi_ax_t1.jpg,axial,2,2,True,0.9999989,1.907341457602756e-12
ConvNeXt-Tiny,D:\brain_tumor\🧠 Brain Tumor MRI Dataset\classification_task\test\pituitary\brisc2025_test_00813_pi_ax_t1.jpg,axial,2,2,True,0.9999995,3.7811173269944266e-13
ConvNeXt-Tiny,D:\brain_tumor\🧠 Brain Tumor MRI Dataset\classification_task\test\pituitary\brisc2025_test_00814_pi_ax_t1.jpg,axial,2,2,True,0.99999964,1.802309327649711e-13
ConvNeXt-Tiny,D:\brain_tumor\🧠 Brain Tumor MRI Dataset\classification_task\test\pituitary\brisc2025_test_00815_pi_ax_t1.jpg,axial,2,2,True,0.99999976,8.858677789598864e-14
ConvNeXt-Tiny,D:\brain_tumor\🧠 Brain Tumor MRI Dataset\classification_task\test\pituitary\brisc2025_test_00816_pi_ax_t1.jpg,axial,2,2,True,1.0,2.39690756063681e-15
ConvNeXt-Tiny,D:\brain_tumor\🧠 Brain Tumor MRI Dataset\classification_task\test\pituitary\brisc2025_test_00817_pi_ax_t1.jpg,axial,2,2,True,0.99999976,1.1002535043612003e-13
ConvNeXt-Tiny,D:\brain_tumor\🧠 Brain Tumor MRI Dataset\classification_task\test\pituitary\brisc2025_test_00818_pi_ax_t1.jpg,axial,2,2,True,0.9999999,1.6298147913014993e-14
ConvNeXt-Tiny,D:\brain_tumor\🧠 Brain Tumor MRI Dataset\classification_task\test\pituitary\brisc2025_test_00819_pi_ax_t1.jpg,axial,2,2,True,0.99999976,1.1092627265065596e-13
ConvNeXt-Tiny,D:\brain_tumor\🧠 Brain Tumor MRI Dataset\classification_task\test\pituitary\brisc2025_test_00820_pi_ax_t1.jpg,axial,2,2,True,0.9999937,5.958516997936784e-11
ConvNeXt-Tiny,D:\brain_tumor\🧠 Brain Tumor MRI Dataset\classification_task\test\pituitary\brisc2025_test_00821_pi_ax_t1.jpg,axial,2,2,True,0.9999999,1.709613775359369e-14
ConvNeXt-Tiny,D:\brain_tumor\🧠 Brain Tumor MRI Dataset\classification_task\test\pituitary\brisc2025_test_00822_pi_ax_t1.jpg,axial,2,2,True,0.9999999,1.3382752003035656e-14
ConvNeXt-Tiny,D:\brain_tumor\🧠 Brain Tumor MRI Dataset\classification_task\test\pituitary\brisc2025_test_00823_pi_ax_t1.jpg,axial,2,2,True,0.999995,4.945840456946317e-11
ConvNeXt-Tiny,D:\brain_tumor\🧠 Brain Tumor MRI Dataset\classification_task\test\pituitary\brisc2025_test_00824_pi_ax_t1.jpg,axial,2,2,True,0.9999999,1.7951059424919047e-14
ConvNeXt-Tiny,D:\brain_tumor\🧠 Brain Tumor MRI Dataset\classification_task\test\pituitary\brisc2025_test_00825_pi_co_t1.jpg,coronal,2,2,True,0.9999999,1.4638563028825427e-14
ConvNeXt-Tiny,D:\brain_tumor\🧠 Brain Tumor MRI Dataset\classification_task\test\pituitary\brisc2025_test_00826_pi_co_t1.jpg,coronal,2,1,False,0.99945,1.9978148310569077
ConvNeXt-Tiny,D:\brain_tumor\🧠 Brain Tumor MRI Dataset\classification_task\test\pituitary\brisc2025_test_00827_pi_co_t1.jpg,coronal,2,2,True,1.0,1.133146728657857e-15
ConvNeXt-Tiny,D:\brain_tumor\🧠 Brain Tumor MRI Dataset\classification_task\test\pituitary\brisc2025_test_00828_pi_co_t1.jpg,coronal,2,2,True,0.9999999,1.3347507543249355e-14
ConvNeXt-Tiny,D:\brain_tumor\🧠 Brain Tumor MRI Dataset\classification_task\test\pituitary\brisc2025_test_00829_pi_co_t1.jpg,coronal,2,2,True,0.9999999,1.425601391935076e-14
ConvNeXt-Tiny,D:\brain_tumor\🧠 Brain Tumor MRI Dataset\classification_task\test\pituitary\brisc2025_test_00830_pi_co_t1.jpg,coronal,2,2,True,0.9999999,1.2182683208526646e-14
ConvNeXt-Tiny,D:\brain_tumor\🧠 Brain Tumor MRI Dataset\classification_task\test\pituitary\brisc2025_test_00831_pi_co_t1.jpg,coronal,2,2,True,0.99999976,9.934838515073154e-14
ConvNeXt-Tiny,D:\brain_tumor\🧠 Brain Tumor MRI Dataset\classification_task\test\pituitary\brisc2025_test_00832_pi_co_t1.jpg,coronal,2,2,True,0.99999976,7.41920900552674e-14
ConvNeXt-Tiny,D:\brain_tumor\🧠 Brain Tumor MRI Dataset\classification_task\test\pituitary\brisc2025_test_00833_pi_co_t1.jpg,coronal,2,2,True,1.0,7.123004168244569e-16
ConvNeXt-Tiny,D:\brain_tumor\🧠 Brain Tumor MRI Dataset\classification_task\test\pituitary\brisc2025_test_00834_pi_co_t1.jpg,coronal,2,2,True,0.9999999,1.392824384042712e-14
ConvNeXt-Tiny,D:\brain_tumor\🧠 Brain Tumor MRI Dataset\classification_task\test\pituitary\brisc2025_test_00835_pi_co_t1.jpg,coronal,2,2,True,0.9999999,1.9885783417523497e-14
ConvNeXt-Tiny,D:\brain_tumor\🧠 Brain Tumor MRI Dataset\classification_task\test\pituitary\brisc2025_test_00836_pi_co_t1.jpg,coronal,2,2,True,0.9999962,2.5756431016843305e-11
ConvNeXt-Tiny,D:\brain_tumor\🧠 Brain Tumor MRI Dataset\classification_task\test\pituitary\brisc2025_test_00837_pi_co_t1.jpg,coronal,2,2,True,0.9999999,1.4169349358220827e-14
ConvNeXt-Tiny,D:\brain_tumor\🧠 Brain Tumor MRI Dataset\classification_task\test\pituitary\brisc2025_test_00838_pi_co_t1.jpg,coronal,2,2,True,0.9999999,1.72199309153572e-14
ConvNeXt-Tiny,D:\brain_tumor\🧠 Brain Tumor MRI Dataset\classification_task\test\pituitary\brisc2025_test_00839_pi_co_t1.jpg,coronal,2,2,True,0.9996215,2.1674379862374011e-07
ConvNeXt-Tiny,D:\brain_tumor\🧠 Brain Tumor MRI Dataset\classification_task\test\pituitary\brisc2025_test_00840_pi_co_t1.jpg,coronal,2,2,True,0.9999999,2.576700580896032e-14
ConvNeXt-Tiny,D:\brain_tumor\🧠 Brain Tumor MRI Dataset\classification_task\test\pituitary\brisc2025_test_00841_pi_co_t1.jpg,coronal,2,2,True,0.9999999,1.4651417841508125e-14
ConvNeXt-Tiny,D:\brain_tumor\🧠 Brain Tumor MRI Dataset\classification_task\test\pituitary\brisc2025_test_00842_pi_co_t1.jpg,coronal,2,2,True,0.9999987,2.506269773353617e-12
ConvNeXt-Tiny,D:\brain_tumor\🧠 Brain Tumor MRI Dataset\classification_task\test\pituitary\brisc2025_test_00843_pi_co_t1.jpg,coronal,2,2,True,1.0,1.4077624407183368e-16
ConvNeXt-Tiny,D:\brain_tumor\🧠 Brain Tumor MRI Dataset\classification_task\test\pituitary\brisc2025_test_00844_pi_co_t1.jpg,coronal,2,2,True,0.9999999,1.9873681766226168e-14
ConvNeXt-Tiny,D:\brain_tumor\🧠 Brain Tumor MRI Dataset\classification_task\test\pituitary\brisc2025_test_00845_pi_co_t1.jpg,coronal,2,2,True,0.9999999,1.977744228887953e-14
ConvNeXt-Tiny,D:\brain_tumor\🧠 Brain Tumor MRI Dataset\classification_task\test\pituitary\brisc2025_test_00846_pi_co_t1.jpg,coronal,2,2,True,0.99999845,4.195198608980416e-12
ConvNeXt-Tiny,D:\brain_tumor\🧠 Brain Tumor MRI Dataset\classification_task\test\pituitary\brisc2025_test_00847_pi_co_t1.jpg,coronal,2,2,True,0.9999999,1.257311341571699e-14
ConvNeXt-Tiny,D:\brain_tumor\🧠 Brain Tumor MRI Dataset\classification_task\test\pituitary\brisc2025_test_00848_pi_co_t1.jpg,coronal,2,2,True,0.9999999,1.5622137831217947e-14
ConvNeXt-Tiny,D:\brain_tumor\🧠 Brain Tumor MRI Dataset\classification_task\test\pituitary\brisc2025_test_00849_pi_co_t1.jpg,coronal,2,2,True,0.9999999,1.5765538146374016e-14
ConvNeXt-Tiny,D:\brain_tumor\🧠 Brain Tumor MRI Dataset\classification_task\test\pituitary\brisc2025_test_00850_pi_co_t1.jpg,coronal,2,2,True,0.99999976,8.201763706997492e-14
ConvNeXt-Tiny,D:\brain_tumor\🧠 Brain Tumor MRI Dataset\classification_task\test\pituitary\brisc2025_test_00851_pi_co_t1.jpg,coronal,2,2,True,0.9999994,5.469798641181683e-13
ConvNeXt-Tiny,D:\brain_tumor\🧠 Brain Tumor MRI Dataset\classification_task\test\pituitary\brisc2025_test_00852_pi_co_t1.jpg,coronal,2,2,True,0.9999999,1.3824483447093128e-14
ConvNeXt-Tiny,D:\brain_tumor\🧠 Brain Tumor MRI Dataset\classification_task\test\pituitary\brisc2025_test_00853_pi_co_t1.jpg,coronal,2,2,True,0.9999999,2.2083031499927165e-14
ConvNeXt-Tiny,D:\brain_tumor\🧠 Brain Tumor MRI Dataset\classification_task\test\pituitary\brisc2025_test_00854_pi_co_t1.jpg,coronal,2,2,True,0.9999993,7.123595944856074e-13
ConvNeXt-Tiny,D:\brain_tumor\🧠 Brain Tumor MRI Dataset\classification_task\test\pituitary\brisc2025_test_00855_pi_co_t1.jpg,coronal,2,2,True,0.9999999,1.3477558610635802e-14
ConvNeXt-Tiny,D:\brain_tumor\🧠 Brain Tumor MRI Dataset\classification_task\test\pituitary\brisc2025_test_00856_pi_co_t1.jpg,coronal,2,2,True,0.9999999,1.6787937342541207e-14
ConvNeXt-Tiny,D:\brain_tumor\🧠 Brain Tumor MRI Dataset\classification_task\test\pituitary\brisc2025_test_00857_pi_co_t1.jpg,coronal,2,2,True,0.99999964,2.3233649298635325e-13
ConvNeXt-Tiny,D:\brain_tumor\🧠 Brain Tumor MRI Dataset\classification_task\test\pituitary\brisc2025_test_00858_pi_co_t1.jpg,coronal,2,2,True,1.0,5.325145707163767e-16
ConvNeXt-Tiny,D:\brain_tumor\🧠 Brain Tumor MRI Dataset\classification_task\test\pituitary\brisc2025_test_00859_pi_co_t1.jpg,coronal,2,2,True,0.99999964,2.2809927232392824e-13
ConvNeXt-Tiny,D:\brain_tumor\🧠 Brain Tumor MRI Dataset\classification_task\test\pituitary\brisc2025_test_00860_pi_co_t1.jpg,coronal,2,2,True,0.9999999,1.5218934184827784e-14
ConvNeXt-Tiny,D:\brain_tumor\🧠 Brain Tumor MRI Dataset\classification_task\test\pituitary\brisc2025_test_00861_pi_co_t1.jpg,coronal,2,2,True,0.9999999,1.3369032735419124e-14
ConvNeXt-Tiny,D:\brain_tumor\🧠 Brain Tumor MRI Dataset\classification_task\test\pituitary\brisc2025_test_00862_pi_co_t1.jpg,coronal,2,2,True,0.9999999,1.3411744400875184e-14
ConvNeXt-Tiny,D:\brain_tumor\🧠 Brain Tumor MRI Dataset\classification_task\test\pituitary\brisc2025_test_00863_pi_co_t1.jpg,coronal,2,2,True,0.9999999,1.2800610420773598e-14
ConvNeXt-Tiny,D:\brain_tumor\🧠 Brain Tumor MRI Dataset\classification_task\test\pituitary\brisc2025_test_00864_pi_co_t1.jpg,coronal,2,2,True,0.99999964,1.8644242334571115e-13
ConvNeXt-Tiny,D:\brain_tumor\🧠 Brain Tumor MRI Dataset\classification_task\test\pituitary\brisc2025_test_00865_pi_co_t1.jpg,coronal,2,2,True,0.9999999,2.5720466189308992e-14
ConvNeXt-Tiny,D:\brain_tumor\🧠 Brain Tumor MRI Dataset\classification_task\test\pituitary\brisc2025_test_00866_pi_co_t1.jpg,coronal,2,2,True,1.0,5.587986203645611e-16
ConvNeXt-Tiny,D:\brain_tumor\🧠 Brain Tumor MRI Dataset\classification_task\test\pituitary\brisc2025_test_00867_pi_co_t1.jpg,coronal,2,2,True,1.0,2.046270569339988e-15
ConvNeXt-Tiny,D:\brain_tumor\🧠 Brain Tumor MRI Dataset\classification_task\test\pituitary\brisc2025_test_00868_pi_co_t1.jpg,coronal,2,2,True,1.0,7.096001776805593e-16
ConvNeXt-Tiny,D:\brain_tumor\🧠 Brain Tumor MRI Dataset\classification_task\test\pituitary\brisc2025_test_00869_pi_co_t1.jpg,coronal,2,2,True,0.99998355,5.383330750151636e-10
ConvNeXt-Tiny,D:\brain_tumor\🧠 Brain Tumor MRI Dataset\classification_task\test\pituitary\brisc2025_test_00870_pi_co_t1.jpg,coronal,2,2,True,1.0,1.3561753682864818e-15
ConvNeXt-Tiny,D:\brain_tumor\🧠 Brain Tumor MRI Dataset\classification_task\test\pituitary\brisc2025_test_00871_pi_co_t1.jpg,coronal,2,2,True,1.0,9.167227162279258e-16
ConvNeXt-Tiny,D:\brain_tumor\🧠 Brain Tumor MRI Dataset\classification_task\test\pituitary\brisc2025_test_00872_pi_co_t1.jpg,coronal,2,2,True,0.99999964,2.216642706844606e-13
ConvNeXt-Tiny,D:\brain_tumor\🧠 Brain Tumor MRI Dataset\classification_task\test\pituitary\brisc2025_test_00873_pi_co_t1.jpg,coronal,2,2,True,0.9999993,8.018506284060887e-13
ConvNeXt-Tiny,D:\brain_tumor\🧠 Brain Tumor MRI Dataset\classification_task\test\pituitary\brisc2025_test_00874_pi_co_t1.jpg,coronal,2,2,True,0.9999995,3.869982609858707e-13
ConvNeXt-Tiny,D:\brain_tumor\🧠 Brain Tumor MRI Dataset\classification_task\test\pituitary\brisc2025_test_00875_pi_co_t1.jpg,coronal,2,2,True,0.9999999,1.3909468491904653e-14
ConvNeXt-Tiny,D:\brain_tumor\🧠 Brain Tumor MRI Dataset\classification_task\test\pituitary\brisc2025_test_00876_pi_co_t1.jpg,coronal,2,2,True,0.9999999,1.8088007048625027e-14
ConvNeXt-Tiny,D:\brain_tumor\🧠 Brain Tumor MRI Dataset\classification_task\test\pituitary\brisc2025_test_00877_pi_co_t1.jpg,coronal,2,2,True,0.9999999,2.1049577577086506e-14
ConvNeXt-Tiny,D:\brain_tumor\🧠 Brain Tumor MRI Dataset\classification_task\test\pituitary\brisc2025_test_00878_pi_co_t1.jpg,coronal,2,2,True,0.9999949,4.626469190162095e-11
ConvNeXt-Tiny,D:\brain_tumor\🧠 Brain Tumor MRI Dataset\classification_task\test\pituitary\brisc2025_test_00879_pi_co_t1.jpg,coronal,2,2,True,0.9999999,1.4370824940174666e-14
ConvNeXt-Tiny,D:\brain_tumor\🧠 Brain Tumor MRI Dataset\classification_task\test\pituitary\brisc2025_test_00880_pi_co_t1.jpg,coronal,2,2,True,0.9999999,1.4054030503299462e-14
ConvNeXt-Tiny,D:\brain_tumor\🧠 Brain Tumor MRI Dataset\classification_task\test\pituitary\brisc2025_test_00881_pi_co_t1.jpg,coronal,2,2,True,0.99999976,8.431809821493682e-14
ConvNeXt-Tiny,D:\brain_tumor\🧠 Brain Tumor MRI Dataset\classification_task\test\pituitary\brisc2025_test_00882_pi_co_t1.jpg,coronal,2,2,True,0.9999993,7.854460254213315e-13
ConvNeXt-Tiny,D:\brain_tumor\🧠 Brain Tumor MRI Dataset\classification_task\test\pituitary\brisc2025_test_00883_pi_co_t1.jpg,coronal,2,2,True,0.9999995,3.934147761768296e-13
ConvNeXt-Tiny,D:\brain_tumor\🧠 Brain Tumor MRI Dataset\classification_task\test\pituitary\brisc2025_test_00884_pi_co_t1.jpg,coronal,2,2,True,0.9999999,1.5325292531659886e-14
ConvNeXt-Tiny,D:\brain_tumor\🧠 Brain Tumor MRI Dataset\classification_task\test\pituitary\brisc2025_test_00885_pi_co_t1.jpg,coronal,2,2,True,0.9999999,1.2021402484710884e-14
ConvNeXt-Tiny,D:\brain_tumor\🧠 Brain Tumor MRI Dataset\classification_task\test\pituitary\brisc2025_test_00886_pi_co_t1.jpg,coronal,2,2,True,0.9999999,2.5550153298131324e-14
ConvNeXt-Tiny,D:\brain_tumor\🧠 Brain Tumor MRI Dataset\classification_task\test\pituitary\brisc2025_test_00887_pi_co_t1.jpg,coronal,2,2,True,1.0,1.5169035775216813e-15
ConvNeXt-Tiny,D:\brain_tumor\🧠 Brain Tumor MRI Dataset\classification_task\test\pituitary\brisc2025_test_00888_pi_co_t1.jpg,coronal,2,2,True,0.99999964,1.7907692112044742e-13
ConvNeXt-Tiny,D:\brain_tumor\🧠 Brain Tumor MRI Dataset\classification_task\test\pituitary\brisc2025_test_00889_pi_co_t1.jpg,coronal,2,2,True,0.9999999,1.2973329720611773e-14
ConvNeXt-Tiny,D:\brain_tumor\🧠 Brain Tumor MRI Dataset\classification_task\test\pituitary\brisc2025_test_00890_pi_co_t1.jpg,coronal,2,2,True,0.9999943,5.969889564329738e-11
ConvNeXt-Tiny,D:\brain_tumor\🧠 Brain Tumor MRI Dataset\classification_task\test\pituitary\brisc2025_test_00891_pi_co_t1.jpg,coronal,2,2,True,0.9999999,1.1892314259206084e-14
ConvNeXt-Tiny,D:\brain_tumor\🧠 Brain Tumor MRI Dataset\classification_task\test\pituitary\brisc2025_test_00892_pi_co_t1.jpg,coronal,2,2,True,0.9999999,1.817153662471442e-14
ConvNeXt-Tiny,D:\brain_tumor\🧠 Brain Tumor MRI Dataset\classification_task\test\pituitary\brisc2025_test_00893_pi_co_t1.jpg,coronal,2,2,True,0.99999976,7.6967172613072e-14
ConvNeXt-Tiny,D:\brain_tumor\🧠 Brain Tumor MRI Dataset\classification_task\test\pituitary\brisc2025_test_00894_pi_co_t1.jpg,coronal,2,2,True,1.0,1.6647117945179145e-15
ConvNeXt-Tiny,D:\brain_tumor\🧠 Brain Tumor MRI Dataset\classification_task\test\pituitary\brisc2025_test_00895_pi_co_t1.jpg,coronal,2,2,True,0.99999976,1.0176483836575613e-13
ConvNeXt-Tiny,D:\brain_tumor\🧠 Brain Tumor MRI Dataset\classification_task\test\pituitary\brisc2025_test_00896_pi_co_t1.jpg,coronal,2,2,True,0.99999964,2.0906370055034447e-13
ConvNeXt-Tiny,D:\brain_tumor\🧠 Brain Tumor MRI Dataset\classification_task\test\pituitary\brisc2025_test_00897_pi_co_t1.jpg,coronal,2,2,True,0.9999999,1.7288518604423705e-14
ConvNeXt-Tiny,D:\brain_tumor\🧠 Brain Tumor MRI Dataset\classification_task\test\pituitary\brisc2025_test_00898_pi_co_t1.jpg,coronal,2,2,True,1.0,3.595451704258729e-16
ConvNeXt-Tiny,D:\brain_tumor\🧠 Brain Tumor MRI Dataset\classification_task\test\pituitary\brisc2025_test_00899_pi_co_t1.jpg,coronal,2,2,True,0.9999999,1.5091865500007034e-14
ConvNeXt-Tiny,D:\brain_tumor\🧠 Brain Tumor MRI Dataset\classification_task\test\pituitary\brisc2025_test_00900_pi_co_t1.jpg,coronal,2,2,True,0.9999999,1.3029233181728124e-14
ConvNeXt-Tiny,D:\brain_tumor\🧠 Brain Tumor MRI Dataset\classification_task\test\pituitary\brisc2025_test_00901_pi_co_t1.jpg,coronal,2,2,True,0.9999999,1.3047254707662664e-14
ConvNeXt-Tiny,D:\brain_tumor\🧠 Brain Tumor MRI Dataset\classification_task\test\pituitary\brisc2025_test_00902_pi_co_t1.jpg,coronal,2,2,True,0.9999999,1.5021363083373547e-14
ConvNeXt-Tiny,D:\brain_tumor\🧠 Brain Tumor MRI Dataset\classification_task\test\pituitary\brisc2025_test_00903_pi_co_t1.jpg,coronal,2,2,True,0.9999988,2.225002953546874e-12
ConvNeXt-Tiny,D:\brain_tumor\🧠 Brain Tumor MRI Dataset\classification_task\test\pituitary\brisc2025_test_00904_pi_co_t1.jpg,coronal,2,2,True,0.99999964,1.954676116037181e-13
ConvNeXt-Tiny,D:\brain_tumor\🧠 Brain Tumor MRI Dataset\classification_task\test\pituitary\brisc2025_test_00905_pi_co_t1.jpg,coronal,2,2,True,1.0,1.4348324659832832e-15
ConvNeXt-Tiny,D:\brain_tumor\🧠 Brain Tumor MRI Dataset\classification_task\test\pituitary\brisc2025_test_00906_pi_co_t1.jpg,coronal,2,2,True,1.0,1.8895013558055786e-15
ConvNeXt-Tiny,D:\brain_tumor\🧠 Brain Tumor MRI Dataset\classification_task\test\pituitary\brisc2025_test_00907_pi_co_t1.jpg,coronal,2,2,True,0.9999999,1.2227477024683004e-14
ConvNeXt-Tiny,D:\brain_tumor\🧠 Brain Tumor MRI Dataset\classification_task\test\pituitary\brisc2025_test_00908_pi_co_t1.jpg,coronal,2,2,True,0.9999999,1.2875653675561762e-14
ConvNeXt-Tiny,D:\brain_tumor\🧠 Brain Tumor MRI Dataset\classification_task\test\pituitary\brisc2025_test_00909_pi_co_t1.jpg,coronal,2,2,True,0.9999999,2.0019864329106407e-14
ConvNeXt-Tiny,D:\brain_tumor\🧠 Brain Tumor MRI Dataset\classification_task\test\pituitary\brisc2025_test_00910_pi_co_t1.jpg,coronal,2,2,True,0.99999535,3.3173969288064444e-11
ConvNeXt-Tiny,D:\brain_tumor\🧠 Brain Tumor MRI Dataset\classification_task\test\pituitary\brisc2025_test_00911_pi_co_t1.jpg,coronal,2,2,True,0.99999964,1.8447521879766826e-13
ConvNeXt-Tiny,D:\brain_tumor\🧠 Brain Tumor MRI Dataset\classification_task\test\pituitary\brisc2025_test_00912_pi_co_t1.jpg,coronal,2,2,True,0.9999999,2.3266030467377853e-14
ConvNeXt-Tiny,D:\brain_tumor\🧠 Brain Tumor MRI Dataset\classification_task\test\pituitary\brisc2025_test_00913_pi_co_t1.jpg,coronal,2,2,True,1.0,1.5977639303950501e-15
ConvNeXt-Tiny,D:\brain_tumor\🧠 Brain Tumor MRI Dataset\classification_task\test\pituitary\brisc2025_test_00914_pi_co_t1.jpg,coronal,2,2,True,0.9999999,1.3982658684200031e-14
ConvNeXt-Tiny,D:\brain_tumor\🧠 Brain Tumor MRI Dataset\classification_task\test\pituitary\brisc2025_test_00915_pi_sa_t1.jpg,sagittal,2,2,True,0.99999905,1.3333853084735125e-12
ConvNeXt-Tiny,D:\brain_tumor\🧠 Brain Tumor MRI Dataset\classification_task\test\pituitary\brisc2025_test_00916_pi_sa_t1.jpg,sagittal,2,2,True,0.99999964,1.7903399526864497e-13
ConvNeXt-Tiny,D:\brain_tumor\🧠 Brain Tumor MRI Dataset\classification_task\test\pituitary\brisc2025_test_00917_pi_sa_t1.jpg,sagittal,2,2,True,0.9999995,3.975459414672101e-13
ConvNeXt-Tiny,D:\brain_tumor\🧠 Brain Tumor MRI Dataset\classification_task\test\pituitary\brisc2025_test_00918_pi_sa_t1.jpg,sagittal,2,2,True,0.9999949,3.879380230297789e-11
ConvNeXt-Tiny,D:\brain_tumor\🧠 Brain Tumor MRI Dataset\classification_task\test\pituitary\brisc2025_test_00919_pi_sa_t1.jpg,sagittal,2,2,True,0.99999976,8.289636845725902e-14
ConvNeXt-Tiny,D:\brain_tumor\🧠 Brain Tumor MRI Dataset\classification_task\test\pituitary\brisc2025_test_00920_pi_sa_t1.jpg,sagittal,2,2,True,0.9999989,2.286950891788378e-12
ConvNeXt-Tiny,D:\brain_tumor\🧠 Brain Tumor MRI Dataset\classification_task\test\pituitary\brisc2025_test_00921_pi_sa_t1.jpg,sagittal,2,2,True,0.9999999,1.8845771578880358e-14
ConvNeXt-Tiny,D:\brain_tumor\🧠 Brain Tumor MRI Dataset\classification_task\test\pituitary\brisc2025_test_00922_pi_sa_t1.jpg,sagittal,2,2,True,0.9999876,2.9904338185015384e-10
ConvNeXt-Tiny,D:\brain_tumor\🧠 Brain Tumor MRI Dataset\classification_task\test\pituitary\brisc2025_test_00923_pi_sa_t1.jpg,sagittal,2,2,True,0.99999976,7.446666564055616e-14
ConvNeXt-Tiny,D:\brain_tumor\🧠 Brain Tumor MRI Dataset\classification_task\test\pituitary\brisc2025_test_00924_pi_sa_t1.jpg,sagittal,2,2,True,0.99999976,7.766442940427326e-14
ConvNeXt-Tiny,D:\brain_tumor\🧠 Brain Tumor MRI Dataset\classification_task\test\pituitary\brisc2025_test_00925_pi_sa_t1.jpg,sagittal,2,2,True,0.9999715,1.4961789106092959e-09
ConvNeXt-Tiny,D:\brain_tumor\🧠 Brain Tumor MRI Dataset\classification_task\test\pituitary\brisc2025_test_00926_pi_sa_t1.jpg,sagittal,2,2,True,0.99999976,8.462342454624731e-14
ConvNeXt-Tiny,D:\brain_tumor\🧠 Brain Tumor MRI Dataset\classification_task\test\pituitary\brisc2025_test_00927_pi_sa_t1.jpg,sagittal,2,2,True,0.99999964,2.0744815568353964e-13
ConvNeXt-Tiny,D:\brain_tumor\🧠 Brain Tumor MRI Dataset\classification_task\test\pituitary\brisc2025_test_00928_pi_sa_t1.jpg,sagittal,2,2,True,0.99999976,9.10868762682636e-14
ConvNeXt-Tiny,D:\brain_tumor\🧠 Brain Tumor MRI Dataset\classification_task\test\pituitary\brisc2025_test_00929_pi_sa_t1.jpg,sagittal,2,2,True,0.9999993,7.323888773215627e-13
ConvNeXt-Tiny,D:\brain_tumor\🧠 Brain Tumor MRI Dataset\classification_task\test\pituitary\brisc2025_test_00930_pi_sa_t1.jpg,sagittal,2,2,True,0.999984,4.404762994015253e-10
ConvNeXt-Tiny,D:\brain_tumor\🧠 Brain Tumor MRI Dataset\classification_task\test\pituitary\brisc2025_test_00931_pi_sa_t1.jpg,sagittal,2,2,True,0.99999976,9.102437403151188e-14
ConvNeXt-Tiny,D:\brain_tumor\🧠 Brain Tumor MRI Dataset\classification_task\test\pituitary\brisc2025_test_00932_pi_sa_t1.jpg,sagittal,2,2,True,0.9999995,3.459429903109384e-13
ConvNeXt-Tiny,D:\brain_tumor\🧠 Brain Tumor MRI Dataset\classification_task\test\pituitary\brisc2025_test_00933_pi_sa_t1.jpg,sagittal,2,2,True,0.99999964,2.079002409289481e-13
ConvNeXt-Tiny,D:\brain_tumor\🧠 Brain Tumor MRI Dataset\classification_task\test\pituitary\brisc2025_test_00934_pi_sa_t1.jpg,sagittal,2,2,True,0.9999987,2.622297818607219e-12
ConvNeXt-Tiny,D:\brain_tumor\🧠 Brain Tumor MRI Dataset\classification_task\test\pituitary\brisc2025_test_00935_pi_sa_t1.jpg,sagittal,2,2,True,0.9999964,1.9473907341477087e-11
ConvNeXt-Tiny,D:\brain_tumor\🧠 Brain Tumor MRI Dataset\classification_task\test\pituitary\brisc2025_test_00936_pi_sa_t1.jpg,sagittal,2,2,True,0.99998295,5.192280255315966e-10
ConvNeXt-Tiny,D:\brain_tumor\🧠 Brain Tumor MRI Dataset\classification_task\test\pituitary\brisc2025_test_00937_pi_sa_t1.jpg,sagittal,2,2,True,0.9999999,1.2679751053871996e-14
ConvNeXt-Tiny,D:\brain_tumor\🧠 Brain Tumor MRI Dataset\classification_task\test\pituitary\brisc2025_test_00938_pi_sa_t1.jpg,sagittal,2,2,True,0.99999976,8.100475676818896e-14
ConvNeXt-Tiny,D:\brain_tumor\🧠 Brain Tumor MRI Dataset\classification_task\test\pituitary\brisc2025_test_00939_pi_sa_t1.jpg,sagittal,2,2,True,0.9999993,7.786335519996265e-13
ConvNeXt-Tiny,D:\brain_tumor\🧠 Brain Tumor MRI Dataset\classification_task\test\pituitary\brisc2025_test_00940_pi_sa_t1.jpg,sagittal,2,2,True,0.9999974,1.007459844295851e-11
ConvNeXt-Tiny,D:\brain_tumor\🧠 Brain Tumor MRI Dataset\classification_task\test\pituitary\brisc2025_test_00941_pi_sa_t1.jpg,sagittal,2,2,True,0.9999999,1.8253892034064084e-14
ConvNeXt-Tiny,D:\brain_tumor\🧠 Brain Tumor MRI Dataset\classification_task\test\pituitary\brisc2025_test_00942_pi_sa_t1.jpg,sagittal,2,2,True,0.9999995,4.638473706957332e-13
ConvNeXt-Tiny,D:\brain_tumor\🧠 Brain Tumor MRI Dataset\classification_task\test\pituitary\brisc2025_test_00943_pi_sa_t1.jpg,sagittal,2,2,True,0.9999956,3.633328703239e-11
ConvNeXt-Tiny,D:\brain_tumor\🧠 Brain Tumor MRI Dataset\classification_task\test\pituitary\brisc2025_test_00944_pi_sa_t1.jpg,sagittal,2,2,True,0.9999949,4.1738305969222374e-11
ConvNeXt-Tiny,D:\brain_tumor\🧠 Brain Tumor MRI Dataset\classification_task\test\pituitary\brisc2025_test_00945_pi_sa_t1.jpg,sagittal,2,2,True,0.99999464,4.308446381022773e-11
ConvNeXt-Tiny,D:\brain_tumor\🧠 Brain Tumor MRI Dataset\classification_task\test\pituitary\brisc2025_test_00946_pi_sa_t1.jpg,sagittal,2,2,True,0.9999995,3.7505688799434784e-13
ConvNeXt-Tiny,D:\brain_tumor\🧠 Brain Tumor MRI Dataset\classification_task\test\pituitary\brisc2025_test_00947_pi_sa_t1.jpg,sagittal,2,2,True,0.9999962,2.216223587629446e-11
ConvNeXt-Tiny,D:\brain_tumor\🧠 Brain Tumor MRI Dataset\classification_task\test\pituitary\brisc2025_test_00948_pi_sa_t1.jpg,sagittal,2,2,True,0.9999999,1.79546958064248e-14
ConvNeXt-Tiny,D:\brain_tumor\🧠 Brain Tumor MRI Dataset\classification_task\test\pituitary\brisc2025_test_00949_pi_sa_t1.jpg,sagittal,2,2,True,0.9999995,4.046656775909421e-13
ConvNeXt-Tiny,D:\brain_tumor\🧠 Brain Tumor MRI Dataset\classification_task\test\pituitary\brisc2025_test_00950_pi_sa_t1.jpg,sagittal,2,2,True,0.99994385,4.738201201477137e-09
ConvNeXt-Tiny,D:\brain_tumor\🧠 Brain Tumor MRI Dataset\classification_task\test\pituitary\brisc2025_test_00951_pi_sa_t1.jpg,sagittal,2,2,True,0.9999994,5.150856299780926e-13
ConvNeXt-Tiny,D:\brain_tumor\🧠 Brain Tumor MRI Dataset\classification_task\test\pituitary\brisc2025_test_00952_pi_sa_t1.jpg,sagittal,2,2,True,0.9999989,2.0864109983687457e-12
ConvNeXt-Tiny,D:\brain_tumor\🧠 Brain Tumor MRI Dataset\classification_task\test\pituitary\brisc2025_test_00953_pi_sa_t1.jpg,sagittal,2,2,True,0.99999976,9.996938111751414e-14
ConvNeXt-Tiny,D:\brain_tumor\🧠 Brain Tumor MRI Dataset\classification_task\test\pituitary\brisc2025_test_00954_pi_sa_t1.jpg,sagittal,2,2,True,0.9983903,5.164238337061729e-06
ConvNeXt-Tiny,D:\brain_tumor\🧠 Brain Tumor MRI Dataset\classification_task\test\pituitary\brisc2025_test_00955_pi_sa_t1.jpg,sagittal,2,2,True,0.9999994,5.674081234051438e-13
ConvNeXt-Tiny,D:\brain_tumor\🧠 Brain Tumor MRI Dataset\classification_task\test\pituitary\brisc2025_test_00956_pi_sa_t1.jpg,sagittal,2,2,True,0.9999975,9.951603423400479e-12
ConvNeXt-Tiny,D:\brain_tumor\🧠 Brain Tumor MRI Dataset\classification_task\test\pituitary\brisc2025_test_00957_pi_sa_t1.jpg,sagittal,2,2,True,0.9999993,6.602918014995478e-13
ConvNeXt-Tiny,D:\brain_tumor\🧠 Brain Tumor MRI Dataset\classification_task\test\pituitary\brisc2025_test_00958_pi_sa_t1.jpg,sagittal,2,2,True,0.9999995,3.478723508043556e-13
ConvNeXt-Tiny,D:\brain_tumor\🧠 Brain Tumor MRI Dataset\classification_task\test\pituitary\brisc2025_test_00959_pi_sa_t1.jpg,sagittal,2,2,True,0.99998915,2.134163352780414e-10
ConvNeXt-Tiny,D:\brain_tumor\🧠 Brain Tumor MRI Dataset\classification_task\test\pituitary\brisc2025_test_00960_pi_sa_t1.jpg,sagittal,2,2,True,0.99999845,3.6013335524320314e-12
ConvNeXt-Tiny,D:\brain_tumor\🧠 Brain Tumor MRI Dataset\classification_task\test\pituitary\brisc2025_test_00961_pi_sa_t1.jpg,sagittal,2,2,True,0.9999999,2.551743962889467e-14
ConvNeXt-Tiny,D:\brain_tumor\🧠 Brain Tumor MRI Dataset\classification_task\test\pituitary\brisc2025_test_00962_pi_sa_t1.jpg,sagittal,2,2,True,0.99999964,2.2152230786909815e-13
ConvNeXt-Tiny,D:\brain_tumor\🧠 Brain Tumor MRI Dataset\classification_task\test\pituitary\brisc2025_test_00963_pi_sa_t1.jpg,sagittal,2,2,True,0.99999964,1.9853828890322532e-13
ConvNeXt-Tiny,D:\brain_tumor\🧠 Brain Tumor MRI Dataset\classification_task\test\pituitary\brisc2025_test_00964_pi_sa_t1.jpg,sagittal,2,2,True,0.99999905,1.3358128637215194e-12
ConvNeXt-Tiny,D:\brain_tumor\🧠 Brain Tumor MRI Dataset\classification_task\test\pituitary\brisc2025_test_00965_pi_sa_t1.jpg,sagittal,2,2,True,0.99999976,8.316085292411236e-14
ConvNeXt-Tiny,D:\brain_tumor\🧠 Brain Tumor MRI Dataset\classification_task\test\pituitary\brisc2025_test_00966_pi_sa_t1.jpg,sagittal,2,2,True,0.999974,1.3137902237082952e-09
ConvNeXt-Tiny,D:\brain_tumor\🧠 Brain Tumor MRI Dataset\classification_task\test\pituitary\brisc2025_test_00967_pi_sa_t1.jpg,sagittal,2,2,True,0.99999964,1.8995459492119224e-13
ConvNeXt-Tiny,D:\brain_tumor\🧠 Brain Tumor MRI Dataset\classification_task\test\pituitary\brisc2025_test_00968_pi_sa_t1.jpg,sagittal,2,2,True,0.9999993,7.316813259260002e-13
ConvNeXt-Tiny,D:\brain_tumor\🧠 Brain Tumor MRI Dataset\classification_task\test\pituitary\brisc2025_test_00969_pi_sa_t1.jpg,sagittal,2,2,True,0.9999989,1.8089116408364887e-12
ConvNeXt-Tiny,D:\brain_tumor\🧠 Brain Tumor MRI Dataset\classification_task\test\pituitary\brisc2025_test_00970_pi_sa_t1.jpg,sagittal,2,2,True,0.9999156,1.3684580091421455e-08
ConvNeXt-Tiny,D:\brain_tumor\🧠 Brain Tumor MRI Dataset\classification_task\test\pituitary\brisc2025_test_00971_pi_sa_t1.jpg,sagittal,2,2,True,0.99999774,7.571036469955322e-12
ConvNeXt-Tiny,D:\brain_tumor\🧠 Brain Tumor MRI Dataset\classification_task\test\pituitary\brisc2025_test_00972_pi_sa_t1.jpg,sagittal,2,2,True,0.99999964,1.9290974941126106e-13
ConvNeXt-Tiny,D:\brain_tumor\🧠 Brain Tumor MRI Dataset\classification_task\test\pituitary\brisc2025_test_00973_pi_sa_t1.jpg,sagittal,2,2,True,0.9999422,6.571496807353219e-09
ConvNeXt-Tiny,D:\brain_tumor\🧠 Brain Tumor MRI Dataset\classification_task\test\pituitary\brisc2025_test_00974_pi_sa_t1.jpg,sagittal,2,2,True,0.9993349,8.765914117827734e-07
ConvNeXt-Tiny,D:\brain_tumor\🧠 Brain Tumor MRI Dataset\classification_task\test\pituitary\brisc2025_test_00975_pi_sa_t1.jpg,sagittal,2,2,True,0.99999976,9.042796449224514e-14
ConvNeXt-Tiny,D:\brain_tumor\🧠 Brain Tumor MRI Dataset\classification_task\test\pituitary\brisc2025_test_00976_pi_sa_t1.jpg,sagittal,2,2,True,0.99999523,3.673262759448108e-11
ConvNeXt-Tiny,D:\brain_tumor\🧠 Brain Tumor MRI Dataset\classification_task\test\pituitary\brisc2025_test_00977_pi_sa_t1.jpg,sagittal,2,2,True,0.9999995,3.5250922488227215e-13
ConvNeXt-Tiny,D:\brain_tumor\🧠 Brain Tumor MRI Dataset\classification_task\test\pituitary\brisc2025_test_00978_pi_sa_t1.jpg,sagittal,2,2,True,0.9999993,7.611116745567131e-13
ConvNeXt-Tiny,D:\brain_tumor\🧠 Brain Tumor MRI Dataset\classification_task\test\pituitary\brisc2025_test_00979_pi_sa_t1.jpg,sagittal,2,2,True,0.9999994,5.113259699089492e-13
ConvNeXt-Tiny,D:\brain_tumor\🧠 Brain Tumor MRI Dataset\classification_task\test\pituitary\brisc2025_test_00980_pi_sa_t1.jpg,sagittal,2,2,True,0.9999225,1.0218482360953057e-08
ConvNeXt-Tiny,D:\brain_tumor\🧠 Brain Tumor MRI Dataset\classification_task\test\pituitary\brisc2025_test_00981_pi_sa_t1.jpg,sagittal,2,2,True,0.99999845,3.753041462553858e-12
ConvNeXt-Tiny,D:\brain_tumor\🧠 Brain Tumor MRI Dataset\classification_task\test\pituitary\brisc2025_test_00982_pi_sa_t1.jpg,sagittal,2,2,True,0.9999982,4.976565004010903e-12
ConvNeXt-Tiny,D:\brain_tumor\🧠 Brain Tumor MRI Dataset\classification_task\test\pituitary\brisc2025_test_00983_pi_sa_t1.jpg,sagittal,2,2,True,0.9999943,5.813019627005706e-11
ConvNeXt-Tiny,D:\brain_tumor\🧠 Brain Tumor MRI Dataset\classification_task\test\pituitary\brisc2025_test_00984_pi_sa_t1.jpg,sagittal,2,2,True,0.9999995,3.856726318106156e-13
ConvNeXt-Tiny,D:\brain_tumor\🧠 Brain Tumor MRI Dataset\classification_task\test\pituitary\brisc2025_test_00985_pi_sa_t1.jpg,sagittal,2,2,True,0.99999774,7.760479661352556e-12
ConvNeXt-Tiny,D:\brain_tumor\🧠 Brain Tumor MRI Dataset\classification_task\test\pituitary\brisc2025_test_00986_pi_sa_t1.jpg,sagittal,2,2,True,0.9999989,1.9373969008973504e-12
ConvNeXt-Tiny,D:\brain_tumor\🧠 Brain Tumor MRI Dataset\classification_task\test\pituitary\brisc2025_test_00987_pi_sa_t1.jpg,sagittal,2,2,True,0.9998185,6.413745084886037e-08
ConvNeXt-Tiny,D:\brain_tumor\🧠 Brain Tumor MRI Dataset\classification_task\test\pituitary\brisc2025_test_00988_pi_sa_t1.jpg,sagittal,2,2,True,0.99999464,4.8997651210448086e-11
ConvNeXt-Tiny,D:\brain_tumor\🧠 Brain Tumor MRI Dataset\classification_task\test\pituitary\brisc2025_test_00989_pi_sa_t1.jpg,sagittal,2,2,True,0.9999958,2.747589312013407e-11
ConvNeXt-Tiny,D:\brain_tumor\🧠 Brain Tumor MRI Dataset\classification_task\test\pituitary\brisc2025_test_00990_pi_sa_t1.jpg,sagittal,2,2,True,0.9995078,4.812060336132426e-07
ConvNeXt-Tiny,D:\brain_tumor\🧠 Brain Tumor MRI Dataset\classification_task\test\pituitary\brisc2025_test_00991_pi_sa_t1.jpg,sagittal,2,2,True,0.9999002,1.6460590169026172e-08
ConvNeXt-Tiny,D:\brain_tumor\🧠 Brain Tumor MRI Dataset\classification_task\test\pituitary\brisc2025_test_00992_pi_sa_t1.jpg,sagittal,2,2,True,0.99999845,3.775416457746581e-12
ConvNeXt-Tiny,D:\brain_tumor\🧠 Brain Tumor MRI Dataset\classification_task\test\pituitary\brisc2025_test_00993_pi_sa_t1.jpg,sagittal,2,2,True,0.99998164,6.429719023724863e-10
ConvNeXt-Tiny,D:\brain_tumor\🧠 Brain Tumor MRI Dataset\classification_task\test\pituitary\brisc2025_test_00994_pi_sa_t1.jpg,sagittal,2,2,True,0.9999994,5.185690931936254e-13
ConvNeXt-Tiny,D:\brain_tumor\🧠 Brain Tumor MRI Dataset\classification_task\test\pituitary\brisc2025_test_00995_pi_sa_t1.jpg,sagittal,2,2,True,0.9999994,5.79971651136516e-13
ConvNeXt-Tiny,D:\brain_tumor\🧠 Brain Tumor MRI Dataset\classification_task\test\pituitary\brisc2025_test_00996_pi_sa_t1.jpg,sagittal,2,2,True,0.9999993,7.210583721390297e-13
ConvNeXt-Tiny,D:\brain_tumor\🧠 Brain Tumor MRI Dataset\classification_task\test\pituitary\brisc2025_test_00997_pi_sa_t1.jpg,sagittal,2,2,True,0.99986625,3.551791440445799e-08
ConvNeXt-Tiny,D:\brain_tumor\🧠 Brain Tumor MRI Dataset\classification_task\test\pituitary\brisc2025_test_00998_pi_sa_t1.jpg,sagittal,2,2,True,0.9999994,5.508678905553504e-13
ConvNeXt-Tiny,D:\brain_tumor\🧠 Brain Tumor MRI Dataset\classification_task\test\pituitary\brisc2025_test_00999_pi_sa_t1.jpg,sagittal,2,2,True,0.999995,4.827855595853012e-11
ConvNeXt-Tiny,D:\brain_tumor\🧠 Brain Tumor MRI Dataset\classification_task\test\pituitary\brisc2025_test_01000_pi_sa_t1.jpg,sagittal,2,2,True,0.99999917,1.046728087517578e-12
TrustSeg-XAI,D:\brain_tumor\🧠 Brain Tumor MRI Dataset\classification_task\test\glioma\brisc2025_test_00001_gl_ax_t1.jpg,axial,0,0,True,1.0,1.3599999999999997e-14
TrustSeg-XAI,D:\brain_tumor\🧠 Brain Tumor MRI Dataset\classification_task\test\glioma\brisc2025_test_00002_gl_ax_t1.jpg,axial,0,0,True,1.0,1.7083891999999999e-09
TrustSeg-XAI,D:\brain_tumor\🧠 Brain Tumor MRI Dataset\classification_task\test\glioma\brisc2025_test_00003_gl_ax_t1.jpg,axial,0,0,True,1.0,6.759999999999998e-14
TrustSeg-XAI,D:\brain_tumor\🧠 Brain Tumor MRI Dataset\classification_task\test\glioma\brisc2025_test_00004_gl_ax_t1.jpg,axial,0,0,True,0.9443,0.004726527699999996
TrustSeg-XAI,D:\brain_tumor\🧠 Brain Tumor MRI Dataset\classification_task\test\glioma\brisc2025_test_00005_gl_ax_t1.jpg,axial,0,0,True,0.9995,4.1961909889994493e-07
TrustSeg-XAI,D:\brain_tumor\🧠 Brain Tumor MRI Dataset\classification_task\test\glioma\brisc2025_test_00006_gl_ax_t1.jpg,axial,0,0,True,1.0,4.0359999999999997e-13
TrustSeg-XAI,D:\brain_tumor\🧠 Brain Tumor MRI Dataset\classification_task\test\glioma\brisc2025_test_00007_gl_ax_t1.jpg,axial,0,0,True,0.9995,3.1370765999994495e-07
TrustSeg-XAI,D:\brain_tumor\🧠 Brain Tumor MRI Dataset\classification_task\test\glioma\brisc2025_test_00008_gl_ax_t1.jpg,axial,0,0,True,1.0,4.999999999999999e-14
TrustSeg-XAI,D:\brain_tumor\🧠 Brain Tumor MRI Dataset\classification_task\test\glioma\brisc2025_test_00009_gl_ax_t1.jpg,axial,0,0,True,1.0,1.836e-13
TrustSeg-XAI,D:\brain_tumor\🧠 Brain Tumor MRI Dataset\classification_task\test\glioma\brisc2025_test_00010_gl_ax_t1.jpg,axial,0,0,True,1.0,1.2408459999999999e-08
TrustSeg-XAI,D:\brain_tumor\🧠 Brain Tumor MRI Dataset\classification_task\test\glioma\brisc2025_test_00011_gl_ax_t1.jpg,axial,0,0,True,1.0,2.4599999999999996e-12
TrustSeg-XAI,D:\brain_tumor\🧠 Brain Tumor MRI Dataset\classification_task\test\glioma\brisc2025_test_00012_gl_ax_t1.jpg,axial,0,0,True,1.0,3.9389e-12
TrustSeg-XAI,D:\brain_tumor\🧠 Brain Tumor MRI Dataset\classification_task\test\glioma\brisc2025_test_00013_gl_ax_t1.jpg,axial,0,0,True,1.0,4.359999999999999e-14
TrustSeg-XAI,D:\brain_tumor\🧠 Brain Tumor MRI Dataset\classification_task\test\glioma\brisc2025_test_00014_gl_ax_t1.jpg,axial,0,0,True,1.0,6.759999999999998e-14
TrustSeg-XAI,D:\brain_tumor\🧠 Brain Tumor MRI Dataset\classification_task\test\glioma\brisc2025_test_00015_gl_ax_t1.jpg,axial,0,0,True,1.0,4.999999999999999e-14
TrustSeg-XAI,D:\brain_tumor\🧠 Brain Tumor MRI Dataset\classification_task\test\glioma\brisc2025_test_00016_gl_ax_t1.jpg,axial,0,0,True,1.0,2.4999999999999994e-13
TrustSeg-XAI,D:\brain_tumor\🧠 Brain Tumor MRI Dataset\classification_task\test\glioma\brisc2025_test_00017_gl_ax_t1.jpg,axial,0,0,True,1.0,1.6272960000000002e-10
TrustSeg-XAI,D:\brain_tumor\🧠 Brain Tumor MRI Dataset\classification_task\test\glioma\brisc2025_test_00018_gl_ax_t1.jpg,axial,0,0,True,1.0,1.8e-13
TrustSeg-XAI,D:\brain_tumor\🧠 Brain Tumor MRI Dataset\classification_task\test\glioma\brisc2025_test_00019_gl_ax_t1.jpg,axial,0,0,True,1.0,4.552e-13
TrustSeg-XAI,D:\brain_tumor\🧠 Brain Tumor MRI Dataset\classification_task\test\glioma\brisc2025_test_00020_gl_ax_t1.jpg,axial,0,0,True,1.0,6.759999999999998e-14
TrustSeg-XAI,D:\brain_tumor\🧠 Brain Tumor MRI Dataset\classification_task\test\glioma\brisc2025_test_00021_gl_ax_t1.jpg,axial,0,0,True,1.0,1.696e-13
TrustSeg-XAI,D:\brain_tumor\🧠 Brain Tumor MRI Dataset\classification_task\test\glioma\brisc2025_test_00022_gl_ax_t1.jpg,axial,0,0,True,1.0,1.3599999999999997e-14
TrustSeg-XAI,D:\brain_tumor\🧠 Brain Tumor MRI Dataset\classification_task\test\glioma\brisc2025_test_00023_gl_ax_t1.jpg,axial,0,0,True,1.0,3.528e-13
TrustSeg-XAI,D:\brain_tumor\🧠 Brain Tumor MRI Dataset\classification_task\test\glioma\brisc2025_test_00024_gl_ax_t1.jpg,axial,0,0,True,1.0,7.731999999999999e-13
TrustSeg-XAI,D:\brain_tumor\🧠 Brain Tumor MRI Dataset\classification_task\test\glioma\brisc2025_test_00025_gl_ax_t1.jpg,axial,0,0,True,1.0,1.3599999999999997e-14
TrustSeg-XAI,D:\brain_tumor\🧠 Brain Tumor MRI Dataset\classification_task\test\glioma\brisc2025_test_00026_gl_ax_t1.jpg,axial,0,0,True,1.0,1.3599999999999997e-14
TrustSeg-XAI,D:\brain_tumor\🧠 Brain Tumor MRI Dataset\classification_task\test\glioma\brisc2025_test_00027_gl_ax_t1.jpg,axial,0,0,True,1.0,3.112e-13
TrustSeg-XAI,D:\brain_tumor\🧠 Brain Tumor MRI Dataset\classification_task\test\glioma\brisc2025_test_00028_gl_ax_t1.jpg,axial,0,0,True,1.0,3.112e-13
TrustSeg-XAI,D:\brain_tumor\🧠 Brain Tumor MRI Dataset\classification_task\test\glioma\brisc2025_test_00029_gl_ax_t1.jpg,axial,0,0,True,1.0,9.759999999999998e-14
TrustSeg-XAI,D:\brain_tumor\🧠 Brain Tumor MRI Dataset\classification_task\test\glioma\brisc2025_test_00030_gl_ax_t1.jpg,axial,0,0,True,1.0,3.5022099999999996e-11
TrustSeg-XAI,D:\brain_tumor\🧠 Brain Tumor MRI Dataset\classification_task\test\glioma\brisc2025_test_00031_gl_ax_t1.jpg,axial,0,0,True,1.0,1.1879999999999998e-13
TrustSeg-XAI,D:\brain_tumor\🧠 Brain Tumor MRI Dataset\classification_task\test\glioma\brisc2025_test_00032_gl_ax_t1.jpg,axial,0,0,True,1.0,1.9999999999999997e-14
TrustSeg-XAI,D:\brain_tumor\🧠 Brain Tumor MRI Dataset\classification_task\test\glioma\brisc2025_test_00033_gl_ax_t1.jpg,axial,0,0,True,1.0,1.3e-13
TrustSeg-XAI,D:\brain_tumor\🧠 Brain Tumor MRI Dataset\classification_task\test\glioma\brisc2025_test_00034_gl_ax_t1.jpg,axial,0,0,True,1.0,4.359999999999999e-14
TrustSeg-XAI,D:\brain_tumor\🧠 Brain Tumor MRI Dataset\classification_task\test\glioma\brisc2025_test_00035_gl_ax_t1.jpg,axial,0,0,True,1.0,6.759999999999998e-14
TrustSeg-XAI,D:\brain_tumor\🧠 Brain Tumor MRI Dataset\classification_task\test\glioma\brisc2025_test_00036_gl_ax_t1.jpg,axial,0,0,True,1.0,7.825e-13
TrustSeg-XAI,D:\brain_tumor\🧠 Brain Tumor MRI Dataset\classification_task\test\glioma\brisc2025_test_00037_gl_ax_t1.jpg,axial,0,0,True,1.0,4.999999999999999e-14
TrustSeg-XAI,D:\brain_tumor\🧠 Brain Tumor MRI Dataset\classification_task\test\glioma\brisc2025_test_00038_gl_ax_t1.jpg,axial,0,0,True,1.0,2.5359999999999995e-13
TrustSeg-XAI,D:\brain_tumor\🧠 Brain Tumor MRI Dataset\classification_task\test\glioma\brisc2025_test_00039_gl_ax_t1.jpg,axial,0,0,True,1.0,1.3599999999999997e-14
TrustSeg-XAI,D:\brain_tumor\🧠 Brain Tumor MRI Dataset\classification_task\test\glioma\brisc2025_test_00040_gl_ax_t1.jpg,axial,0,0,True,1.0,2.232e-13
TrustSeg-XAI,D:\brain_tumor\🧠 Brain Tumor MRI Dataset\classification_task\test\glioma\brisc2025_test_00041_gl_ax_t1.jpg,axial,0,0,True,1.0,2.6935999999999998e-12
TrustSeg-XAI,D:\brain_tumor\🧠 Brain Tumor MRI Dataset\classification_task\test\glioma\brisc2025_test_00042_gl_ax_t1.jpg,axial,0,0,True,1.0,4.2480000000000007e-13
TrustSeg-XAI,D:\brain_tumor\🧠 Brain Tumor MRI Dataset\classification_task\test\glioma\brisc2025_test_00043_gl_ax_t1.jpg,axial,0,0,True,1.0,3.28474e-11
TrustSeg-XAI,D:\brain_tumor\🧠 Brain Tumor MRI Dataset\classification_task\test\glioma\brisc2025_test_00044_gl_ax_t1.jpg,axial,0,0,True,1.0,2.936e-13
TrustSeg-XAI,D:\brain_tumor\🧠 Brain Tumor MRI Dataset\classification_task\test\glioma\brisc2025_test_00045_gl_ax_t1.jpg,axial,0,0,True,0.9956,2.8600553999999644e-05
TrustSeg-XAI,D:\brain_tumor\🧠 Brain Tumor MRI Dataset\classification_task\test\glioma\brisc2025_test_00046_gl_ax_t1.jpg,axial,0,0,True,1.0,1.476e-13
TrustSeg-XAI,D:\brain_tumor\🧠 Brain Tumor MRI Dataset\classification_task\test\glioma\brisc2025_test_00047_gl_ax_t1.jpg,axial,0,0,True,1.0,2.6885e-12
TrustSeg-XAI,D:\brain_tumor\🧠 Brain Tumor MRI Dataset\classification_task\test\glioma\brisc2025_test_00048_gl_ax_t1.jpg,axial,0,0,True,1.0,4.5e-13
TrustSeg-XAI,D:\brain_tumor\🧠 Brain Tumor MRI Dataset\classification_task\test\glioma\brisc2025_test_00049_gl_ax_t1.jpg,axial,0,0,True,1.0,3.4359999999999997e-13
TrustSeg-XAI,D:\brain_tumor\🧠 Brain Tumor MRI Dataset\classification_task\test\glioma\brisc2025_test_00050_gl_ax_t1.jpg,axial,0,0,True,0.9995,3.7700587999994494e-07
TrustSeg-XAI,D:\brain_tumor\🧠 Brain Tumor MRI Dataset\classification_task\test\glioma\brisc2025_test_00051_gl_ax_t1.jpg,axial,0,0,True,1.0,7.992000000000001e-13
TrustSeg-XAI,D:\brain_tumor\🧠 Brain Tumor MRI Dataset\classification_task\test\glioma\brisc2025_test_00052_gl_ax_t1.jpg,axial,0,0,True,1.0,4.2480000000000007e-13
TrustSeg-XAI,D:\brain_tumor\🧠 Brain Tumor MRI Dataset\classification_task\test\glioma\brisc2025_test_00053_gl_ax_t1.jpg,axial,0,0,True,1.0,2.4999999999999994e-13
TrustSeg-XAI,D:\brain_tumor\🧠 Brain Tumor MRI Dataset\classification_task\test\glioma\brisc2025_test_00054_gl_ax_t1.jpg,axial,0,0,True,1.0,5.392500000000001e-12
TrustSeg-XAI,D:\brain_tumor\🧠 Brain Tumor MRI Dataset\classification_task\test\glioma\brisc2025_test_00055_gl_ax_t1.jpg,axial,0,0,True,1.0,4.536e-13
TrustSeg-XAI,D:\brain_tumor\🧠 Brain Tumor MRI Dataset\classification_task\test\glioma\brisc2025_test_00056_gl_ax_t1.jpg,axial,0,0,True,1.0,4.8909000000000005e-12
TrustSeg-XAI,D:\brain_tumor\🧠 Brain Tumor MRI Dataset\classification_task\test\glioma\brisc2025_test_00057_gl_ax_t1.jpg,axial,0,0,True,1.0,2.1496896100000005e-08
TrustSeg-XAI,D:\brain_tumor\🧠 Brain Tumor MRI Dataset\classification_task\test\glioma\brisc2025_test_00058_gl_ax_t1.jpg,axial,0,0,True,1.0,2.0536e-12
TrustSeg-XAI,D:\brain_tumor\🧠 Brain Tumor MRI Dataset\classification_task\test\glioma\brisc2025_test_00059_gl_ax_t1.jpg,axial,0,0,True,1.0,1.9999999999999997e-14
TrustSeg-XAI,D:\brain_tumor\🧠 Brain Tumor MRI Dataset\classification_task\test\glioma\brisc2025_test_00060_gl_ax_t1.jpg,axial,0,2,False,0.9985,1.9961159785799925
TrustSeg-XAI,D:\brain_tumor\🧠 Brain Tumor MRI Dataset\classification_task\test\glioma\brisc2025_test_00061_gl_ax_t1.jpg,axial,0,0,True,1.0,9.759999999999998e-14
TrustSeg-XAI,D:\brain_tumor\🧠 Brain Tumor MRI Dataset\classification_task\test\glioma\brisc2025_test_00062_gl_ax_t1.jpg,axial,0,0,True,1.0,1.1519999999999998e-13
TrustSeg-XAI,D:\brain_tumor\🧠 Brain Tumor MRI Dataset\classification_task\test\glioma\brisc2025_test_00063_gl_ax_t1.jpg,axial,0,0,True,1.0,2.5359999999999995e-13
TrustSeg-XAI,D:\brain_tumor\🧠 Brain Tumor MRI Dataset\classification_task\test\glioma\brisc2025_test_00064_gl_ax_t1.jpg,axial,0,0,True,1.0,1.3e-13
TrustSeg-XAI,D:\brain_tumor\🧠 Brain Tumor MRI Dataset\classification_task\test\glioma\brisc2025_test_00065_gl_ax_t1.jpg,axial,0,0,True,1.0,6.231999999999999e-13
TrustSeg-XAI,D:\brain_tumor\🧠 Brain Tumor MRI Dataset\classification_task\test\glioma\brisc2025_test_00066_gl_ax_t1.jpg,axial,0,0,True,1.0,1.0119999999999999e-13
TrustSeg-XAI,D:\brain_tumor\🧠 Brain Tumor MRI Dataset\classification_task\test\glioma\brisc2025_test_00067_gl_ax_t1.jpg,axial,0,0,True,1.0,6.759999999999998e-14
TrustSeg-XAI,D:\brain_tumor\🧠 Brain Tumor MRI Dataset\classification_task\test\glioma\brisc2025_test_00068_gl_ax_t1.jpg,axial,0,0,True,1.0,4.2119999999999996e-13
TrustSeg-XAI,D:\brain_tumor\🧠 Brain Tumor MRI Dataset\classification_task\test\glioma\brisc2025_test_00069_gl_ax_t1.jpg,axial,0,0,True,1.0,2.3169e-12
TrustSeg-XAI,D:\brain_tumor\🧠 Brain Tumor MRI Dataset\classification_task\test\glioma\brisc2025_test_00070_gl_ax_t1.jpg,axial,0,0,True,1.0,9.999999999999999e-14
TrustSeg-XAI,D:\brain_tumor\🧠 Brain Tumor MRI Dataset\classification_task\test\glioma\brisc2025_test_00071_gl_ax_t1.jpg,axial,0,0,True,1.0,2.936e-13
TrustSeg-XAI,D:\brain_tumor\🧠 Brain Tumor MRI Dataset\classification_task\test\glioma\brisc2025_test_00072_gl_ax_t1.jpg,axial,0,0,True,1.0,2.22132e-11
TrustSeg-XAI,D:\brain_tumor\🧠 Brain Tumor MRI Dataset\classification_task\test\glioma\brisc2025_test_00073_gl_ax_t1.jpg,axial,0,0,True,1.0,6.572436e-10
TrustSeg-XAI,D:\brain_tumor\🧠 Brain Tumor MRI Dataset\classification_task\test\glioma\brisc2025_test_00074_gl_ax_t1.jpg,axial,0,0,True,1.0,6.759999999999998e-14
TrustSeg-XAI,D:\brain_tumor\🧠 Brain Tumor MRI Dataset\classification_task\test\glioma\brisc2025_test_00075_gl_ax_t1.jpg,axial,0,0,True,1.0,1.696e-13
TrustSeg-XAI,D:\brain_tumor\🧠 Brain Tumor MRI Dataset\classification_task\test\glioma\brisc2025_test_00076_gl_ax_t1.jpg,axial,0,0,True,1.0,9.735999999999998e-13
TrustSeg-XAI,D:\brain_tumor\🧠 Brain Tumor MRI Dataset\classification_task\test\glioma\brisc2025_test_00077_gl_ax_t1.jpg,axial,0,0,True,1.0,9.999999999999999e-14
TrustSeg-XAI,D:\brain_tumor\🧠 Brain Tumor MRI Dataset\classification_task\test\glioma\brisc2025_test_00078_gl_ax_t1.jpg,axial,0,0,True,1.0,6.759999999999998e-14
TrustSeg-XAI,D:\brain_tumor\🧠 Brain Tumor MRI Dataset\classification_task\test\glioma\brisc2025_test_00079_gl_ax_t1.jpg,axial,0,0,True,1.0,4.999999999999999e-14
TrustSeg-XAI,D:\brain_tumor\🧠 Brain Tumor MRI Dataset\classification_task\test\glioma\brisc2025_test_00080_gl_ax_t1.jpg,axial,0,0,True,1.0,6.759999999999998e-14
TrustSeg-XAI,D:\brain_tumor\🧠 Brain Tumor MRI Dataset\classification_task\test\glioma\brisc2025_test_00081_gl_ax_t1.jpg,axial,0,0,True,1.0,6.34436e-11
TrustSeg-XAI,D:\brain_tumor\🧠 Brain Tumor MRI Dataset\classification_task\test\glioma\brisc2025_test_00082_gl_ax_t1.jpg,axial,0,0,True,1.0,1.3036e-12
TrustSeg-XAI,D:\brain_tumor\🧠 Brain Tumor MRI Dataset\classification_task\test\glioma\brisc2025_test_00083_gl_ax_t1.jpg,axial,0,0,True,1.0,1.3599999999999997e-14
TrustSeg-XAI,D:\brain_tumor\🧠 Brain Tumor MRI Dataset\classification_task\test\glioma\brisc2025_test_00084_gl_ax_t1.jpg,axial,0,0,True,1.0,1.0035999999999999e-12
TrustSeg-XAI,D:\brain_tumor\🧠 Brain Tumor MRI Dataset\classification_task\test\glioma\brisc2025_test_00085_gl_ax_t1.jpg,axial,0,0,True,1.0,1.9999999999999997e-14
TrustSeg-XAI,D:\brain_tumor\🧠 Brain Tumor MRI Dataset\classification_task\test\glioma\brisc2025_test_00086_gl_co_t1.jpg,coronal,0,0,True,1.0,1.396e-13
TrustSeg-XAI,D:\brain_tumor\🧠 Brain Tumor MRI Dataset\classification_task\test\glioma\brisc2025_test_00087_gl_co_t1.jpg,coronal,0,0,True,1.0,5.292e-13
TrustSeg-XAI,D:\brain_tumor\🧠 Brain Tumor MRI Dataset\classification_task\test\glioma\brisc2025_test_00088_gl_co_t1.jpg,coronal,0,0,True,1.0,4.999999999999999e-14
TrustSeg-XAI,D:\brain_tumor\🧠 Brain Tumor MRI Dataset\classification_task\test\glioma\brisc2025_test_00089_gl_co_t1.jpg,coronal,0,0,True,1.0,6.759999999999998e-14
TrustSeg-XAI,D:\brain_tumor\🧠 Brain Tumor MRI Dataset\classification_task\test\glioma\brisc2025_test_00090_gl_co_t1.jpg,coronal,0,0,True,1.0,9.999999999999999e-14
TrustSeg-XAI,D:\brain_tumor\🧠 Brain Tumor MRI Dataset\classification_task\test\glioma\brisc2025_test_00091_gl_co_t1.jpg,coronal,0,0,True,1.0,1.336e-13
TrustSeg-XAI,D:\brain_tumor\🧠 Brain Tumor MRI Dataset\classification_task\test\glioma\brisc2025_test_00092_gl_co_t1.jpg,coronal,0,0,True,1.0,3.5022099999999996e-11
TrustSeg-XAI,D:\brain_tumor\🧠 Brain Tumor MRI Dataset\classification_task\test\glioma\brisc2025_test_00093_gl_co_t1.jpg,coronal,0,0,True,1.0,7.825e-13
TrustSeg-XAI,D:\brain_tumor\🧠 Brain Tumor MRI Dataset\classification_task\test\glioma\brisc2025_test_00094_gl_co_t1.jpg,coronal,0,0,True,1.0,2.8481e-12
TrustSeg-XAI,D:\brain_tumor\🧠 Brain Tumor MRI Dataset\classification_task\test\glioma\brisc2025_test_00095_gl_co_t1.jpg,coronal,0,0,True,1.0,6.759999999999998e-14
TrustSeg-XAI,D:\brain_tumor\🧠 Brain Tumor MRI Dataset\classification_task\test\glioma\brisc2025_test_00096_gl_co_t1.jpg,coronal,0,0,True,1.0,1.396e-13
TrustSeg-XAI,D:\brain_tumor\🧠 Brain Tumor MRI Dataset\classification_task\test\glioma\brisc2025_test_00097_gl_co_t1.jpg,coronal,0,0,True,1.0,3.7025e-12
TrustSeg-XAI,D:\brain_tumor\🧠 Brain Tumor MRI Dataset\classification_task\test\glioma\brisc2025_test_00098_gl_co_t1.jpg,coronal,0,0,True,1.0,3.852e-13
TrustSeg-XAI,D:\brain_tumor\🧠 Brain Tumor MRI Dataset\classification_task\test\glioma\brisc2025_test_00099_gl_co_t1.jpg,coronal,0,0,True,1.0,6.999200000000001e-12
TrustSeg-XAI,D:\brain_tumor\🧠 Brain Tumor MRI Dataset\classification_task\test\glioma\brisc2025_test_00100_gl_co_t1.jpg,coronal,0,0,True,1.0,2.2119999999999996e-13
TrustSeg-XAI,D:\brain_tumor\🧠 Brain Tumor MRI Dataset\classification_task\test\glioma\brisc2025_test_00101_gl_co_t1.jpg,coronal,0,0,True,1.0,1.8099999999999998e-12
TrustSeg-XAI,D:\brain_tumor\🧠 Brain Tumor MRI Dataset\classification_task\test\glioma\brisc2025_test_00102_gl_co_t1.jpg,coronal,0,0,True,1.0,1.3599999999999997e-14
TrustSeg-XAI,D:\brain_tumor\🧠 Brain Tumor MRI Dataset\classification_task\test\glioma\brisc2025_test_00103_gl_co_t1.jpg,coronal,0,0,True,1.0,1.3599999999999997e-14
TrustSeg-XAI,D:\brain_tumor\🧠 Brain Tumor MRI Dataset\classification_task\test\glioma\brisc2025_test_00104_gl_co_t1.jpg,coronal,0,0,True,1.0,4.999999999999999e-14
TrustSeg-XAI,D:\brain_tumor\🧠 Brain Tumor MRI Dataset\classification_task\test\glioma\brisc2025_test_00105_gl_co_t1.jpg,coronal,0,0,True,1.0,6.759999999999998e-14
TrustSeg-XAI,D:\brain_tumor\🧠 Brain Tumor MRI Dataset\classification_task\test\glioma\brisc2025_test_00106_gl_co_t1.jpg,coronal,0,0,True,1.0,1.336e-13
TrustSeg-XAI,D:\brain_tumor\🧠 Brain Tumor MRI Dataset\classification_task\test\glioma\brisc2025_test_00107_gl_co_t1.jpg,coronal,0,0,True,1.0,1.3599999999999997e-14
TrustSeg-XAI,D:\brain_tumor\🧠 Brain Tumor MRI Dataset\classification_task\test\glioma\brisc2025_test_00108_gl_co_t1.jpg,coronal,0,0,True,1.0,6.12e-14
TrustSeg-XAI,D:\brain_tumor\🧠 Brain Tumor MRI Dataset\classification_task\test\glioma\brisc2025_test_00109_gl_co_t1.jpg,coronal,0,0,True,1.0,6.759999999999998e-14
TrustSeg-XAI,D:\brain_tumor\🧠 Brain Tumor MRI Dataset\classification_task\test\glioma\brisc2025_test_00110_gl_co_t1.jpg,coronal,0,0,True,1.0,1.3599999999999997e-14
TrustSeg-XAI,D:\brain_tumor\🧠 Brain Tumor MRI Dataset\classification_task\test\glioma\brisc2025_test_00111_gl_co_t1.jpg,coronal,0,0,True,1.0,6.3845e-11
TrustSeg-XAI,D:\brain_tumor\🧠 Brain Tumor MRI Dataset\classification_task\test\glioma\brisc2025_test_00112_gl_co_t1.jpg,coronal,0,0,True,1.0,4.999999999999999e-14
TrustSeg-XAI,D:\brain_tumor\🧠 Brain Tumor MRI Dataset\classification_task\test\glioma\brisc2025_test_00113_gl_co_t1.jpg,coronal,0,0,True,1.0,1.3599999999999997e-14
TrustSeg-XAI,D:\brain_tumor\🧠 Brain Tumor MRI Dataset\classification_task\test\glioma\brisc2025_test_00114_gl_co_t1.jpg,coronal,0,0,True,1.0,3.528e-13
TrustSeg-XAI,D:\brain_tumor\🧠 Brain Tumor MRI Dataset\classification_task\test\glioma\brisc2025_test_00115_gl_co_t1.jpg,coronal,0,0,True,1.0,6.759999999999998e-14
TrustSeg-XAI,D:\brain_tumor\🧠 Brain Tumor MRI Dataset\classification_task\test\glioma\brisc2025_test_00116_gl_co_t1.jpg,coronal,0,0,True,1.0,9.759999999999998e-14
TrustSeg-XAI,D:\brain_tumor\🧠 Brain Tumor MRI Dataset\classification_task\test\glioma\brisc2025_test_00117_gl_co_t1.jpg,coronal,0,0,True,1.0,1.625e-11
TrustSeg-XAI,D:\brain_tumor\🧠 Brain Tumor MRI Dataset\classification_task\test\glioma\brisc2025_test_00118_gl_co_t1.jpg,coronal,0,0,True,1.0,3.1852e-12
TrustSeg-XAI,D:\brain_tumor\🧠 Brain Tumor MRI Dataset\classification_task\test\glioma\brisc2025_test_00119_gl_co_t1.jpg,coronal,0,0,True,1.0,4.2865e-12
TrustSeg-XAI,D:\brain_tumor\🧠 Brain Tumor MRI Dataset\classification_task\test\glioma\brisc2025_test_00120_gl_co_t1.jpg,coronal,0,0,True,1.0,3.528e-13
TrustSeg-XAI,D:\brain_tumor\🧠 Brain Tumor MRI Dataset\classification_task\test\glioma\brisc2025_test_00121_gl_co_t1.jpg,coronal,0,0,True,1.0,7.199999999999999e-15
TrustSeg-XAI,D:\brain_tumor\🧠 Brain Tumor MRI Dataset\classification_task\test\glioma\brisc2025_test_00122_gl_co_t1.jpg,coronal,0,0,True,1.0,1.696e-13
TrustSeg-XAI,D:\brain_tumor\🧠 Brain Tumor MRI Dataset\classification_task\test\glioma\brisc2025_test_00123_gl_co_t1.jpg,coronal,0,0,True,1.0,1.3599999999999997e-14
TrustSeg-XAI,D:\brain_tumor\🧠 Brain Tumor MRI Dataset\classification_task\test\glioma\brisc2025_test_00124_gl_co_t1.jpg,coronal,0,0,True,1.0,1.3e-13
TrustSeg-XAI,D:\brain_tumor\🧠 Brain Tumor MRI Dataset\classification_task\test\glioma\brisc2025_test_00125_gl_co_t1.jpg,coronal,0,0,True,1.0,1.9999999999999996e-13
TrustSeg-XAI,D:\brain_tumor\🧠 Brain Tumor MRI Dataset\classification_task\test\glioma\brisc2025_test_00126_gl_co_t1.jpg,coronal,0,0,True,1.0,3.316e-13
TrustSeg-XAI,D:\brain_tumor\🧠 Brain Tumor MRI Dataset\classification_task\test\glioma\brisc2025_test_00127_gl_co_t1.jpg,coronal,0,0,True,1.0,9.999999999999999e-14
TrustSeg-XAI,D:\brain_tumor\🧠 Brain Tumor MRI Dataset\classification_task\test\glioma\brisc2025_test_00128_gl_co_t1.jpg,coronal,0,0,True,1.0,7.731999999999999e-13
TrustSeg-XAI,D:\brain_tumor\🧠 Brain Tumor MRI Dataset\classification_task\test\glioma\brisc2025_test_00129_gl_co_t1.jpg,coronal,0,0,True,1.0,4.999999999999999e-14
TrustSeg-XAI,D:\brain_tumor\🧠 Brain Tumor MRI Dataset\classification_task\test\glioma\brisc2025_test_00130_gl_co_t1.jpg,coronal,0,0,True,1.0,9.759999999999998e-14
TrustSeg-XAI,D:\brain_tumor\🧠 Brain Tumor MRI Dataset\classification_task\test\glioma\brisc2025_test_00131_gl_co_t1.jpg,coronal,0,0,True,1.0,9.5559194e-09
TrustSeg-XAI,D:\brain_tumor\🧠 Brain Tumor MRI Dataset\classification_task\test\glioma\brisc2025_test_00132_gl_co_t1.jpg,coronal,0,0,True,1.0,1.9999999999999997e-14
TrustSeg-XAI,D:\brain_tumor\🧠 Brain Tumor MRI Dataset\classification_task\test\glioma\brisc2025_test_00133_gl_co_t1.jpg,coronal,0,0,True,1.0,9.999999999999999e-14
TrustSeg-XAI,D:\brain_tumor\🧠 Brain Tumor MRI Dataset\classification_task\test\glioma\brisc2025_test_00134_gl_co_t1.jpg,coronal,0,0,True,1.0,7.499999999999998e-13
TrustSeg-XAI,D:\brain_tumor\🧠 Brain Tumor MRI Dataset\classification_task\test\glioma\brisc2025_test_00135_gl_co_t1.jpg,coronal,0,0,True,1.0,4.2480000000000007e-13
TrustSeg-XAI,D:\brain_tumor\🧠 Brain Tumor MRI Dataset\classification_task\test\glioma\brisc2025_test_00136_gl_co_t1.jpg,coronal,0,0,True,1.0,6.759999999999998e-14
TrustSeg-XAI,D:\brain_tumor\🧠 Brain Tumor MRI Dataset\classification_task\test\glioma\brisc2025_test_00137_gl_co_t1.jpg,coronal,0,0,True,1.0,3.401e-11
TrustSeg-XAI,D:\brain_tumor\🧠 Brain Tumor MRI Dataset\classification_task\test\glioma\brisc2025_test_00138_gl_co_t1.jpg,coronal,0,0,True,1.0,1.3599999999999997e-14
TrustSeg-XAI,D:\brain_tumor\🧠 Brain Tumor MRI Dataset\classification_task\test\glioma\brisc2025_test_00139_gl_co_t1.jpg,coronal,0,0,True,1.0,3.852e-13
TrustSeg-XAI,D:\brain_tumor\🧠 Brain Tumor MRI Dataset\classification_task\test\glioma\brisc2025_test_00140_gl_co_t1.jpg,coronal,0,0,True,1.0,1.3636e-12
TrustSeg-XAI,D:\brain_tumor\🧠 Brain Tumor MRI Dataset\classification_task\test\glioma\brisc2025_test_00141_gl_co_t1.jpg,coronal,0,0,True,1.0,2.2061e-12
TrustSeg-XAI,D:\brain_tumor\🧠 Brain Tumor MRI Dataset\classification_task\test\glioma\brisc2025_test_00142_gl_co_t1.jpg,coronal,0,0,True,1.0,3.0282e-10
TrustSeg-XAI,D:\brain_tumor\🧠 Brain Tumor MRI Dataset\classification_task\test\glioma\brisc2025_test_00143_gl_co_t1.jpg,coronal,0,0,True,1.0,4.250900000000001e-12
TrustSeg-XAI,D:\brain_tumor\🧠 Brain Tumor MRI Dataset\classification_task\test\glioma\brisc2025_test_00144_gl_co_t1.jpg,coronal,0,0,True,1.0,1.1556899999999999e-11
TrustSeg-XAI,D:\brain_tumor\🧠 Brain Tumor MRI Dataset\classification_task\test\glioma\brisc2025_test_00145_gl_co_t1.jpg,coronal,0,0,True,1.0,1.9999999999999996e-13
TrustSeg-XAI,D:\brain_tumor\🧠 Brain Tumor MRI Dataset\classification_task\test\glioma\brisc2025_test_00146_gl_co_t1.jpg,coronal,0,0,True,1.0,3.1902500000000004e-10
TrustSeg-XAI,D:\brain_tumor\🧠 Brain Tumor MRI Dataset\classification_task\test\glioma\brisc2025_test_00147_gl_co_t1.jpg,coronal,0,0,True,1.0,9.735999999999998e-13
TrustSeg-XAI,D:\brain_tumor\🧠 Brain Tumor MRI Dataset\classification_task\test\glioma\brisc2025_test_00148_gl_co_t1.jpg,coronal,0,0,True,1.0,8.33e-12
TrustSeg-XAI,D:\brain_tumor\🧠 Brain Tumor MRI Dataset\classification_task\test\glioma\brisc2025_test_00149_gl_co_t1.jpg,coronal,0,0,True,1.0,1.1064005e-09
TrustSeg-XAI,D:\brain_tumor\🧠 Brain Tumor MRI Dataset\classification_task\test\glioma\brisc2025_test_00150_gl_co_t1.jpg,coronal,0,0,True,1.0,2.6561e-12
TrustSeg-XAI,D:\brain_tumor\🧠 Brain Tumor MRI Dataset\classification_task\test\glioma\brisc2025_test_00151_gl_co_t1.jpg,coronal,0,0,True,1.0,2.5359999999999995e-13
TrustSeg-XAI,D:\brain_tumor\🧠 Brain Tumor MRI Dataset\classification_task\test\glioma\brisc2025_test_00152_gl_co_t1.jpg,coronal,0,0,True,1.0,2.2119999999999996e-13
TrustSeg-XAI,D:\brain_tumor\🧠 Brain Tumor MRI Dataset\classification_task\test\glioma\brisc2025_test_00153_gl_co_t1.jpg,coronal,0,0,True,1.0,1.9999999999999996e-13
TrustSeg-XAI,D:\brain_tumor\🧠 Brain Tumor MRI Dataset\classification_task\test\glioma\brisc2025_test_00154_gl_co_t1.jpg,coronal,0,0,True,1.0,2.232e-13
TrustSeg-XAI,D:\brain_tumor\🧠 Brain Tumor MRI Dataset\classification_task\test\glioma\brisc2025_test_00155_gl_co_t1.jpg,coronal,0,0,True,1.0,1.354e-11
TrustSeg-XAI,D:\brain_tumor\🧠 Brain Tumor MRI Dataset\classification_task\test\glioma\brisc2025_test_00156_gl_co_t1.jpg,coronal,0,0,True,1.0,1.0856e-12
TrustSeg-XAI,D:\brain_tumor\🧠 Brain Tumor MRI Dataset\classification_task\test\glioma\brisc2025_test_00157_gl_co_t1.jpg,coronal,0,0,True,1.0,1.732e-13
TrustSeg-XAI,D:\brain_tumor\🧠 Brain Tumor MRI Dataset\classification_task\test\glioma\brisc2025_test_00158_gl_co_t1.jpg,coronal,0,0,True,1.0,3.0759999999999997e-13
TrustSeg-XAI,D:\brain_tumor\🧠 Brain Tumor MRI Dataset\classification_task\test\glioma\brisc2025_test_00159_gl_co_t1.jpg,coronal,0,0,True,1.0,3.852e-13
TrustSeg-XAI,D:\brain_tumor\🧠 Brain Tumor MRI Dataset\classification_task\test\glioma\brisc2025_test_00160_gl_co_t1.jpg,coronal,0,0,True,1.0,1.4636e-12
TrustSeg-XAI,D:\brain_tumor\🧠 Brain Tumor MRI Dataset\classification_task\test\glioma\brisc2025_test_00161_gl_co_t1.jpg,coronal,0,0,True,1.0,9.356e-13
TrustSeg-XAI,D:\brain_tumor\🧠 Brain Tumor MRI Dataset\classification_task\test\glioma\brisc2025_test_00162_gl_co_t1.jpg,coronal,0,0,True,1.0,4.999999999999999e-14
TrustSeg-XAI,D:\brain_tumor\🧠 Brain Tumor MRI Dataset\classification_task\test\glioma\brisc2025_test_00163_gl_co_t1.jpg,coronal,0,0,True,1.0,4.536e-13
TrustSeg-XAI,D:\brain_tumor\🧠 Brain Tumor MRI Dataset\classification_task\test\glioma\brisc2025_test_00164_gl_co_t1.jpg,coronal,0,0,True,1.0,6.536e-13
TrustSeg-XAI,D:\brain_tumor\🧠 Brain Tumor MRI Dataset\classification_task\test\glioma\brisc2025_test_00165_gl_co_t1.jpg,coronal,0,0,True,1.0,9.905e-13
TrustSeg-XAI,D:\brain_tumor\🧠 Brain Tumor MRI Dataset\classification_task\test\glioma\brisc2025_test_00166_gl_co_t1.jpg,coronal,0,0,True,1.0,1.696e-13
TrustSeg-XAI,D:\brain_tumor\🧠 Brain Tumor MRI Dataset\classification_task\test\glioma\brisc2025_test_00167_gl_sa_t1.jpg,sagittal,0,0,True,1.0,6.759999999999998e-14
TrustSeg-XAI,D:\brain_tumor\🧠 Brain Tumor MRI Dataset\classification_task\test\glioma\brisc2025_test_00168_gl_sa_t1.jpg,sagittal,0,0,True,1.0,1.0721600000000002e-11
TrustSeg-XAI,D:\brain_tumor\🧠 Brain Tumor MRI Dataset\classification_task\test\glioma\brisc2025_test_00169_gl_sa_t1.jpg,sagittal,0,0,True,1.0,9.759999999999998e-14
TrustSeg-XAI,D:\brain_tumor\🧠 Brain Tumor MRI Dataset\classification_task\test\glioma\brisc2025_test_00170_gl_sa_t1.jpg,sagittal,0,0,True,1.0,1.3599999999999997e-14
TrustSeg-XAI,D:\brain_tumor\🧠 Brain Tumor MRI Dataset\classification_task\test\glioma\brisc2025_test_00171_gl_sa_t1.jpg,sagittal,0,0,True,1.0,4.932e-13
TrustSeg-XAI,D:\brain_tumor\🧠 Brain Tumor MRI Dataset\classification_task\test\glioma\brisc2025_test_00172_gl_sa_t1.jpg,sagittal,0,0,True,1.0,9.999999999999999e-14
TrustSeg-XAI,D:\brain_tumor\🧠 Brain Tumor MRI Dataset\classification_task\test\glioma\brisc2025_test_00173_gl_sa_t1.jpg,sagittal,0,0,True,1.0,2.23796e-11
TrustSeg-XAI,D:\brain_tumor\🧠 Brain Tumor MRI Dataset\classification_task\test\glioma\brisc2025_test_00174_gl_sa_t1.jpg,sagittal,0,0,True,1.0,1.0406500000000002e-11
TrustSeg-XAI,D:\brain_tumor\🧠 Brain Tumor MRI Dataset\classification_task\test\glioma\brisc2025_test_00175_gl_sa_t1.jpg,sagittal,0,0,True,1.0,9.999999999999999e-14
TrustSeg-XAI,D:\brain_tumor\🧠 Brain Tumor MRI Dataset\classification_task\test\glioma\brisc2025_test_00176_gl_sa_t1.jpg,sagittal,0,0,True,1.0,1.2952e-12
TrustSeg-XAI,D:\brain_tumor\🧠 Brain Tumor MRI Dataset\classification_task\test\glioma\brisc2025_test_00177_gl_sa_t1.jpg,sagittal,0,0,True,1.0,9.759999999999998e-14
TrustSeg-XAI,D:\brain_tumor\🧠 Brain Tumor MRI Dataset\classification_task\test\glioma\brisc2025_test_00178_gl_sa_t1.jpg,sagittal,0,0,True,1.0,1.3599999999999997e-14
TrustSeg-XAI,D:\brain_tumor\🧠 Brain Tumor MRI Dataset\classification_task\test\glioma\brisc2025_test_00179_gl_sa_t1.jpg,sagittal,0,0,True,1.0,1.6035999999999998e-12
TrustSeg-XAI,D:\brain_tumor\🧠 Brain Tumor MRI Dataset\classification_task\test\glioma\brisc2025_test_00180_gl_sa_t1.jpg,sagittal,0,0,True,1.0,4.072500000000001e-12
TrustSeg-XAI,D:\brain_tumor\🧠 Brain Tumor MRI Dataset\classification_task\test\glioma\brisc2025_test_00181_gl_sa_t1.jpg,sagittal,0,0,True,1.0,1.09269e-11
TrustSeg-XAI,D:\brain_tumor\🧠 Brain Tumor MRI Dataset\classification_task\test\glioma\brisc2025_test_00182_gl_sa_t1.jpg,sagittal,0,0,True,1.0,1.696e-13
TrustSeg-XAI,D:\brain_tumor\🧠 Brain Tumor MRI Dataset\classification_task\test\glioma\brisc2025_test_00183_gl_sa_t1.jpg,sagittal,0,0,True,1.0,6.759999999999998e-14
TrustSeg-XAI,D:\brain_tumor\🧠 Brain Tumor MRI Dataset\classification_task\test\glioma\brisc2025_test_00184_gl_sa_t1.jpg,sagittal,0,0,True,1.0,2.2119999999999996e-13
TrustSeg-XAI,D:\brain_tumor\🧠 Brain Tumor MRI Dataset\classification_task\test\glioma\brisc2025_test_00185_gl_sa_t1.jpg,sagittal,0,0,True,1.0,1.9999999999999996e-13
TrustSeg-XAI,D:\brain_tumor\🧠 Brain Tumor MRI Dataset\classification_task\test\glioma\brisc2025_test_00186_gl_sa_t1.jpg,sagittal,0,0,True,1.0,2.8125000000000004e-12
TrustSeg-XAI,D:\brain_tumor\🧠 Brain Tumor MRI Dataset\classification_task\test\glioma\brisc2025_test_00187_gl_sa_t1.jpg,sagittal,0,0,True,1.0,1.872e-13
TrustSeg-XAI,D:\brain_tumor\🧠 Brain Tumor MRI Dataset\classification_task\test\glioma\brisc2025_test_00188_gl_sa_t1.jpg,sagittal,0,0,True,1.0,4.2480000000000007e-13
TrustSeg-XAI,D:\brain_tumor\🧠 Brain Tumor MRI Dataset\classification_task\test\glioma\brisc2025_test_00189_gl_sa_t1.jpg,sagittal,0,0,True,1.0,1.9999999999999997e-14
TrustSeg-XAI,D:\brain_tumor\🧠 Brain Tumor MRI Dataset\classification_task\test\glioma\brisc2025_test_00190_gl_sa_t1.jpg,sagittal,0,0,True,1.0,1.836e-13
TrustSeg-XAI,D:\brain_tumor\🧠 Brain Tumor MRI Dataset\classification_task\test\glioma\brisc2025_test_00191_gl_sa_t1.jpg,sagittal,0,0,True,1.0,3.2588999999999998e-12
TrustSeg-XAI,D:\brain_tumor\🧠 Brain Tumor MRI Dataset\classification_task\test\glioma\brisc2025_test_00192_gl_sa_t1.jpg,sagittal,0,0,True,1.0,4.999999999999999e-14
TrustSeg-XAI,D:\brain_tumor\🧠 Brain Tumor MRI Dataset\classification_task\test\glioma\brisc2025_test_00193_gl_sa_t1.jpg,sagittal,0,0,True,1.0,1.3e-13
TrustSeg-XAI,D:\brain_tumor\🧠 Brain Tumor MRI Dataset\classification_task\test\glioma\brisc2025_test_00194_gl_sa_t1.jpg,sagittal,0,0,True,1.0,4.999999999999999e-14
TrustSeg-XAI,D:\brain_tumor\🧠 Brain Tumor MRI Dataset\classification_task\test\glioma\brisc2025_test_00195_gl_sa_t1.jpg,sagittal,0,0,True,1.0,1.908e-13
TrustSeg-XAI,D:\brain_tumor\🧠 Brain Tumor MRI Dataset\classification_task\test\glioma\brisc2025_test_00196_gl_sa_t1.jpg,sagittal,0,0,True,1.0,1.3599999999999997e-14
TrustSeg-XAI,D:\brain_tumor\🧠 Brain Tumor MRI Dataset\classification_task\test\glioma\brisc2025_test_00197_gl_sa_t1.jpg,sagittal,0,0,True,1.0,4.2119999999999996e-13
TrustSeg-XAI,D:\brain_tumor\🧠 Brain Tumor MRI Dataset\classification_task\test\glioma\brisc2025_test_00198_gl_sa_t1.jpg,sagittal,0,0,True,1.0,1.3099999999999999e-12
TrustSeg-XAI,D:\brain_tumor\🧠 Brain Tumor MRI Dataset\classification_task\test\glioma\brisc2025_test_00199_gl_sa_t1.jpg,sagittal,0,0,True,1.0,1.4456e-12
TrustSeg-XAI,D:\brain_tumor\🧠 Brain Tumor MRI Dataset\classification_task\test\glioma\brisc2025_test_00200_gl_sa_t1.jpg,sagittal,0,0,True,1.0,4.999999999999999e-14
TrustSeg-XAI,D:\brain_tumor\🧠 Brain Tumor MRI Dataset\classification_task\test\glioma\brisc2025_test_00201_gl_sa_t1.jpg,sagittal,0,0,True,1.0,3.9999999999999996e-13
TrustSeg-XAI,D:\brain_tumor\🧠 Brain Tumor MRI Dataset\classification_task\test\glioma\brisc2025_test_00202_gl_sa_t1.jpg,sagittal,0,0,True,1.0,6.231999999999999e-13
TrustSeg-XAI,D:\brain_tumor\🧠 Brain Tumor MRI Dataset\classification_task\test\glioma\brisc2025_test_00203_gl_sa_t1.jpg,sagittal,0,0,True,1.0,4.999999999999999e-14
TrustSeg-XAI,D:\brain_tumor\🧠 Brain Tumor MRI Dataset\classification_task\test\glioma\brisc2025_test_00204_gl_sa_t1.jpg,sagittal,0,0,True,1.0,1.9999999999999997e-14
TrustSeg-XAI,D:\brain_tumor\🧠 Brain Tumor MRI Dataset\classification_task\test\glioma\brisc2025_test_00205_gl_sa_t1.jpg,sagittal,0,0,True,1.0,1.3e-13
TrustSeg-XAI,D:\brain_tumor\🧠 Brain Tumor MRI Dataset\classification_task\test\glioma\brisc2025_test_00206_gl_sa_t1.jpg,sagittal,0,0,True,1.0,2.2119999999999996e-13
TrustSeg-XAI,D:\brain_tumor\🧠 Brain Tumor MRI Dataset\classification_task\test\glioma\brisc2025_test_00207_gl_sa_t1.jpg,sagittal,0,0,True,1.0,1.525e-11
TrustSeg-XAI,D:\brain_tumor\🧠 Brain Tumor MRI Dataset\classification_task\test\glioma\brisc2025_test_00208_gl_sa_t1.jpg,sagittal,0,0,True,1.0,3.832e-13
TrustSeg-XAI,D:\brain_tumor\🧠 Brain Tumor MRI Dataset\classification_task\test\glioma\brisc2025_test_00209_gl_sa_t1.jpg,sagittal,0,0,True,1.0,6.135999999999999e-13
TrustSeg-XAI,D:\brain_tumor\🧠 Brain Tumor MRI Dataset\classification_task\test\glioma\brisc2025_test_00210_gl_sa_t1.jpg,sagittal,0,0,True,1.0,2.53e-12
TrustSeg-XAI,D:\brain_tumor\🧠 Brain Tumor MRI Dataset\classification_task\test\glioma\brisc2025_test_00211_gl_sa_t1.jpg,sagittal,0,0,True,1.0,4.359999999999999e-14
TrustSeg-XAI,D:\brain_tumor\🧠 Brain Tumor MRI Dataset\classification_task\test\glioma\brisc2025_test_00212_gl_sa_t1.jpg,sagittal,0,0,True,1.0,2.5359999999999995e-13
TrustSeg-XAI,D:\brain_tumor\🧠 Brain Tumor MRI Dataset\classification_task\test\glioma\brisc2025_test_00213_gl_sa_t1.jpg,sagittal,0,0,True,1.0,1.5800000000000001e-12
TrustSeg-XAI,D:\brain_tumor\🧠 Brain Tumor MRI Dataset\classification_task\test\glioma\brisc2025_test_00214_gl_sa_t1.jpg,sagittal,0,0,True,1.0,1.3599999999999997e-14
TrustSeg-XAI,D:\brain_tumor\🧠 Brain Tumor MRI Dataset\classification_task\test\glioma\brisc2025_test_00215_gl_sa_t1.jpg,sagittal,0,0,True,1.0,1.3599999999999997e-14
TrustSeg-XAI,D:\brain_tumor\🧠 Brain Tumor MRI Dataset\classification_task\test\glioma\brisc2025_test_00216_gl_sa_t1.jpg,sagittal,0,0,True,1.0,9.759999999999998e-14
TrustSeg-XAI,D:\brain_tumor\🧠 Brain Tumor MRI Dataset\classification_task\test\glioma\brisc2025_test_00217_gl_sa_t1.jpg,sagittal,0,0,True,1.0,7.851999999999999e-13
TrustSeg-XAI,D:\brain_tumor\🧠 Brain Tumor MRI Dataset\classification_task\test\glioma\brisc2025_test_00218_gl_sa_t1.jpg,sagittal,0,0,True,1.0,4.999999999999999e-14
TrustSeg-XAI,D:\brain_tumor\🧠 Brain Tumor MRI Dataset\classification_task\test\glioma\brisc2025_test_00219_gl_sa_t1.jpg,sagittal,0,0,True,1.0,6.759999999999998e-14
TrustSeg-XAI,D:\brain_tumor\🧠 Brain Tumor MRI Dataset\classification_task\test\glioma\brisc2025_test_00220_gl_sa_t1.jpg,sagittal,0,0,True,1.0,9.759999999999998e-14
TrustSeg-XAI,D:\brain_tumor\🧠 Brain Tumor MRI Dataset\classification_task\test\glioma\brisc2025_test_00221_gl_sa_t1.jpg,sagittal,0,0,True,1.0,4.999999999999999e-14
TrustSeg-XAI,D:\brain_tumor\🧠 Brain Tumor MRI Dataset\classification_task\test\glioma\brisc2025_test_00222_gl_sa_t1.jpg,sagittal,0,0,True,1.0,7.916e-13
TrustSeg-XAI,D:\brain_tumor\🧠 Brain Tumor MRI Dataset\classification_task\test\glioma\brisc2025_test_00223_gl_sa_t1.jpg,sagittal,0,0,True,1.0,1.3e-13
TrustSeg-XAI,D:\brain_tumor\🧠 Brain Tumor MRI Dataset\classification_task\test\glioma\brisc2025_test_00224_gl_sa_t1.jpg,sagittal,0,0,True,1.0,6.541e-11
TrustSeg-XAI,D:\brain_tumor\🧠 Brain Tumor MRI Dataset\classification_task\test\glioma\brisc2025_test_00225_gl_sa_t1.jpg,sagittal,0,0,True,1.0,4.2725e-12
TrustSeg-XAI,D:\brain_tumor\🧠 Brain Tumor MRI Dataset\classification_task\test\glioma\brisc2025_test_00226_gl_sa_t1.jpg,sagittal,0,0,True,1.0,5.292e-13
TrustSeg-XAI,D:\brain_tumor\🧠 Brain Tumor MRI Dataset\classification_task\test\glioma\brisc2025_test_00227_gl_sa_t1.jpg,sagittal,0,0,True,1.0,1.5304999999999998e-12
TrustSeg-XAI,D:\brain_tumor\🧠 Brain Tumor MRI Dataset\classification_task\test\glioma\brisc2025_test_00228_gl_sa_t1.jpg,sagittal,0,0,True,1.0,8.221e-13
TrustSeg-XAI,D:\brain_tumor\🧠 Brain Tumor MRI Dataset\classification_task\test\glioma\brisc2025_test_00229_gl_sa_t1.jpg,sagittal,0,1,False,0.9956,1.9860493953324903
TrustSeg-XAI,D:\brain_tumor\🧠 Brain Tumor MRI Dataset\classification_task\test\glioma\brisc2025_test_00230_gl_sa_t1.jpg,sagittal,0,0,True,1.0,7.199999999999999e-15
TrustSeg-XAI,D:\brain_tumor\🧠 Brain Tumor MRI Dataset\classification_task\test\glioma\brisc2025_test_00231_gl_sa_t1.jpg,sagittal,0,0,True,1.0,1.3599999999999997e-14
TrustSeg-XAI,D:\brain_tumor\🧠 Brain Tumor MRI Dataset\classification_task\test\glioma\brisc2025_test_00232_gl_sa_t1.jpg,sagittal,0,0,True,1.0,7.335999999999999e-13
TrustSeg-XAI,D:\brain_tumor\🧠 Brain Tumor MRI Dataset\classification_task\test\glioma\brisc2025_test_00233_gl_sa_t1.jpg,sagittal,0,0,True,1.0,2.0359999999999996e-13
TrustSeg-XAI,D:\brain_tumor\🧠 Brain Tumor MRI Dataset\classification_task\test\glioma\brisc2025_test_00234_gl_sa_t1.jpg,sagittal,0,0,True,1.0,7.335999999999999e-13
TrustSeg-XAI,D:\brain_tumor\🧠 Brain Tumor MRI Dataset\classification_task\test\glioma\brisc2025_test_00235_gl_sa_t1.jpg,sagittal,0,0,True,1.0,1.195536e-10
TrustSeg-XAI,D:\brain_tumor\🧠 Brain Tumor MRI Dataset\classification_task\test\glioma\brisc2025_test_00236_gl_sa_t1.jpg,sagittal,0,0,True,1.0,1.336e-13
TrustSeg-XAI,D:\brain_tumor\🧠 Brain Tumor MRI Dataset\classification_task\test\glioma\brisc2025_test_00237_gl_sa_t1.jpg,sagittal,0,0,True,1.0,1.4404999999999998e-12
TrustSeg-XAI,D:\brain_tumor\🧠 Brain Tumor MRI Dataset\classification_task\test\glioma\brisc2025_test_00238_gl_sa_t1.jpg,sagittal,0,0,True,1.0,1.1879999999999998e-13
TrustSeg-XAI,D:\brain_tumor\🧠 Brain Tumor MRI Dataset\classification_task\test\glioma\brisc2025_test_00239_gl_sa_t1.jpg,sagittal,0,0,True,1.0,6.759999999999998e-14
TrustSeg-XAI,D:\brain_tumor\🧠 Brain Tumor MRI Dataset\classification_task\test\glioma\brisc2025_test_00240_gl_sa_t1.jpg,sagittal,0,0,True,1.0,4.968000000000001e-13
TrustSeg-XAI,D:\brain_tumor\🧠 Brain Tumor MRI Dataset\classification_task\test\glioma\brisc2025_test_00241_gl_sa_t1.jpg,sagittal,0,0,True,1.0,5.52e-12
TrustSeg-XAI,D:\brain_tumor\🧠 Brain Tumor MRI Dataset\classification_task\test\glioma\brisc2025_test_00242_gl_sa_t1.jpg,sagittal,0,0,True,1.0,4.359999999999999e-14
TrustSeg-XAI,D:\brain_tumor\🧠 Brain Tumor MRI Dataset\classification_task\test\glioma\brisc2025_test_00243_gl_sa_t1.jpg,sagittal,0,0,True,1.0,1.3599999999999997e-14
TrustSeg-XAI,D:\brain_tumor\🧠 Brain Tumor MRI Dataset\classification_task\test\glioma\brisc2025_test_00244_gl_sa_t1.jpg,sagittal,0,0,True,1.0,3.112e-13
TrustSeg-XAI,D:\brain_tumor\🧠 Brain Tumor MRI Dataset\classification_task\test\glioma\brisc2025_test_00245_gl_sa_t1.jpg,sagittal,0,0,True,1.0,4.932e-13
TrustSeg-XAI,D:\brain_tumor\🧠 Brain Tumor MRI Dataset\classification_task\test\glioma\brisc2025_test_00246_gl_sa_t1.jpg,sagittal,0,0,True,1.0,6.231999999999999e-13
TrustSeg-XAI,D:\brain_tumor\🧠 Brain Tumor MRI Dataset\classification_task\test\glioma\brisc2025_test_00247_gl_sa_t1.jpg,sagittal,0,0,True,1.0,1.3599999999999997e-14
TrustSeg-XAI,D:\brain_tumor\🧠 Brain Tumor MRI Dataset\classification_task\test\glioma\brisc2025_test_00248_gl_sa_t1.jpg,sagittal,0,0,True,1.0,1.73669e-11
TrustSeg-XAI,D:\brain_tumor\🧠 Brain Tumor MRI Dataset\classification_task\test\glioma\brisc2025_test_00249_gl_sa_t1.jpg,sagittal,0,0,True,1.0,2.5100000000000004e-12
TrustSeg-XAI,D:\brain_tumor\🧠 Brain Tumor MRI Dataset\classification_task\test\glioma\brisc2025_test_00250_gl_sa_t1.jpg,sagittal,0,0,True,1.0,2.93e-12
TrustSeg-XAI,D:\brain_tumor\🧠 Brain Tumor MRI Dataset\classification_task\test\glioma\brisc2025_test_00251_gl_sa_t1.jpg,sagittal,0,0,True,1.0,6.759999999999998e-14
TrustSeg-XAI,D:\brain_tumor\🧠 Brain Tumor MRI Dataset\classification_task\test\glioma\brisc2025_test_00252_gl_sa_t1.jpg,sagittal,0,0,True,1.0,8.999999999999998e-13
TrustSeg-XAI,D:\brain_tumor\🧠 Brain Tumor MRI Dataset\classification_task\test\glioma\brisc2025_test_00253_gl_sa_t1.jpg,sagittal,0,0,True,1.0,1.53845e-11
TrustSeg-XAI,D:\brain_tumor\🧠 Brain Tumor MRI Dataset\classification_task\test\glioma\brisc2025_test_00254_gl_sa_t1.jpg,sagittal,0,0,True,1.0,6.759999999999998e-14
TrustSeg-XAI,D:\brain_tumor\🧠 Brain Tumor MRI Dataset\classification_task\test\meningioma\brisc2025_test_00255_me_ax_t1.jpg,axial,1,1,True,0.9995,5.040557468999449e-07
TrustSeg-XAI,D:\brain_tumor\🧠 Brain Tumor MRI Dataset\classification_task\test\meningioma\brisc2025_test_00256_me_ax_t1.jpg,axial,1,1,True,1.0,2.7236e-12
TrustSeg-XAI,D:\brain_tumor\🧠 Brain Tumor MRI Dataset\classification_task\test\meningioma\brisc2025_test_00257_me_ax_t1.jpg,axial,1,1,True,1.0,1.332e-13
TrustSeg-XAI,D:\brain_tumor\🧠 Brain Tumor MRI Dataset\classification_task\test\meningioma\brisc2025_test_00258_me_ax_t1.jpg,axial,1,1,True,1.0,6.835999999999999e-13
TrustSeg-XAI,D:\brain_tumor\🧠 Brain Tumor MRI Dataset\classification_task\test\meningioma\brisc2025_test_00259_me_ax_t1.jpg,axial,1,1,True,1.0,4.756e-13
TrustSeg-XAI,D:\brain_tumor\🧠 Brain Tumor MRI Dataset\classification_task\test\meningioma\brisc2025_test_00260_me_ax_t1.jpg,axial,1,1,True,1.0,1.44868e-11
TrustSeg-XAI,D:\brain_tumor\🧠 Brain Tumor MRI Dataset\classification_task\test\meningioma\brisc2025_test_00261_me_ax_t1.jpg,axial,1,1,True,1.0,5.336e-13
TrustSeg-XAI,D:\brain_tumor\🧠 Brain Tumor MRI Dataset\classification_task\test\meningioma\brisc2025_test_00262_me_ax_t1.jpg,axial,1,1,True,1.0,1.2141599999999999e-11
TrustSeg-XAI,D:\brain_tumor\🧠 Brain Tumor MRI Dataset\classification_task\test\meningioma\brisc2025_test_00263_me_ax_t1.jpg,axial,1,1,True,1.0,1.899e-11
TrustSeg-XAI,D:\brain_tumor\🧠 Brain Tumor MRI Dataset\classification_task\test\meningioma\brisc2025_test_00264_me_ax_t1.jpg,axial,1,1,True,1.0,3.0160000000000005e-13
TrustSeg-XAI,D:\brain_tumor\🧠 Brain Tumor MRI Dataset\classification_task\test\meningioma\brisc2025_test_00265_me_ax_t1.jpg,axial,1,1,True,1.0,2.6e-13
TrustSeg-XAI,D:\brain_tumor\🧠 Brain Tumor MRI Dataset\classification_task\test\meningioma\brisc2025_test_00266_me_ax_t1.jpg,axial,1,1,True,1.0,1.5335999999999998e-12
TrustSeg-XAI,D:\brain_tumor\🧠 Brain Tumor MRI Dataset\classification_task\test\meningioma\brisc2025_test_00267_me_ax_t1.jpg,axial,1,1,True,1.0,1.332e-13
TrustSeg-XAI,D:\brain_tumor\🧠 Brain Tumor MRI Dataset\classification_task\test\meningioma\brisc2025_test_00268_me_ax_t1.jpg,axial,1,1,True,1.0,4.4560000000000004e-13
TrustSeg-XAI,D:\brain_tumor\🧠 Brain Tumor MRI Dataset\classification_task\test\meningioma\brisc2025_test_00269_me_ax_t1.jpg,axial,1,1,True,1.0,1.3489999999999998e-11
TrustSeg-XAI,D:\brain_tumor\🧠 Brain Tumor MRI Dataset\classification_task\test\meningioma\brisc2025_test_00270_me_ax_t1.jpg,axial,1,1,True,1.0,9.637e-13
TrustSeg-XAI,D:\brain_tumor\🧠 Brain Tumor MRI Dataset\classification_task\test\meningioma\brisc2025_test_00271_me_ax_t1.jpg,axial,1,1,True,1.0,8.535999999999999e-13
TrustSeg-XAI,D:\brain_tumor\🧠 Brain Tumor MRI Dataset\classification_task\test\meningioma\brisc2025_test_00272_me_ax_t1.jpg,axial,1,1,True,1.0,9.637e-13
TrustSeg-XAI,D:\brain_tumor\🧠 Brain Tumor MRI Dataset\classification_task\test\meningioma\brisc2025_test_00273_me_ax_t1.jpg,axial,1,1,True,1.0,1.0436e-12
TrustSeg-XAI,D:\brain_tumor\🧠 Brain Tumor MRI Dataset\classification_task\test\meningioma\brisc2025_test_00274_me_ax_t1.jpg,axial,1,1,True,1.0,6.510000000000001e-12
TrustSeg-XAI,D:\brain_tumor\🧠 Brain Tumor MRI Dataset\classification_task\test\meningioma\brisc2025_test_00275_me_ax_t1.jpg,axial,1,1,True,1.0,1.2141599999999999e-11
TrustSeg-XAI,D:\brain_tumor\🧠 Brain Tumor MRI Dataset\classification_task\test\meningioma\brisc2025_test_00276_me_ax_t1.jpg,axial,1,1,True,1.0,1.1835800000000002e-09
TrustSeg-XAI,D:\brain_tumor\🧠 Brain Tumor MRI Dataset\classification_task\test\meningioma\brisc2025_test_00277_me_ax_t1.jpg,axial,1,1,True,1.0,1.3036e-12
TrustSeg-XAI,D:\brain_tumor\🧠 Brain Tumor MRI Dataset\classification_task\test\meningioma\brisc2025_test_00278_me_ax_t1.jpg,axial,1,1,True,1.0,4.756e-13
TrustSeg-XAI,D:\brain_tumor\🧠 Brain Tumor MRI Dataset\classification_task\test\meningioma\brisc2025_test_00279_me_ax_t1.jpg,axial,1,1,True,1.0,1.6999999999999998e-13
TrustSeg-XAI,D:\brain_tumor\🧠 Brain Tumor MRI Dataset\classification_task\test\meningioma\brisc2025_test_00280_me_ax_t1.jpg,axial,1,1,True,1.0,6.835999999999999e-13
TrustSeg-XAI,D:\brain_tumor\🧠 Brain Tumor MRI Dataset\classification_task\test\meningioma\brisc2025_test_00281_me_ax_t1.jpg,axial,1,1,True,1.0,1.0437600000000002e-11
TrustSeg-XAI,D:\brain_tumor\🧠 Brain Tumor MRI Dataset\classification_task\test\meningioma\brisc2025_test_00282_me_ax_t1.jpg,axial,1,1,True,1.0,1.3667199999999999e-11
TrustSeg-XAI,D:\brain_tumor\🧠 Brain Tumor MRI Dataset\classification_task\test\meningioma\brisc2025_test_00283_me_ax_t1.jpg,axial,1,1,True,1.0,1.9020000000000003e-11
TrustSeg-XAI,D:\brain_tumor\🧠 Brain Tumor MRI Dataset\classification_task\test\meningioma\brisc2025_test_00284_me_ax_t1.jpg,axial,1,1,True,1.0,6.366889999999998e-11
TrustSeg-XAI,D:\brain_tumor\🧠 Brain Tumor MRI Dataset\classification_task\test\meningioma\brisc2025_test_00285_me_ax_t1.jpg,axial,1,3,False,0.9995,1.99809645455205
TrustSeg-XAI,D:\brain_tumor\🧠 Brain Tumor MRI Dataset\classification_task\test\meningioma\brisc2025_test_00286_me_ax_t1.jpg,axial,1,1,True,1.0,2.94496e-11
TrustSeg-XAI,D:\brain_tumor\🧠 Brain Tumor MRI Dataset\classification_task\test\meningioma\brisc2025_test_00287_me_ax_t1.jpg,axial,1,1,True,1.0,9.637e-13
TrustSeg-XAI,D:\brain_tumor\🧠 Brain Tumor MRI Dataset\classification_task\test\meningioma\brisc2025_test_00288_me_ax_t1.jpg,axial,1,1,True,1.0,1.6061000000000002e-12
TrustSeg-XAI,D:\brain_tumor\🧠 Brain Tumor MRI Dataset\classification_task\test\meningioma\brisc2025_test_00289_me_ax_t1.jpg,axial,1,1,True,1.0,2.0932e-12
TrustSeg-XAI,D:\brain_tumor\🧠 Brain Tumor MRI Dataset\classification_task\test\meningioma\brisc2025_test_00290_me_ax_t1.jpg,axial,1,1,True,1.0,4.999999999999999e-13
TrustSeg-XAI,D:\brain_tumor\🧠 Brain Tumor MRI Dataset\classification_task\test\meningioma\brisc2025_test_00291_me_ax_t1.jpg,axial,1,1,True,1.0,4.549599999999999e-12
TrustSeg-XAI,D:\brain_tumor\🧠 Brain Tumor MRI Dataset\classification_task\test\meningioma\brisc2025_test_00292_me_ax_t1.jpg,axial,1,1,True,1.0,4.792e-13
TrustSeg-XAI,D:\brain_tumor\🧠 Brain Tumor MRI Dataset\classification_task\test\meningioma\brisc2025_test_00293_me_ax_t1.jpg,axial,1,1,True,1.0,2.2459999999999996e-11
TrustSeg-XAI,D:\brain_tumor\🧠 Brain Tumor MRI Dataset\classification_task\test\meningioma\brisc2025_test_00294_me_ax_t1.jpg,axial,1,1,True,1.0,4.1949200000000005e-11
TrustSeg-XAI,D:\brain_tumor\🧠 Brain Tumor MRI Dataset\classification_task\test\meningioma\brisc2025_test_00295_me_ax_t1.jpg,axial,1,1,True,1.0,7.501e-13
TrustSeg-XAI,D:\brain_tumor\🧠 Brain Tumor MRI Dataset\classification_task\test\meningioma\brisc2025_test_00296_me_ax_t1.jpg,axial,1,1,True,1.0,1.7512e-12
TrustSeg-XAI,D:\brain_tumor\🧠 Brain Tumor MRI Dataset\classification_task\test\meningioma\brisc2025_test_00297_me_ax_t1.jpg,axial,1,1,True,1.0,5.336e-13
TrustSeg-XAI,D:\brain_tumor\🧠 Brain Tumor MRI Dataset\classification_task\test\meningioma\brisc2025_test_00298_me_ax_t1.jpg,axial,1,1,True,1.0,1.29789e-11
TrustSeg-XAI,D:\brain_tumor\🧠 Brain Tumor MRI Dataset\classification_task\test\meningioma\brisc2025_test_00299_me_ax_t1.jpg,axial,1,1,True,1.0,9.36e-14
TrustSeg-XAI,D:\brain_tumor\🧠 Brain Tumor MRI Dataset\classification_task\test\meningioma\brisc2025_test_00300_me_ax_t1.jpg,axial,1,1,True,1.0,2.0212e-12
TrustSeg-XAI,D:\brain_tumor\🧠 Brain Tumor MRI Dataset\classification_task\test\meningioma\brisc2025_test_00301_me_ax_t1.jpg,axial,1,1,True,1.0,8.199999999999998e-13
TrustSeg-XAI,D:\brain_tumor\🧠 Brain Tumor MRI Dataset\classification_task\test\meningioma\brisc2025_test_00302_me_ax_t1.jpg,axial,1,1,True,1.0,1.3571260999999998e-09
TrustSeg-XAI,D:\brain_tumor\🧠 Brain Tumor MRI Dataset\classification_task\test\meningioma\brisc2025_test_00303_me_ax_t1.jpg,axial,1,1,True,1.0,6.4536e-12
TrustSeg-XAI,D:\brain_tumor\🧠 Brain Tumor MRI Dataset\classification_task\test\meningioma\brisc2025_test_00304_me_ax_t1.jpg,axial,1,1,True,1.0,9.637e-13
TrustSeg-XAI,D:\brain_tumor\🧠 Brain Tumor MRI Dataset\classification_task\test\meningioma\brisc2025_test_00305_me_ax_t1.jpg,axial,1,1,True,1.0,1.396e-13
TrustSeg-XAI,D:\brain_tumor\🧠 Brain Tumor MRI Dataset\classification_task\test\meningioma\brisc2025_test_00306_me_ax_t1.jpg,axial,1,1,True,1.0,2.0885000000000002e-12
TrustSeg-XAI,D:\brain_tumor\🧠 Brain Tumor MRI Dataset\classification_task\test\meningioma\brisc2025_test_00307_me_ax_t1.jpg,axial,1,1,True,1.0,3.736e-13
TrustSeg-XAI,D:\brain_tumor\🧠 Brain Tumor MRI Dataset\classification_task\test\meningioma\brisc2025_test_00308_me_ax_t1.jpg,axial,1,1,True,1.0,1.6999999999999998e-13
TrustSeg-XAI,D:\brain_tumor\🧠 Brain Tumor MRI Dataset\classification_task\test\meningioma\brisc2025_test_00309_me_ax_t1.jpg,axial,1,1,True,1.0,2.3104160000000003e-10
TrustSeg-XAI,D:\brain_tumor\🧠 Brain Tumor MRI Dataset\classification_task\test\meningioma\brisc2025_test_00310_me_ax_t1.jpg,axial,1,1,True,1.0,2.6e-13
TrustSeg-XAI,D:\brain_tumor\🧠 Brain Tumor MRI Dataset\classification_task\test\meningioma\brisc2025_test_00311_me_ax_t1.jpg,axial,1,1,True,1.0,1.1115890000000002e-10
TrustSeg-XAI,D:\brain_tumor\🧠 Brain Tumor MRI Dataset\classification_task\test\meningioma\brisc2025_test_00312_me_ax_t1.jpg,axial,1,1,True,1.0,2.3436000000000002e-12
TrustSeg-XAI,D:\brain_tumor\🧠 Brain Tumor MRI Dataset\classification_task\test\meningioma\brisc2025_test_00313_me_ax_t1.jpg,axial,1,1,True,1.0,8.535999999999999e-13
TrustSeg-XAI,D:\brain_tumor\🧠 Brain Tumor MRI Dataset\classification_task\test\meningioma\brisc2025_test_00314_me_ax_t1.jpg,axial,1,1,True,1.0,5.336e-13
TrustSeg-XAI,D:\brain_tumor\🧠 Brain Tumor MRI Dataset\classification_task\test\meningioma\brisc2025_test_00315_me_ax_t1.jpg,axial,1,1,True,1.0,1.70294e-09
TrustSeg-XAI,D:\brain_tumor\🧠 Brain Tumor MRI Dataset\classification_task\test\meningioma\brisc2025_test_00316_me_ax_t1.jpg,axial,1,1,True,1.0,9.36e-14
TrustSeg-XAI,D:\brain_tumor\🧠 Brain Tumor MRI Dataset\classification_task\test\meningioma\brisc2025_test_00317_me_ax_t1.jpg,axial,1,1,True,1.0,2.6708900000000002e-11
TrustSeg-XAI,D:\brain_tumor\🧠 Brain Tumor MRI Dataset\classification_task\test\meningioma\brisc2025_test_00318_me_ax_t1.jpg,axial,1,1,True,1.0,7.7356e-12
TrustSeg-XAI,D:\brain_tumor\🧠 Brain Tumor MRI Dataset\classification_task\test\meningioma\brisc2025_test_00319_me_ax_t1.jpg,axial,1,1,True,1.0,8.675999999999999e-13
TrustSeg-XAI,D:\brain_tumor\🧠 Brain Tumor MRI Dataset\classification_task\test\meningioma\brisc2025_test_00320_me_ax_t1.jpg,axial,1,1,True,1.0,1.3704999999999999e-12
TrustSeg-XAI,D:\brain_tumor\🧠 Brain Tumor MRI Dataset\classification_task\test\meningioma\brisc2025_test_00321_me_ax_t1.jpg,axial,1,1,True,1.0,2.0536e-12
TrustSeg-XAI,D:\brain_tumor\🧠 Brain Tumor MRI Dataset\classification_task\test\meningioma\brisc2025_test_00322_me_ax_t1.jpg,axial,1,1,True,1.0,1.3704999999999999e-12
TrustSeg-XAI,D:\brain_tumor\🧠 Brain Tumor MRI Dataset\classification_task\test\meningioma\brisc2025_test_00323_me_ax_t1.jpg,axial,1,1,True,1.0,2.3907599999999996e-11
TrustSeg-XAI,D:\brain_tumor\🧠 Brain Tumor MRI Dataset\classification_task\test\meningioma\brisc2025_test_00324_me_ax_t1.jpg,axial,1,1,True,1.0,1.7815416e-09
TrustSeg-XAI,D:\brain_tumor\🧠 Brain Tumor MRI Dataset\classification_task\test\meningioma\brisc2025_test_00325_me_ax_t1.jpg,axial,1,1,True,1.0,7.11309e-11
TrustSeg-XAI,D:\brain_tumor\🧠 Brain Tumor MRI Dataset\classification_task\test\meningioma\brisc2025_test_00326_me_ax_t1.jpg,axial,1,1,True,1.0,3.6035999999999997e-12
TrustSeg-XAI,D:\brain_tumor\🧠 Brain Tumor MRI Dataset\classification_task\test\meningioma\brisc2025_test_00327_me_ax_t1.jpg,axial,1,1,True,1.0,9.258890000000002e-09
TrustSeg-XAI,D:\brain_tumor\🧠 Brain Tumor MRI Dataset\classification_task\test\meningioma\brisc2025_test_00328_me_ax_t1.jpg,axial,1,1,True,1.0,3.1670119999999997e-10
TrustSeg-XAI,D:\brain_tumor\🧠 Brain Tumor MRI Dataset\classification_task\test\meningioma\brisc2025_test_00329_me_ax_t1.jpg,axial,1,1,True,0.998,6.608182795600007e-06
TrustSeg-XAI,D:\brain_tumor\🧠 Brain Tumor MRI Dataset\classification_task\test\meningioma\brisc2025_test_00330_me_ax_t1.jpg,axial,1,1,True,1.0,4.0352139999999995e-10
TrustSeg-XAI,D:\brain_tumor\🧠 Brain Tumor MRI Dataset\classification_task\test\meningioma\brisc2025_test_00331_me_ax_t1.jpg,axial,1,1,True,1.0,5.442149600000001e-09
TrustSeg-XAI,D:\brain_tumor\🧠 Brain Tumor MRI Dataset\classification_task\test\meningioma\brisc2025_test_00332_me_ax_t1.jpg,axial,1,1,True,1.0,2.0495e-11
TrustSeg-XAI,D:\brain_tumor\🧠 Brain Tumor MRI Dataset\classification_task\test\meningioma\brisc2025_test_00333_me_ax_t1.jpg,axial,1,1,True,1.0,5.7461e-12
TrustSeg-XAI,D:\brain_tumor\🧠 Brain Tumor MRI Dataset\classification_task\test\meningioma\brisc2025_test_00334_me_ax_t1.jpg,axial,1,1,True,1.0,1.9915089999999998e-10
TrustSeg-XAI,D:\brain_tumor\🧠 Brain Tumor MRI Dataset\classification_task\test\meningioma\brisc2025_test_00335_me_ax_t1.jpg,axial,1,1,True,0.9995,3.2884850499994496e-07
TrustSeg-XAI,D:\brain_tumor\🧠 Brain Tumor MRI Dataset\classification_task\test\meningioma\brisc2025_test_00336_me_ax_t1.jpg,axial,1,1,True,1.0,3.9052e-12
TrustSeg-XAI,D:\brain_tumor\🧠 Brain Tumor MRI Dataset\classification_task\test\meningioma\brisc2025_test_00337_me_ax_t1.jpg,axial,1,1,True,1.0,3.6183221000000006e-09
TrustSeg-XAI,D:\brain_tumor\🧠 Brain Tumor MRI Dataset\classification_task\test\meningioma\brisc2025_test_00338_me_ax_t1.jpg,axial,1,1,True,1.0,2.4136000000000005e-12
TrustSeg-XAI,D:\brain_tumor\🧠 Brain Tumor MRI Dataset\classification_task\test\meningioma\brisc2025_test_00339_me_ax_t1.jpg,axial,1,1,True,1.0,3.1852e-12
TrustSeg-XAI,D:\brain_tumor\🧠 Brain Tumor MRI Dataset\classification_task\test\meningioma\brisc2025_test_00340_me_ax_t1.jpg,axial,1,1,True,0.9995,4.260005095999449e-07
TrustSeg-XAI,D:\brain_tumor\🧠 Brain Tumor MRI Dataset\classification_task\test\meningioma\brisc2025_test_00341_me_ax_t1.jpg,axial,1,1,True,1.0,3.35e-11
TrustSeg-XAI,D:\brain_tumor\🧠 Brain Tumor MRI Dataset\classification_task\test\meningioma\brisc2025_test_00342_me_ax_t1.jpg,axial,1,1,True,1.0,3.0535999999999994e-12
TrustSeg-XAI,D:\brain_tumor\🧠 Brain Tumor MRI Dataset\classification_task\test\meningioma\brisc2025_test_00343_me_ax_t1.jpg,axial,1,1,True,1.0,1.0798385000000002e-09
TrustSeg-XAI,D:\brain_tumor\🧠 Brain Tumor MRI Dataset\classification_task\test\meningioma\brisc2025_test_00344_me_ax_t1.jpg,axial,1,1,True,1.0,3.145e-11
TrustSeg-XAI,D:\brain_tumor\🧠 Brain Tumor MRI Dataset\classification_task\test\meningioma\brisc2025_test_00345_me_ax_t1.jpg,axial,1,1,True,1.0,8.324900000000001e-10
TrustSeg-XAI,D:\brain_tumor\🧠 Brain Tumor MRI Dataset\classification_task\test\meningioma\brisc2025_test_00346_me_ax_t1.jpg,axial,1,1,True,1.0,1.7819999999999996e-11
TrustSeg-XAI,D:\brain_tumor\🧠 Brain Tumor MRI Dataset\classification_task\test\meningioma\brisc2025_test_00347_me_ax_t1.jpg,axial,1,1,True,1.0,1.3036e-12
TrustSeg-XAI,D:\brain_tumor\🧠 Brain Tumor MRI Dataset\classification_task\test\meningioma\brisc2025_test_00348_me_ax_t1.jpg,axial,1,1,True,1.0,2.1781000000000006e-12
TrustSeg-XAI,D:\brain_tumor\🧠 Brain Tumor MRI Dataset\classification_task\test\meningioma\brisc2025_test_00349_me_ax_t1.jpg,axial,1,1,True,1.0,2.7236e-12
TrustSeg-XAI,D:\brain_tumor\🧠 Brain Tumor MRI Dataset\classification_task\test\meningioma\brisc2025_test_00350_me_ax_t1.jpg,axial,1,1,True,1.0,1.9933999999999998e-10
TrustSeg-XAI,D:\brain_tumor\🧠 Brain Tumor MRI Dataset\classification_task\test\meningioma\brisc2025_test_00351_me_ax_t1.jpg,axial,1,1,True,1.0,1.0822500000000002e-11
TrustSeg-XAI,D:\brain_tumor\🧠 Brain Tumor MRI Dataset\classification_task\test\meningioma\brisc2025_test_00352_me_ax_t1.jpg,axial,1,1,True,1.0,1.70294e-09
TrustSeg-XAI,D:\brain_tumor\🧠 Brain Tumor MRI Dataset\classification_task\test\meningioma\brisc2025_test_00353_me_ax_t1.jpg,axial,1,1,True,1.0,1.0265119999999998e-10
TrustSeg-XAI,D:\brain_tumor\🧠 Brain Tumor MRI Dataset\classification_task\test\meningioma\brisc2025_test_00354_me_ax_t1.jpg,axial,1,1,True,1.0,8.675999999999999e-13
TrustSeg-XAI,D:\brain_tumor\🧠 Brain Tumor MRI Dataset\classification_task\test\meningioma\brisc2025_test_00355_me_ax_t1.jpg,axial,1,1,True,1.0,2.5692500000000006e-11
TrustSeg-XAI,D:\brain_tumor\🧠 Brain Tumor MRI Dataset\classification_task\test\meningioma\brisc2025_test_00356_me_ax_t1.jpg,axial,1,1,True,1.0,1.5335999999999998e-12
TrustSeg-XAI,D:\brain_tumor\🧠 Brain Tumor MRI Dataset\classification_task\test\meningioma\brisc2025_test_00357_me_ax_t1.jpg,axial,1,1,True,1.0,5.461900000000001e-10
TrustSeg-XAI,D:\brain_tumor\🧠 Brain Tumor MRI Dataset\classification_task\test\meningioma\brisc2025_test_00358_me_ax_t1.jpg,axial,1,1,True,1.0,6.139759999999999e-11
TrustSeg-XAI,D:\brain_tumor\🧠 Brain Tumor MRI Dataset\classification_task\test\meningioma\brisc2025_test_00359_me_ax_t1.jpg,axial,1,1,True,1.0,3.9052e-12
TrustSeg-XAI,D:\brain_tumor\🧠 Brain Tumor MRI Dataset\classification_task\test\meningioma\brisc2025_test_00360_me_ax_t1.jpg,axial,1,1,True,1.0,2.5739999999999997e-11
TrustSeg-XAI,D:\brain_tumor\🧠 Brain Tumor MRI Dataset\classification_task\test\meningioma\brisc2025_test_00361_me_ax_t1.jpg,axial,1,1,True,1.0,9.138879999999999e-11
TrustSeg-XAI,D:\brain_tumor\🧠 Brain Tumor MRI Dataset\classification_task\test\meningioma\brisc2025_test_00362_me_ax_t1.jpg,axial,1,1,True,1.0,1.50786552e-08
TrustSeg-XAI,D:\brain_tumor\🧠 Brain Tumor MRI Dataset\classification_task\test\meningioma\brisc2025_test_00363_me_ax_t1.jpg,axial,1,1,True,1.0,2.187985e-08
TrustSeg-XAI,D:\brain_tumor\🧠 Brain Tumor MRI Dataset\classification_task\test\meningioma\brisc2025_test_00364_me_ax_t1.jpg,axial,1,1,True,1.0,7.1429e-11
TrustSeg-XAI,D:\brain_tumor\🧠 Brain Tumor MRI Dataset\classification_task\test\meningioma\brisc2025_test_00365_me_ax_t1.jpg,axial,1,2,False,1.0,1.9999688002442857
TrustSeg-XAI,D:\brain_tumor\🧠 Brain Tumor MRI Dataset\classification_task\test\meningioma\brisc2025_test_00366_me_ax_t1.jpg,axial,1,1,True,1.0,8.538899999999999e-12
TrustSeg-XAI,D:\brain_tumor\🧠 Brain Tumor MRI Dataset\classification_task\test\meningioma\brisc2025_test_00367_me_ax_t1.jpg,axial,1,2,False,1.0,1.9999616003688994
TrustSeg-XAI,D:\brain_tumor\🧠 Brain Tumor MRI Dataset\classification_task\test\meningioma\brisc2025_test_00368_me_ax_t1.jpg,axial,1,1,True,1.0,3.7861e-12
TrustSeg-XAI,D:\brain_tumor\🧠 Brain Tumor MRI Dataset\classification_task\test\meningioma\brisc2025_test_00369_me_ax_t1.jpg,axial,1,1,True,1.0,1.220921e-10
TrustSeg-XAI,D:\brain_tumor\🧠 Brain Tumor MRI Dataset\classification_task\test\meningioma\brisc2025_test_00370_me_ax_t1.jpg,axial,1,1,True,1.0,1.8536e-12
TrustSeg-XAI,D:\brain_tumor\🧠 Brain Tumor MRI Dataset\classification_task\test\meningioma\brisc2025_test_00371_me_ax_t1.jpg,axial,1,1,True,1.0,9.910889e-10
TrustSeg-XAI,D:\brain_tumor\🧠 Brain Tumor MRI Dataset\classification_task\test\meningioma\brisc2025_test_00372_me_ax_t1.jpg,axial,1,1,True,0.9995,3.711902088999449e-07
TrustSeg-XAI,D:\brain_tumor\🧠 Brain Tumor MRI Dataset\classification_task\test\meningioma\brisc2025_test_00373_me_ax_t1.jpg,axial,1,1,True,1.0,2.7277399999999997e-11
TrustSeg-XAI,D:\brain_tumor\🧠 Brain Tumor MRI Dataset\classification_task\test\meningioma\brisc2025_test_00374_me_ax_t1.jpg,axial,1,1,True,1.0,4.06296e-11
TrustSeg-XAI,D:\brain_tumor\🧠 Brain Tumor MRI Dataset\classification_task\test\meningioma\brisc2025_test_00375_me_ax_t1.jpg,axial,1,1,True,1.0,5.0516e-10
TrustSeg-XAI,D:\brain_tumor\🧠 Brain Tumor MRI Dataset\classification_task\test\meningioma\brisc2025_test_00376_me_ax_t1.jpg,axial,1,1,True,0.9995,6.30184499999945e-07
TrustSeg-XAI,D:\brain_tumor\🧠 Brain Tumor MRI Dataset\classification_task\test\meningioma\brisc2025_test_00377_me_ax_t1.jpg,axial,1,1,True,1.0,2.0874050000000002e-10
TrustSeg-XAI,D:\brain_tumor\🧠 Brain Tumor MRI Dataset\classification_task\test\meningioma\brisc2025_test_00378_me_ax_t1.jpg,axial,1,1,True,1.0,4.475296e-10
TrustSeg-XAI,D:\brain_tumor\🧠 Brain Tumor MRI Dataset\classification_task\test\meningioma\brisc2025_test_00379_me_ax_t1.jpg,axial,1,1,True,1.0,7.011999999999999e-13
TrustSeg-XAI,D:\brain_tumor\🧠 Brain Tumor MRI Dataset\classification_task\test\meningioma\brisc2025_test_00380_me_ax_t1.jpg,axial,1,1,True,1.0,2.5709999999999994e-11
TrustSeg-XAI,D:\brain_tumor\🧠 Brain Tumor MRI Dataset\classification_task\test\meningioma\brisc2025_test_00381_me_ax_t1.jpg,axial,1,1,True,1.0,1.66989e-11
TrustSeg-XAI,D:\brain_tumor\🧠 Brain Tumor MRI Dataset\classification_task\test\meningioma\brisc2025_test_00382_me_ax_t1.jpg,axial,1,1,True,1.0,2.4055930000000005e-08
TrustSeg-XAI,D:\brain_tumor\🧠 Brain Tumor MRI Dataset\classification_task\test\meningioma\brisc2025_test_00383_me_ax_t1.jpg,axial,1,1,True,1.0,1.22291416e-08
TrustSeg-XAI,D:\brain_tumor\🧠 Brain Tumor MRI Dataset\classification_task\test\meningioma\brisc2025_test_00384_me_ax_t1.jpg,axial,1,1,True,1.0,1.319909e-10
TrustSeg-XAI,D:\brain_tumor\🧠 Brain Tumor MRI Dataset\classification_task\test\meningioma\brisc2025_test_00385_me_ax_t1.jpg,axial,1,1,True,1.0,6.413600000000001e-12
TrustSeg-XAI,D:\brain_tumor\🧠 Brain Tumor MRI Dataset\classification_task\test\meningioma\brisc2025_test_00386_me_ax_t1.jpg,axial,1,1,True,0.9995,3.1419795449994493e-07
TrustSeg-XAI,D:\brain_tumor\🧠 Brain Tumor MRI Dataset\classification_task\test\meningioma\brisc2025_test_00387_me_ax_t1.jpg,axial,1,1,True,1.0,2.6561e-12
TrustSeg-XAI,D:\brain_tumor\🧠 Brain Tumor MRI Dataset\classification_task\test\meningioma\brisc2025_test_00388_me_ax_t1.jpg,axial,1,1,True,1.0,2.43269e-11
TrustSeg-XAI,D:\brain_tumor\🧠 Brain Tumor MRI Dataset\classification_task\test\meningioma\brisc2025_test_00389_me_ax_t1.jpg,axial,1,1,True,1.0,8.11876e-11
TrustSeg-XAI,D:\brain_tumor\🧠 Brain Tumor MRI Dataset\classification_task\test\meningioma\brisc2025_test_00390_me_ax_t1.jpg,axial,1,1,True,1.0,1.0919300000000002e-09
TrustSeg-XAI,D:\brain_tumor\🧠 Brain Tumor MRI Dataset\classification_task\test\meningioma\brisc2025_test_00391_me_ax_t1.jpg,axial,1,1,True,1.0,2.01425e-11
TrustSeg-XAI,D:\brain_tumor\🧠 Brain Tumor MRI Dataset\classification_task\test\meningioma\brisc2025_test_00392_me_co_t1.jpg,coronal,1,1,True,1.0,5.1000000000000005e-12
TrustSeg-XAI,D:\brain_tumor\🧠 Brain Tumor MRI Dataset\classification_task\test\meningioma\brisc2025_test_00393_me_co_t1.jpg,coronal,1,1,True,1.0,3.64641e-11
TrustSeg-XAI,D:\brain_tumor\🧠 Brain Tumor MRI Dataset\classification_task\test\meningioma\brisc2025_test_00394_me_co_t1.jpg,coronal,1,1,True,1.0,7.29e-12
TrustSeg-XAI,D:\brain_tumor\🧠 Brain Tumor MRI Dataset\classification_task\test\meningioma\brisc2025_test_00395_me_co_t1.jpg,coronal,1,1,True,1.0,2.36954e-11
TrustSeg-XAI,D:\brain_tumor\🧠 Brain Tumor MRI Dataset\classification_task\test\meningioma\brisc2025_test_00396_me_co_t1.jpg,coronal,1,1,True,1.0,3.7e-13
TrustSeg-XAI,D:\brain_tumor\🧠 Brain Tumor MRI Dataset\classification_task\test\meningioma\brisc2025_test_00397_me_co_t1.jpg,coronal,1,1,True,1.0,4.999999999999999e-13
TrustSeg-XAI,D:\brain_tumor\🧠 Brain Tumor MRI Dataset\classification_task\test\meningioma\brisc2025_test_00398_me_co_t1.jpg,coronal,1,1,True,1.0,2.3436000000000002e-12
TrustSeg-XAI,D:\brain_tumor\🧠 Brain Tumor MRI Dataset\classification_task\test\meningioma\brisc2025_test_00399_me_co_t1.jpg,coronal,1,1,True,1.0,2.43529e-11
TrustSeg-XAI,D:\brain_tumor\🧠 Brain Tumor MRI Dataset\classification_task\test\meningioma\brisc2025_test_00400_me_co_t1.jpg,coronal,1,1,True,1.0,8.711999999999999e-13
TrustSeg-XAI,D:\brain_tumor\🧠 Brain Tumor MRI Dataset\classification_task\test\meningioma\brisc2025_test_00401_me_co_t1.jpg,coronal,1,1,True,1.0,3.7e-13
TrustSeg-XAI,D:\brain_tumor\🧠 Brain Tumor MRI Dataset\classification_task\test\meningioma\brisc2025_test_00402_me_co_t1.jpg,coronal,1,1,True,1.0,2.99e-12
TrustSeg-XAI,D:\brain_tumor\🧠 Brain Tumor MRI Dataset\classification_task\test\meningioma\brisc2025_test_00403_me_co_t1.jpg,coronal,1,1,True,0.9995,3.816993588999449e-07
TrustSeg-XAI,D:\brain_tumor\🧠 Brain Tumor MRI Dataset\classification_task\test\meningioma\brisc2025_test_00404_me_co_t1.jpg,coronal,1,1,True,1.0,2.0212e-12
TrustSeg-XAI,D:\brain_tumor\🧠 Brain Tumor MRI Dataset\classification_task\test\meningioma\brisc2025_test_00405_me_co_t1.jpg,coronal,1,1,True,1.0,1.26216e-11
TrustSeg-XAI,D:\brain_tumor\🧠 Brain Tumor MRI Dataset\classification_task\test\meningioma\brisc2025_test_00406_me_co_t1.jpg,coronal,1,1,True,1.0,8.362360000000001e-11
TrustSeg-XAI,D:\brain_tumor\🧠 Brain Tumor MRI Dataset\classification_task\test\meningioma\brisc2025_test_00407_me_co_t1.jpg,coronal,1,1,True,1.0,1.3381e-12
TrustSeg-XAI,D:\brain_tumor\🧠 Brain Tumor MRI Dataset\classification_task\test\meningioma\brisc2025_test_00408_me_co_t1.jpg,coronal,1,1,True,1.0,2.8889000000000003e-12
TrustSeg-XAI,D:\brain_tumor\🧠 Brain Tumor MRI Dataset\classification_task\test\meningioma\brisc2025_test_00409_me_co_t1.jpg,coronal,1,1,True,1.0,2.9e-13
TrustSeg-XAI,D:\brain_tumor\🧠 Brain Tumor MRI Dataset\classification_task\test\meningioma\brisc2025_test_00410_me_co_t1.jpg,coronal,1,1,True,1.0,3.0296000000000003e-12
TrustSeg-XAI,D:\brain_tumor\🧠 Brain Tumor MRI Dataset\classification_task\test\meningioma\brisc2025_test_00411_me_co_t1.jpg,coronal,1,1,True,1.0,4.1636e-12
TrustSeg-XAI,D:\brain_tumor\🧠 Brain Tumor MRI Dataset\classification_task\test\meningioma\brisc2025_test_00412_me_co_t1.jpg,coronal,1,1,True,1.0,3.8150625e-09
TrustSeg-XAI,D:\brain_tumor\🧠 Brain Tumor MRI Dataset\classification_task\test\meningioma\brisc2025_test_00413_me_co_t1.jpg,coronal,1,1,True,1.0,3.29425e-11
TrustSeg-XAI,D:\brain_tumor\🧠 Brain Tumor MRI Dataset\classification_task\test\meningioma\brisc2025_test_00414_me_co_t1.jpg,coronal,1,1,True,1.0,2.3652000000000005e-12
TrustSeg-XAI,D:\brain_tumor\🧠 Brain Tumor MRI Dataset\classification_task\test\meningioma\brisc2025_test_00415_me_co_t1.jpg,coronal,1,1,True,1.0,1.5012e-12
TrustSeg-XAI,D:\brain_tumor\🧠 Brain Tumor MRI Dataset\classification_task\test\meningioma\brisc2025_test_00416_me_co_t1.jpg,coronal,1,1,True,1.0,1.5012e-12
TrustSeg-XAI,D:\brain_tumor\🧠 Brain Tumor MRI Dataset\classification_task\test\meningioma\brisc2025_test_00417_me_co_t1.jpg,coronal,1,1,True,1.0,7.501e-13
TrustSeg-XAI,D:\brain_tumor\🧠 Brain Tumor MRI Dataset\classification_task\test\meningioma\brisc2025_test_00418_me_co_t1.jpg,coronal,1,1,True,0.9155,0.013923384451290002
TrustSeg-XAI,D:\brain_tumor\🧠 Brain Tumor MRI Dataset\classification_task\test\meningioma\brisc2025_test_00419_me_co_t1.jpg,coronal,1,1,True,1.0,7.325000000000001e-13
TrustSeg-XAI,D:\brain_tumor\🧠 Brain Tumor MRI Dataset\classification_task\test\meningioma\brisc2025_test_00420_me_co_t1.jpg,coronal,1,1,True,1.0,9.979999999999999e-12
TrustSeg-XAI,D:\brain_tumor\🧠 Brain Tumor MRI Dataset\classification_task\test\meningioma\brisc2025_test_00421_me_co_t1.jpg,coronal,1,1,True,1.0,9.461e-13
TrustSeg-XAI,D:\brain_tumor\🧠 Brain Tumor MRI Dataset\classification_task\test\meningioma\brisc2025_test_00422_me_co_t1.jpg,coronal,1,1,True,1.0,1.0357e-12
TrustSeg-XAI,D:\brain_tumor\🧠 Brain Tumor MRI Dataset\classification_task\test\meningioma\brisc2025_test_00423_me_co_t1.jpg,coronal,1,1,True,0.9995,3.0219952959994494e-07
TrustSeg-XAI,D:\brain_tumor\🧠 Brain Tumor MRI Dataset\classification_task\test\meningioma\brisc2025_test_00424_me_co_t1.jpg,coronal,1,1,True,1.0,1.8096899999999998e-11
TrustSeg-XAI,D:\brain_tumor\🧠 Brain Tumor MRI Dataset\classification_task\test\meningioma\brisc2025_test_00425_me_co_t1.jpg,coronal,1,1,True,1.0,1.4957599999999997e-11
TrustSeg-XAI,D:\brain_tumor\🧠 Brain Tumor MRI Dataset\classification_task\test\meningioma\brisc2025_test_00426_me_co_t1.jpg,coronal,1,1,True,0.985,0.0004492071177569004
TrustSeg-XAI,D:\brain_tumor\🧠 Brain Tumor MRI Dataset\classification_task\test\meningioma\brisc2025_test_00427_me_co_t1.jpg,coronal,1,1,True,1.0,2.20934e-11
TrustSeg-XAI,D:\brain_tumor\🧠 Brain Tumor MRI Dataset\classification_task\test\meningioma\brisc2025_test_00428_me_co_t1.jpg,coronal,1,1,True,1.0,1.451596e-10
TrustSeg-XAI,D:\brain_tumor\🧠 Brain Tumor MRI Dataset\classification_task\test\meningioma\brisc2025_test_00429_me_co_t1.jpg,coronal,1,1,True,1.0,9.138879999999999e-11
TrustSeg-XAI,D:\brain_tumor\🧠 Brain Tumor MRI Dataset\classification_task\test\meningioma\brisc2025_test_00430_me_co_t1.jpg,coronal,1,1,True,1.0,3.0841000000000006e-12
TrustSeg-XAI,D:\brain_tumor\🧠 Brain Tumor MRI Dataset\classification_task\test\meningioma\brisc2025_test_00431_me_co_t1.jpg,coronal,1,1,True,1.0,4.178296e-10
TrustSeg-XAI,D:\brain_tumor\🧠 Brain Tumor MRI Dataset\classification_task\test\meningioma\brisc2025_test_00432_me_co_t1.jpg,coronal,1,1,True,1.0,7.2005e-10
TrustSeg-XAI,D:\brain_tumor\🧠 Brain Tumor MRI Dataset\classification_task\test\meningioma\brisc2025_test_00433_me_co_t1.jpg,coronal,1,2,False,0.85,1.4458502680615701
TrustSeg-XAI,D:\brain_tumor\🧠 Brain Tumor MRI Dataset\classification_task\test\meningioma\brisc2025_test_00434_me_co_t1.jpg,coronal,1,1,True,1.0,2.2777960000000002e-10
TrustSeg-XAI,D:\brain_tumor\🧠 Brain Tumor MRI Dataset\classification_task\test\meningioma\brisc2025_test_00435_me_co_t1.jpg,coronal,1,1,True,1.0,4.4796360000000003e-10
TrustSeg-XAI,D:\brain_tumor\🧠 Brain Tumor MRI Dataset\classification_task\test\meningioma\brisc2025_test_00436_me_co_t1.jpg,coronal,1,1,True,1.0,2.5979999999999994e-11
TrustSeg-XAI,D:\brain_tumor\🧠 Brain Tumor MRI Dataset\classification_task\test\meningioma\brisc2025_test_00437_me_co_t1.jpg,coronal,1,1,True,1.0,8.288680000000001e-11
TrustSeg-XAI,D:\brain_tumor\🧠 Brain Tumor MRI Dataset\classification_task\test\meningioma\brisc2025_test_00438_me_co_t1.jpg,coronal,1,1,True,1.0,1.238e-11
TrustSeg-XAI,D:\brain_tumor\🧠 Brain Tumor MRI Dataset\classification_task\test\meningioma\brisc2025_test_00439_me_co_t1.jpg,coronal,1,1,True,1.0,1.6035999999999998e-12
TrustSeg-XAI,D:\brain_tumor\🧠 Brain Tumor MRI Dataset\classification_task\test\meningioma\brisc2025_test_00440_me_co_t1.jpg,coronal,1,1,True,0.9995,2.95916722499945e-07
TrustSeg-XAI,D:\brain_tumor\🧠 Brain Tumor MRI Dataset\classification_task\test\meningioma\brisc2025_test_00441_me_co_t1.jpg,coronal,1,1,True,1.0,1.8859999999999997e-11
TrustSeg-XAI,D:\brain_tumor\🧠 Brain Tumor MRI Dataset\classification_task\test\meningioma\brisc2025_test_00442_me_co_t1.jpg,coronal,1,1,True,1.0,1.026e-11
TrustSeg-XAI,D:\brain_tumor\🧠 Brain Tumor MRI Dataset\classification_task\test\meningioma\brisc2025_test_00443_me_co_t1.jpg,coronal,1,1,True,1.0,2.1379520000000002e-10
TrustSeg-XAI,D:\brain_tumor\🧠 Brain Tumor MRI Dataset\classification_task\test\meningioma\brisc2025_test_00444_me_co_t1.jpg,coronal,1,1,True,0.9995,4.4404078759994496e-07
TrustSeg-XAI,D:\brain_tumor\🧠 Brain Tumor MRI Dataset\classification_task\test\meningioma\brisc2025_test_00445_me_co_t1.jpg,coronal,1,1,True,1.0,5.282e-11
TrustSeg-XAI,D:\brain_tumor\🧠 Brain Tumor MRI Dataset\classification_task\test\meningioma\brisc2025_test_00446_me_co_t1.jpg,coronal,1,1,True,1.0,4.6925e-12
TrustSeg-XAI,D:\brain_tumor\🧠 Brain Tumor MRI Dataset\classification_task\test\meningioma\brisc2025_test_00447_me_co_t1.jpg,coronal,1,1,True,1.0,1.8232e-12
TrustSeg-XAI,D:\brain_tumor\🧠 Brain Tumor MRI Dataset\classification_task\test\meningioma\brisc2025_test_00448_me_co_t1.jpg,coronal,1,1,True,1.0,2.8533799999999997e-11
TrustSeg-XAI,D:\brain_tumor\🧠 Brain Tumor MRI Dataset\classification_task\test\meningioma\brisc2025_test_00449_me_co_t1.jpg,coronal,1,1,True,1.0,6.9751576e-09
TrustSeg-XAI,D:\brain_tumor\🧠 Brain Tumor MRI Dataset\classification_task\test\meningioma\brisc2025_test_00450_me_co_t1.jpg,coronal,1,1,True,1.0,2.67925e-11
TrustSeg-XAI,D:\brain_tumor\🧠 Brain Tumor MRI Dataset\classification_task\test\meningioma\brisc2025_test_00451_me_co_t1.jpg,coronal,1,1,True,1.0,6.1961e-12
TrustSeg-XAI,D:\brain_tumor\🧠 Brain Tumor MRI Dataset\classification_task\test\meningioma\brisc2025_test_00452_me_co_t1.jpg,coronal,1,1,True,1.0,4.991181e-10
TrustSeg-XAI,D:\brain_tumor\🧠 Brain Tumor MRI Dataset\classification_task\test\meningioma\brisc2025_test_00453_me_co_t1.jpg,coronal,1,1,True,1.0,3.251e-11
TrustSeg-XAI,D:\brain_tumor\🧠 Brain Tumor MRI Dataset\classification_task\test\meningioma\brisc2025_test_00454_me_co_t1.jpg,coronal,1,1,True,1.0,5.22901e-11
TrustSeg-XAI,D:\brain_tumor\🧠 Brain Tumor MRI Dataset\classification_task\test\meningioma\brisc2025_test_00455_me_co_t1.jpg,coronal,1,1,True,1.0,1.5133995e-08
TrustSeg-XAI,D:\brain_tumor\🧠 Brain Tumor MRI Dataset\classification_task\test\meningioma\brisc2025_test_00456_me_co_t1.jpg,coronal,1,1,True,1.0,1.59762329e-08
TrustSeg-XAI,D:\brain_tumor\🧠 Brain Tumor MRI Dataset\classification_task\test\meningioma\brisc2025_test_00457_me_co_t1.jpg,coronal,1,1,True,1.0,7.6400325e-09
TrustSeg-XAI,D:\brain_tumor\🧠 Brain Tumor MRI Dataset\classification_task\test\meningioma\brisc2025_test_00458_me_co_t1.jpg,coronal,1,1,True,1.0,1.0213400000000001e-09
TrustSeg-XAI,D:\brain_tumor\🧠 Brain Tumor MRI Dataset\classification_task\test\meningioma\brisc2025_test_00459_me_co_t1.jpg,coronal,1,1,True,0.9604,0.003128445972769997
TrustSeg-XAI,D:\brain_tumor\🧠 Brain Tumor MRI Dataset\classification_task\test\meningioma\brisc2025_test_00460_me_co_t1.jpg,coronal,1,1,True,0.9995,2.9238243999994493e-07
TrustSeg-XAI,D:\brain_tumor\🧠 Brain Tumor MRI Dataset\classification_task\test\meningioma\brisc2025_test_00461_me_co_t1.jpg,coronal,1,1,True,1.0,7.011999999999999e-13
TrustSeg-XAI,D:\brain_tumor\🧠 Brain Tumor MRI Dataset\classification_task\test\meningioma\brisc2025_test_00462_me_co_t1.jpg,coronal,1,1,True,1.0,3.1852e-12
TrustSeg-XAI,D:\brain_tumor\🧠 Brain Tumor MRI Dataset\classification_task\test\meningioma\brisc2025_test_00463_me_co_t1.jpg,coronal,1,1,True,1.0,2.4928521000000004e-09
TrustSeg-XAI,D:\brain_tumor\🧠 Brain Tumor MRI Dataset\classification_task\test\meningioma\brisc2025_test_00464_me_co_t1.jpg,coronal,1,1,True,1.0,5.141600000000001e-12
TrustSeg-XAI,D:\brain_tumor\🧠 Brain Tumor MRI Dataset\classification_task\test\meningioma\brisc2025_test_00465_me_co_t1.jpg,coronal,1,1,True,1.0,2.8290000000000003e-11
TrustSeg-XAI,D:\brain_tumor\🧠 Brain Tumor MRI Dataset\classification_task\test\meningioma\brisc2025_test_00466_me_co_t1.jpg,coronal,1,1,True,0.9995,2.988756275999449e-07
TrustSeg-XAI,D:\brain_tumor\🧠 Brain Tumor MRI Dataset\classification_task\test\meningioma\brisc2025_test_00467_me_co_t1.jpg,coronal,1,1,True,1.0,6.049412e-10
TrustSeg-XAI,D:\brain_tumor\🧠 Brain Tumor MRI Dataset\classification_task\test\meningioma\brisc2025_test_00468_me_co_t1.jpg,coronal,1,1,True,1.0,5.8e-13
TrustSeg-XAI,D:\brain_tumor\🧠 Brain Tumor MRI Dataset\classification_task\test\meningioma\brisc2025_test_00469_me_co_t1.jpg,coronal,1,1,True,1.0,1.8096899999999998e-11
TrustSeg-XAI,D:\brain_tumor\🧠 Brain Tumor MRI Dataset\classification_task\test\meningioma\brisc2025_test_00470_me_co_t1.jpg,coronal,1,1,True,1.0,3.7394119999999996e-08
TrustSeg-XAI,D:\brain_tumor\🧠 Brain Tumor MRI Dataset\classification_task\test\meningioma\brisc2025_test_00471_me_co_t1.jpg,coronal,1,1,True,1.0,4.3982498e-09
TrustSeg-XAI,D:\brain_tumor\🧠 Brain Tumor MRI Dataset\classification_task\test\meningioma\brisc2025_test_00472_me_co_t1.jpg,coronal,1,1,True,1.0,2.6480000000000005e-11
TrustSeg-XAI,D:\brain_tumor\🧠 Brain Tumor MRI Dataset\classification_task\test\meningioma\brisc2025_test_00473_me_co_t1.jpg,coronal,1,1,True,1.0,3.9999999999999996e-13
TrustSeg-XAI,D:\brain_tumor\🧠 Brain Tumor MRI Dataset\classification_task\test\meningioma\brisc2025_test_00474_me_co_t1.jpg,coronal,1,1,True,1.0,9.925e-13
TrustSeg-XAI,D:\brain_tumor\🧠 Brain Tumor MRI Dataset\classification_task\test\meningioma\brisc2025_test_00475_me_co_t1.jpg,coronal,1,1,True,1.0,8.45819e-09
TrustSeg-XAI,D:\brain_tumor\🧠 Brain Tumor MRI Dataset\classification_task\test\meningioma\brisc2025_test_00476_me_co_t1.jpg,coronal,1,1,True,1.0,7.788999999999998e-11
TrustSeg-XAI,D:\brain_tumor\🧠 Brain Tumor MRI Dataset\classification_task\test\meningioma\brisc2025_test_00477_me_co_t1.jpg,coronal,1,1,True,1.0,3.9999999999999996e-13
TrustSeg-XAI,D:\brain_tumor\🧠 Brain Tumor MRI Dataset\classification_task\test\meningioma\brisc2025_test_00478_me_sa_t1.jpg,sagittal,1,1,True,1.0,3.0160000000000005e-13
TrustSeg-XAI,D:\brain_tumor\🧠 Brain Tumor MRI Dataset\classification_task\test\meningioma\brisc2025_test_00479_me_sa_t1.jpg,sagittal,1,1,True,1.0,3.0160000000000005e-13
TrustSeg-XAI,D:\brain_tumor\🧠 Brain Tumor MRI Dataset\classification_task\test\meningioma\brisc2025_test_00480_me_sa_t1.jpg,sagittal,1,1,True,1.0,2.1385000000000002e-12
TrustSeg-XAI,D:\brain_tumor\🧠 Brain Tumor MRI Dataset\classification_task\test\meningioma\brisc2025_test_00481_me_sa_t1.jpg,sagittal,1,1,True,1.0,1.0612e-12
TrustSeg-XAI,D:\brain_tumor\🧠 Brain Tumor MRI Dataset\classification_task\test\meningioma\brisc2025_test_00482_me_sa_t1.jpg,sagittal,1,1,True,1.0,2.2122500000000002e-11
TrustSeg-XAI,D:\brain_tumor\🧠 Brain Tumor MRI Dataset\classification_task\test\meningioma\brisc2025_test_00483_me_sa_t1.jpg,sagittal,1,1,True,1.0,4.813799999999998e-10
TrustSeg-XAI,D:\brain_tumor\🧠 Brain Tumor MRI Dataset\classification_task\test\meningioma\brisc2025_test_00484_me_sa_t1.jpg,sagittal,1,1,True,1.0,5.475999999999999e-13
TrustSeg-XAI,D:\brain_tumor\🧠 Brain Tumor MRI Dataset\classification_task\test\meningioma\brisc2025_test_00485_me_sa_t1.jpg,sagittal,1,1,True,1.0,1.94025e-11
TrustSeg-XAI,D:\brain_tumor\🧠 Brain Tumor MRI Dataset\classification_task\test\meningioma\brisc2025_test_00486_me_sa_t1.jpg,sagittal,1,1,True,1.0,1.0612e-12
TrustSeg-XAI,D:\brain_tumor\🧠 Brain Tumor MRI Dataset\classification_task\test\meningioma\brisc2025_test_00487_me_sa_t1.jpg,sagittal,1,1,True,1.0,1.65661e-11
TrustSeg-XAI,D:\brain_tumor\🧠 Brain Tumor MRI Dataset\classification_task\test\meningioma\brisc2025_test_00488_me_sa_t1.jpg,sagittal,1,1,True,1.0,9.637e-13
TrustSeg-XAI,D:\brain_tumor\🧠 Brain Tumor MRI Dataset\classification_task\test\meningioma\brisc2025_test_00489_me_sa_t1.jpg,sagittal,1,1,True,1.0,8.012960000000001e-11
TrustSeg-XAI,D:\brain_tumor\🧠 Brain Tumor MRI Dataset\classification_task\test\meningioma\brisc2025_test_00490_me_sa_t1.jpg,sagittal,1,1,True,1.0,1.2667700000000002e-11
TrustSeg-XAI,D:\brain_tumor\🧠 Brain Tumor MRI Dataset\classification_task\test\meningioma\brisc2025_test_00491_me_sa_t1.jpg,sagittal,1,1,True,1.0,1.5012e-12
TrustSeg-XAI,D:\brain_tumor\🧠 Brain Tumor MRI Dataset\classification_task\test\meningioma\brisc2025_test_00492_me_sa_t1.jpg,sagittal,1,1,True,1.0,2.6e-13
TrustSeg-XAI,D:\brain_tumor\🧠 Brain Tumor MRI Dataset\classification_task\test\meningioma\brisc2025_test_00493_me_sa_t1.jpg,sagittal,1,1,True,1.0,2.73e-12
TrustSeg-XAI,D:\brain_tumor\🧠 Brain Tumor MRI Dataset\classification_task\test\meningioma\brisc2025_test_00494_me_sa_t1.jpg,sagittal,1,1,True,1.0,1.4368999999999999e-12
TrustSeg-XAI,D:\brain_tumor\🧠 Brain Tumor MRI Dataset\classification_task\test\meningioma\brisc2025_test_00495_me_sa_t1.jpg,sagittal,1,1,True,1.0,5.8361e-12
TrustSeg-XAI,D:\brain_tumor\🧠 Brain Tumor MRI Dataset\classification_task\test\meningioma\brisc2025_test_00496_me_sa_t1.jpg,sagittal,1,1,True,1.0,3.0831352e-09
TrustSeg-XAI,D:\brain_tumor\🧠 Brain Tumor MRI Dataset\classification_task\test\meningioma\brisc2025_test_00497_me_sa_t1.jpg,sagittal,1,1,True,1.0,3.0144900000000003e-11
TrustSeg-XAI,D:\brain_tumor\🧠 Brain Tumor MRI Dataset\classification_task\test\meningioma\brisc2025_test_00498_me_sa_t1.jpg,sagittal,1,1,True,1.0,6.3992000000000004e-12
TrustSeg-XAI,D:\brain_tumor\🧠 Brain Tumor MRI Dataset\classification_task\test\meningioma\brisc2025_test_00499_me_sa_t1.jpg,sagittal,1,1,True,1.0,1.183697e-10
TrustSeg-XAI,D:\brain_tumor\🧠 Brain Tumor MRI Dataset\classification_task\test\meningioma\brisc2025_test_00500_me_sa_t1.jpg,sagittal,1,1,True,0.9995,3.1583995559994496e-07
TrustSeg-XAI,D:\brain_tumor\🧠 Brain Tumor MRI Dataset\classification_task\test\meningioma\brisc2025_test_00501_me_sa_t1.jpg,sagittal,1,1,True,1.0,1.27916e-11
TrustSeg-XAI,D:\brain_tumor\🧠 Brain Tumor MRI Dataset\classification_task\test\meningioma\brisc2025_test_00502_me_sa_t1.jpg,sagittal,1,1,True,0.999,1.528350900000002e-06
TrustSeg-XAI,D:\brain_tumor\🧠 Brain Tumor MRI Dataset\classification_task\test\meningioma\brisc2025_test_00503_me_sa_t1.jpg,sagittal,1,1,True,0.9995,3.0186313999994493e-07
TrustSeg-XAI,D:\brain_tumor\🧠 Brain Tumor MRI Dataset\classification_task\test\meningioma\brisc2025_test_00504_me_sa_t1.jpg,sagittal,1,1,True,0.999,1.394314510000002e-06
TrustSeg-XAI,D:\brain_tumor\🧠 Brain Tumor MRI Dataset\classification_task\test\meningioma\brisc2025_test_00505_me_sa_t1.jpg,sagittal,1,1,True,1.0,1.03089e-11
TrustSeg-XAI,D:\brain_tumor\🧠 Brain Tumor MRI Dataset\classification_task\test\meningioma\brisc2025_test_00506_me_sa_t1.jpg,sagittal,1,1,True,1.0,7.127999999999999e-11
TrustSeg-XAI,D:\brain_tumor\🧠 Brain Tumor MRI Dataset\classification_task\test\meningioma\brisc2025_test_00507_me_sa_t1.jpg,sagittal,1,1,True,1.0,1.0941689999999999e-10
TrustSeg-XAI,D:\brain_tumor\🧠 Brain Tumor MRI Dataset\classification_task\test\meningioma\brisc2025_test_00508_me_sa_t1.jpg,sagittal,1,1,True,1.0,9.9830036e-09
TrustSeg-XAI,D:\brain_tumor\🧠 Brain Tumor MRI Dataset\classification_task\test\meningioma\brisc2025_test_00509_me_sa_t1.jpg,sagittal,1,1,True,1.0,1.7254066999999997e-09
TrustSeg-XAI,D:\brain_tumor\🧠 Brain Tumor MRI Dataset\classification_task\test\meningioma\brisc2025_test_00510_me_sa_t1.jpg,sagittal,1,1,True,1.0,6.195999999999999e-13
TrustSeg-XAI,D:\brain_tumor\🧠 Brain Tumor MRI Dataset\classification_task\test\meningioma\brisc2025_test_00511_me_sa_t1.jpg,sagittal,1,1,True,1.0,2.0525e-11
TrustSeg-XAI,D:\brain_tumor\🧠 Brain Tumor MRI Dataset\classification_task\test\meningioma\brisc2025_test_00512_me_sa_t1.jpg,sagittal,1,1,True,0.9995,3.2473041999994495e-07
TrustSeg-XAI,D:\brain_tumor\🧠 Brain Tumor MRI Dataset\classification_task\test\meningioma\brisc2025_test_00513_me_sa_t1.jpg,sagittal,1,1,True,0.9995,4.625874620999449e-07
TrustSeg-XAI,D:\brain_tumor\🧠 Brain Tumor MRI Dataset\classification_task\test\meningioma\brisc2025_test_00514_me_sa_t1.jpg,sagittal,1,1,True,1.0,1.29e-11
TrustSeg-XAI,D:\brain_tumor\🧠 Brain Tumor MRI Dataset\classification_task\test\meningioma\brisc2025_test_00515_me_sa_t1.jpg,sagittal,1,1,True,1.0,1.3669e-12
TrustSeg-XAI,D:\brain_tumor\🧠 Brain Tumor MRI Dataset\classification_task\test\meningioma\brisc2025_test_00516_me_sa_t1.jpg,sagittal,1,1,True,1.0,1.9212499999999996e-11
TrustSeg-XAI,D:\brain_tumor\🧠 Brain Tumor MRI Dataset\classification_task\test\meningioma\brisc2025_test_00517_me_sa_t1.jpg,sagittal,1,1,True,1.0,1.9431249999999997e-10
TrustSeg-XAI,D:\brain_tumor\🧠 Brain Tumor MRI Dataset\classification_task\test\meningioma\brisc2025_test_00518_me_sa_t1.jpg,sagittal,1,1,True,1.0,1.0355599999999998e-11
TrustSeg-XAI,D:\brain_tumor\🧠 Brain Tumor MRI Dataset\classification_task\test\meningioma\brisc2025_test_00519_me_sa_t1.jpg,sagittal,1,1,True,1.0,4.69225e-11
TrustSeg-XAI,D:\brain_tumor\🧠 Brain Tumor MRI Dataset\classification_task\test\meningioma\brisc2025_test_00520_me_sa_t1.jpg,sagittal,1,1,True,1.0,4.38501e-11
TrustSeg-XAI,D:\brain_tumor\🧠 Brain Tumor MRI Dataset\classification_task\test\meningioma\brisc2025_test_00521_me_sa_t1.jpg,sagittal,1,1,True,0.9985,3.421872627599838e-06
TrustSeg-XAI,D:\brain_tumor\🧠 Brain Tumor MRI Dataset\classification_task\test\meningioma\brisc2025_test_00522_me_sa_t1.jpg,sagittal,1,1,True,0.777,0.09923570149444
TrustSeg-XAI,D:\brain_tumor\🧠 Brain Tumor MRI Dataset\classification_task\test\meningioma\brisc2025_test_00523_me_sa_t1.jpg,sagittal,1,1,True,1.0,6.899000000000001e-10
TrustSeg-XAI,D:\brain_tumor\🧠 Brain Tumor MRI Dataset\classification_task\test\meningioma\brisc2025_test_00524_me_sa_t1.jpg,sagittal,1,1,True,1.0,7.789e-13
TrustSeg-XAI,D:\brain_tumor\🧠 Brain Tumor MRI Dataset\classification_task\test\meningioma\brisc2025_test_00525_me_sa_t1.jpg,sagittal,1,1,True,1.0,4.932000000000001e-13
TrustSeg-XAI,D:\brain_tumor\🧠 Brain Tumor MRI Dataset\classification_task\test\meningioma\brisc2025_test_00526_me_sa_t1.jpg,sagittal,1,1,True,1.0,4.25342676e-08
TrustSeg-XAI,D:\brain_tumor\🧠 Brain Tumor MRI Dataset\classification_task\test\meningioma\brisc2025_test_00527_me_sa_t1.jpg,sagittal,1,1,True,0.9995,2.904086324999449e-07
TrustSeg-XAI,D:\brain_tumor\🧠 Brain Tumor MRI Dataset\classification_task\test\meningioma\brisc2025_test_00528_me_sa_t1.jpg,sagittal,1,1,True,1.0,1.6219999999999997e-11
TrustSeg-XAI,D:\brain_tumor\🧠 Brain Tumor MRI Dataset\classification_task\test\meningioma\brisc2025_test_00529_me_sa_t1.jpg,sagittal,1,1,True,1.0,6.1992e-12
TrustSeg-XAI,D:\brain_tumor\🧠 Brain Tumor MRI Dataset\classification_task\test\meningioma\brisc2025_test_00530_me_sa_t1.jpg,sagittal,1,1,True,1.0,1.4340856000000002e-09
TrustSeg-XAI,D:\brain_tumor\🧠 Brain Tumor MRI Dataset\classification_task\test\meningioma\brisc2025_test_00531_me_sa_t1.jpg,sagittal,1,1,True,1.0,2.5489999999999997e-11
TrustSeg-XAI,D:\brain_tumor\🧠 Brain Tumor MRI Dataset\classification_task\test\meningioma\brisc2025_test_00532_me_sa_t1.jpg,sagittal,1,1,True,1.0,5.4787599999999996e-11
TrustSeg-XAI,D:\brain_tumor\🧠 Brain Tumor MRI Dataset\classification_task\test\meningioma\brisc2025_test_00533_me_sa_t1.jpg,sagittal,1,0,False,1.0,1.9999269213582915
TrustSeg-XAI,D:\brain_tumor\🧠 Brain Tumor MRI Dataset\classification_task\test\meningioma\brisc2025_test_00534_me_sa_t1.jpg,sagittal,1,1,True,1.0,9.925e-13
TrustSeg-XAI,D:\brain_tumor\🧠 Brain Tumor MRI Dataset\classification_task\test\meningioma\brisc2025_test_00535_me_sa_t1.jpg,sagittal,1,1,True,1.0,1.4047976e-09
TrustSeg-XAI,D:\brain_tumor\🧠 Brain Tumor MRI Dataset\classification_task\test\meningioma\brisc2025_test_00536_me_sa_t1.jpg,sagittal,1,1,True,1.0,3.9116000000000004e-12
TrustSeg-XAI,D:\brain_tumor\🧠 Brain Tumor MRI Dataset\classification_task\test\meningioma\brisc2025_test_00537_me_sa_t1.jpg,sagittal,1,1,True,1.0,5.141600000000001e-12
TrustSeg-XAI,D:\brain_tumor\🧠 Brain Tumor MRI Dataset\classification_task\test\meningioma\brisc2025_test_00538_me_sa_t1.jpg,sagittal,1,1,True,1.0,6.842285000000001e-10
TrustSeg-XAI,D:\brain_tumor\🧠 Brain Tumor MRI Dataset\classification_task\test\meningioma\brisc2025_test_00539_me_sa_t1.jpg,sagittal,1,1,True,1.0,6.10049e-11
TrustSeg-XAI,D:\brain_tumor\🧠 Brain Tumor MRI Dataset\classification_task\test\meningioma\brisc2025_test_00540_me_sa_t1.jpg,sagittal,1,1,True,1.0,2.1236e-12
TrustSeg-XAI,D:\brain_tumor\🧠 Brain Tumor MRI Dataset\classification_task\test\meningioma\brisc2025_test_00541_me_sa_t1.jpg,sagittal,1,1,True,1.0,3.7036e-12
TrustSeg-XAI,D:\brain_tumor\🧠 Brain Tumor MRI Dataset\classification_task\test\meningioma\brisc2025_test_00542_me_sa_t1.jpg,sagittal,1,1,True,1.0,3.20804e-09
TrustSeg-XAI,D:\brain_tumor\🧠 Brain Tumor MRI Dataset\classification_task\test\meningioma\brisc2025_test_00543_me_sa_t1.jpg,sagittal,1,1,True,1.0,2.357e-11
TrustSeg-XAI,D:\brain_tumor\🧠 Brain Tumor MRI Dataset\classification_task\test\meningioma\brisc2025_test_00544_me_sa_t1.jpg,sagittal,1,1,True,1.0,2.32560356e-08
TrustSeg-XAI,D:\brain_tumor\🧠 Brain Tumor MRI Dataset\classification_task\test\meningioma\brisc2025_test_00545_me_sa_t1.jpg,sagittal,1,1,True,1.0,4.2276899999999996e-11
TrustSeg-XAI,D:\brain_tumor\🧠 Brain Tumor MRI Dataset\classification_task\test\meningioma\brisc2025_test_00546_me_sa_t1.jpg,sagittal,1,1,True,1.0,1.6035999999999998e-12
TrustSeg-XAI,D:\brain_tumor\🧠 Brain Tumor MRI Dataset\classification_task\test\meningioma\brisc2025_test_00547_me_sa_t1.jpg,sagittal,1,1,True,1.0,4.0492e-12
TrustSeg-XAI,D:\brain_tumor\🧠 Brain Tumor MRI Dataset\classification_task\test\meningioma\brisc2025_test_00548_me_sa_t1.jpg,sagittal,1,1,True,1.0,1.3396e-12
TrustSeg-XAI,D:\brain_tumor\🧠 Brain Tumor MRI Dataset\classification_task\test\meningioma\brisc2025_test_00549_me_sa_t1.jpg,sagittal,1,1,True,1.0,1.9892900000000002e-11
TrustSeg-XAI,D:\brain_tumor\🧠 Brain Tumor MRI Dataset\classification_task\test\meningioma\brisc2025_test_00550_me_sa_t1.jpg,sagittal,1,1,True,1.0,1.180676e-10
TrustSeg-XAI,D:\brain_tumor\🧠 Brain Tumor MRI Dataset\classification_task\test\meningioma\brisc2025_test_00551_me_sa_t1.jpg,sagittal,1,1,True,1.0,4.705199999999999e-12
TrustSeg-XAI,D:\brain_tumor\🧠 Brain Tumor MRI Dataset\classification_task\test\meningioma\brisc2025_test_00552_me_sa_t1.jpg,sagittal,1,1,True,1.0,1.8185090000000003e-08
TrustSeg-XAI,D:\brain_tumor\🧠 Brain Tumor MRI Dataset\classification_task\test\meningioma\brisc2025_test_00553_me_sa_t1.jpg,sagittal,1,1,True,1.0,1.8926899999999997e-11
TrustSeg-XAI,D:\brain_tumor\🧠 Brain Tumor MRI Dataset\classification_task\test\meningioma\brisc2025_test_00554_me_sa_t1.jpg,sagittal,1,1,True,1.0,3.9999999999999996e-13
TrustSeg-XAI,D:\brain_tumor\🧠 Brain Tumor MRI Dataset\classification_task\test\meningioma\brisc2025_test_00555_me_sa_t1.jpg,sagittal,1,1,True,1.0,9.601000000000001e-13
TrustSeg-XAI,D:\brain_tumor\🧠 Brain Tumor MRI Dataset\classification_task\test\meningioma\brisc2025_test_00556_me_sa_t1.jpg,sagittal,1,1,True,1.0,4.02696e-11
TrustSeg-XAI,D:\brain_tumor\🧠 Brain Tumor MRI Dataset\classification_task\test\meningioma\brisc2025_test_00557_me_sa_t1.jpg,sagittal,1,1,True,1.0,4.1090925e-09
TrustSeg-XAI,D:\brain_tumor\🧠 Brain Tumor MRI Dataset\classification_task\test\meningioma\brisc2025_test_00558_me_sa_t1.jpg,sagittal,1,1,True,0.9995,5.974573084999449e-07
TrustSeg-XAI,D:\brain_tumor\🧠 Brain Tumor MRI Dataset\classification_task\test\meningioma\brisc2025_test_00559_me_sa_t1.jpg,sagittal,1,1,True,1.0,1.215226e-10
TrustSeg-XAI,D:\brain_tumor\🧠 Brain Tumor MRI Dataset\classification_task\test\meningioma\brisc2025_test_00560_me_sa_t1.jpg,sagittal,1,1,True,1.0,1.3036e-12
TrustSeg-XAI,D:\brain_tumor\🧠 Brain Tumor MRI Dataset\classification_task\test\no_tumor\brisc2025_test_00561_no_ax_t1.jpg,axial,3,3,True,1.0,1.0169999999999999e-11
TrustSeg-XAI,D:\brain_tumor\🧠 Brain Tumor MRI Dataset\classification_task\test\no_tumor\brisc2025_test_00562_no_ax_t1.jpg,axial,3,3,True,1.0,6.6915999999999995e-12
TrustSeg-XAI,D:\brain_tumor\🧠 Brain Tumor MRI Dataset\classification_task\test\no_tumor\brisc2025_test_00563_no_ax_t1.jpg,axial,3,3,True,1.0,4.8817e-12
TrustSeg-XAI,D:\brain_tumor\🧠 Brain Tumor MRI Dataset\classification_task\test\no_tumor\brisc2025_test_00564_no_ax_t1.jpg,axial,3,3,True,1.0,5.567200000000001e-12
TrustSeg-XAI,D:\brain_tumor\🧠 Brain Tumor MRI Dataset\classification_task\test\no_tumor\brisc2025_test_00565_no_ax_t1.jpg,axial,3,3,True,1.0,4.2896e-12
TrustSeg-XAI,D:\brain_tumor\🧠 Brain Tumor MRI Dataset\classification_task\test\no_tumor\brisc2025_test_00566_no_ax_t1.jpg,axial,3,3,True,1.0,4.1005e-12
TrustSeg-XAI,D:\brain_tumor\🧠 Brain Tumor MRI Dataset\classification_task\test\no_tumor\brisc2025_test_00567_no_ax_t1.jpg,axial,3,3,True,1.0,4.1705000000000005e-12
TrustSeg-XAI,D:\brain_tumor\🧠 Brain Tumor MRI Dataset\classification_task\test\no_tumor\brisc2025_test_00568_no_ax_t1.jpg,axial,3,3,True,1.0,6.963600000000001e-12
TrustSeg-XAI,D:\brain_tumor\🧠 Brain Tumor MRI Dataset\classification_task\test\no_tumor\brisc2025_test_00569_no_ax_t1.jpg,axial,3,3,True,1.0,6.963600000000001e-12
TrustSeg-XAI,D:\brain_tumor\🧠 Brain Tumor MRI Dataset\classification_task\test\no_tumor\brisc2025_test_00570_no_ax_t1.jpg,axial,3,3,True,1.0,8.049200000000001e-12
TrustSeg-XAI,D:\brain_tumor\🧠 Brain Tumor MRI Dataset\classification_task\test\no_tumor\brisc2025_test_00571_no_ax_t1.jpg,axial,3,3,True,1.0,6.660000000000001e-12
TrustSeg-XAI,D:\brain_tumor\🧠 Brain Tumor MRI Dataset\classification_task\test\no_tumor\brisc2025_test_00572_no_ax_t1.jpg,axial,3,3,True,1.0,5.2500000000000004e-12
TrustSeg-XAI,D:\brain_tumor\🧠 Brain Tumor MRI Dataset\classification_task\test\no_tumor\brisc2025_test_00573_no_ax_t1.jpg,axial,3,3,True,1.0,6.660000000000001e-12
TrustSeg-XAI,D:\brain_tumor\🧠 Brain Tumor MRI Dataset\classification_task\test\no_tumor\brisc2025_test_00574_no_ax_t1.jpg,axial,3,3,True,1.0,6.3636e-12
TrustSeg-XAI,D:\brain_tumor\🧠 Brain Tumor MRI Dataset\classification_task\test\no_tumor\brisc2025_test_00575_no_ax_t1.jpg,axial,3,3,True,1.0,6.17e-12
TrustSeg-XAI,D:\brain_tumor\🧠 Brain Tumor MRI Dataset\classification_task\test\no_tumor\brisc2025_test_00576_no_ax_t1.jpg,axial,3,3,True,1.0,6.17e-12
TrustSeg-XAI,D:\brain_tumor\🧠 Brain Tumor MRI Dataset\classification_task\test\no_tumor\brisc2025_test_00577_no_ax_t1.jpg,axial,3,3,True,1.0,5.2196e-12
TrustSeg-XAI,D:\brain_tumor\🧠 Brain Tumor MRI Dataset\classification_task\test\no_tumor\brisc2025_test_00578_no_ax_t1.jpg,axial,3,3,True,1.0,5.7176e-12
TrustSeg-XAI,D:\brain_tumor\🧠 Brain Tumor MRI Dataset\classification_task\test\no_tumor\brisc2025_test_00579_no_ax_t1.jpg,axial,3,3,True,1.0,6.4952e-12
TrustSeg-XAI,D:\brain_tumor\🧠 Brain Tumor MRI Dataset\classification_task\test\no_tumor\brisc2025_test_00580_no_ax_t1.jpg,axial,3,3,True,1.0,6.860000000000001e-12
TrustSeg-XAI,D:\brain_tumor\🧠 Brain Tumor MRI Dataset\classification_task\test\no_tumor\brisc2025_test_00581_no_ax_t1.jpg,axial,3,3,True,1.0,6.4952e-12
TrustSeg-XAI,D:\brain_tumor\🧠 Brain Tumor MRI Dataset\classification_task\test\no_tumor\brisc2025_test_00582_no_ax_t1.jpg,axial,3,3,True,1.0,5.0955999999999994e-12
TrustSeg-XAI,D:\brain_tumor\🧠 Brain Tumor MRI Dataset\classification_task\test\no_tumor\brisc2025_test_00583_no_ax_t1.jpg,axial,3,3,True,1.0,7.0225e-12
TrustSeg-XAI,D:\brain_tumor\🧠 Brain Tumor MRI Dataset\classification_task\test\no_tumor\brisc2025_test_00584_no_ax_t1.jpg,axial,3,3,True,1.0,6.552500000000001e-12
TrustSeg-XAI,D:\brain_tumor\🧠 Brain Tumor MRI Dataset\classification_task\test\no_tumor\brisc2025_test_00585_no_ax_t1.jpg,axial,3,3,True,1.0,5.074100000000001e-12
TrustSeg-XAI,D:\brain_tumor\🧠 Brain Tumor MRI Dataset\classification_task\test\no_tumor\brisc2025_test_00586_no_ax_t1.jpg,axial,3,3,True,1.0,1.29289e-11
TrustSeg-XAI,D:\brain_tumor\🧠 Brain Tumor MRI Dataset\classification_task\test\no_tumor\brisc2025_test_00587_no_ax_t1.jpg,axial,3,3,True,1.0,6.2216e-12
TrustSeg-XAI,D:\brain_tumor\🧠 Brain Tumor MRI Dataset\classification_task\test\no_tumor\brisc2025_test_00588_no_ax_t1.jpg,axial,3,3,True,1.0,4.9883000000000006e-11
TrustSeg-XAI,D:\brain_tumor\🧠 Brain Tumor MRI Dataset\classification_task\test\no_tumor\brisc2025_test_00589_no_ax_t1.jpg,axial,3,3,True,1.0,8.453600000000001e-10
TrustSeg-XAI,D:\brain_tumor\🧠 Brain Tumor MRI Dataset\classification_task\test\no_tumor\brisc2025_test_00590_no_ax_t1.jpg,axial,3,3,True,1.0,9.485599999999999e-12
TrustSeg-XAI,D:\brain_tumor\🧠 Brain Tumor MRI Dataset\classification_task\test\no_tumor\brisc2025_test_00591_no_ax_t1.jpg,axial,3,3,True,1.0,5.3600000000000006e-12
TrustSeg-XAI,D:\brain_tumor\🧠 Brain Tumor MRI Dataset\classification_task\test\no_tumor\brisc2025_test_00592_no_ax_t1.jpg,axial,3,3,True,1.0,9.341600000000001e-12
TrustSeg-XAI,D:\brain_tumor\🧠 Brain Tumor MRI Dataset\classification_task\test\no_tumor\brisc2025_test_00593_no_ax_t1.jpg,axial,3,3,True,1.0,1.0000000000000001e-11
TrustSeg-XAI,D:\brain_tumor\🧠 Brain Tumor MRI Dataset\classification_task\test\no_tumor\brisc2025_test_00594_no_ax_t1.jpg,axial,3,3,True,1.0,1.7652499999999997e-11
TrustSeg-XAI,D:\brain_tumor\🧠 Brain Tumor MRI Dataset\classification_task\test\no_tumor\brisc2025_test_00595_no_ax_t1.jpg,axial,3,3,True,1.0,1.1099999999999999e-11
TrustSeg-XAI,D:\brain_tumor\🧠 Brain Tumor MRI Dataset\classification_task\test\no_tumor\brisc2025_test_00596_no_ax_t1.jpg,axial,3,3,True,1.0,1.3762500000000002e-11
TrustSeg-XAI,D:\brain_tumor\🧠 Brain Tumor MRI Dataset\classification_task\test\no_tumor\brisc2025_test_00597_no_ax_t1.jpg,axial,3,3,True,1.0,1.2006899999999998e-11
TrustSeg-XAI,D:\brain_tumor\🧠 Brain Tumor MRI Dataset\classification_task\test\no_tumor\brisc2025_test_00598_no_ax_t1.jpg,axial,3,3,True,1.0,1.48425e-11
TrustSeg-XAI,D:\brain_tumor\🧠 Brain Tumor MRI Dataset\classification_task\test\no_tumor\brisc2025_test_00599_no_ax_t1.jpg,axial,3,3,True,1.0,1.2591200000000002e-11
TrustSeg-XAI,D:\brain_tumor\🧠 Brain Tumor MRI Dataset\classification_task\test\no_tumor\brisc2025_test_00600_no_ax_t1.jpg,axial,3,3,True,1.0,8.73e-12
TrustSeg-XAI,D:\brain_tumor\🧠 Brain Tumor MRI Dataset\classification_task\test\no_tumor\brisc2025_test_00601_no_ax_t1.jpg,axial,3,3,True,1.0,1.1578099999999999e-11
TrustSeg-XAI,D:\brain_tumor\🧠 Brain Tumor MRI Dataset\classification_task\test\no_tumor\brisc2025_test_00602_no_ax_t1.jpg,axial,3,3,True,1.0,1.2089999999999999e-11
TrustSeg-XAI,D:\brain_tumor\🧠 Brain Tumor MRI Dataset\classification_task\test\no_tumor\brisc2025_test_00603_no_ax_t1.jpg,axial,3,3,True,1.0,8.8312e-12
TrustSeg-XAI,D:\brain_tumor\🧠 Brain Tumor MRI Dataset\classification_task\test\no_tumor\brisc2025_test_00604_no_ax_t1.jpg,axial,3,3,True,1.0,4.621160000000001e-11
TrustSeg-XAI,D:\brain_tumor\🧠 Brain Tumor MRI Dataset\classification_task\test\no_tumor\brisc2025_test_00605_no_ax_t1.jpg,axial,3,3,True,1.0,8.071599999999999e-12
TrustSeg-XAI,D:\brain_tumor\🧠 Brain Tumor MRI Dataset\classification_task\test\no_tumor\brisc2025_test_00606_no_ax_t1.jpg,axial,3,3,True,1.0,7.97525e-11
TrustSeg-XAI,D:\brain_tumor\🧠 Brain Tumor MRI Dataset\classification_task\test\no_tumor\brisc2025_test_00607_no_ax_t1.jpg,axial,3,3,True,1.0,1.1288899999999997e-11
TrustSeg-XAI,D:\brain_tumor\🧠 Brain Tumor MRI Dataset\classification_task\test\no_tumor\brisc2025_test_00608_no_ax_t1.jpg,axial,3,3,True,1.0,4.929999999999999e-12
TrustSeg-XAI,D:\brain_tumor\🧠 Brain Tumor MRI Dataset\classification_task\test\no_tumor\brisc2025_test_00609_no_ax_t1.jpg,axial,3,3,True,1.0,1.2228100000000001e-11
TrustSeg-XAI,D:\brain_tumor\🧠 Brain Tumor MRI Dataset\classification_task\test\no_tumor\brisc2025_test_00610_no_ax_t1.jpg,axial,3,3,True,1.0,8.721200000000001e-12
TrustSeg-XAI,D:\brain_tumor\🧠 Brain Tumor MRI Dataset\classification_task\test\no_tumor\brisc2025_test_00611_no_ax_t1.jpg,axial,3,3,True,1.0,1.685e-11
TrustSeg-XAI,D:\brain_tumor\🧠 Brain Tumor MRI Dataset\classification_task\test\no_tumor\brisc2025_test_00612_no_ax_t1.jpg,axial,3,3,True,1.0,1.1099999999999999e-11
TrustSeg-XAI,D:\brain_tumor\🧠 Brain Tumor MRI Dataset\classification_task\test\no_tumor\brisc2025_test_00613_no_co_t1.jpg,coronal,3,3,True,1.0,1.1684900000000002e-11
TrustSeg-XAI,D:\brain_tumor\🧠 Brain Tumor MRI Dataset\classification_task\test\no_tumor\brisc2025_test_00614_no_co_t1.jpg,coronal,3,3,True,1.0,1.90676e-11
TrustSeg-XAI,D:\brain_tumor\🧠 Brain Tumor MRI Dataset\classification_task\test\no_tumor\brisc2025_test_00615_no_co_t1.jpg,coronal,3,3,True,1.0,6.484100000000001e-12
TrustSeg-XAI,D:\brain_tumor\🧠 Brain Tumor MRI Dataset\classification_task\test\no_tumor\brisc2025_test_00616_no_co_t1.jpg,coronal,3,3,True,1.0,2.08976e-11
TrustSeg-XAI,D:\brain_tumor\🧠 Brain Tumor MRI Dataset\classification_task\test\no_tumor\brisc2025_test_00617_no_co_t1.jpg,coronal,3,3,True,1.0,6.8852e-12
TrustSeg-XAI,D:\brain_tumor\🧠 Brain Tumor MRI Dataset\classification_task\test\no_tumor\brisc2025_test_00618_no_co_t1.jpg,coronal,3,3,True,1.0,7.82e-12
TrustSeg-XAI,D:\brain_tumor\🧠 Brain Tumor MRI Dataset\classification_task\test\no_tumor\brisc2025_test_00619_no_co_t1.jpg,coronal,3,3,True,1.0,5.149999999999999e-12
TrustSeg-XAI,D:\brain_tumor\🧠 Brain Tumor MRI Dataset\classification_task\test\no_tumor\brisc2025_test_00620_no_co_t1.jpg,coronal,3,3,True,1.0,5.4500000000000004e-12
TrustSeg-XAI,D:\brain_tumor\🧠 Brain Tumor MRI Dataset\classification_task\test\no_tumor\brisc2025_test_00621_no_co_t1.jpg,coronal,3,3,True,1.0,5.142500000000001e-12
TrustSeg-XAI,D:\brain_tumor\🧠 Brain Tumor MRI Dataset\classification_task\test\no_tumor\brisc2025_test_00622_no_co_t1.jpg,coronal,3,3,True,1.0,5.73e-12
TrustSeg-XAI,D:\brain_tumor\🧠 Brain Tumor MRI Dataset\classification_task\test\no_tumor\brisc2025_test_00623_no_co_t1.jpg,coronal,3,3,True,1.0,4.4516e-12
TrustSeg-XAI,D:\brain_tumor\🧠 Brain Tumor MRI Dataset\classification_task\test\no_tumor\brisc2025_test_00624_no_co_t1.jpg,coronal,3,3,True,1.0,5.074100000000001e-12
TrustSeg-XAI,D:\brain_tumor\🧠 Brain Tumor MRI Dataset\classification_task\test\no_tumor\brisc2025_test_00625_no_co_t1.jpg,coronal,3,3,True,1.0,4.1705000000000005e-12
TrustSeg-XAI,D:\brain_tumor\🧠 Brain Tumor MRI Dataset\classification_task\test\no_tumor\brisc2025_test_00626_no_co_t1.jpg,coronal,3,3,True,1.0,4.819999999999999e-12
TrustSeg-XAI,D:\brain_tumor\🧠 Brain Tumor MRI Dataset\classification_task\test\no_tumor\brisc2025_test_00627_no_co_t1.jpg,coronal,3,3,True,1.0,5.2325000000000006e-12
TrustSeg-XAI,D:\brain_tumor\🧠 Brain Tumor MRI Dataset\classification_task\test\no_tumor\brisc2025_test_00628_no_co_t1.jpg,coronal,3,3,True,1.0,4.699599999999999e-12
TrustSeg-XAI,D:\brain_tumor\🧠 Brain Tumor MRI Dataset\classification_task\test\no_tumor\brisc2025_test_00629_no_co_t1.jpg,coronal,3,3,True,1.0,4.7299999999999994e-12
TrustSeg-XAI,D:\brain_tumor\🧠 Brain Tumor MRI Dataset\classification_task\test\no_tumor\brisc2025_test_00630_no_co_t1.jpg,coronal,3,3,True,1.0,5.3816000000000004e-12
TrustSeg-XAI,D:\brain_tumor\🧠 Brain Tumor MRI Dataset\classification_task\test\no_tumor\brisc2025_test_00631_no_co_t1.jpg,coronal,3,3,True,1.0,4.7299999999999994e-12
TrustSeg-XAI,D:\brain_tumor\🧠 Brain Tumor MRI Dataset\classification_task\test\no_tumor\brisc2025_test_00632_no_co_t1.jpg,coronal,3,3,True,1.0,4.819999999999999e-12
TrustSeg-XAI,D:\brain_tumor\🧠 Brain Tumor MRI Dataset\classification_task\test\no_tumor\brisc2025_test_00633_no_co_t1.jpg,coronal,3,3,True,1.0,5.2500000000000004e-12
TrustSeg-XAI,D:\brain_tumor\🧠 Brain Tumor MRI Dataset\classification_task\test\no_tumor\brisc2025_test_00634_no_co_t1.jpg,coronal,3,3,True,1.0,5.7e-12
TrustSeg-XAI,D:\brain_tumor\🧠 Brain Tumor MRI Dataset\classification_task\test\no_tumor\brisc2025_test_00635_no_co_t1.jpg,coronal,3,3,True,1.0,5.9e-12
TrustSeg-XAI,D:\brain_tumor\🧠 Brain Tumor MRI Dataset\classification_task\test\no_tumor\brisc2025_test_00636_no_co_t1.jpg,coronal,3,3,True,1.0,5.4276e-12
TrustSeg-XAI,D:\brain_tumor\🧠 Brain Tumor MRI Dataset\classification_task\test\no_tumor\brisc2025_test_00637_no_co_t1.jpg,coronal,3,3,True,1.0,6.2736e-12
TrustSeg-XAI,D:\brain_tumor\🧠 Brain Tumor MRI Dataset\classification_task\test\no_tumor\brisc2025_test_00638_no_co_t1.jpg,coronal,3,3,True,1.0,4.699599999999999e-12
TrustSeg-XAI,D:\brain_tumor\🧠 Brain Tumor MRI Dataset\classification_task\test\no_tumor\brisc2025_test_00639_no_co_t1.jpg,coronal,3,3,True,1.0,5.8316e-12
TrustSeg-XAI,D:\brain_tumor\🧠 Brain Tumor MRI Dataset\classification_task\test\no_tumor\brisc2025_test_00640_no_co_t1.jpg,coronal,3,3,True,1.0,7.0800000000000005e-12
TrustSeg-XAI,D:\brain_tumor\🧠 Brain Tumor MRI Dataset\classification_task\test\no_tumor\brisc2025_test_00641_no_co_t1.jpg,coronal,3,3,True,1.0,6.17e-12
TrustSeg-XAI,D:\brain_tumor\🧠 Brain Tumor MRI Dataset\classification_task\test\no_tumor\brisc2025_test_00642_no_co_t1.jpg,coronal,3,3,True,1.0,5.032500000000001e-12
TrustSeg-XAI,D:\brain_tumor\🧠 Brain Tumor MRI Dataset\classification_task\test\no_tumor\brisc2025_test_00643_no_co_t1.jpg,coronal,3,3,True,1.0,5.5796e-12
TrustSeg-XAI,D:\brain_tumor\🧠 Brain Tumor MRI Dataset\classification_task\test\no_tumor\brisc2025_test_00644_no_co_t1.jpg,coronal,3,3,True,1.0,5.5796e-12
TrustSeg-XAI,D:\brain_tumor\🧠 Brain Tumor MRI Dataset\classification_task\test\no_tumor\brisc2025_test_00645_no_co_t1.jpg,coronal,3,3,True,1.0,5.6100000000000005e-12
TrustSeg-XAI,D:\brain_tumor\🧠 Brain Tumor MRI Dataset\classification_task\test\no_tumor\brisc2025_test_00646_no_co_t1.jpg,coronal,3,3,True,1.0,5.6276e-12
TrustSeg-XAI,D:\brain_tumor\🧠 Brain Tumor MRI Dataset\classification_task\test\no_tumor\brisc2025_test_00647_no_co_t1.jpg,coronal,3,3,True,1.0,5.5796e-12
TrustSeg-XAI,D:\brain_tumor\🧠 Brain Tumor MRI Dataset\classification_task\test\no_tumor\brisc2025_test_00648_no_co_t1.jpg,coronal,3,3,True,1.0,4.3796e-12
TrustSeg-XAI,D:\brain_tumor\🧠 Brain Tumor MRI Dataset\classification_task\test\no_tumor\brisc2025_test_00649_no_co_t1.jpg,coronal,3,3,True,1.0,5.1296e-12
TrustSeg-XAI,D:\brain_tumor\🧠 Brain Tumor MRI Dataset\classification_task\test\no_tumor\brisc2025_test_00650_no_co_t1.jpg,coronal,3,3,True,1.0,5.308100000000001e-12
TrustSeg-XAI,D:\brain_tumor\🧠 Brain Tumor MRI Dataset\classification_task\test\no_tumor\brisc2025_test_00651_no_co_t1.jpg,coronal,3,3,True,1.0,4.2896e-12
TrustSeg-XAI,D:\brain_tumor\🧠 Brain Tumor MRI Dataset\classification_task\test\no_tumor\brisc2025_test_00652_no_co_t1.jpg,coronal,3,3,True,1.0,5.160000000000001e-12
TrustSeg-XAI,D:\brain_tumor\🧠 Brain Tumor MRI Dataset\classification_task\test\no_tumor\brisc2025_test_00653_no_co_t1.jpg,coronal,3,3,True,1.0,4.9121000000000004e-12
TrustSeg-XAI,D:\brain_tumor\🧠 Brain Tumor MRI Dataset\classification_task\test\no_tumor\brisc2025_test_00654_no_co_t1.jpg,coronal,3,3,True,1.0,5.2500000000000004e-12
TrustSeg-XAI,D:\brain_tumor\🧠 Brain Tumor MRI Dataset\classification_task\test\no_tumor\brisc2025_test_00655_no_co_t1.jpg,coronal,3,3,True,1.0,4.929999999999999e-12
TrustSeg-XAI,D:\brain_tumor\🧠 Brain Tumor MRI Dataset\classification_task\test\no_tumor\brisc2025_test_00656_no_co_t1.jpg,coronal,3,3,True,1.0,1.9740000000000004e-11
TrustSeg-XAI,D:\brain_tumor\🧠 Brain Tumor MRI Dataset\classification_task\test\no_tumor\brisc2025_test_00657_no_co_t1.jpg,coronal,3,3,True,1.0,4.332500000000001e-12
TrustSeg-XAI,D:\brain_tumor\🧠 Brain Tumor MRI Dataset\classification_task\test\no_tumor\brisc2025_test_00658_no_co_t1.jpg,coronal,3,3,True,1.0,1.5402500000000002e-11
TrustSeg-XAI,D:\brain_tumor\🧠 Brain Tumor MRI Dataset\classification_task\test\no_tumor\brisc2025_test_00659_no_co_t1.jpg,coronal,3,3,True,1.0,8.7336e-12
TrustSeg-XAI,D:\brain_tumor\🧠 Brain Tumor MRI Dataset\classification_task\test\no_tumor\brisc2025_test_00660_no_co_t1.jpg,coronal,3,3,True,1.0,8.7336e-12
TrustSeg-XAI,D:\brain_tumor\🧠 Brain Tumor MRI Dataset\classification_task\test\no_tumor\brisc2025_test_00661_no_sa_t1.jpg,sagittal,3,3,True,1.0,5.5125e-12
TrustSeg-XAI,D:\brain_tumor\🧠 Brain Tumor MRI Dataset\classification_task\test\no_tumor\brisc2025_test_00662_no_sa_t1.jpg,sagittal,3,3,True,1.0,5.149999999999999e-12
TrustSeg-XAI,D:\brain_tumor\🧠 Brain Tumor MRI Dataset\classification_task\test\no_tumor\brisc2025_test_00663_no_sa_t1.jpg,sagittal,3,3,True,1.0,5.9416000000000005e-12
TrustSeg-XAI,D:\brain_tumor\🧠 Brain Tumor MRI Dataset\classification_task\test\no_tumor\brisc2025_test_00664_no_sa_t1.jpg,sagittal,3,3,True,1.0,4.52e-12
TrustSeg-XAI,D:\brain_tumor\🧠 Brain Tumor MRI Dataset\classification_task\test\no_tumor\brisc2025_test_00665_no_sa_t1.jpg,sagittal,3,3,True,1.0,5.149999999999999e-12
TrustSeg-XAI,D:\brain_tumor\🧠 Brain Tumor MRI Dataset\classification_task\test\no_tumor\brisc2025_test_00666_no_sa_t1.jpg,sagittal,3,3,True,1.0,5.074100000000001e-12
TrustSeg-XAI,D:\brain_tumor\🧠 Brain Tumor MRI Dataset\classification_task\test\no_tumor\brisc2025_test_00667_no_sa_t1.jpg,sagittal,3,3,True,1.0,4.929999999999999e-12
TrustSeg-XAI,D:\brain_tumor\🧠 Brain Tumor MRI Dataset\classification_task\test\no_tumor\brisc2025_test_00668_no_sa_t1.jpg,sagittal,3,3,True,1.0,4.52e-12
TrustSeg-XAI,D:\brain_tumor\🧠 Brain Tumor MRI Dataset\classification_task\test\no_tumor\brisc2025_test_00669_no_sa_t1.jpg,sagittal,3,3,True,1.0,5.525600000000001e-12
TrustSeg-XAI,D:\brain_tumor\🧠 Brain Tumor MRI Dataset\classification_task\test\no_tumor\brisc2025_test_00670_no_sa_t1.jpg,sagittal,3,3,True,1.0,5.4500000000000004e-12
TrustSeg-XAI,D:\brain_tumor\🧠 Brain Tumor MRI Dataset\classification_task\test\no_tumor\brisc2025_test_00671_no_sa_t1.jpg,sagittal,3,3,True,1.0,5.9756000000000005e-12
TrustSeg-XAI,D:\brain_tumor\🧠 Brain Tumor MRI Dataset\classification_task\test\no_tumor\brisc2025_test_00672_no_sa_t1.jpg,sagittal,3,3,True,1.0,5.435600000000001e-12
TrustSeg-XAI,D:\brain_tumor\🧠 Brain Tumor MRI Dataset\classification_task\test\no_tumor\brisc2025_test_00673_no_sa_t1.jpg,sagittal,3,3,True,1.0,5.3600000000000006e-12
TrustSeg-XAI,D:\brain_tumor\🧠 Brain Tumor MRI Dataset\classification_task\test\no_tumor\brisc2025_test_00674_no_sa_t1.jpg,sagittal,3,3,True,1.0,8.2348e-12
TrustSeg-XAI,D:\brain_tumor\🧠 Brain Tumor MRI Dataset\classification_task\test\no_tumor\brisc2025_test_00675_no_sa_t1.jpg,sagittal,3,3,True,1.0,8.2348e-12
TrustSeg-XAI,D:\brain_tumor\🧠 Brain Tumor MRI Dataset\classification_task\test\no_tumor\brisc2025_test_00676_no_sa_t1.jpg,sagittal,3,3,True,1.0,6.5636e-12
TrustSeg-XAI,D:\brain_tumor\🧠 Brain Tumor MRI Dataset\classification_task\test\no_tumor\brisc2025_test_00677_no_sa_t1.jpg,sagittal,3,3,True,1.0,6.6808e-12
TrustSeg-XAI,D:\brain_tumor\🧠 Brain Tumor MRI Dataset\classification_task\test\no_tumor\brisc2025_test_00678_no_sa_t1.jpg,sagittal,3,3,True,1.0,5.9756000000000005e-12
TrustSeg-XAI,D:\brain_tumor\🧠 Brain Tumor MRI Dataset\classification_task\test\no_tumor\brisc2025_test_00679_no_sa_t1.jpg,sagittal,3,3,True,1.0,6.901600000000001e-12
TrustSeg-XAI,D:\brain_tumor\🧠 Brain Tumor MRI Dataset\classification_task\test\no_tumor\brisc2025_test_00680_no_sa_t1.jpg,sagittal,3,3,True,1.0,6.37e-12
TrustSeg-XAI,D:\brain_tumor\🧠 Brain Tumor MRI Dataset\classification_task\test\no_tumor\brisc2025_test_00681_no_sa_t1.jpg,sagittal,3,3,True,1.0,6.791600000000001e-12
TrustSeg-XAI,D:\brain_tumor\🧠 Brain Tumor MRI Dataset\classification_task\test\no_tumor\brisc2025_test_00682_no_sa_t1.jpg,sagittal,3,3,True,1.0,1.4564099999999998e-11
TrustSeg-XAI,D:\brain_tumor\🧠 Brain Tumor MRI Dataset\classification_task\test\no_tumor\brisc2025_test_00683_no_sa_t1.jpg,sagittal,3,3,True,1.0,7.181600000000001e-12
TrustSeg-XAI,D:\brain_tumor\🧠 Brain Tumor MRI Dataset\classification_task\test\no_tumor\brisc2025_test_00684_no_sa_t1.jpg,sagittal,3,3,True,1.0,5.8316e-12
TrustSeg-XAI,D:\brain_tumor\🧠 Brain Tumor MRI Dataset\classification_task\test\no_tumor\brisc2025_test_00685_no_sa_t1.jpg,sagittal,3,3,True,1.0,6.3016e-12
TrustSeg-XAI,D:\brain_tumor\🧠 Brain Tumor MRI Dataset\classification_task\test\no_tumor\brisc2025_test_00686_no_sa_t1.jpg,sagittal,3,3,True,1.0,6.4952e-12
TrustSeg-XAI,D:\brain_tumor\🧠 Brain Tumor MRI Dataset\classification_task\test\no_tumor\brisc2025_test_00687_no_sa_t1.jpg,sagittal,3,3,True,1.0,5.5592e-12
TrustSeg-XAI,D:\brain_tumor\🧠 Brain Tumor MRI Dataset\classification_task\test\no_tumor\brisc2025_test_00688_no_sa_t1.jpg,sagittal,3,3,True,1.0,5.3600000000000006e-12
TrustSeg-XAI,D:\brain_tumor\🧠 Brain Tumor MRI Dataset\classification_task\test\no_tumor\brisc2025_test_00689_no_sa_t1.jpg,sagittal,3,3,True,1.0,7.61e-12
TrustSeg-XAI,D:\brain_tumor\🧠 Brain Tumor MRI Dataset\classification_task\test\no_tumor\brisc2025_test_00690_no_sa_t1.jpg,sagittal,3,3,True,1.0,5.7932e-12
TrustSeg-XAI,D:\brain_tumor\🧠 Brain Tumor MRI Dataset\classification_task\test\no_tumor\brisc2025_test_00691_no_sa_t1.jpg,sagittal,3,3,True,1.0,5.3600000000000006e-12
TrustSeg-XAI,D:\brain_tumor\🧠 Brain Tumor MRI Dataset\classification_task\test\no_tumor\brisc2025_test_00692_no_sa_t1.jpg,sagittal,3,3,True,1.0,5.142500000000001e-12
TrustSeg-XAI,D:\brain_tumor\🧠 Brain Tumor MRI Dataset\classification_task\test\no_tumor\brisc2025_test_00693_no_sa_t1.jpg,sagittal,3,3,True,1.0,4.929999999999999e-12
TrustSeg-XAI,D:\brain_tumor\🧠 Brain Tumor MRI Dataset\classification_task\test\no_tumor\brisc2025_test_00694_no_sa_t1.jpg,sagittal,3,3,True,1.0,5.142500000000001e-12
TrustSeg-XAI,D:\brain_tumor\🧠 Brain Tumor MRI Dataset\classification_task\test\no_tumor\brisc2025_test_00695_no_sa_t1.jpg,sagittal,3,3,True,1.0,4.52e-12
TrustSeg-XAI,D:\brain_tumor\🧠 Brain Tumor MRI Dataset\classification_task\test\no_tumor\brisc2025_test_00696_no_sa_t1.jpg,sagittal,3,3,True,1.0,6.03e-12
TrustSeg-XAI,D:\brain_tumor\🧠 Brain Tumor MRI Dataset\classification_task\test\no_tumor\brisc2025_test_00697_no_sa_t1.jpg,sagittal,3,3,True,1.0,4.7399999999999996e-12
TrustSeg-XAI,D:\brain_tumor\🧠 Brain Tumor MRI Dataset\classification_task\test\no_tumor\brisc2025_test_00698_no_sa_t1.jpg,sagittal,3,3,True,1.0,5.074100000000001e-12
TrustSeg-XAI,D:\brain_tumor\🧠 Brain Tumor MRI Dataset\classification_task\test\no_tumor\brisc2025_test_00699_no_sa_t1.jpg,sagittal,3,3,True,1.0,4.2605e-12
TrustSeg-XAI,D:\brain_tumor\🧠 Brain Tumor MRI Dataset\classification_task\test\no_tumor\brisc2025_test_00700_no_sa_t1.jpg,sagittal,3,3,True,1.0,5.0955999999999994e-12
TrustSeg-XAI,D:\brain_tumor\🧠 Brain Tumor MRI Dataset\classification_task\test\pituitary\brisc2025_test_00701_pi_ax_t1.jpg,axial,2,2,True,1.0,6.04145e-11
TrustSeg-XAI,D:\brain_tumor\🧠 Brain Tumor MRI Dataset\classification_task\test\pituitary\brisc2025_test_00702_pi_ax_t1.jpg,axial,2,2,True,1.0,1.16576e-11
TrustSeg-XAI,D:\brain_tumor\🧠 Brain Tumor MRI Dataset\classification_task\test\pituitary\brisc2025_test_00703_pi_ax_t1.jpg,axial,2,2,True,0.9995,6.314934377999449e-07
TrustSeg-XAI,D:\brain_tumor\🧠 Brain Tumor MRI Dataset\classification_task\test\pituitary\brisc2025_test_00704_pi_ax_t1.jpg,axial,2,2,True,1.0,1.9780499999999997e-10
TrustSeg-XAI,D:\brain_tumor\🧠 Brain Tumor MRI Dataset\classification_task\test\pituitary\brisc2025_test_00705_pi_ax_t1.jpg,axial,2,2,True,1.0,2.46825e-11
TrustSeg-XAI,D:\brain_tumor\🧠 Brain Tumor MRI Dataset\classification_task\test\pituitary\brisc2025_test_00706_pi_ax_t1.jpg,axial,2,2,True,1.0,3.856325e-10
TrustSeg-XAI,D:\brain_tumor\🧠 Brain Tumor MRI Dataset\classification_task\test\pituitary\brisc2025_test_00707_pi_ax_t1.jpg,axial,2,2,True,1.0,4.05e-12
TrustSeg-XAI,D:\brain_tumor\🧠 Brain Tumor MRI Dataset\classification_task\test\pituitary\brisc2025_test_00708_pi_ax_t1.jpg,axial,2,2,True,1.0,3.6541600000000003e-11
TrustSeg-XAI,D:\brain_tumor\🧠 Brain Tumor MRI Dataset\classification_task\test\pituitary\brisc2025_test_00709_pi_ax_t1.jpg,axial,2,2,True,1.0,6.432e-11
TrustSeg-XAI,D:\brain_tumor\🧠 Brain Tumor MRI Dataset\classification_task\test\pituitary\brisc2025_test_00710_pi_ax_t1.jpg,axial,2,2,True,1.0,1.55249e-11
TrustSeg-XAI,D:\brain_tumor\🧠 Brain Tumor MRI Dataset\classification_task\test\pituitary\brisc2025_test_00711_pi_ax_t1.jpg,axial,2,2,True,1.0,1.35158798e-08
TrustSeg-XAI,D:\brain_tumor\🧠 Brain Tumor MRI Dataset\classification_task\test\pituitary\brisc2025_test_00712_pi_ax_t1.jpg,axial,2,2,True,1.0,2.3090850000000002e-10
TrustSeg-XAI,D:\brain_tumor\🧠 Brain Tumor MRI Dataset\classification_task\test\pituitary\brisc2025_test_00713_pi_ax_t1.jpg,axial,2,2,True,1.0,5.81e-12
TrustSeg-XAI,D:\brain_tumor\🧠 Brain Tumor MRI Dataset\classification_task\test\pituitary\brisc2025_test_00714_pi_ax_t1.jpg,axial,2,2,True,1.0,1.6157459999999996e-10
TrustSeg-XAI,D:\brain_tumor\🧠 Brain Tumor MRI Dataset\classification_task\test\pituitary\brisc2025_test_00715_pi_ax_t1.jpg,axial,2,2,True,1.0,1.057289e-10
TrustSeg-XAI,D:\brain_tumor\🧠 Brain Tumor MRI Dataset\classification_task\test\pituitary\brisc2025_test_00716_pi_ax_t1.jpg,axial,2,2,True,1.0,5.141008999999999e-10
TrustSeg-XAI,D:\brain_tumor\🧠 Brain Tumor MRI Dataset\classification_task\test\pituitary\brisc2025_test_00717_pi_ax_t1.jpg,axial,2,2,True,1.0,1.2904999999999998e-12
TrustSeg-XAI,D:\brain_tumor\🧠 Brain Tumor MRI Dataset\classification_task\test\pituitary\brisc2025_test_00718_pi_ax_t1.jpg,axial,2,2,True,1.0,6.317600000000001e-12
TrustSeg-XAI,D:\brain_tumor\🧠 Brain Tumor MRI Dataset\classification_task\test\pituitary\brisc2025_test_00719_pi_ax_t1.jpg,axial,2,2,True,1.0,1.0135999999999998e-12
TrustSeg-XAI,D:\brain_tumor\🧠 Brain Tumor MRI Dataset\classification_task\test\pituitary\brisc2025_test_00720_pi_ax_t1.jpg,axial,2,2,True,1.0,7.75332e-11
TrustSeg-XAI,D:\brain_tumor\🧠 Brain Tumor MRI Dataset\classification_task\test\pituitary\brisc2025_test_00721_pi_ax_t1.jpg,axial,2,2,True,1.0,5.0514e-10
TrustSeg-XAI,D:\brain_tumor\🧠 Brain Tumor MRI Dataset\classification_task\test\pituitary\brisc2025_test_00722_pi_ax_t1.jpg,axial,2,2,True,1.0,8.276919999999999e-11
TrustSeg-XAI,D:\brain_tumor\🧠 Brain Tumor MRI Dataset\classification_task\test\pituitary\brisc2025_test_00723_pi_ax_t1.jpg,axial,2,2,True,1.0,2.6099999999999996e-12
TrustSeg-XAI,D:\brain_tumor\🧠 Brain Tumor MRI Dataset\classification_task\test\pituitary\brisc2025_test_00724_pi_ax_t1.jpg,axial,2,2,True,1.0,1.465816e-10
TrustSeg-XAI,D:\brain_tumor\🧠 Brain Tumor MRI Dataset\classification_task\test\pituitary\brisc2025_test_00725_pi_ax_t1.jpg,axial,2,2,True,1.0,1.5307599999999997e-11
TrustSeg-XAI,D:\brain_tumor\🧠 Brain Tumor MRI Dataset\classification_task\test\pituitary\brisc2025_test_00726_pi_ax_t1.jpg,axial,2,2,True,1.0,4.89e-12
TrustSeg-XAI,D:\brain_tumor\🧠 Brain Tumor MRI Dataset\classification_task\test\pituitary\brisc2025_test_00727_pi_ax_t1.jpg,axial,2,2,True,1.0,1.3770000000000003e-11
TrustSeg-XAI,D:\brain_tumor\🧠 Brain Tumor MRI Dataset\classification_task\test\pituitary\brisc2025_test_00728_pi_ax_t1.jpg,axial,2,2,True,1.0,3.9248225e-09
TrustSeg-XAI,D:\brain_tumor\🧠 Brain Tumor MRI Dataset\classification_task\test\pituitary\brisc2025_test_00729_pi_ax_t1.jpg,axial,2,2,True,1.0,2.7804690000000003e-10
TrustSeg-XAI,D:\brain_tumor\🧠 Brain Tumor MRI Dataset\classification_task\test\pituitary\brisc2025_test_00730_pi_ax_t1.jpg,axial,2,2,True,1.0,6.46516e-11
TrustSeg-XAI,D:\brain_tumor\🧠 Brain Tumor MRI Dataset\classification_task\test\pituitary\brisc2025_test_00731_pi_ax_t1.jpg,axial,2,2,True,1.0,7.92e-12
TrustSeg-XAI,D:\brain_tumor\🧠 Brain Tumor MRI Dataset\classification_task\test\pituitary\brisc2025_test_00732_pi_ax_t1.jpg,axial,2,2,True,1.0,2.547125e-10
TrustSeg-XAI,D:\brain_tumor\🧠 Brain Tumor MRI Dataset\classification_task\test\pituitary\brisc2025_test_00733_pi_ax_t1.jpg,axial,2,2,True,1.0,8.516599999999999e-10
TrustSeg-XAI,D:\brain_tumor\🧠 Brain Tumor MRI Dataset\classification_task\test\pituitary\brisc2025_test_00734_pi_ax_t1.jpg,axial,2,2,True,1.0,7.557600000000002e-12
TrustSeg-XAI,D:\brain_tumor\🧠 Brain Tumor MRI Dataset\classification_task\test\pituitary\brisc2025_test_00735_pi_ax_t1.jpg,axial,2,2,True,1.0,1.5761000000000001e-12
TrustSeg-XAI,D:\brain_tumor\🧠 Brain Tumor MRI Dataset\classification_task\test\pituitary\brisc2025_test_00736_pi_ax_t1.jpg,axial,2,2,True,1.0,5.701314e-10
TrustSeg-XAI,D:\brain_tumor\🧠 Brain Tumor MRI Dataset\classification_task\test\pituitary\brisc2025_test_00737_pi_ax_t1.jpg,axial,2,2,True,1.0,3.7530000000000005e-11
TrustSeg-XAI,D:\brain_tumor\🧠 Brain Tumor MRI Dataset\classification_task\test\pituitary\brisc2025_test_00738_pi_ax_t1.jpg,axial,2,2,True,1.0,3.66e-12
TrustSeg-XAI,D:\brain_tumor\🧠 Brain Tumor MRI Dataset\classification_task\test\pituitary\brisc2025_test_00739_pi_ax_t1.jpg,axial,2,2,True,1.0,1.1303200000000001e-11
TrustSeg-XAI,D:\brain_tumor\🧠 Brain Tumor MRI Dataset\classification_task\test\pituitary\brisc2025_test_00740_pi_ax_t1.jpg,axial,2,2,True,1.0,9.7576e-12
TrustSeg-XAI,D:\brain_tumor\🧠 Brain Tumor MRI Dataset\classification_task\test\pituitary\brisc2025_test_00741_pi_ax_t1.jpg,axial,2,2,True,1.0,7.4376e-12
TrustSeg-XAI,D:\brain_tumor\🧠 Brain Tumor MRI Dataset\classification_task\test\pituitary\brisc2025_test_00742_pi_ax_t1.jpg,axial,2,2,True,1.0,3.409160000000001e-11
TrustSeg-XAI,D:\brain_tumor\🧠 Brain Tumor MRI Dataset\classification_task\test\pituitary\brisc2025_test_00743_pi_ax_t1.jpg,axial,2,2,True,1.0,2.58e-12
TrustSeg-XAI,D:\brain_tumor\🧠 Brain Tumor MRI Dataset\classification_task\test\pituitary\brisc2025_test_00744_pi_ax_t1.jpg,axial,2,2,True,1.0,2.94e-12
TrustSeg-XAI,D:\brain_tumor\🧠 Brain Tumor MRI Dataset\classification_task\test\pituitary\brisc2025_test_00745_pi_ax_t1.jpg,axial,2,2,True,1.0,6.313e-11
TrustSeg-XAI,D:\brain_tumor\🧠 Brain Tumor MRI Dataset\classification_task\test\pituitary\brisc2025_test_00746_pi_ax_t1.jpg,axial,2,2,True,1.0,1.2904999999999998e-12
TrustSeg-XAI,D:\brain_tumor\🧠 Brain Tumor MRI Dataset\classification_task\test\pituitary\brisc2025_test_00747_pi_ax_t1.jpg,axial,2,2,True,1.0,4.67816e-11
TrustSeg-XAI,D:\brain_tumor\🧠 Brain Tumor MRI Dataset\classification_task\test\pituitary\brisc2025_test_00748_pi_ax_t1.jpg,axial,2,2,True,1.0,6.0036e-12
TrustSeg-XAI,D:\brain_tumor\🧠 Brain Tumor MRI Dataset\classification_task\test\pituitary\brisc2025_test_00749_pi_ax_t1.jpg,axial,2,2,True,1.0,7.549960000000001e-11
TrustSeg-XAI,D:\brain_tumor\🧠 Brain Tumor MRI Dataset\classification_task\test\pituitary\brisc2025_test_00750_pi_ax_t1.jpg,axial,2,2,True,1.0,1.1077200000000001e-11
TrustSeg-XAI,D:\brain_tumor\🧠 Brain Tumor MRI Dataset\classification_task\test\pituitary\brisc2025_test_00751_pi_ax_t1.jpg,axial,2,2,True,1.0,9.097e-13
TrustSeg-XAI,D:\brain_tumor\🧠 Brain Tumor MRI Dataset\classification_task\test\pituitary\brisc2025_test_00752_pi_ax_t1.jpg,axial,2,2,True,1.0,9.137180999999999e-10
TrustSeg-XAI,D:\brain_tumor\🧠 Brain Tumor MRI Dataset\classification_task\test\pituitary\brisc2025_test_00753_pi_ax_t1.jpg,axial,2,2,True,1.0,5.1019999999999995e-11
TrustSeg-XAI,D:\brain_tumor\🧠 Brain Tumor MRI Dataset\classification_task\test\pituitary\brisc2025_test_00754_pi_ax_t1.jpg,axial,2,2,True,1.0,2.2972499999999998e-11
TrustSeg-XAI,D:\brain_tumor\🧠 Brain Tumor MRI Dataset\classification_task\test\pituitary\brisc2025_test_00755_pi_ax_t1.jpg,axial,2,2,True,1.0,2.0649000000000006e-12
TrustSeg-XAI,D:\brain_tumor\🧠 Brain Tumor MRI Dataset\classification_task\test\pituitary\brisc2025_test_00756_pi_ax_t1.jpg,axial,2,2,True,1.0,7.4376e-12
TrustSeg-XAI,D:\brain_tumor\🧠 Brain Tumor MRI Dataset\classification_task\test\pituitary\brisc2025_test_00757_pi_ax_t1.jpg,axial,2,2,True,1.0,5.2375999999999994e-12
TrustSeg-XAI,D:\brain_tumor\🧠 Brain Tumor MRI Dataset\classification_task\test\pituitary\brisc2025_test_00758_pi_ax_t1.jpg,axial,2,2,True,1.0,1.9736e-12
TrustSeg-XAI,D:\brain_tumor\🧠 Brain Tumor MRI Dataset\classification_task\test\pituitary\brisc2025_test_00759_pi_ax_t1.jpg,axial,2,2,True,1.0,8.30092e-11
TrustSeg-XAI,D:\brain_tumor\🧠 Brain Tumor MRI Dataset\classification_task\test\pituitary\brisc2025_test_00760_pi_ax_t1.jpg,axial,2,2,True,1.0,3.26e-12
TrustSeg-XAI,D:\brain_tumor\🧠 Brain Tumor MRI Dataset\classification_task\test\pituitary\brisc2025_test_00761_pi_ax_t1.jpg,axial,2,2,True,1.0,2.58e-12
TrustSeg-XAI,D:\brain_tumor\🧠 Brain Tumor MRI Dataset\classification_task\test\pituitary\brisc2025_test_00762_pi_ax_t1.jpg,axial,2,2,True,1.0,1.3269e-12
TrustSeg-XAI,D:\brain_tumor\🧠 Brain Tumor MRI Dataset\classification_task\test\pituitary\brisc2025_test_00763_pi_ax_t1.jpg,axial,2,2,True,1.0,6.487119999999999e-11
TrustSeg-XAI,D:\brain_tumor\🧠 Brain Tumor MRI Dataset\classification_task\test\pituitary\brisc2025_test_00764_pi_ax_t1.jpg,axial,2,2,True,1.0,1.2236e-12
TrustSeg-XAI,D:\brain_tumor\🧠 Brain Tumor MRI Dataset\classification_task\test\pituitary\brisc2025_test_00765_pi_ax_t1.jpg,axial,2,2,True,1.0,7.135559999999998e-11
TrustSeg-XAI,D:\brain_tumor\🧠 Brain Tumor MRI Dataset\classification_task\test\pituitary\brisc2025_test_00766_pi_ax_t1.jpg,axial,2,2,True,1.0,2.49541e-11
TrustSeg-XAI,D:\brain_tumor\🧠 Brain Tumor MRI Dataset\classification_task\test\pituitary\brisc2025_test_00767_pi_ax_t1.jpg,axial,2,2,True,1.0,8.000559999999998e-11
TrustSeg-XAI,D:\brain_tumor\🧠 Brain Tumor MRI Dataset\classification_task\test\pituitary\brisc2025_test_00768_pi_ax_t1.jpg,axial,2,2,True,1.0,6.9076e-12
TrustSeg-XAI,D:\brain_tumor\🧠 Brain Tumor MRI Dataset\classification_task\test\pituitary\brisc2025_test_00769_pi_ax_t1.jpg,axial,2,2,True,1.0,2.0649000000000006e-12
TrustSeg-XAI,D:\brain_tumor\🧠 Brain Tumor MRI Dataset\classification_task\test\pituitary\brisc2025_test_00770_pi_ax_t1.jpg,axial,2,2,True,1.0,5.158917999999999e-10
TrustSeg-XAI,D:\brain_tumor\🧠 Brain Tumor MRI Dataset\classification_task\test\pituitary\brisc2025_test_00771_pi_ax_t1.jpg,axial,2,2,True,1.0,2.9345900000000003e-09
TrustSeg-XAI,D:\brain_tumor\🧠 Brain Tumor MRI Dataset\classification_task\test\pituitary\brisc2025_test_00772_pi_ax_t1.jpg,axial,2,2,True,1.0,4.459999999999999e-12
TrustSeg-XAI,D:\brain_tumor\🧠 Brain Tumor MRI Dataset\classification_task\test\pituitary\brisc2025_test_00773_pi_ax_t1.jpg,axial,2,2,True,1.0,1.74e-12
TrustSeg-XAI,D:\brain_tumor\🧠 Brain Tumor MRI Dataset\classification_task\test\pituitary\brisc2025_test_00774_pi_ax_t1.jpg,axial,2,2,True,1.0,1.540856e-10
TrustSeg-XAI,D:\brain_tumor\🧠 Brain Tumor MRI Dataset\classification_task\test\pituitary\brisc2025_test_00775_pi_ax_t1.jpg,axial,2,2,True,1.0,9.339200000000002e-12
TrustSeg-XAI,D:\brain_tumor\🧠 Brain Tumor MRI Dataset\classification_task\test\pituitary\brisc2025_test_00776_pi_ax_t1.jpg,axial,2,2,True,1.0,1.529e-11
TrustSeg-XAI,D:\brain_tumor\🧠 Brain Tumor MRI Dataset\classification_task\test\pituitary\brisc2025_test_00777_pi_ax_t1.jpg,axial,2,2,True,1.0,2.4225000000000002e-12
TrustSeg-XAI,D:\brain_tumor\🧠 Brain Tumor MRI Dataset\classification_task\test\pituitary\brisc2025_test_00778_pi_ax_t1.jpg,axial,2,2,True,1.0,9.842277599999999e-09
TrustSeg-XAI,D:\brain_tumor\🧠 Brain Tumor MRI Dataset\classification_task\test\pituitary\brisc2025_test_00779_pi_ax_t1.jpg,axial,2,2,True,1.0,1.16576e-11
TrustSeg-XAI,D:\brain_tumor\🧠 Brain Tumor MRI Dataset\classification_task\test\pituitary\brisc2025_test_00780_pi_ax_t1.jpg,axial,2,2,True,1.0,6.84e-12
TrustSeg-XAI,D:\brain_tumor\🧠 Brain Tumor MRI Dataset\classification_task\test\pituitary\brisc2025_test_00781_pi_ax_t1.jpg,axial,2,2,True,1.0,1.86052e-11
TrustSeg-XAI,D:\brain_tumor\🧠 Brain Tumor MRI Dataset\classification_task\test\pituitary\brisc2025_test_00782_pi_ax_t1.jpg,axial,2,2,True,1.0,1.17796e-11
TrustSeg-XAI,D:\brain_tumor\🧠 Brain Tumor MRI Dataset\classification_task\test\pituitary\brisc2025_test_00783_pi_ax_t1.jpg,axial,2,2,True,1.0,3.81905e-11
TrustSeg-XAI,D:\brain_tumor\🧠 Brain Tumor MRI Dataset\classification_task\test\pituitary\brisc2025_test_00784_pi_ax_t1.jpg,axial,2,2,True,1.0,1.0337599999999999e-11
TrustSeg-XAI,D:\brain_tumor\🧠 Brain Tumor MRI Dataset\classification_task\test\pituitary\brisc2025_test_00785_pi_ax_t1.jpg,axial,2,2,True,1.0,8.57156e-11
TrustSeg-XAI,D:\brain_tumor\🧠 Brain Tumor MRI Dataset\classification_task\test\pituitary\brisc2025_test_00786_pi_ax_t1.jpg,axial,2,2,True,1.0,6.357594e-10
TrustSeg-XAI,D:\brain_tumor\🧠 Brain Tumor MRI Dataset\classification_task\test\pituitary\brisc2025_test_00787_pi_ax_t1.jpg,axial,2,2,True,1.0,1.80081e-11
TrustSeg-XAI,D:\brain_tumor\🧠 Brain Tumor MRI Dataset\classification_task\test\pituitary\brisc2025_test_00788_pi_ax_t1.jpg,axial,2,2,True,1.0,1.44528374e-08
TrustSeg-XAI,D:\brain_tumor\🧠 Brain Tumor MRI Dataset\classification_task\test\pituitary\brisc2025_test_00789_pi_ax_t1.jpg,axial,2,2,True,1.0,2.5376250000000003e-10
TrustSeg-XAI,D:\brain_tumor\🧠 Brain Tumor MRI Dataset\classification_task\test\pituitary\brisc2025_test_00790_pi_ax_t1.jpg,axial,2,2,True,1.0,1.20538449e-08
TrustSeg-XAI,D:\brain_tumor\🧠 Brain Tumor MRI Dataset\classification_task\test\pituitary\brisc2025_test_00791_pi_ax_t1.jpg,axial,2,2,True,1.0,6.811119999999998e-11
TrustSeg-XAI,D:\brain_tumor\🧠 Brain Tumor MRI Dataset\classification_task\test\pituitary\brisc2025_test_00792_pi_ax_t1.jpg,axial,2,2,True,1.0,6.66856e-11
TrustSeg-XAI,D:\brain_tumor\🧠 Brain Tumor MRI Dataset\classification_task\test\pituitary\brisc2025_test_00793_pi_ax_t1.jpg,axial,2,2,True,1.0,3.74996e-11
TrustSeg-XAI,D:\brain_tumor\🧠 Brain Tumor MRI Dataset\classification_task\test\pituitary\brisc2025_test_00794_pi_ax_t1.jpg,axial,2,2,True,1.0,1.35225e-10
TrustSeg-XAI,D:\brain_tumor\🧠 Brain Tumor MRI Dataset\classification_task\test\pituitary\brisc2025_test_00795_pi_ax_t1.jpg,axial,2,2,True,1.0,6.778794000000001e-10
TrustSeg-XAI,D:\brain_tumor\🧠 Brain Tumor MRI Dataset\classification_task\test\pituitary\brisc2025_test_00796_pi_ax_t1.jpg,axial,2,2,True,1.0,2.8089000000000007e-12
TrustSeg-XAI,D:\brain_tumor\🧠 Brain Tumor MRI Dataset\classification_task\test\pituitary\brisc2025_test_00797_pi_ax_t1.jpg,axial,2,2,True,1.0,9.097e-13
TrustSeg-XAI,D:\brain_tumor\🧠 Brain Tumor MRI Dataset\classification_task\test\pituitary\brisc2025_test_00798_pi_ax_t1.jpg,axial,2,2,True,1.0,2.94e-12
TrustSeg-XAI,D:\brain_tumor\🧠 Brain Tumor MRI Dataset\classification_task\test\pituitary\brisc2025_test_00799_pi_ax_t1.jpg,axial,2,2,True,1.0,4.02e-12
TrustSeg-XAI,D:\brain_tumor\🧠 Brain Tumor MRI Dataset\classification_task\test\pituitary\brisc2025_test_00800_pi_ax_t1.jpg,axial,2,2,True,1.0,2.0099999999999997e-12
TrustSeg-XAI,D:\brain_tumor\🧠 Brain Tumor MRI Dataset\classification_task\test\pituitary\brisc2025_test_00801_pi_ax_t1.jpg,axial,2,2,True,1.0,3.69e-12
TrustSeg-XAI,D:\brain_tumor\🧠 Brain Tumor MRI Dataset\classification_task\test\pituitary\brisc2025_test_00802_pi_ax_t1.jpg,axial,2,2,True,1.0,9.147600000000001e-12
TrustSeg-XAI,D:\brain_tumor\🧠 Brain Tumor MRI Dataset\classification_task\test\pituitary\brisc2025_test_00803_pi_ax_t1.jpg,axial,2,2,True,1.0,1.5377450000000002e-10
TrustSeg-XAI,D:\brain_tumor\🧠 Brain Tumor MRI Dataset\classification_task\test\pituitary\brisc2025_test_00804_pi_ax_t1.jpg,axial,2,2,True,1.0,1.0024705600000003e-08
TrustSeg-XAI,D:\brain_tumor\🧠 Brain Tumor MRI Dataset\classification_task\test\pituitary\brisc2025_test_00805_pi_ax_t1.jpg,axial,2,2,True,1.0,2.4256252500000002e-08
TrustSeg-XAI,D:\brain_tumor\🧠 Brain Tumor MRI Dataset\classification_task\test\pituitary\brisc2025_test_00806_pi_ax_t1.jpg,axial,2,2,True,1.0,7.605200000000002e-12
TrustSeg-XAI,D:\brain_tumor\🧠 Brain Tumor MRI Dataset\classification_task\test\pituitary\brisc2025_test_00807_pi_ax_t1.jpg,axial,2,2,True,1.0,2.9897000000000005e-10
TrustSeg-XAI,D:\brain_tumor\🧠 Brain Tumor MRI Dataset\classification_task\test\pituitary\brisc2025_test_00808_pi_ax_t1.jpg,axial,2,2,True,1.0,2.0365199999999998e-11
TrustSeg-XAI,D:\brain_tumor\🧠 Brain Tumor MRI Dataset\classification_task\test\pituitary\brisc2025_test_00809_pi_ax_t1.jpg,axial,2,2,True,1.0,1.5825000000000002e-12
TrustSeg-XAI,D:\brain_tumor\🧠 Brain Tumor MRI Dataset\classification_task\test\pituitary\brisc2025_test_00810_pi_ax_t1.jpg,axial,2,2,True,1.0,6.6336e-12
TrustSeg-XAI,D:\brain_tumor\🧠 Brain Tumor MRI Dataset\classification_task\test\pituitary\brisc2025_test_00811_pi_ax_t1.jpg,axial,2,2,True,1.0,2.8089000000000007e-12
TrustSeg-XAI,D:\brain_tumor\🧠 Brain Tumor MRI Dataset\classification_task\test\pituitary\brisc2025_test_00812_pi_ax_t1.jpg,axial,2,2,True,1.0,8.298381200000002e-09
TrustSeg-XAI,D:\brain_tumor\🧠 Brain Tumor MRI Dataset\classification_task\test\pituitary\brisc2025_test_00813_pi_ax_t1.jpg,axial,2,2,True,0.9995,3.248278524999449e-07
TrustSeg-XAI,D:\brain_tumor\🧠 Brain Tumor MRI Dataset\classification_task\test\pituitary\brisc2025_test_00814_pi_ax_t1.jpg,axial,2,2,True,1.0,2.4876689999999995e-10
TrustSeg-XAI,D:\brain_tumor\🧠 Brain Tumor MRI Dataset\classification_task\test\pituitary\brisc2025_test_00815_pi_ax_t1.jpg,axial,2,2,True,1.0,6.74761e-11
TrustSeg-XAI,D:\brain_tumor\🧠 Brain Tumor MRI Dataset\classification_task\test\pituitary\brisc2025_test_00816_pi_ax_t1.jpg,axial,2,2,True,1.0,7.587600000000002e-12
TrustSeg-XAI,D:\brain_tumor\🧠 Brain Tumor MRI Dataset\classification_task\test\pituitary\brisc2025_test_00817_pi_ax_t1.jpg,axial,2,2,True,1.0,2.588634e-10
TrustSeg-XAI,D:\brain_tumor\🧠 Brain Tumor MRI Dataset\classification_task\test\pituitary\brisc2025_test_00818_pi_ax_t1.jpg,axial,2,2,True,1.0,5.097349000000002e-10
TrustSeg-XAI,D:\brain_tumor\🧠 Brain Tumor MRI Dataset\classification_task\test\pituitary\brisc2025_test_00819_pi_ax_t1.jpg,axial,2,2,True,1.0,4.860000000000001e-12
TrustSeg-XAI,D:\brain_tumor\🧠 Brain Tumor MRI Dataset\classification_task\test\pituitary\brisc2025_test_00820_pi_ax_t1.jpg,axial,2,3,False,0.9985,1.99605640188189
TrustSeg-XAI,D:\brain_tumor\🧠 Brain Tumor MRI Dataset\classification_task\test\pituitary\brisc2025_test_00821_pi_ax_t1.jpg,axial,2,2,True,1.0,2.8089000000000007e-12
TrustSeg-XAI,D:\brain_tumor\🧠 Brain Tumor MRI Dataset\classification_task\test\pituitary\brisc2025_test_00822_pi_ax_t1.jpg,axial,2,2,True,1.0,5.7714900000000005e-11
TrustSeg-XAI,D:\brain_tumor\🧠 Brain Tumor MRI Dataset\classification_task\test\pituitary\brisc2025_test_00823_pi_ax_t1.jpg,axial,2,2,True,1.0,1.837e-10
TrustSeg-XAI,D:\brain_tumor\🧠 Brain Tumor MRI Dataset\classification_task\test\pituitary\brisc2025_test_00824_pi_ax_t1.jpg,axial,2,2,True,1.0,6.068836e-10
TrustSeg-XAI,D:\brain_tumor\🧠 Brain Tumor MRI Dataset\classification_task\test\pituitary\brisc2025_test_00825_pi_co_t1.jpg,coronal,2,2,True,1.0,1.74e-12
TrustSeg-XAI,D:\brain_tumor\🧠 Brain Tumor MRI Dataset\classification_task\test\pituitary\brisc2025_test_00826_pi_co_t1.jpg,coronal,2,1,False,0.9907,1.9640631482332902
TrustSeg-XAI,D:\brain_tumor\🧠 Brain Tumor MRI Dataset\classification_task\test\pituitary\brisc2025_test_00827_pi_co_t1.jpg,coronal,2,2,True,1.0,2.3272899999999998e-11
TrustSeg-XAI,D:\brain_tumor\🧠 Brain Tumor MRI Dataset\classification_task\test\pituitary\brisc2025_test_00828_pi_co_t1.jpg,coronal,2,2,True,1.0,2.0276e-12
TrustSeg-XAI,D:\brain_tumor\🧠 Brain Tumor MRI Dataset\classification_task\test\pituitary\brisc2025_test_00829_pi_co_t1.jpg,coronal,2,2,True,1.0,1.49e-12
TrustSeg-XAI,D:\brain_tumor\🧠 Brain Tumor MRI Dataset\classification_task\test\pituitary\brisc2025_test_00830_pi_co_t1.jpg,coronal,2,2,True,1.0,5.94e-11
TrustSeg-XAI,D:\brain_tumor\🧠 Brain Tumor MRI Dataset\classification_task\test\pituitary\brisc2025_test_00831_pi_co_t1.jpg,coronal,2,2,True,1.0,9.909390000000002e-11
TrustSeg-XAI,D:\brain_tumor\🧠 Brain Tumor MRI Dataset\classification_task\test\pituitary\brisc2025_test_00832_pi_co_t1.jpg,coronal,2,2,True,1.0,1.66921e-11
TrustSeg-XAI,D:\brain_tumor\🧠 Brain Tumor MRI Dataset\classification_task\test\pituitary\brisc2025_test_00833_pi_co_t1.jpg,coronal,2,2,True,1.0,8.235999999999998e-13
TrustSeg-XAI,D:\brain_tumor\🧠 Brain Tumor MRI Dataset\classification_task\test\pituitary\brisc2025_test_00834_pi_co_t1.jpg,coronal,2,2,True,1.0,7.025e-13
TrustSeg-XAI,D:\brain_tumor\🧠 Brain Tumor MRI Dataset\classification_task\test\pituitary\brisc2025_test_00835_pi_co_t1.jpg,coronal,2,2,True,1.0,3.168e-11
TrustSeg-XAI,D:\brain_tumor\🧠 Brain Tumor MRI Dataset\classification_task\test\pituitary\brisc2025_test_00836_pi_co_t1.jpg,coronal,2,2,True,1.0,4.92e-12
TrustSeg-XAI,D:\brain_tumor\🧠 Brain Tumor MRI Dataset\classification_task\test\pituitary\brisc2025_test_00837_pi_co_t1.jpg,coronal,2,2,True,1.0,1.1342800000000002e-11
TrustSeg-XAI,D:\brain_tumor\🧠 Brain Tumor MRI Dataset\classification_task\test\pituitary\brisc2025_test_00838_pi_co_t1.jpg,coronal,2,2,True,1.0,5.551556000000001e-10
TrustSeg-XAI,D:\brain_tumor\🧠 Brain Tumor MRI Dataset\classification_task\test\pituitary\brisc2025_test_00839_pi_co_t1.jpg,coronal,2,2,True,1.0,1.8838179999999998e-10
TrustSeg-XAI,D:\brain_tumor\🧠 Brain Tumor MRI Dataset\classification_task\test\pituitary\brisc2025_test_00840_pi_co_t1.jpg,coronal,2,2,True,1.0,4.1299999999999996e-12
TrustSeg-XAI,D:\brain_tumor\🧠 Brain Tumor MRI Dataset\classification_task\test\pituitary\brisc2025_test_00841_pi_co_t1.jpg,coronal,2,2,True,1.0,1.2968999999999999e-12
TrustSeg-XAI,D:\brain_tumor\🧠 Brain Tumor MRI Dataset\classification_task\test\pituitary\brisc2025_test_00842_pi_co_t1.jpg,coronal,2,2,True,1.0,1.1956025000000003e-09
TrustSeg-XAI,D:\brain_tumor\🧠 Brain Tumor MRI Dataset\classification_task\test\pituitary\brisc2025_test_00843_pi_co_t1.jpg,coronal,2,2,True,1.0,2.6099999999999996e-12
TrustSeg-XAI,D:\brain_tumor\🧠 Brain Tumor MRI Dataset\classification_task\test\pituitary\brisc2025_test_00844_pi_co_t1.jpg,coronal,2,2,True,1.0,6.0688e-12
TrustSeg-XAI,D:\brain_tumor\🧠 Brain Tumor MRI Dataset\classification_task\test\pituitary\brisc2025_test_00845_pi_co_t1.jpg,coronal,2,2,True,1.0,1.965683e-10
TrustSeg-XAI,D:\brain_tumor\🧠 Brain Tumor MRI Dataset\classification_task\test\pituitary\brisc2025_test_00846_pi_co_t1.jpg,coronal,2,2,True,1.0,3.168e-11
TrustSeg-XAI,D:\brain_tumor\🧠 Brain Tumor MRI Dataset\classification_task\test\pituitary\brisc2025_test_00847_pi_co_t1.jpg,coronal,2,2,True,1.0,1.0459599999999999e-11
TrustSeg-XAI,D:\brain_tumor\🧠 Brain Tumor MRI Dataset\classification_task\test\pituitary\brisc2025_test_00848_pi_co_t1.jpg,coronal,2,2,True,1.0,9.389200000000001e-12
TrustSeg-XAI,D:\brain_tumor\🧠 Brain Tumor MRI Dataset\classification_task\test\pituitary\brisc2025_test_00849_pi_co_t1.jpg,coronal,2,2,True,1.0,1.0135999999999998e-12
TrustSeg-XAI,D:\brain_tumor\🧠 Brain Tumor MRI Dataset\classification_task\test\pituitary\brisc2025_test_00850_pi_co_t1.jpg,coronal,2,2,True,1.0,1.10376e-11
TrustSeg-XAI,D:\brain_tumor\🧠 Brain Tumor MRI Dataset\classification_task\test\pituitary\brisc2025_test_00851_pi_co_t1.jpg,coronal,2,2,True,1.0,3.3375999999999994e-12
TrustSeg-XAI,D:\brain_tumor\🧠 Brain Tumor MRI Dataset\classification_task\test\pituitary\brisc2025_test_00852_pi_co_t1.jpg,coronal,2,2,True,1.0,2.0649000000000006e-12
TrustSeg-XAI,D:\brain_tumor\🧠 Brain Tumor MRI Dataset\classification_task\test\pituitary\brisc2025_test_00853_pi_co_t1.jpg,coronal,2,2,True,1.0,4.0976e-12
TrustSeg-XAI,D:\brain_tumor\🧠 Brain Tumor MRI Dataset\classification_task\test\pituitary\brisc2025_test_00854_pi_co_t1.jpg,coronal,2,2,True,1.0,1.49e-12
TrustSeg-XAI,D:\brain_tumor\🧠 Brain Tumor MRI Dataset\classification_task\test\pituitary\brisc2025_test_00855_pi_co_t1.jpg,coronal,2,2,True,1.0,4.690100000000001e-12
TrustSeg-XAI,D:\brain_tumor\🧠 Brain Tumor MRI Dataset\classification_task\test\pituitary\brisc2025_test_00856_pi_co_t1.jpg,coronal,2,2,True,1.0,2.4525e-12
TrustSeg-XAI,D:\brain_tumor\🧠 Brain Tumor MRI Dataset\classification_task\test\pituitary\brisc2025_test_00857_pi_co_t1.jpg,coronal,2,2,True,1.0,4.802e-11
TrustSeg-XAI,D:\brain_tumor\🧠 Brain Tumor MRI Dataset\classification_task\test\pituitary\brisc2025_test_00858_pi_co_t1.jpg,coronal,2,2,True,1.0,4.9376e-12
TrustSeg-XAI,D:\brain_tumor\🧠 Brain Tumor MRI Dataset\classification_task\test\pituitary\brisc2025_test_00859_pi_co_t1.jpg,coronal,2,2,True,1.0,1.6125000000000002e-12
TrustSeg-XAI,D:\brain_tumor\🧠 Brain Tumor MRI Dataset\classification_task\test\pituitary\brisc2025_test_00860_pi_co_t1.jpg,coronal,2,2,True,1.0,1.74e-12
TrustSeg-XAI,D:\brain_tumor\🧠 Brain Tumor MRI Dataset\classification_task\test\pituitary\brisc2025_test_00861_pi_co_t1.jpg,coronal,2,2,True,1.0,3.5201000000000003e-12
TrustSeg-XAI,D:\brain_tumor\🧠 Brain Tumor MRI Dataset\classification_task\test\pituitary\brisc2025_test_00862_pi_co_t1.jpg,coronal,2,2,True,1.0,7.6552e-12
TrustSeg-XAI,D:\brain_tumor\🧠 Brain Tumor MRI Dataset\classification_task\test\pituitary\brisc2025_test_00863_pi_co_t1.jpg,coronal,2,2,True,1.0,2.2541599999999997e-11
TrustSeg-XAI,D:\brain_tumor\🧠 Brain Tumor MRI Dataset\classification_task\test\pituitary\brisc2025_test_00864_pi_co_t1.jpg,coronal,2,2,True,1.0,2.64616e-11
TrustSeg-XAI,D:\brain_tumor\🧠 Brain Tumor MRI Dataset\classification_task\test\pituitary\brisc2025_test_00865_pi_co_t1.jpg,coronal,2,2,True,1.0,1.1375200000000002e-11
TrustSeg-XAI,D:\brain_tumor\🧠 Brain Tumor MRI Dataset\classification_task\test\pituitary\brisc2025_test_00866_pi_co_t1.jpg,coronal,2,2,True,1.0,7.025e-13
TrustSeg-XAI,D:\brain_tumor\🧠 Brain Tumor MRI Dataset\classification_task\test\pituitary\brisc2025_test_00867_pi_co_t1.jpg,coronal,2,2,True,1.0,2.00456e-11
TrustSeg-XAI,D:\brain_tumor\🧠 Brain Tumor MRI Dataset\classification_task\test\pituitary\brisc2025_test_00868_pi_co_t1.jpg,coronal,2,2,True,1.0,2.086e-11
TrustSeg-XAI,D:\brain_tumor\🧠 Brain Tumor MRI Dataset\classification_task\test\pituitary\brisc2025_test_00869_pi_co_t1.jpg,coronal,2,2,True,1.0,1.0459599999999999e-11
TrustSeg-XAI,D:\brain_tumor\🧠 Brain Tumor MRI Dataset\classification_task\test\pituitary\brisc2025_test_00870_pi_co_t1.jpg,coronal,2,2,True,1.0,2.8865000000000003e-12
TrustSeg-XAI,D:\brain_tumor\🧠 Brain Tumor MRI Dataset\classification_task\test\pituitary\brisc2025_test_00871_pi_co_t1.jpg,coronal,2,2,True,1.0,2.3176000000000005e-12
TrustSeg-XAI,D:\brain_tumor\🧠 Brain Tumor MRI Dataset\classification_task\test\pituitary\brisc2025_test_00872_pi_co_t1.jpg,coronal,2,2,True,1.0,1.6125000000000002e-12
TrustSeg-XAI,D:\brain_tumor\🧠 Brain Tumor MRI Dataset\classification_task\test\pituitary\brisc2025_test_00873_pi_co_t1.jpg,coronal,2,2,True,1.0,5.42e-12
TrustSeg-XAI,D:\brain_tumor\🧠 Brain Tumor MRI Dataset\classification_task\test\pituitary\brisc2025_test_00874_pi_co_t1.jpg,coronal,2,2,True,1.0,1.66921e-11
TrustSeg-XAI,D:\brain_tumor\🧠 Brain Tumor MRI Dataset\classification_task\test\pituitary\brisc2025_test_00875_pi_co_t1.jpg,coronal,2,2,True,1.0,5.2052e-12
TrustSeg-XAI,D:\brain_tumor\🧠 Brain Tumor MRI Dataset\classification_task\test\pituitary\brisc2025_test_00876_pi_co_t1.jpg,coronal,2,2,True,1.0,2.1449999999999998e-10
TrustSeg-XAI,D:\brain_tumor\🧠 Brain Tumor MRI Dataset\classification_task\test\pituitary\brisc2025_test_00877_pi_co_t1.jpg,coronal,2,2,True,1.0,2.7075999999999995e-12
TrustSeg-XAI,D:\brain_tumor\🧠 Brain Tumor MRI Dataset\classification_task\test\pituitary\brisc2025_test_00878_pi_co_t1.jpg,coronal,2,2,True,1.0,1.00832e-11
TrustSeg-XAI,D:\brain_tumor\🧠 Brain Tumor MRI Dataset\classification_task\test\pituitary\brisc2025_test_00879_pi_co_t1.jpg,coronal,2,2,True,1.0,1.21588e-11
TrustSeg-XAI,D:\brain_tumor\🧠 Brain Tumor MRI Dataset\classification_task\test\pituitary\brisc2025_test_00880_pi_co_t1.jpg,coronal,2,2,True,1.0,2.8452499999999998e-11
TrustSeg-XAI,D:\brain_tumor\🧠 Brain Tumor MRI Dataset\classification_task\test\pituitary\brisc2025_test_00881_pi_co_t1.jpg,coronal,2,2,True,1.0,3.7972e-12
TrustSeg-XAI,D:\brain_tumor\🧠 Brain Tumor MRI Dataset\classification_task\test\pituitary\brisc2025_test_00882_pi_co_t1.jpg,coronal,2,2,True,1.0,1.34296e-11
TrustSeg-XAI,D:\brain_tumor\🧠 Brain Tumor MRI Dataset\classification_task\test\pituitary\brisc2025_test_00883_pi_co_t1.jpg,coronal,2,2,True,1.0,9.581600000000002e-12
TrustSeg-XAI,D:\brain_tumor\🧠 Brain Tumor MRI Dataset\classification_task\test\pituitary\brisc2025_test_00884_pi_co_t1.jpg,coronal,2,2,True,1.0,9.161000000000001e-13
TrustSeg-XAI,D:\brain_tumor\🧠 Brain Tumor MRI Dataset\classification_task\test\pituitary\brisc2025_test_00885_pi_co_t1.jpg,coronal,2,2,True,1.0,4.459999999999999e-12
TrustSeg-XAI,D:\brain_tumor\🧠 Brain Tumor MRI Dataset\classification_task\test\pituitary\brisc2025_test_00886_pi_co_t1.jpg,coronal,2,2,True,1.0,1.0485725e-09
TrustSeg-XAI,D:\brain_tumor\🧠 Brain Tumor MRI Dataset\classification_task\test\pituitary\brisc2025_test_00887_pi_co_t1.jpg,coronal,2,2,True,1.0,2.6276e-12
TrustSeg-XAI,D:\brain_tumor\🧠 Brain Tumor MRI Dataset\classification_task\test\pituitary\brisc2025_test_00888_pi_co_t1.jpg,coronal,2,2,True,1.0,1.1460999999999999e-10
TrustSeg-XAI,D:\brain_tumor\🧠 Brain Tumor MRI Dataset\classification_task\test\pituitary\brisc2025_test_00889_pi_co_t1.jpg,coronal,2,2,True,1.0,3.8141599999999997e-11
TrustSeg-XAI,D:\brain_tumor\🧠 Brain Tumor MRI Dataset\classification_task\test\pituitary\brisc2025_test_00890_pi_co_t1.jpg,coronal,2,2,True,1.0,4.642759999999999e-11
TrustSeg-XAI,D:\brain_tumor\🧠 Brain Tumor MRI Dataset\classification_task\test\pituitary\brisc2025_test_00891_pi_co_t1.jpg,coronal,2,2,True,1.0,4.9376e-12
TrustSeg-XAI,D:\brain_tumor\🧠 Brain Tumor MRI Dataset\classification_task\test\pituitary\brisc2025_test_00892_pi_co_t1.jpg,coronal,2,2,True,1.0,1.83445e-11
TrustSeg-XAI,D:\brain_tumor\🧠 Brain Tumor MRI Dataset\classification_task\test\pituitary\brisc2025_test_00893_pi_co_t1.jpg,coronal,2,2,True,1.0,9.161000000000001e-13
TrustSeg-XAI,D:\brain_tumor\🧠 Brain Tumor MRI Dataset\classification_task\test\pituitary\brisc2025_test_00894_pi_co_t1.jpg,coronal,2,2,True,1.0,6.535999999999999e-13
TrustSeg-XAI,D:\brain_tumor\🧠 Brain Tumor MRI Dataset\classification_task\test\pituitary\brisc2025_test_00895_pi_co_t1.jpg,coronal,2,2,True,1.0,1.3107599999999998e-11
TrustSeg-XAI,D:\brain_tumor\🧠 Brain Tumor MRI Dataset\classification_task\test\pituitary\brisc2025_test_00896_pi_co_t1.jpg,coronal,2,2,True,1.0,1.49e-12
TrustSeg-XAI,D:\brain_tumor\🧠 Brain Tumor MRI Dataset\classification_task\test\pituitary\brisc2025_test_00897_pi_co_t1.jpg,coronal,2,2,True,1.0,7.006890000000001e-11
TrustSeg-XAI,D:\brain_tumor\🧠 Brain Tumor MRI Dataset\classification_task\test\pituitary\brisc2025_test_00898_pi_co_t1.jpg,coronal,2,2,True,1.0,1.21192e-11
TrustSeg-XAI,D:\brain_tumor\🧠 Brain Tumor MRI Dataset\classification_task\test\pituitary\brisc2025_test_00899_pi_co_t1.jpg,coronal,2,2,True,1.0,4.0119199999999997e-11
TrustSeg-XAI,D:\brain_tumor\🧠 Brain Tumor MRI Dataset\classification_task\test\pituitary\brisc2025_test_00900_pi_co_t1.jpg,coronal,2,2,True,1.0,9.7972e-12
TrustSeg-XAI,D:\brain_tumor\🧠 Brain Tumor MRI Dataset\classification_task\test\pituitary\brisc2025_test_00901_pi_co_t1.jpg,coronal,2,2,True,1.0,2.0649000000000006e-12
TrustSeg-XAI,D:\brain_tumor\🧠 Brain Tumor MRI Dataset\classification_task\test\pituitary\brisc2025_test_00902_pi_co_t1.jpg,coronal,2,2,True,1.0,1.3786999999999999e-10
TrustSeg-XAI,D:\brain_tumor\🧠 Brain Tumor MRI Dataset\classification_task\test\pituitary\brisc2025_test_00903_pi_co_t1.jpg,coronal,2,2,True,1.0,1.1364e-10
TrustSeg-XAI,D:\brain_tumor\🧠 Brain Tumor MRI Dataset\classification_task\test\pituitary\brisc2025_test_00904_pi_co_t1.jpg,coronal,2,2,True,1.0,1.6125000000000002e-12
TrustSeg-XAI,D:\brain_tumor\🧠 Brain Tumor MRI Dataset\classification_task\test\pituitary\brisc2025_test_00905_pi_co_t1.jpg,coronal,2,2,True,1.0,1.3179599999999998e-11
TrustSeg-XAI,D:\brain_tumor\🧠 Brain Tumor MRI Dataset\classification_task\test\pituitary\brisc2025_test_00906_pi_co_t1.jpg,coronal,2,2,True,1.0,1.5825000000000002e-12
TrustSeg-XAI,D:\brain_tumor\🧠 Brain Tumor MRI Dataset\classification_task\test\pituitary\brisc2025_test_00907_pi_co_t1.jpg,coronal,2,2,True,1.0,1.05e-12
TrustSeg-XAI,D:\brain_tumor\🧠 Brain Tumor MRI Dataset\classification_task\test\pituitary\brisc2025_test_00908_pi_co_t1.jpg,coronal,2,2,True,1.0,4.7701000000000004e-12
TrustSeg-XAI,D:\brain_tumor\🧠 Brain Tumor MRI Dataset\classification_task\test\pituitary\brisc2025_test_00909_pi_co_t1.jpg,coronal,2,2,True,1.0,7.332559999999999e-11
TrustSeg-XAI,D:\brain_tumor\🧠 Brain Tumor MRI Dataset\classification_task\test\pituitary\brisc2025_test_00910_pi_co_t1.jpg,coronal,2,2,True,0.9995,4.0672592999994494e-07
TrustSeg-XAI,D:\brain_tumor\🧠 Brain Tumor MRI Dataset\classification_task\test\pituitary\brisc2025_test_00911_pi_co_t1.jpg,coronal,2,2,True,1.0,6.501e-11
TrustSeg-XAI,D:\brain_tumor\🧠 Brain Tumor MRI Dataset\classification_task\test\pituitary\brisc2025_test_00912_pi_co_t1.jpg,coronal,2,2,True,1.0,2.85e-11
TrustSeg-XAI,D:\brain_tumor\🧠 Brain Tumor MRI Dataset\classification_task\test\pituitary\brisc2025_test_00913_pi_co_t1.jpg,coronal,2,2,True,1.0,1.74e-12
TrustSeg-XAI,D:\brain_tumor\🧠 Brain Tumor MRI Dataset\classification_task\test\pituitary\brisc2025_test_00914_pi_co_t1.jpg,coronal,2,2,True,1.0,3.5201000000000003e-12
TrustSeg-XAI,D:\brain_tumor\🧠 Brain Tumor MRI Dataset\classification_task\test\pituitary\brisc2025_test_00915_pi_sa_t1.jpg,sagittal,2,2,True,1.0,5.4030000000000006e-11
TrustSeg-XAI,D:\brain_tumor\🧠 Brain Tumor MRI Dataset\classification_task\test\pituitary\brisc2025_test_00916_pi_sa_t1.jpg,sagittal,2,2,True,1.0,8.557600000000001e-12
TrustSeg-XAI,D:\brain_tumor\🧠 Brain Tumor MRI Dataset\classification_task\test\pituitary\brisc2025_test_00917_pi_sa_t1.jpg,sagittal,2,2,True,1.0,6.09881e-11
TrustSeg-XAI,D:\brain_tumor\🧠 Brain Tumor MRI Dataset\classification_task\test\pituitary\brisc2025_test_00918_pi_sa_t1.jpg,sagittal,2,2,True,1.0,1.16842325e-08
TrustSeg-XAI,D:\brain_tumor\🧠 Brain Tumor MRI Dataset\classification_task\test\pituitary\brisc2025_test_00919_pi_sa_t1.jpg,sagittal,2,2,True,1.0,7.987599999999999e-12
TrustSeg-XAI,D:\brain_tumor\🧠 Brain Tumor MRI Dataset\classification_task\test\pituitary\brisc2025_test_00920_pi_sa_t1.jpg,sagittal,2,2,True,1.0,4.05e-12
TrustSeg-XAI,D:\brain_tumor\🧠 Brain Tumor MRI Dataset\classification_task\test\pituitary\brisc2025_test_00921_pi_sa_t1.jpg,sagittal,2,2,True,1.0,1.4599999999999998e-12
TrustSeg-XAI,D:\brain_tumor\🧠 Brain Tumor MRI Dataset\classification_task\test\pituitary\brisc2025_test_00922_pi_sa_t1.jpg,sagittal,2,2,True,1.0,1.5761000000000001e-12
TrustSeg-XAI,D:\brain_tumor\🧠 Brain Tumor MRI Dataset\classification_task\test\pituitary\brisc2025_test_00923_pi_sa_t1.jpg,sagittal,2,2,True,1.0,4.05e-12
TrustSeg-XAI,D:\brain_tumor\🧠 Brain Tumor MRI Dataset\classification_task\test\pituitary\brisc2025_test_00924_pi_sa_t1.jpg,sagittal,2,2,True,1.0,7.60996e-11
TrustSeg-XAI,D:\brain_tumor\🧠 Brain Tumor MRI Dataset\classification_task\test\pituitary\brisc2025_test_00925_pi_sa_t1.jpg,sagittal,2,2,True,1.0,4.0799999999999996e-12
TrustSeg-XAI,D:\brain_tumor\🧠 Brain Tumor MRI Dataset\classification_task\test\pituitary\brisc2025_test_00926_pi_sa_t1.jpg,sagittal,2,2,True,1.0,1.469e-11
TrustSeg-XAI,D:\brain_tumor\🧠 Brain Tumor MRI Dataset\classification_task\test\pituitary\brisc2025_test_00927_pi_sa_t1.jpg,sagittal,2,2,True,1.0,2.6099999999999996e-12
TrustSeg-XAI,D:\brain_tumor\🧠 Brain Tumor MRI Dataset\classification_task\test\pituitary\brisc2025_test_00928_pi_sa_t1.jpg,sagittal,2,2,True,1.0,6.0512e-12
TrustSeg-XAI,D:\brain_tumor\🧠 Brain Tumor MRI Dataset\classification_task\test\pituitary\brisc2025_test_00929_pi_sa_t1.jpg,sagittal,2,2,True,1.0,2.485125e-10
TrustSeg-XAI,D:\brain_tumor\🧠 Brain Tumor MRI Dataset\classification_task\test\pituitary\brisc2025_test_00930_pi_sa_t1.jpg,sagittal,2,2,True,1.0,1.7189599999999996e-11
TrustSeg-XAI,D:\brain_tumor\🧠 Brain Tumor MRI Dataset\classification_task\test\pituitary\brisc2025_test_00931_pi_sa_t1.jpg,sagittal,2,2,True,1.0,6.1012e-12
TrustSeg-XAI,D:\brain_tumor\🧠 Brain Tumor MRI Dataset\classification_task\test\pituitary\brisc2025_test_00932_pi_sa_t1.jpg,sagittal,2,2,True,1.0,1.0459599999999999e-11
TrustSeg-XAI,D:\brain_tumor\🧠 Brain Tumor MRI Dataset\classification_task\test\pituitary\brisc2025_test_00933_pi_sa_t1.jpg,sagittal,2,2,True,1.0,4.3753599999999995e-11
TrustSeg-XAI,D:\brain_tumor\🧠 Brain Tumor MRI Dataset\classification_task\test\pituitary\brisc2025_test_00934_pi_sa_t1.jpg,sagittal,2,2,True,1.0,2.0099999999999997e-12
TrustSeg-XAI,D:\brain_tumor\🧠 Brain Tumor MRI Dataset\classification_task\test\pituitary\brisc2025_test_00935_pi_sa_t1.jpg,sagittal,2,2,True,1.0,4.5971889999999995e-10
TrustSeg-XAI,D:\brain_tumor\🧠 Brain Tumor MRI Dataset\classification_task\test\pituitary\brisc2025_test_00936_pi_sa_t1.jpg,sagittal,2,2,True,1.0,1.6444449e-09
TrustSeg-XAI,D:\brain_tumor\🧠 Brain Tumor MRI Dataset\classification_task\test\pituitary\brisc2025_test_00937_pi_sa_t1.jpg,sagittal,2,2,True,1.0,1.74e-12
TrustSeg-XAI,D:\brain_tumor\🧠 Brain Tumor MRI Dataset\classification_task\test\pituitary\brisc2025_test_00938_pi_sa_t1.jpg,sagittal,2,2,True,1.0,2.0099999999999997e-12
TrustSeg-XAI,D:\brain_tumor\🧠 Brain Tumor MRI Dataset\classification_task\test\pituitary\brisc2025_test_00939_pi_sa_t1.jpg,sagittal,2,2,True,1.0,3.9785000000000005e-12
TrustSeg-XAI,D:\brain_tumor\🧠 Brain Tumor MRI Dataset\classification_task\test\pituitary\brisc2025_test_00940_pi_sa_t1.jpg,sagittal,2,2,True,1.0,4.24736e-11
TrustSeg-XAI,D:\brain_tumor\🧠 Brain Tumor MRI Dataset\classification_task\test\pituitary\brisc2025_test_00941_pi_sa_t1.jpg,sagittal,2,2,True,1.0,1.6957599999999996e-11
TrustSeg-XAI,D:\brain_tumor\🧠 Brain Tumor MRI Dataset\classification_task\test\pituitary\brisc2025_test_00942_pi_sa_t1.jpg,sagittal,2,2,True,1.0,1.42352e-11
TrustSeg-XAI,D:\brain_tumor\🧠 Brain Tumor MRI Dataset\classification_task\test\pituitary\brisc2025_test_00943_pi_sa_t1.jpg,sagittal,2,2,True,1.0,9.7252e-12
TrustSeg-XAI,D:\brain_tumor\🧠 Brain Tumor MRI Dataset\classification_task\test\pituitary\brisc2025_test_00944_pi_sa_t1.jpg,sagittal,2,2,True,1.0,2.74196e-11
TrustSeg-XAI,D:\brain_tumor\🧠 Brain Tumor MRI Dataset\classification_task\test\pituitary\brisc2025_test_00945_pi_sa_t1.jpg,sagittal,2,2,True,1.0,1.6939489999999998e-10
TrustSeg-XAI,D:\brain_tumor\🧠 Brain Tumor MRI Dataset\classification_task\test\pituitary\brisc2025_test_00946_pi_sa_t1.jpg,sagittal,2,2,True,1.0,2.4181250000000004e-10
TrustSeg-XAI,D:\brain_tumor\🧠 Brain Tumor MRI Dataset\classification_task\test\pituitary\brisc2025_test_00947_pi_sa_t1.jpg,sagittal,2,2,True,1.0,8.462772500000001e-09
TrustSeg-XAI,D:\brain_tumor\🧠 Brain Tumor MRI Dataset\classification_task\test\pituitary\brisc2025_test_00948_pi_sa_t1.jpg,sagittal,2,2,True,1.0,4.507599999999999e-12
TrustSeg-XAI,D:\brain_tumor\🧠 Brain Tumor MRI Dataset\classification_task\test\pituitary\brisc2025_test_00949_pi_sa_t1.jpg,sagittal,2,2,True,1.0,6.300000000000001e-12
TrustSeg-XAI,D:\brain_tumor\🧠 Brain Tumor MRI Dataset\classification_task\test\pituitary\brisc2025_test_00950_pi_sa_t1.jpg,sagittal,2,2,True,1.0,3.9309000000000005e-12
TrustSeg-XAI,D:\brain_tumor\🧠 Brain Tumor MRI Dataset\classification_task\test\pituitary\brisc2025_test_00951_pi_sa_t1.jpg,sagittal,2,2,True,1.0,1.66921e-11
TrustSeg-XAI,D:\brain_tumor\🧠 Brain Tumor MRI Dataset\classification_task\test\pituitary\brisc2025_test_00952_pi_sa_t1.jpg,sagittal,2,2,True,1.0,3.9785000000000005e-12
TrustSeg-XAI,D:\brain_tumor\🧠 Brain Tumor MRI Dataset\classification_task\test\pituitary\brisc2025_test_00953_pi_sa_t1.jpg,sagittal,2,2,True,1.0,2.8389000000000004e-12
TrustSeg-XAI,D:\brain_tumor\🧠 Brain Tumor MRI Dataset\classification_task\test\pituitary\brisc2025_test_00954_pi_sa_t1.jpg,sagittal,2,2,True,1.0,4.4481e-10
TrustSeg-XAI,D:\brain_tumor\🧠 Brain Tumor MRI Dataset\classification_task\test\pituitary\brisc2025_test_00955_pi_sa_t1.jpg,sagittal,2,2,True,1.0,1.9913e-10
TrustSeg-XAI,D:\brain_tumor\🧠 Brain Tumor MRI Dataset\classification_task\test\pituitary\brisc2025_test_00956_pi_sa_t1.jpg,sagittal,2,2,True,1.0,1.3558024999999998e-09
TrustSeg-XAI,D:\brain_tumor\🧠 Brain Tumor MRI Dataset\classification_task\test\pituitary\brisc2025_test_00957_pi_sa_t1.jpg,sagittal,2,2,True,1.0,7.392757200000001e-09
TrustSeg-XAI,D:\brain_tumor\🧠 Brain Tumor MRI Dataset\classification_task\test\pituitary\brisc2025_test_00958_pi_sa_t1.jpg,sagittal,2,2,True,1.0,1.002869e-10
TrustSeg-XAI,D:\brain_tumor\🧠 Brain Tumor MRI Dataset\classification_task\test\pituitary\brisc2025_test_00959_pi_sa_t1.jpg,sagittal,2,2,True,1.0,4.25225e-11
TrustSeg-XAI,D:\brain_tumor\🧠 Brain Tumor MRI Dataset\classification_task\test\pituitary\brisc2025_test_00960_pi_sa_t1.jpg,sagittal,2,2,True,1.0,3.2949e-10
TrustSeg-XAI,D:\brain_tumor\🧠 Brain Tumor MRI Dataset\classification_task\test\pituitary\brisc2025_test_00961_pi_sa_t1.jpg,sagittal,2,2,True,1.0,2.4525e-12
TrustSeg-XAI,D:\brain_tumor\🧠 Brain Tumor MRI Dataset\classification_task\test\pituitary\brisc2025_test_00962_pi_sa_t1.jpg,sagittal,2,2,True,1.0,1.74e-12
TrustSeg-XAI,D:\brain_tumor\🧠 Brain Tumor MRI Dataset\classification_task\test\pituitary\brisc2025_test_00963_pi_sa_t1.jpg,sagittal,2,2,True,1.0,2.0949000000000003e-12
TrustSeg-XAI,D:\brain_tumor\🧠 Brain Tumor MRI Dataset\classification_task\test\pituitary\brisc2025_test_00964_pi_sa_t1.jpg,sagittal,2,2,True,1.0,1.1375200000000002e-11
TrustSeg-XAI,D:\brain_tumor\🧠 Brain Tumor MRI Dataset\classification_task\test\pituitary\brisc2025_test_00965_pi_sa_t1.jpg,sagittal,2,2,True,1.0,1.7929599999999995e-11
TrustSeg-XAI,D:\brain_tumor\🧠 Brain Tumor MRI Dataset\classification_task\test\pituitary\brisc2025_test_00966_pi_sa_t1.jpg,sagittal,2,2,True,1.0,1.95796e-11
TrustSeg-XAI,D:\brain_tumor\🧠 Brain Tumor MRI Dataset\classification_task\test\pituitary\brisc2025_test_00967_pi_sa_t1.jpg,sagittal,2,2,True,1.0,3.66e-12
TrustSeg-XAI,D:\brain_tumor\🧠 Brain Tumor MRI Dataset\classification_task\test\pituitary\brisc2025_test_00968_pi_sa_t1.jpg,sagittal,2,2,True,1.0,1.52e-12
TrustSeg-XAI,D:\brain_tumor\🧠 Brain Tumor MRI Dataset\classification_task\test\pituitary\brisc2025_test_00969_pi_sa_t1.jpg,sagittal,2,2,True,1.0,4.7701000000000004e-12
TrustSeg-XAI,D:\brain_tumor\🧠 Brain Tumor MRI Dataset\classification_task\test\pituitary\brisc2025_test_00970_pi_sa_t1.jpg,sagittal,2,2,True,1.0,6.0036e-12
TrustSeg-XAI,D:\brain_tumor\🧠 Brain Tumor MRI Dataset\classification_task\test\pituitary\brisc2025_test_00971_pi_sa_t1.jpg,sagittal,2,2,True,1.0,1.6578449999999998e-10
TrustSeg-XAI,D:\brain_tumor\🧠 Brain Tumor MRI Dataset\classification_task\test\pituitary\brisc2025_test_00972_pi_sa_t1.jpg,sagittal,2,2,True,1.0,3.4155999999999997e-12
TrustSeg-XAI,D:\brain_tumor\🧠 Brain Tumor MRI Dataset\classification_task\test\pituitary\brisc2025_test_00973_pi_sa_t1.jpg,sagittal,2,2,True,1.0,3.5525e-12
TrustSeg-XAI,D:\brain_tumor\🧠 Brain Tumor MRI Dataset\classification_task\test\pituitary\brisc2025_test_00974_pi_sa_t1.jpg,sagittal,2,1,False,0.982,1.9305355306087455
TrustSeg-XAI,D:\brain_tumor\🧠 Brain Tumor MRI Dataset\classification_task\test\pituitary\brisc2025_test_00975_pi_sa_t1.jpg,sagittal,2,2,True,1.0,2.9876e-12
TrustSeg-XAI,D:\brain_tumor\🧠 Brain Tumor MRI Dataset\classification_task\test\pituitary\brisc2025_test_00976_pi_sa_t1.jpg,sagittal,2,2,True,1.0,3.4874996e-09
TrustSeg-XAI,D:\brain_tumor\🧠 Brain Tumor MRI Dataset\classification_task\test\pituitary\brisc2025_test_00977_pi_sa_t1.jpg,sagittal,2,2,True,1.0,4.92e-12
TrustSeg-XAI,D:\brain_tumor\🧠 Brain Tumor MRI Dataset\classification_task\test\pituitary\brisc2025_test_00978_pi_sa_t1.jpg,sagittal,2,2,True,1.0,3.6063199999999995e-11
TrustSeg-XAI,D:\brain_tumor\🧠 Brain Tumor MRI Dataset\classification_task\test\pituitary\brisc2025_test_00979_pi_sa_t1.jpg,sagittal,2,2,True,1.0,1.1621995999999999e-09
TrustSeg-XAI,D:\brain_tumor\🧠 Brain Tumor MRI Dataset\classification_task\test\pituitary\brisc2025_test_00980_pi_sa_t1.jpg,sagittal,2,2,True,1.0,5.001683699999999e-09
TrustSeg-XAI,D:\brain_tumor\🧠 Brain Tumor MRI Dataset\classification_task\test\pituitary\brisc2025_test_00981_pi_sa_t1.jpg,sagittal,2,2,True,1.0,2.329545e-10
TrustSeg-XAI,D:\brain_tumor\🧠 Brain Tumor MRI Dataset\classification_task\test\pituitary\brisc2025_test_00982_pi_sa_t1.jpg,sagittal,2,2,True,1.0,4.2816359999999996e-10
TrustSeg-XAI,D:\brain_tumor\🧠 Brain Tumor MRI Dataset\classification_task\test\pituitary\brisc2025_test_00983_pi_sa_t1.jpg,sagittal,2,2,True,1.0,6.81e-12
TrustSeg-XAI,D:\brain_tumor\🧠 Brain Tumor MRI Dataset\classification_task\test\pituitary\brisc2025_test_00984_pi_sa_t1.jpg,sagittal,2,2,True,1.0,5.8576e-12
TrustSeg-XAI,D:\brain_tumor\🧠 Brain Tumor MRI Dataset\classification_task\test\pituitary\brisc2025_test_00985_pi_sa_t1.jpg,sagittal,2,2,True,1.0,1.7036e-12
TrustSeg-XAI,D:\brain_tumor\🧠 Brain Tumor MRI Dataset\classification_task\test\pituitary\brisc2025_test_00986_pi_sa_t1.jpg,sagittal,2,2,True,1.0,1.9925249999999998e-10
TrustSeg-XAI,D:\brain_tumor\🧠 Brain Tumor MRI Dataset\classification_task\test\pituitary\brisc2025_test_00987_pi_sa_t1.jpg,sagittal,2,2,True,1.0,1.5357599999999997e-11
TrustSeg-XAI,D:\brain_tumor\🧠 Brain Tumor MRI Dataset\classification_task\test\pituitary\brisc2025_test_00988_pi_sa_t1.jpg,sagittal,2,2,True,1.0,3.71645e-09
TrustSeg-XAI,D:\brain_tumor\🧠 Brain Tumor MRI Dataset\classification_task\test\pituitary\brisc2025_test_00989_pi_sa_t1.jpg,sagittal,2,2,True,1.0,5.971701e-10
TrustSeg-XAI,D:\brain_tumor\🧠 Brain Tumor MRI Dataset\classification_task\test\pituitary\brisc2025_test_00990_pi_sa_t1.jpg,sagittal,2,2,True,1.0,3.66e-12
TrustSeg-XAI,D:\brain_tumor\🧠 Brain Tumor MRI Dataset\classification_task\test\pituitary\brisc2025_test_00991_pi_sa_t1.jpg,sagittal,2,2,True,1.0,1.7926356e-09
TrustSeg-XAI,D:\brain_tumor\🧠 Brain Tumor MRI Dataset\classification_task\test\pituitary\brisc2025_test_00992_pi_sa_t1.jpg,sagittal,2,2,True,1.0,2.995689e-08
TrustSeg-XAI,D:\brain_tumor\🧠 Brain Tumor MRI Dataset\classification_task\test\pituitary\brisc2025_test_00993_pi_sa_t1.jpg,sagittal,2,2,True,1.0,7.587600000000002e-12
TrustSeg-XAI,D:\brain_tumor\🧠 Brain Tumor MRI Dataset\classification_task\test\pituitary\brisc2025_test_00994_pi_sa_t1.jpg,sagittal,2,2,True,1.0,3.6987690000000007e-10
TrustSeg-XAI,D:\brain_tumor\🧠 Brain Tumor MRI Dataset\classification_task\test\pituitary\brisc2025_test_00995_pi_sa_t1.jpg,sagittal,2,2,True,1.0,4.5541600000000005e-11
TrustSeg-XAI,D:\brain_tumor\🧠 Brain Tumor MRI Dataset\classification_task\test\pituitary\brisc2025_test_00996_pi_sa_t1.jpg,sagittal,2,2,True,1.0,4.179360000000001e-11
TrustSeg-XAI,D:\brain_tumor\🧠 Brain Tumor MRI Dataset\classification_task\test\pituitary\brisc2025_test_00997_pi_sa_t1.jpg,sagittal,2,2,True,1.0,1.4599999999999998e-12
TrustSeg-XAI,D:\brain_tumor\🧠 Brain Tumor MRI Dataset\classification_task\test\pituitary\brisc2025_test_00998_pi_sa_t1.jpg,sagittal,2,2,True,1.0,1.2968999999999999e-12
TrustSeg-XAI,D:\brain_tumor\🧠 Brain Tumor MRI Dataset\classification_task\test\pituitary\brisc2025_test_00999_pi_sa_t1.jpg,sagittal,2,2,True,1.0,3.9309000000000005e-12
TrustSeg-XAI,D:\brain_tumor\🧠 Brain Tumor MRI Dataset\classification_task\test\pituitary\brisc2025_test_01000_pi_sa_t1.jpg,sagittal,2,2,True,1.0,3.9785000000000005e-12
